BIN,ChargebackFlag
100002,0.0
100016,0.0
100022,0.0
100034,0.0
100037,0.0
100038,0.0
100100,0.0
100120,0.0
100127,0.0
100142,0.0
100151,0.0
100156,0.0
100189,0.0
100192,0.0
100199,0.0
100526,0.0
100529,0.0
100530,0.0
100531,0.0
100534,0.0
100535,0.0
100536,0.0
100544,0.0
100552,0.0
100561,0.0
100572,0.0
100578,0.0
100582,0.0
100586,0.0
100588,0.0
100616,0.0
100626,0.0
100636,0.0
100651,0.0
100653,0.0
100672,0.0
100687,0.0
100689,0.0
101602,0.0
101607,0.0
101609,0.0
101624,0.0
101635,0.0
101645,0.0
101652,0.0
101654,0.0
101656,0.0
101678,0.0
103003,0.0
103023,0.0
103025,0.0
103052,0.0
103055,0.0
103073,0.0
103087,1.0
103100,0.0
103107,0.0
103108,0.0
103119,0.0
103120,0.0
103143,0.0
103148,0.0
103149,1.0
103151,1.0
103152,0.0
103186,0.0
103189,0.0
103196,0.0
103201,0.0
103204,0.0
103216,1.0
103239,0.0
103242,0.0
103246,0.0
103256,0.0
103257,0.0
103259,0.0
103270,0.0
103282,0.0
103288,0.0
103300,0.0
103304,0.0
103313,0.0
103317,0.0
103320,0.0
103330,0.0
103337,0.0
103340,0.0
103341,0.0
103350,0.0
103391,0.0
103411,0.0
103416,0.0
103420,0.0
103422,0.0
103432,0.0
103433,0.0
103464,0.0
103478,0.0
103486,0.0
103505,0.0
103521,0.0
103529,0.0
103548,0.0
103571,0.0
103590,0.0
103598,0.0
103603,0.0
103605,0.0
103609,0.0
103616,0.0
103623,0.0
103632,0.0
103642,0.0
103645,0.0
103647,0.0
103648,0.0
103675,0.0
103679,0.0
103683,0.0
103695,0.0
103700,0.0
103735,0.0
103738,0.0
103753,0.0
103763,0.0
103769,0.0
103777,0.0
103779,0.0
103783,0.0
103788,0.0
103789,0.0
103791,0.0
103796,0.0
103799,0.0
103801,0.0
103802,0.0
103805,0.0
103806,0.0
103807,0.0
103810,0.0
103812,0.0
103820,0.0
103827,0.0
103844,0.0
103847,0.0
103849,0.0
103857,0.0
103860,0.0
103867,0.0
103883,0.0
103886,0.0
103889,0.0
103895,0.0
103898,0.0
103930,0.0
103931,0.0
103936,0.0
103953,0.0
103966,0.0
103967,0.0
103977,0.0
103985,0.0
103988,0.0
103990,0.0
103992,0.0
103993,0.0
103995,0.0
108101,0.0
108102,0.0
108103,0.0
108106,0.0
108110,0.0
108115,0.0
108123,0.0
108124,1.0
108138,0.0
108149,0.0
108155,0.0
108160,0.0
108162,0.0
108184,0.0
108186,0.0
108189,0.0
108191,0.0
108193,0.0
108197,0.0
111223,0.0
111258,0.0
111260,0.0
111276,0.0
111301,0.0
112502,0.0
112514,0.0
112520,0.0
112523,0.0
112548,0.0
112565,0.0
112577,0.0
112579,1.0
112707,0.0
112713,0.0
112720,0.0
112727,0.0
112756,0.0
112758,0.5
112763,0.0
112771,0.0
112786,0.0
112793,0.0
112798,0.0
113135,0.0
113144,0.0
113152,0.0
113156,0.0
113168,0.0
113176,0.0
113182,0.0
113184,0.0
113903,0.0
113907,0.0
113908,0.0
113916,0.0
113935,0.0
113951,0.0
113952,0.0
113958,0.0
113984,0.0
113987,0.0
113995,0.0
116900,0.0
116904,0.0
116908,1.0
116921,0.0
116924,0.0
116930,0.0
116939,0.0
116952,0.0
116959,0.0
116963,0.0
116968,0.0
116971,0.0
117509,0.0
117542,0.0
117564,0.0
117570,0.0
117573,0.0
117575,0.0
117578,0.0
117580,0.0
117587,1.0
117598,0.0
118511,0.0
118512,0.0
118514,0.0
118530,0.0
118540,0.0
118541,0.0
118546,1.0
118549,0.0
118559,0.0
118571,0.0
118586,0.0
118589,0.0
118590,0.0
118595,0.0
122005,0.0
122007,0.0
122011,0.0
122026,0.0
122029,0.0
122051,0.0
122073,0.0
122078,0.0
122079,0.0
122081,0.0
122086,0.0
122087,0.0
122095,0.0
122096,0.0
122097,0.0
123231,0.0
123232,0.0
123249,0.0
123262,0.0
123283,0.0
123289,0.0
123401,0.0
123404,0.0
123410,0.0
123411,0.0
123422,0.0
123423,0.0
123425,0.0
123436,0.0
123438,0.0
123441,0.0
123446,0.0
123450,0.0
123474,0.0
127201,0.0
127209,0.0
127227,0.0
127236,0.0
127240,0.0
127258,0.0
127261,0.0
127268,0.0
127270,0.0
127271,0.0
127272,0.0
127274,0.0
127287,0.0
127290,0.0
127500,0.0
127501,0.0
127511,0.0
127530,0.0
127531,0.0
127536,0.0
127538,0.0
127546,0.0
127547,0.0
127549,0.0
127550,0.0
127564,0.0
127565,0.0
127577,0.0
127583,0.0
127698,0.0
127809,0.0
127838,0.0
127843,0.0
127859,0.0
127861,0.0
127865,0.0
127873,0.0
127879,0.0
127887,0.0
127895,0.0
127896,0.0
127898,0.0
129005,0.0
129012,0.0
129022,0.0
129075,0.0
129092,0.0
129093,0.0
131840,0.0
132111,0.0
132117,0.0
132118,0.0
132143,0.0
132145,0.0
132146,0.0
132167,0.0
132169,0.0
132178,0.0
132194,0.0
132196,0.0
132199,0.0
133304,0.0
133307,0.0
133336,0.0
133338,0.0
133351,0.0
133352,0.0
133376,0.0
133399,0.0
134000,0.0
140303,0.0
140306,0.0
140307,0.0
140311,0.0
140317,0.0
140332,0.0
140335,0.0
140357,0.0
140363,0.0
140372,0.0
140389,0.0
140392,0.0
140399,0.0
151010,0.0
152600,0.5
152616,0.0
152624,0.0
152625,0.0
152642,0.0
152645,0.0
152659,0.0
152665,0.0
152669,0.0
152671,0.0
152676,0.0
155608,0.0
155624,0.0
155631,0.0
155632,0.0
155636,0.0
155658,0.0
155674,0.0
155680,0.0
155683,0.0
155688,0.0
155692,0.0
155693,0.0
161113,0.0
161117,0.0
161134,0.0
161136,0.0
161139,0.0
161156,0.0
161158,0.0
161160,0.0
161170,0.0
161176,0.0
161181,0.0
161188,0.0
161189,0.0
161708,0.0
161710,0.0
161712,0.0
161728,0.0
161733,0.0
161757,0.0
161764,0.0
161779,0.0
161787,0.0
178100,0.0
178108,0.0
178109,0.0
178111,0.0
178120,0.0
178127,0.0
178128,0.0
178142,0.0
178188,0.0
178189,0.0
180000,0.0
180003,0.0
180012,0.0
180018,0.0
180023,0.0
180040,0.0
180042,0.0
180050,0.0
180059,0.0
180060,0.0
180077,0.0
180086,0.0
180095,0.0
180098,0.0
181309,0.0
181310,0.0
181349,0.0
181350,0.0
181354,0.0
181358,0.0
181364,0.0
181372,0.0
181373,1.0
181376,0.0
181382,0.0
181393,0.0
181395,0.0
192016,0.0
192021,0.0
192029,0.0
192030,0.0
192035,0.0
192041,0.0
192053,0.0
192070,0.0
192072,0.0
192080,0.0
192088,0.0
195706,0.0
195708,0.0
195730,0.0
195743,1.0
195750,0.0
195752,0.0
195771,0.0
195793,0.0
199902,0.0
199906,0.0
199907,0.0
199915,0.0
199930,0.0
199942,0.0
199957,0.0
199958,0.0
199965,0.0
199967,0.0
199970,0.0
199978,0.0
199980,0.0
199986,0.0
199992,0.0
199994,0.0
199995,0.0
199997,0.0
211383,0.0
220003,0.0
220009,0.0
220018,0.0
220020,0.0
220025,0.0
220031,0.0
220062,0.0
220075,0.0
220077,0.0
220079,0.0
220080,0.0
220093,0.0
220099,0.0
220112,0.0
220117,0.0
220122,1.0
220141,0.0
220147,0.0
220177,0.0
220183,0.0
220187,0.0
220203,1.0
220205,0.0
220224,0.0
220229,0.0
220240,0.0
220250,0.0
220262,0.0
220275,0.0
220285,0.0
220300,0.0
220303,0.0
220316,0.0
220324,0.0
220325,0.0
220333,0.0
220367,0.0
220372,0.0
220377,0.0
220392,0.0
220396,0.0
220398,0.0
220414,0.0
220417,0.0
220433,0.0
220437,0.0
220438,0.0
220446,0.0
220448,0.0
220453,0.0
220460,0.0
220469,0.0
220491,0.0
220544,0.0
222100,0.0
222647,0.0
222668,0.0
222707,0.0
222711,0.0
222737,0.0
222747,0.0
222752,0.0
222767,0.0
222886,0.0
222889,0.0
222919,0.0
222931,0.0
222953,0.0
222982,0.0
223005,0.0
223009,0.0
223032,0.0
223035,0.0
223062,0.0
223064,0.0
223116,0.0
223126,0.0
223127,0.0
223213,0.0
223254,0.0
223257,0.0
223315,0.0
223407,0.0
223408,0.0
223413,0.0
223423,0.0
223435,0.0
223447,0.0
223461,0.0
223462,0.0
223465,0.0
223469,0.0
223470,0.0
223506,0.0
223526,0.0
223542,0.0
223565,0.0
223604,0.0
229222,0.0
229242,0.0
229245,0.0
229246,0.0
230117,0.0
230133,0.0
230668,0.0
230692,0.0
230848,0.0
230884,0.0
230903,0.0
230919,0.0
230943,0.0
230948,0.0
230957,0.0
230969,0.0
230975,0.0
230978,0.0
230984,1.0
231022,0.0
231032,0.0
232016,0.0
233059,0.0
234025,0.0
234041,0.0
234054,0.0
234067,0.0
234073,0.0
234076,0.0
234102,0.0
234110,0.0
250008,0.0
250043,0.0
250044,0.0
250066,1.0
265005,0.0
270334,1.0
271112,0.0
271742,0.0
271796,0.0
271940,0.0
276380,1.0
276880,0.0
300002,0.0
300008,0.0
300016,0.0
300023,0.0
300045,0.0
300048,0.0
300051,0.0
300059,0.0
300070,0.0
300077,0.0
300082,0.0
300084,0.0
300088,0.0
300097,0.0
300100,0.0
300114,0.0
300120,0.0
300130,0.0
300142,0.0
300156,0.0
300167,0.5
300169,0.0
300173,0.0
300186,0.0
300189,0.0
300193,0.0
300207,0.0
300214,1.0
300227,0.0
300235,0.0
300238,0.0
300241,0.0
300242,0.0
300245,0.0
300246,0.0
300249,0.0
300253,0.0
300259,0.0
300263,0.0
300283,0.0
300302,0.0
300317,0.0
300342,0.0
300346,0.0
300352,0.0
300364,0.0
300375,0.0
300376,0.0
300379,1.0
300382,0.0
300395,0.0
300400,0.0
300406,0.0
300413,0.0
300436,0.0
300439,0.0
300442,1.0
300461,0.0
300472,1.0
300477,0.0
300482,0.0
300492,0.0
300494,0.0
300504,0.0
300506,0.0
300508,0.0
300522,0.0
300524,0.0
300526,0.0
300530,0.0
300537,0.0
300538,0.0
300540,0.0
300542,0.0
300543,0.0
300561,0.0
300584,0.0
300585,0.0
300587,0.0
300588,0.0
300666,0.0
300669,0.0
300671,0.0
300686,0.0
300689,1.0
300693,0.0
300704,0.0
300705,0.0
300707,0.0
300716,0.0
300720,0.0
300725,0.0
300727,0.0
300749,0.0
300768,0.0
300772,0.0
300797,0.0
300800,0.0
300816,0.0
300822,0.0
300825,0.0
300836,0.0
300842,0.0
300852,0.0
300874,0.0
300875,0.0
300879,0.0
300903,1.0
300918,0.0
300926,0.0
300932,0.0
300934,0.0
300940,0.0
300941,0.0
300945,0.0
300947,0.0
300953,0.0
300961,0.0
300963,1.0
300976,0.0
300981,0.0
300982,0.0
301004,0.0
301011,0.0
301014,0.0
301019,0.0
301023,0.0
301058,0.0
301066,0.0
301067,0.0
301069,0.0
301077,0.0
301082,0.0
301103,0.0
301112,0.0
301113,0.0
301123,0.0
301133,0.0
301135,0.0
301140,0.0
301149,0.0
301153,0.0
301156,0.0
301186,0.0
301187,0.0
301213,0.0
301221,0.0
301226,0.0
301228,0.0
301230,0.0
301233,0.0
301249,0.0
301250,0.0
301255,0.0
301282,0.0
301293,0.0
301295,0.0
301300,0.0
301301,0.0
301314,0.0
301318,0.0
301319,0.0
301327,0.0
301342,0.0
301359,0.0
301377,0.0
301385,0.0
301390,0.0
301394,0.0
301400,0.0
301413,0.0
301415,0.0
301417,0.0
301426,1.0
301429,0.0
301447,0.0
301449,0.0
301455,0.0
301483,0.0
301506,0.0
301528,0.0
301533,0.0
301537,0.0
301544,0.0
301550,0.0
301573,0.0
301574,0.0
301576,0.0
301580,0.0
301596,0.0
301599,0.0
301601,0.0
301608,0.0
301614,0.0
301627,0.0
301655,0.0
301657,1.0
301658,0.0
301660,0.0
301675,0.0
301691,0.0
301697,0.0
301719,0.0
301730,0.0
301731,0.0
301754,0.0
301766,0.0
301797,0.0
301808,0.0
301813,0.0
301839,0.0
301842,0.0
301844,0.0
301846,0.0
301860,0.0
301864,0.0
301867,0.0
301871,0.0
301876,0.0
301877,0.0
301892,0.0
301914,0.0
301928,0.0
301933,0.0
301936,0.0
301956,0.0
301966,0.0
301983,0.0
301984,0.0
301990,0.0
301992,0.0
301994,0.0
301998,0.0
302007,0.0
302010,0.0
302023,0.0
302038,0.0
302041,0.0
302050,0.0
302056,0.0
302057,0.0
302058,0.0
302059,0.0
302062,0.0
302082,0.0
302083,0.0
302085,0.0
302086,0.0
302127,0.0
302129,0.0
302132,0.0
302147,0.0
302153,0.0
302162,0.0
302163,0.0
302165,0.0
302170,0.0
302175,0.0
302177,0.0
302178,0.0
302181,0.0
302185,0.0
302205,0.0
302235,0.0
302237,0.0
302241,0.0
302242,0.0
302260,0.0
302271,0.0
302290,0.0
302298,0.0
302321,0.0
302331,0.0
302333,1.0
302336,0.0
302337,0.0
302341,0.0
302344,0.0
302345,0.0
302351,0.0
302361,0.0
302365,0.0
302376,0.0
302377,0.0
302388,0.0
302390,0.0
302394,0.0
302403,0.0
302429,0.0
302431,0.0
302435,0.0
302442,0.0
302460,0.0
302466,0.0
302478,0.0
302486,0.0
302488,0.0
302489,0.0
302503,0.0
302523,0.0
302536,0.0
302542,0.0
302569,0.0
302575,0.0
302576,0.0
302577,0.0
302580,0.0
302610,0.0
302621,0.0
302622,0.0
302633,0.0
302634,0.0
302637,0.0
302641,0.0
302648,0.0
302652,0.0
302659,0.0
302673,0.0
302676,0.0
302679,0.0
302686,1.0
302688,0.0
302691,0.0
302704,0.0
302727,0.0
302731,0.0
302742,0.0
302743,0.0
302751,0.0
302755,0.0
302760,0.0
302775,0.0
302788,0.0
302797,0.0
302800,0.0
302805,0.0
302818,0.0
302824,0.0
302845,0.0
302850,0.0
302851,0.0
302858,0.0
302863,0.0
302869,0.0
302880,0.0
302884,0.0
302919,0.0
302930,0.0
302937,0.0
302938,0.0
302951,0.0
302956,0.0
302963,0.0
302970,0.0
302979,0.0
302981,0.0
302988,0.0
303004,0.0
303006,0.0
303023,0.0
303038,0.0
303050,0.0
303066,0.0
303068,0.0
303074,0.0
303089,0.0
303107,0.0
303112,0.0
303113,0.0
303120,0.0
303126,0.0
303139,0.0
303151,0.0
303154,0.0
303163,0.0
303186,0.0
303200,0.0
303210,0.0
303216,0.0
303217,0.0
303246,0.0
303249,0.0
303281,0.0
303282,0.0
303290,0.0
303296,0.0
303297,0.0
303298,0.0
303299,0.0
303308,0.0
303313,0.0
303328,0.0
303340,0.0
303351,0.0
303373,0.0
303375,0.0
303384,0.0
303406,0.0
303407,0.0
303417,0.0
303423,0.0
303431,0.0
303432,0.0
303450,0.0
303451,0.0
303460,1.0
303463,0.0
303472,0.0
303475,0.0
303482,0.0
303489,0.0
303493,0.0
303517,0.0
303524,0.0
303540,0.0
303549,0.0
303554,0.0
303571,0.0
303575,0.0
303594,0.0
303595,0.0
303605,0.0
303613,0.0
303626,0.0
303629,0.0
303642,0.0
303644,0.0
303654,0.0
303679,0.0
303680,0.0
303686,0.0
303691,0.0
303701,0.0
303711,0.0
303712,0.0
303713,0.0
303716,0.0
303728,0.0
303730,0.0
303738,0.0
303741,0.0
303743,1.0
303755,0.0
303773,0.0
303783,0.0
303784,0.0
303794,1.0
303801,0.0
303804,0.0
303805,0.0
303811,0.0
303815,0.0
303817,0.0
303830,0.0
303832,0.0
303842,0.0
303845,0.0
303846,0.0
303862,0.0
303863,0.0
303878,0.0
303882,0.0
303890,0.0
303892,0.0
303903,0.0
303932,0.0
303935,0.0
303936,0.0
303939,0.0
303944,0.0
303947,0.0
303951,0.0
303954,0.0
303956,0.0
303967,0.0
303970,0.0
303974,0.0
303983,0.0
303993,0.0
303996,0.0
304007,0.0
304010,0.0
304013,0.0
304039,0.0
304083,0.0
304094,0.0
304110,0.0
304118,0.0
304122,0.0
304134,0.0
304143,0.0
304151,0.0
304173,0.5
304184,0.0
304193,0.0
304197,0.0
304199,0.0
304200,0.0
304206,0.0
304218,0.0
304222,0.0
304224,0.0
304228,0.0
304240,0.0
304242,0.0
304270,0.0
304281,0.0
304292,0.0
304297,0.0
304306,0.0
304307,0.0
304308,0.0
304312,0.0
304313,0.0
304315,0.0
304347,0.0
304354,0.0
304357,1.0
304363,0.0
304368,0.0
304381,0.0
304397,0.0
304405,0.0
304409,0.0
304434,0.0
304437,0.0
304438,0.0
304455,0.0
304456,0.0
304459,0.0
304463,0.0
304473,0.0
304476,0.0
304489,0.0
304502,0.0
304505,0.0
304510,0.0
304519,0.0
304529,0.0
304550,0.0
304553,0.0
304569,0.0
304586,0.0
304587,0.0
304593,0.0
304595,0.0
304598,0.0
304613,0.0
304624,0.0
304637,0.0
304640,0.0
304641,0.0
304644,0.0
304645,0.0
304652,0.0
304659,0.0
304661,0.0
304673,0.0
304675,0.0
304678,0.0
304686,0.0
304689,0.0
304692,0.0
304705,0.0
304710,0.0
304715,0.0
304736,0.0
304745,0.0
304757,0.0
304772,0.0
304774,0.0
304776,0.0
304778,0.0
304780,0.0
304791,0.0
304801,0.0
304817,0.0
304836,0.0
304843,0.0
304851,0.0
304868,0.0
304870,0.0
304872,0.0
304882,0.0
304886,0.0
304889,0.0
304902,0.0
304904,0.0
304909,0.0
304932,0.0
304935,0.0
304971,0.0
304979,0.0
304989,0.0
304999,0.0
305000,0.0
305003,0.0
305006,0.0
305010,0.0
305011,0.0
305024,0.0
305034,0.0
305037,0.0
305049,0.0
305058,0.0
305064,0.0
305065,0.0
305066,0.0
305071,0.0
305074,0.0
305085,0.0
305101,0.0
305127,0.0
305128,0.0
305134,0.0
305137,0.0
305143,0.0
305148,0.0
305154,0.0
305162,0.0
305170,0.0
305181,0.0
305186,0.0
305191,0.0
305195,0.0
305208,0.0
305214,0.0
305235,0.0
305258,0.0
305263,0.0
305270,0.0
305276,0.0
305286,0.0
305294,0.0
305295,0.0
305300,0.0
305317,0.0
305329,0.0
305330,0.0
305332,1.0
305337,0.0
305341,0.0
305344,0.0
305359,0.0
305368,0.0
305380,0.0
305402,0.0
305410,0.0
305429,0.0
305470,0.0
305471,0.0
305473,0.0
305479,0.0
305482,0.0
305487,0.0
305491,0.0
305503,0.0
305511,0.0
305514,0.0
305517,0.0
305521,0.0
305534,0.0
305539,0.0
305544,0.0
305552,0.0
305561,0.0
305574,0.0
305588,1.0
305596,0.0
305610,1.0
305617,0.0
305619,0.0
305629,0.0
305634,0.0
305638,0.0
305640,0.0
305663,0.0
305687,0.0
305690,0.0
305691,0.0
305698,0.0
305713,0.0
305727,0.0
305741,0.0
305743,0.0
305746,0.0
305747,1.0
305760,0.0
305761,0.0
305787,0.0
305788,0.0
305812,0.0
305820,0.0
305823,0.0
305825,0.0
305828,0.0
305829,0.0
305849,0.0
305851,0.0
305853,0.0
305858,0.0
305863,0.0
305868,0.0
305874,0.0
305894,0.0
305911,0.0
305921,0.0
305932,0.0
305939,0.0
305940,0.0
305942,0.0
305957,0.0
305959,0.0
305966,0.0
305978,0.0
305988,0.0
305991,0.0
306002,0.0
308806,0.0
308841,0.0
308859,0.0
308887,0.0
308891,0.0
308899,0.0
308916,0.0
308919,0.0
308945,0.0
308967,0.0
308990,0.0
308991,1.0
309008,0.0
309014,0.0
309016,0.0
309030,0.0
309033,0.0
309038,0.0
309039,0.0
309043,0.0
309044,0.0
309062,0.0
309065,0.0
309067,0.0
309068,0.0
309071,0.0
309081,0.0
309088,0.0
309102,0.0
309132,0.0
309154,0.0
309162,0.0
309169,0.0
309184,0.0
309187,0.0
309188,0.0
309193,0.0
309196,0.0
309198,0.0
309207,0.0
309209,0.0
309211,1.0
309218,0.0
309219,0.0
309225,0.0
309242,0.0
309247,0.0
309250,0.0
309256,0.0
309258,0.0
309271,0.0
309273,0.0
309274,0.0
309277,0.0
309282,0.0
309284,0.0
309292,0.0
309305,0.0
309307,0.0
309308,0.0
309309,1.0
309330,0.0
309333,0.0
309340,0.0
309341,0.0
309342,0.0
309353,0.0
309369,0.0
309372,0.0
309379,0.0
309380,0.0
309394,0.0
309402,0.0
309405,0.0
309407,1.0
309423,0.0
309427,0.0
309433,0.0
309445,0.0
309464,0.0
309479,0.0
309501,0.0
309503,0.0
309508,0.0
309513,0.0
309514,0.0
309535,0.0
309537,0.0
309538,0.0
309541,0.0
309552,0.0
309562,0.0
309568,0.0
309577,0.0
309597,0.0
309631,0.0
309636,0.0
309637,0.0
309648,0.0
309649,0.0
309688,0.0
309710,0.0
309712,0.0
309718,0.0
309723,0.0
309737,0.0
309740,0.0
309762,0.0
309787,0.0
309810,0.0
309827,0.0
309852,0.0
309863,0.0
309865,0.0
309871,0.0
309881,0.0
309883,0.0
309886,0.0
309920,0.0
309939,0.0
309941,0.0
309943,1.0
309952,0.0
309963,0.0
309968,0.0
309972,0.0
309982,0.0
309984,0.0
309992,0.0
309995,0.0
310023,0.0
310034,0.0
310036,0.0
310042,0.0
310068,0.0
310077,0.0
310080,0.0
310084,0.0
310130,0.0
310144,0.0
310157,0.0
310188,0.0
310194,0.0
310201,0.0
310202,0.0
310223,0.0
310239,0.0
310247,0.0
310276,0.0
310279,0.0
310283,0.0
310284,0.0
310289,0.0
310292,0.0
310296,0.0
310299,0.0
310417,0.0
311003,0.0
311017,0.0
311047,0.0
311071,0.0
311129,0.0
311200,0.0
311211,0.0
311218,0.0
311220,0.0
311222,0.0
311228,0.0
311255,0.0
311260,0.0
311272,0.0
311276,0.0
311278,0.0
311280,0.0
311296,0.0
311313,0.0
311331,0.0
311332,0.0
311343,0.0
311349,0.0
311350,0.0
311353,0.0
311358,0.0
311360,0.0
311362,0.0
311365,0.0
311367,0.0
311370,0.0
311373,1.0
311385,0.0
311389,1.0
311407,0.0
311420,0.0
311423,0.0
311430,0.0
311440,0.0
311444,0.5
311459,0.0
311461,0.0
311466,0.0
311473,0.0
311503,0.0
311511,0.0
311515,0.0
311517,0.0
311538,0.0
311551,0.0
311561,0.0
311589,0.0
311596,0.0
311604,0.0
311622,0.0
311643,0.0
311665,0.0
311666,0.0
311674,0.0
311676,1.0
311680,0.0
311683,0.0
311696,0.0
311698,0.0
311703,0.0
311706,0.0
311711,0.0
311712,0.0
311723,0.0
311729,0.0
311750,1.0
311758,0.0
311765,0.0
311766,0.0
311793,0.0
311807,0.0
311822,0.0
311829,0.0
311839,0.0
311854,0.0
311857,0.0
311859,0.0
311867,0.0
311872,0.0
311879,0.0
311891,0.0
311897,0.0
311903,0.0
311905,0.0
311906,0.0
311911,0.0
311921,0.0
311926,0.0
311928,0.0
311952,0.0
311954,0.0
311957,0.0
311967,0.0
311968,1.0
311970,0.0
311971,0.0
311979,0.0
311980,0.0
311998,0.0
312003,0.0
312012,0.0
312014,0.0
312031,0.0
312039,0.0
312045,0.0
312048,0.0
312049,0.0
312053,0.0
312057,1.0
312065,0.0
312067,0.0
312077,0.0
312088,0.0
312093,0.0
312099,0.0
313084,1.0
313181,0.0
313185,0.0
313187,0.0
313242,0.0
313277,0.0
313313,0.0
313316,0.0
313443,0.0
313458,0.0
313468,0.0
313470,0.0
313487,0.0
313521,1.0
313549,0.0
313593,0.0
313602,0.0
313641,0.0
313677,0.0
313678,0.0
313686,0.0
313687,0.0
313688,0.0
313734,0.0
313748,0.0
313749,0.0
313760,0.0
313766,0.0
313814,0.0
313822,0.0
313910,0.0
313911,0.0
313933,0.0
313935,0.0
313936,0.0
313939,0.0
313941,0.0
313944,0.0
313952,0.0
313966,0.0
313985,0.0
315029,0.0
315041,0.0
315065,0.0
315092,0.0
315100,0.0
315106,0.0
315107,0.0
315174,0.0
315178,0.0
315181,0.0
315182,0.0
315190,0.0
315195,0.0
315197,0.0
315297,0.0
315302,0.0
315322,0.0
315374,0.0
315376,0.0
315384,0.0
315387,0.0
315393,1.0
315418,0.0
315419,0.0
315422,0.0
315814,0.0
315821,0.0
315827,0.0
315839,0.0
315855,0.0
315856,0.0
315863,0.0
315884,0.0
315885,0.0
315891,0.0
315892,0.0
315900,0.0
315911,0.0
315912,0.0
315915,0.0
315918,0.0
315921,0.0
315926,0.0
315928,0.0
315942,0.0
315943,0.0
315950,0.0
315952,0.0
316025,0.0
316066,0.0
316070,0.0
316282,0.0
316309,0.0
316427,0.0
316510,0.0
316568,0.0
316578,0.0
316594,0.0
316621,0.0
316624,0.0
316627,0.0
316631,0.0
316673,1.0
316725,0.0
316726,1.0
316732,0.0
316760,1.0
316824,0.0
316834,0.0
316856,0.0
316892,0.0
316914,0.0
316932,0.0
316975,0.0
316994,0.0
317024,0.0
317047,0.0
317048,0.0
317065,0.0
318007,0.0
318039,0.0
318095,0.0
318184,0.0
318209,0.0
318357,0.0
318362,0.0
318394,0.0
318629,0.0
318641,0.0
318700,0.0
318804,0.0
318812,0.0
318950,0.0
319252,0.0
319298,0.0
319402,0.0
319448,0.0
319485,0.0
319613,0.0
319646,0.0
319670,0.0
319730,0.0
319756,0.0
319779,0.0
330103,0.0
333700,0.0
333710,0.0
333733,0.0
333738,0.0
333740,0.0
333746,1.0
333755,0.5
333758,0.5
333787,0.0
333796,0.0
333805,0.0
333816,1.0
333834,0.0
333842,0.0
333848,0.0
333873,0.0
333879,0.0
333897,0.0
333898,1.0
333899,0.0
333904,0.0
333921,0.0
333926,0.0
333936,0.0
333938,0.0
333950,0.0
333954,0.0
333968,0.0
333970,0.0
333976,0.0
333985,0.0
333995,0.0
333997,0.0
334003,0.0
334004,0.0
334005,0.0
334010,0.0
334011,0.0
334012,0.0
334014,0.0
334017,0.0
334029,0.0
334031,0.0
334033,0.0
334043,0.0
334050,0.0
334058,0.0
334059,0.0
334076,0.0
334079,0.0
334081,0.0
334086,0.0
334091,0.0
334096,1.0
334105,0.0
334120,0.0
334122,0.0
334123,0.0
334142,0.0
334146,0.0
334147,0.0
334154,0.0
334157,0.0
334162,0.0
334183,0.0
334200,0.0
334216,0.0
334244,0.0
334252,0.0
334261,0.0
334282,0.0
334285,1.0
334289,0.0
334292,1.0
334317,0.0
334329,0.0
334340,0.0
334341,0.0
334356,0.0
334369,0.0
334375,0.0
334382,0.0
334391,0.0
334398,0.0
334406,0.0
334415,0.0
334417,0.0
334421,0.0
334457,0.0
334462,0.0
334495,0.0
334498,0.0
334500,0.0
334511,0.0
334518,0.0
334527,0.0
334535,0.0
334540,0.0
334543,0.0
334544,0.0
334555,0.0
334565,0.0
334568,0.0
334589,0.0
334604,0.0
334621,0.0
334661,0.0
334667,0.0
334675,0.0
334682,0.0
334683,0.0
334686,0.0
334691,0.0
334699,0.0
334703,0.0
334715,0.0
334725,0.0
334730,0.0
334737,0.0
334754,0.0
334759,0.0
334777,0.0
334778,0.0
334784,0.0
334794,0.0
334827,0.0
334830,0.0
334843,1.0
334848,0.0
334852,0.0
334858,0.0
334859,0.0
334861,0.0
334862,0.0
334880,0.0
334885,1.0
334896,0.0
334903,0.0
334912,0.0
334914,0.0
334919,0.0
334961,0.0
334962,0.0
334966,0.0
334967,0.0
334970,0.0
334973,0.0
334976,0.0
334998,0.0
334999,0.0
340005,0.0
340007,1.0
340017,0.0
340049,0.0
340054,0.0
340068,0.0
340084,1.0
340114,0.0
340135,0.0
340156,0.0
340157,0.0
340181,0.0
340185,0.0
340190,0.0
340198,0.0
340207,0.0
340212,0.0
340213,0.0
340215,0.0
340233,0.0
340236,0.0
340237,0.0
340244,0.0
340257,0.0
340296,0.0
340310,0.0
340313,0.0
340327,0.0
340330,0.0
340332,0.0
340345,0.0
340356,0.0
340365,0.0
340377,0.0
340379,0.0
340383,0.0
340391,0.0
340421,0.0
340450,0.0
340456,0.0
340460,0.0
340461,0.0
340464,0.0
340485,0.0
340499,0.0
340503,0.0
340508,0.0
340509,0.0
340558,0.0
340565,0.0
340572,0.0
340581,0.0
340606,0.0
340610,0.0
340627,0.0
340629,0.0
340666,0.0
340678,0.0
340689,0.0
340696,0.0
340706,0.0
340722,0.0
340734,0.0
340756,0.0
340783,0.0
340794,0.0
340799,0.0
340810,0.0
340820,0.0
340830,0.0
340837,1.0
340842,0.0
340863,0.0
340868,1.0
340875,0.0
340894,0.0
340896,0.0
340900,0.0
340903,0.0
340906,0.0
340909,0.0
340910,0.0
340932,0.0
340933,0.0
340947,0.0
340948,0.0
340959,0.0
340960,0.0
340997,0.0
341004,0.0
341005,0.0
341016,0.0
341030,0.0
341048,0.5
341065,0.0
341070,0.0
341087,0.0
341108,0.0
341110,0.0
341134,0.0
341136,0.0
341149,0.0
341155,0.0
341156,0.0
341163,0.0
341166,0.0
341182,0.0
341196,0.0
341198,0.0
341211,0.0
341212,0.0
341228,0.0
341232,0.0
341240,0.0
341248,0.0
341256,0.0
341257,1.0
341267,0.0
341273,0.0
341274,0.0
341275,0.0
341296,0.0
341297,0.0
341309,0.0
341335,0.0
341350,0.0
341359,1.0
341376,0.0
341377,0.0
341383,0.0
341392,0.0
341409,0.0
341416,0.0
341420,0.0
341428,0.0
341444,0.0
341445,0.0
341465,0.0
341467,0.0
341470,0.0
341474,0.0
341479,1.0
341485,0.0
341506,0.0
341536,0.0
341537,0.0
341552,0.0
341565,0.0
341568,0.0
341573,0.0
341578,0.0
341581,0.0
341589,0.0
341612,0.0
341634,0.0
341636,0.0
341641,0.0
341646,0.0
341648,0.0
341656,0.0
341658,0.0
341663,0.0
341664,0.0
341668,0.0
341674,0.0
341679,0.0
341696,0.0
341703,0.0
341710,0.0
341712,0.0
341714,0.0
341715,0.0
341734,0.0
341742,0.0
341748,0.0
341749,0.0
341757,0.0
341760,0.0
341769,0.0
341779,0.0
341780,0.0
341794,0.0
341804,0.0
341807,0.0
341815,0.0
341822,0.0
341824,0.0
341829,0.0
341831,0.0
341833,0.0
341834,0.0
341838,0.0
341842,0.5
341862,0.0
341864,0.0
341866,0.0
341868,0.0
341881,0.0
341896,0.0
341912,0.0
341913,0.0
341916,0.0
341928,0.0
341929,0.0
341940,0.0
341944,0.0
341949,0.0
341992,0.0
342002,0.0
342004,1.0
342007,0.0
342011,0.0
342026,0.0
342044,0.0
342045,0.0
342059,0.0
342060,0.0
342065,0.0
342072,0.0
342079,0.0
342082,0.0
342090,0.0
342096,0.0
342099,0.0
342112,0.0
342116,0.0
342137,0.0
342155,0.0
342160,0.0
342164,0.0
342187,0.0
342197,0.0
342207,0.0
342212,0.0
342221,0.0
342222,0.0
342231,0.0
342236,0.0
342250,0.0
342291,0.0
342292,0.0
342309,0.0
342319,0.0
342329,0.0
342345,0.0
342346,0.0
342350,1.0
342367,0.0
342387,0.0
342401,0.0
342402,0.0
342403,0.0
342412,0.0
342414,1.0
342416,0.0
342417,0.0
342437,0.0
342466,0.0
342470,0.0
342473,0.0
342478,0.0
342482,1.0
342486,0.0
342499,0.0
342508,0.0
342514,0.0
342515,0.0
342519,0.0
342523,0.0
342524,0.0
342525,0.0
342538,0.0
342590,0.0
342599,0.0
342606,0.0
342617,0.0
342626,0.0
342640,0.0
342644,0.0
342646,0.0
342653,0.0
342668,0.0
342669,0.0
342707,0.0
342725,0.0
342726,0.0
342735,0.0
342744,0.0
342746,0.0
342753,0.0
342758,0.0
342765,1.0
342774,1.0
342787,0.0
342801,0.0
342814,0.0
342815,0.0
342816,0.0
342822,0.0
342826,0.0
342837,0.0
342848,0.0
342849,0.0
342859,0.0
342870,0.0
342883,1.0
342894,0.0
342896,0.0
342904,0.0
342913,0.0
342917,0.0
342928,0.0
342932,0.0
342940,0.0
342943,0.0
342946,0.0
342947,0.0
342956,0.0
342968,0.0
342978,0.0
342993,0.0
342999,1.0
343008,0.0
343047,0.0
343048,0.0
343052,0.0
343058,0.0
343071,0.0
343072,0.0
343079,0.0
343092,0.0
343093,0.0
343094,0.0
343119,1.0
343125,0.0
343126,0.0
343127,0.0
343130,0.0
343137,0.0
343140,0.0
343146,0.0
343159,0.0
343163,0.0
343166,0.0
343173,0.0
343178,0.0
343186,0.0
343188,0.0
343197,0.0
343203,0.0
343204,0.0
343206,0.0
343218,0.0
343223,0.0
343232,0.0
343249,0.0
343253,0.0
343258,0.0
343260,0.0
343271,0.0
343275,0.0
343290,0.0
343292,0.0
343299,0.0
343302,0.0
343306,0.0
343319,0.0
343321,0.0
343328,0.0
343329,0.0
343346,0.0
343347,0.0
343357,0.0
343372,0.0
343385,0.0
343403,0.0
343409,0.0
343427,0.0
343428,0.0
343429,0.0
343452,0.0
343455,0.0
343482,0.0
343496,0.0
343500,0.0
343512,0.0
343513,0.0
343521,0.0
343526,0.0
343572,0.0
343585,0.0
343596,0.0
343611,0.0
343612,0.0
343617,0.0
343635,0.0
343645,0.0
343650,0.0
343666,0.0
343683,0.0
343687,0.0
343691,0.0
343697,0.0
343710,0.0
343732,0.0
343746,0.0
343752,0.0
343756,0.0
343758,0.0
343771,0.0
343801,0.0
343811,0.0
343825,0.0
343835,0.0
343866,0.0
343870,0.0
343874,0.0
343883,0.0
343885,0.0
343888,0.0
343892,0.0
343897,0.0
343905,0.0
343908,0.0
343914,0.0
343917,0.0
343926,0.0
343927,0.0
343950,0.0
343953,0.0
343976,0.0
343998,0.0
343999,0.0
344002,0.0
344008,0.0
344009,0.0
344013,0.0
344015,0.0
344018,0.0
344022,0.0
344037,0.0
344055,0.0
344075,0.0
344083,0.0
344087,0.0
344089,0.0
344092,0.0
344095,0.0
344096,0.0
344103,0.0
344109,0.0
344119,0.0
344132,0.0
344156,0.0
344157,0.0
344162,0.0
344174,1.0
344184,0.0
344185,0.0
344195,0.0
344196,1.0
344212,0.0
344220,0.0
344226,0.0
344242,0.0
344264,0.0
344274,0.0
344276,0.0
344279,0.0
344281,0.0
344294,0.0
344304,0.0
344305,0.0
344313,0.0
344314,1.0
344329,0.0
344330,1.0
344336,0.0
344349,0.0
344373,0.0
344380,0.0
344395,0.0
344396,0.0
344409,0.0
344410,0.0
344413,0.0
344418,0.0
344433,0.0
344434,0.0
344436,0.0
344439,0.0
344446,0.0
344447,1.0
344479,0.0
344494,0.0
344506,0.0
344549,0.0
344550,0.0
344565,0.0
344567,0.0
344576,0.0
344583,0.0
344596,0.0
344608,0.0
344610,0.0
344615,0.0
344623,0.0
344625,0.0
344639,0.0
344647,0.0
344648,0.0
344650,0.0
344673,0.0
344676,0.0
344701,0.0
344708,0.0
344717,1.0
344734,0.0
344742,0.0
344744,0.0
344749,0.0
344767,0.0
344798,0.0
344803,0.0
344812,0.0
344820,0.0
344824,0.0
344829,0.0
344840,0.0
344844,0.0
344862,0.0
344865,0.0
344888,0.0
344894,0.0
344913,0.0
344924,0.0
344941,0.0
344942,0.0
344951,0.0
344955,0.0
344956,0.0
344959,0.0
344964,0.0
344972,0.0
344980,0.0
344990,1.0
345007,0.0
345016,0.0
345033,0.0
345044,0.0
345046,0.0
345049,0.0
345051,0.0
345059,0.0
345060,1.0
345067,0.0
345084,0.0
345090,0.0
345100,0.0
345102,0.0
345110,0.0
345112,0.0
345117,0.0
345152,0.0
345160,0.0
345166,0.0
345167,0.0
345169,0.0
345197,0.0
345198,0.0
345202,0.0
345214,0.0
345230,0.0
345232,0.0
345234,0.0
345245,0.0
345272,0.0
345278,0.0
345281,0.0
345293,0.0
345294,0.0
345304,0.0
345307,0.0
345308,0.0
345313,0.0
345315,0.0
345319,0.0
345323,0.0
345336,0.0
345341,1.0
345389,0.0
345400,0.0
345403,0.0
345404,0.0
345406,0.0
345414,0.0
345415,0.0
345417,0.0
345419,0.0
345420,0.0
345425,1.0
345427,0.0
345428,0.0
345446,0.0
345457,0.0
345467,0.0
345475,0.0
345476,0.0
345506,0.0
345516,0.0
345517,0.0
345521,0.0
345528,0.0
345540,1.0
345541,0.0
345545,0.0
345553,0.0
345555,0.0
345565,0.0
345567,0.0
345569,0.0
345570,0.0
345583,0.0
345701,0.0
345711,0.0
345714,0.0
345717,0.0
345748,0.0
345756,0.0
345758,0.0
345762,0.0
345766,0.0
345817,0.0
345822,0.0
345825,0.0
345833,0.0
345838,0.0
345844,0.0
345849,0.0
345851,0.0
345855,0.0
345860,0.0
345868,0.0
345873,0.0
345875,0.0
345890,0.0
345891,0.0
345894,0.0
345902,0.0
345906,0.0
345930,0.0
345954,0.0
345959,0.0
345961,0.0
345962,0.0
345976,0.0
345994,0.0
345996,0.0
345997,0.0
346010,0.0
346011,0.0
346012,0.0
346019,0.0
346032,0.0
346033,0.0
346036,0.0
346039,0.0
346045,0.0
346052,0.0
346056,0.0
346059,0.0
346064,0.0
346069,0.0
346083,0.0
346093,0.0
346105,0.0
346106,0.0
346110,0.0
346119,0.0
346125,0.0
346133,0.0
346140,0.0
346142,0.0
346145,0.0
346159,0.0
346164,0.0
346165,1.0
346172,0.0
346183,0.0
346210,0.0
346211,0.0
346224,0.0
346232,0.0
346241,0.0
346264,0.0
346308,0.0
346319,0.0
346321,1.0
346328,0.0
346334,0.0
346342,0.0
346350,0.0
346351,0.0
346363,0.0
346381,0.0
346389,0.0
346397,0.0
346408,0.0
346409,0.0
346411,0.0
346426,0.0
346439,0.0
346443,0.0
346446,0.0
346450,0.0
346462,0.0
346468,0.0
346479,0.0
346481,0.0
346487,0.0
346489,0.0
346496,0.0
346504,0.0
346506,0.0
346508,0.0
346514,0.0
346518,0.0
346534,0.0
346542,0.0
346547,0.0
346552,0.0
346557,0.0
346558,0.0
346563,0.0
346566,0.0
346567,0.0
346571,0.0
346574,0.0
346575,0.0
346577,0.0
346584,0.0
346595,0.0
346597,0.0
346602,0.0
346607,0.0
346608,0.0
346629,0.0
346632,0.0
346658,0.0
346666,0.0
346698,0.0
346702,0.0
346705,0.0
346708,0.0
346712,0.0
346715,0.0
346721,0.0
346731,0.0
346754,0.0
346766,0.0
346772,0.0
346778,0.0
346807,0.0
346811,0.0
346815,0.0
346817,0.0
346829,0.0
346833,0.0
346839,0.0
346840,0.0
346842,0.0
346844,0.0
346847,0.0
346851,0.0
346858,0.0
346859,0.0
346863,0.0
346864,0.0
346896,0.0
346904,0.0
346921,0.0
346931,0.0
346935,0.0
346937,0.0
346944,0.0
346946,0.0
346956,0.0
346958,0.0
346959,0.0
346965,0.0
346966,0.0
346979,0.0
346985,0.0
346988,0.0
346990,0.0
346998,0.0
347012,0.0
347019,0.0
347030,0.0
347034,0.0
347037,0.0
347038,0.0
347049,0.0
347050,0.0
347088,0.0
347092,0.0
347098,0.0
347118,0.0
347127,0.0
347134,0.0
347141,0.0
347148,0.0
347154,0.0
347169,0.0
347176,0.0
347185,0.0
347200,0.0
347201,0.0
347204,0.0
347207,0.0
347215,0.0
347218,0.0
347221,0.0
347226,0.0
347228,0.0
347249,0.0
347271,0.0
347275,0.0
347279,0.0
347294,0.0
347298,0.0
347313,0.0
347322,0.0
347326,0.0
347330,0.0
347331,0.0
347335,0.0
347341,0.0
347346,0.0
347357,0.0
347373,0.0
347380,0.0
347383,0.0
347384,0.0
347392,0.0
347393,0.0
347395,0.0
347403,0.0
347415,0.0
347422,0.0
347424,0.0
347442,0.0
347453,0.0
347459,0.0
347476,0.0
347493,0.0
347509,0.0
347520,0.0
347524,0.0
347537,0.0
347538,0.0
347555,0.0
347556,0.0
347568,0.0
347573,0.0
347603,0.0
347623,0.0
347628,0.0
347634,0.0
347648,0.0
347654,0.0
347664,0.0
347670,0.0
347675,0.0
347676,0.0
347684,0.0
347689,0.0
347700,0.0
347738,0.0
347745,0.0
347750,0.0
347767,0.0
347772,0.0
347780,0.0
347791,0.0
347796,0.0
347800,0.0
347823,0.0
347831,0.0
347835,0.0
347860,0.0
347862,0.0
347887,0.0
347892,0.0
347901,0.0
347905,0.0
347910,0.0
347917,0.0
347922,0.0
347923,0.0
347926,0.0
347931,0.0
347947,0.0
347956,0.0
347958,0.0
347964,0.0
347965,0.0
347978,1.0
347989,0.0
347996,0.0
347999,0.0
348004,0.0
348010,0.0
348040,0.0
348043,0.0
348052,0.0
348055,0.0
348060,0.0
348063,1.0
348070,0.0
348075,0.0
348087,0.0
348092,0.0
348103,0.0
348104,0.0
348136,0.0
348160,0.0
348166,0.0
348169,0.0
348173,0.0
348177,0.0
348189,0.0
348223,0.0
348231,0.0
348244,0.0
348245,0.0
348248,0.0
348256,0.0
348258,0.0
348259,0.0
348278,0.0
348285,0.0
348288,0.0
348295,1.0
348318,0.0
348323,0.0
348327,0.0
348330,0.0
348331,0.0
348336,0.0
348349,0.0
348356,0.0
348364,0.0
348370,0.0
348373,0.0
348386,0.0
348398,0.0
348404,0.0
348424,0.0
348454,0.0
348456,0.0
348470,0.0
348480,0.0
348481,0.0
348487,0.0
348503,0.0
348508,0.0
348527,0.0
348528,0.0
348533,0.0
348550,0.0
348556,0.0
348559,0.0
348563,0.0
348585,0.0
348602,0.0
348613,0.0
348615,0.0
348620,0.0
348622,0.0
348633,0.0
348640,0.0
348643,0.0
348658,0.0
348660,1.0
348664,0.0
348672,0.0
348677,0.0
348679,0.0
348697,1.0
348702,0.0
348717,0.0
348745,0.0
348753,0.0
348754,0.0
348755,0.0
348761,0.0
348762,0.0
348763,0.0
348772,0.0
348775,0.0
348786,0.0
348789,0.0
348790,0.0
348791,0.0
348792,0.0
348793,0.0
348808,0.0
348815,0.0
348823,0.0
348825,0.0
348853,0.0
348867,0.0
348872,0.0
348873,0.0
348889,0.0
348895,0.0
348904,0.0
348906,0.0
348914,0.0
348920,0.0
348937,0.0
348938,0.0
348944,0.0
348968,0.0
348973,0.0
348997,0.0
349004,0.0
349012,0.0
349016,0.0
349031,0.0
349035,0.0
349046,0.0
349048,0.0
349050,0.0
349052,0.0
349062,0.0
349072,0.0
349074,0.0
349086,0.0
349117,0.0
349142,0.0
349145,0.0
349158,0.0
349178,0.0
349181,0.0
349189,0.0
349190,0.0
349194,0.0
349201,0.0
349217,0.0
349224,0.0
349225,0.0
349243,0.0
349255,0.0
349266,0.0
349275,0.0
349289,0.0
349304,0.0
349319,0.0
349324,0.0
349327,0.0
349330,0.0
349334,0.0
349337,0.0
349339,0.0
349362,0.0
349375,0.0
349384,0.0
349390,0.0
349421,0.0
349436,0.0
349438,0.0
349439,1.0
349440,0.0
349443,0.0
349465,0.0
349470,0.0
349471,0.0
349479,0.0
349481,0.0
349490,0.0
349491,0.0
349507,0.0
349511,1.0
349531,0.0
349539,0.0
349566,0.0
349569,0.0
349575,0.0
349591,0.0
349603,0.0
349609,0.0
349623,0.0
349651,0.0
349652,0.0
349655,0.0
349658,0.0
349659,1.0
349662,0.0
349663,0.0
349666,0.0
349676,0.0
349704,1.0
349713,0.0
349715,0.0
349717,0.0
349719,0.0
349728,0.0
349742,0.0
349767,0.0
349774,0.0
349786,0.0
349801,0.0
349804,0.0
349813,0.0
349818,0.0
349826,0.0
349829,0.0
349852,0.0
349856,0.0
349873,1.0
349883,0.0
349886,0.0
349888,0.0
349907,0.0
349909,0.0
349917,0.0
349926,0.0
349956,0.0
349974,0.0
349994,0.0
350149,0.0
351263,0.0
351510,0.0
351651,0.0
352036,0.0
352096,0.0
352350,0.0
352391,0.0
352608,0.0
352800,0.0
352811,0.0
352817,0.0
352833,0.0
352843,0.0
352846,0.0
352858,0.0
352863,0.0
352864,1.0
352865,0.0
352867,0.0
352868,0.0
352901,0.0
352914,0.0
352916,0.0
352926,0.0
352943,0.0
352956,0.0
352962,0.0
352968,0.0
352996,0.0
352999,0.0
353000,0.0
353002,0.0
353024,0.0
353025,0.0
353033,0.0
353040,0.0
353050,0.0
353052,0.0
353056,0.0
353057,0.0
353058,0.0
353059,0.0
353068,0.0
353074,0.0
353088,0.0
353111,0.0
353114,0.0
353124,0.0
353157,1.0
353163,0.0
353168,0.0
353180,0.0
353189,0.0
353190,0.0
353196,0.0
353200,0.0
353202,0.0
353221,1.0
353223,0.0
353224,0.0
353229,0.0
353234,0.0
353239,0.0
353242,0.0
353247,0.0
353276,0.0
353280,0.0
353313,0.0
353316,0.0
353323,0.0
353329,0.0
353347,0.0
353361,0.0
353371,0.0
353372,0.0
353384,0.0
353385,0.0
353386,0.0
353389,0.0
353396,0.0
353399,0.0
353404,0.0
353415,0.0
353424,0.0
353436,0.0
353437,0.0
353453,0.0
353464,0.0
353468,0.0
353475,0.0
353494,0.0
353504,0.0
353505,0.0
353510,0.0
353518,0.0
353528,0.0
353530,1.0
353533,0.0
353545,0.0
353551,0.0
353555,0.0
353572,0.0
353573,0.0
353576,0.0
353584,0.0
353590,0.0
353618,0.0
353619,0.0
353620,0.0
353624,0.0
353629,0.0
353655,0.0
353683,0.0
353685,0.0
353698,0.0
353700,0.0
353715,0.0
353718,0.0
353725,0.0
353730,0.0
353754,0.0
353770,0.0
353780,0.0
353791,0.0
353810,0.0
353818,0.0
353829,0.0
353839,0.0
353843,0.0
353875,0.0
353878,0.0
353881,0.0
353888,0.0
353901,0.0
353919,0.0
353924,0.0
353932,0.0
353938,0.0
353953,0.0
353965,0.0
353973,1.0
353974,0.0
353984,0.0
353990,0.0
354007,0.0
354018,0.0
354019,0.0
354020,0.0
354021,0.0
354026,0.0
354028,0.0
354031,0.0
354033,0.0
354035,0.0
354041,0.0
354066,0.0
354073,0.0
354078,0.0
354085,0.0
354090,0.0
354095,0.0
354097,0.0
354106,0.0
354114,0.5
354123,0.0
354127,0.0
354133,0.0
354142,0.0
354146,0.0
354158,0.0
354161,0.0
354171,0.0
354177,0.0
354182,0.0
354188,0.0
354190,0.0
354201,1.0
354209,0.0
354211,0.0
354216,0.0
354235,0.0
354243,0.0
354269,0.0
354275,1.0
354277,0.0
354289,0.0
354293,0.0
354297,0.0
354306,0.0
354318,0.0
354329,0.0
354344,0.0
354351,0.0
354361,0.0
354389,0.0
354394,0.0
354395,0.0
354400,0.0
354454,1.0
354501,0.0
354508,0.0
354536,0.0
354547,0.0
354574,0.0
354585,0.0
354593,0.0
354608,0.0
354633,0.0
354638,0.0
354662,0.0
354670,0.5
354683,0.0
354695,0.0
354697,0.0
354704,0.0
354711,0.0
354713,0.0
354722,0.0
354736,0.0
354743,0.0
354746,0.0
354748,0.0
354756,0.0
354763,0.0
354768,0.0
354783,0.0
354784,0.0
354785,0.0
354790,0.0
354822,0.0
354829,0.0
354835,0.0
354836,0.0
354850,0.0
354854,0.0
354859,0.0
354873,0.0
354874,0.0
354885,0.0
354892,0.0
354893,0.0
354895,0.0
354903,0.0
354930,0.0
354938,0.0
354958,0.0
354960,0.0
354969,0.0
354975,0.0
354976,0.0
354992,0.0
354995,0.0
354997,0.0
354999,0.0
355003,0.0
355005,0.0
355010,0.0
355016,0.0
355020,0.0
355028,0.0
355039,0.0
355045,0.0
355049,0.0
355076,0.0
355088,0.0
355095,0.0
355105,0.0
355107,0.0
355122,0.0
355133,0.0
355150,0.0
355168,0.0
355169,0.0
355172,0.0
355176,0.0
355182,0.0
355189,0.0
355196,0.0
355202,0.0
355212,0.0
355215,0.0
355216,0.0
355237,0.0
355247,0.0
355251,0.0
355253,0.0
355258,0.0
355265,0.0
355275,0.0
355291,0.0
355292,0.0
355312,0.0
355330,1.0
355337,1.0
355348,0.0
355382,0.0
355389,0.0
355396,0.0
355397,0.0
355399,0.0
355409,0.0
355412,0.0
355417,0.0
355426,0.0
355427,0.0
355432,0.0
355444,0.0
355448,0.0
355457,1.0
355461,0.0
355476,0.0
355483,0.0
355484,0.0
355491,0.0
355502,0.0
355508,0.0
355510,0.0
355530,0.0
355533,0.0
355545,0.0
355546,0.0
355547,0.0
355554,0.0
355570,0.0
355571,0.0
355581,0.0
355595,0.0
355596,0.0
355604,0.0
355629,0.0
355640,0.0
355645,0.0
355646,0.0
355649,0.0
355651,0.0
355660,0.0
355665,1.0
355667,0.0
355679,0.0
355681,0.0
355685,0.0
355690,0.0
355692,0.0
355695,0.0
355697,0.0
355703,0.0
355705,0.0
355720,0.0
355725,0.0
355731,0.0
355733,0.0
355739,0.0
355748,0.0
355756,0.0
355768,0.0
355770,0.0
355773,0.0
355782,0.0
355787,0.0
355794,0.0
355802,0.0
355810,0.0
355814,0.0
355850,0.5
355852,0.0
355861,0.0
355906,0.0
355907,0.0
355910,0.0
355916,0.0
355936,0.0
355942,0.0
355956,0.0
355958,0.0
355991,0.0
356004,0.0
356013,0.0
356014,0.0
356030,0.0
356035,0.0
356038,0.0
356046,0.0
356060,0.0
356101,0.0
356104,1.0
356105,0.0
356108,0.0
356112,0.0
356137,0.0
356141,0.0
356144,0.0
356149,0.0
356151,0.0
356153,1.0
356177,0.0
356185,0.0
356188,0.0
356196,0.0
356199,0.0
356216,0.0
356243,0.0
356250,1.0
356265,0.0
356300,0.0
356301,0.0
356313,0.0
356318,0.0
356319,0.0
356366,0.0
356372,0.0
356387,0.0
356391,0.0
356398,0.0
356410,0.0
356429,0.0
356439,0.0
356466,0.0
356475,0.0
356491,0.0
356502,0.0
356528,0.0
356529,0.0
356541,0.0
356546,0.0
356555,0.0
356603,1.0
356631,0.0
356637,0.0
356646,0.0
356664,0.0
356767,0.0
356783,0.0
356819,0.0
356834,0.0
356836,0.0
356842,0.0
356859,0.0
356861,0.0
356868,0.0
356869,0.0
356873,0.0
356898,0.0
356919,0.0
356940,0.0
356956,0.0
356983,0.0
356985,0.0
356988,0.0
356991,0.0
356993,0.0
356995,0.0
357013,0.0
357035,0.0
357038,0.0
357046,0.0
357054,0.0
357061,0.0
357082,0.0
357091,0.0
357092,0.0
357107,0.0
357141,0.0
357146,0.0
357165,0.0
357172,0.0
357178,1.0
357186,0.0
357212,0.0
357214,0.0
357230,0.0
357237,0.0
357241,0.0
357243,0.0
357270,0.0
357272,0.0
357283,0.0
357287,0.0
357291,0.0
357309,0.0
357328,0.0
357343,0.0
357345,0.0
357352,0.0
357380,0.0
357388,0.0
357393,0.0
357416,0.0
357417,0.0
357419,0.0
357421,0.0
357434,0.0
357440,0.0
357444,0.0
357446,0.0
357469,0.0
357477,0.0
357485,0.0
357487,0.0
357495,0.0
357514,0.0
357535,0.0
357543,0.0
357551,0.0
357569,0.0
357578,0.0
357593,0.0
357599,0.0
357602,0.0
357609,0.0
357613,0.0
357619,0.0
357622,0.0
357625,0.0
357626,0.0
357632,0.0
357637,0.0
357639,0.0
357659,0.0
357663,0.0
357665,0.0
357666,0.0
357668,0.0
357677,0.0
357679,0.0
357681,0.0
357697,0.0
357699,0.0
357704,0.0
357718,0.0
357719,0.0
357725,0.0
357727,0.0
357771,0.0
357777,0.0
357784,0.0
357791,0.0
357803,0.0
357816,0.0
357821,0.0
357842,1.0
357860,0.0
357862,0.0
357869,0.0
357872,0.0
357875,0.0
357895,0.0
357922,0.0
357923,0.0
357931,0.0
357936,0.0
357958,0.0
357962,0.0
357970,0.0
357971,0.0
357977,0.0
357979,0.0
357982,0.0
357986,0.0
357988,0.0
357997,0.0
358000,1.0
358002,0.0
358003,0.0
358005,0.0
358018,0.0
358020,0.0
358030,0.0
358043,0.0
358082,0.0
358094,0.0
358101,0.0
358102,0.0
358110,0.0
358114,0.0
358122,0.0
358125,0.0
358127,0.0
358132,0.0
358146,0.0
358159,0.0
358162,0.0
358168,0.0
358175,0.0
358202,0.0
358213,0.0
358219,0.0
358226,0.0
358242,0.0
358243,0.0
358244,0.0
358245,0.0
358272,0.0
358274,0.0
358280,0.0
358285,0.0
358286,0.0
358322,0.0
358328,0.0
358330,0.0
358340,0.0
358351,0.0
358357,0.0
358359,0.0
358375,0.0
358382,0.0
358390,0.0
358403,0.0
358405,0.0
358417,0.0
358439,0.0
358443,0.0
358451,0.0
358457,0.0
358459,0.0
358465,0.0
358467,0.0
358478,0.0
358480,0.0
358498,0.0
358505,0.0
358517,0.0
358528,0.0
358537,0.0
358543,0.0
358545,0.0
358561,0.0
358563,0.0
358581,0.0
358590,0.0
358625,0.0
358647,0.0
358657,0.0
358663,0.0
358676,0.0
358685,0.0
358691,0.0
358722,0.0
358742,0.0
358757,0.0
358782,0.0
358796,0.0
358800,1.0
358818,0.0
358827,0.0
358853,0.0
358860,0.0
358871,0.0
358888,0.0
358894,0.0
358895,0.0
358915,0.0
358920,0.0
358927,0.0
358928,0.0
358941,0.0
358951,0.0
358954,0.0
358974,0.0
358978,0.0
358984,0.0
358986,0.0
359348,0.0
359595,0.0
359663,0.0
359900,0.0
359980,0.0
360004,0.0
360017,0.0
360024,0.0
360040,0.0
360051,0.0
360080,0.0
360087,0.0
360120,0.0
360156,0.0
360157,0.0
360189,0.0
360251,0.0
360252,0.0
360257,0.0
360258,0.0
360268,0.0
360285,0.0
360287,0.0
360290,0.0
360331,0.0
360366,0.0
360370,0.0
360377,0.0
360379,0.0
360393,0.0
360394,0.0
360419,0.0
360421,1.0
360426,0.0
360430,0.0
360441,0.0
360485,1.0
360486,0.0
360515,0.0
360526,0.0
360532,0.0
360554,0.0
360561,0.0
360568,0.0
360570,0.0
360573,0.0
360583,0.0
360636,0.0
360641,0.0
360664,0.0
360669,0.0
360677,1.0
360720,0.0
360721,0.0
360726,0.0
360765,0.0
360776,0.0
360788,0.0
360791,0.0
360826,0.0
360828,0.0
360997,0.0
361012,0.0
361013,0.0
361015,0.0
361022,0.0
361037,0.0
361039,0.0
361043,0.0
361051,0.0
361052,0.0
361056,0.0
361063,0.0
361066,0.0
361076,0.0
361089,0.0
361094,0.0
361106,0.0
361110,0.0
361112,0.0
361113,0.0
361135,0.0
361137,0.0
361165,0.0
361193,0.0
361222,0.0
361254,0.0
361260,0.0
361277,0.0
361280,0.0
361293,0.0
361304,0.0
361306,0.0
361313,0.0
361314,0.0
361315,0.0
361347,0.0
361403,1.0
361424,0.0
361425,0.0
361427,0.0
361434,0.0
361438,0.0
361457,0.0
361534,0.0
361535,0.0
361538,0.0
361544,0.0
361573,0.0
361578,0.0
361704,0.0
361732,0.0
361733,0.0
361758,0.0
361768,0.0
361780,0.0
361783,0.0
361784,0.0
361804,0.0
361806,0.0
361824,0.0
361833,0.0
361888,0.0
361909,0.0
361922,0.0
361936,0.0
361938,1.0
361939,0.0
361947,0.0
361956,0.0
361972,0.0
361983,0.0
361985,0.0
361987,0.0
361989,0.0
361999,0.0
362004,0.0
362018,0.0
362020,0.0
362036,0.0
362100,0.0
362111,0.0
362125,0.0
362137,0.0
362140,0.0
362147,0.0
362148,0.0
362149,0.0
362156,0.0
362160,0.0
362167,0.0
362169,0.0
362183,0.0
362185,0.0
362186,0.0
362198,0.0
362203,0.0
362213,1.0
362214,0.0
362222,0.0
362224,0.0
362227,0.0
362232,0.0
362237,0.0
362246,0.0
362249,0.0
362275,0.5
362283,0.0
362284,0.0
362286,0.0
362290,0.0
362292,0.0
362317,0.0
362355,0.0
362362,0.0
362363,0.0
362367,0.0
362372,0.0
362373,0.0
362378,1.0
362386,0.0
362391,0.0
362443,0.0
362450,0.0
362454,0.0
362460,0.0
362473,0.0
362478,0.0
362479,0.0
362481,0.0
362484,0.0
362488,0.0
362509,0.0
362520,0.0
362525,0.0
362531,0.0
362537,0.0
362539,0.0
362540,0.0
362547,0.0
362556,0.0
362575,0.0
362581,0.0
362584,0.0
362588,0.0
362590,0.0
362598,0.0
362641,0.0
362643,0.0
362646,0.0
362650,0.0
362655,0.0
362660,0.0
362664,0.0
362676,0.0
362691,0.0
362694,0.0
362700,0.0
362706,0.0
362712,0.0
362722,0.0
362736,0.0
362737,0.0
362738,0.0
362739,0.0
362754,0.0
362756,0.0
362761,0.0
362778,0.0
362782,0.0
362785,0.0
362791,0.0
362793,0.0
362820,0.0
362822,0.0
362831,0.0
362835,0.0
362843,0.0
362844,0.0
362852,0.0
362867,0.0
362869,0.0
362878,0.0
362890,0.0
362897,0.0
362902,0.0
362906,0.0
362923,0.0
362930,0.0
362933,0.0
362935,0.0
362943,0.0
362944,0.0
362945,0.0
362947,0.0
362953,0.0
362954,0.0
362975,0.0
362977,0.0
362984,0.0
362988,0.0
363010,0.0
363011,1.0
363012,0.0
363026,0.0
363038,0.0
363041,0.0
363051,0.0
363055,0.0
363056,0.0
363075,0.0
363078,0.0
363082,0.0
363095,0.0
363099,0.0
363104,0.0
363105,0.0
363125,0.0
363131,0.0
363147,0.0
363153,1.0
363159,0.0
363165,0.5
363170,0.0
363174,0.0
363175,0.0
363180,0.0
363186,0.0
363203,0.0
363218,0.0
363235,0.0
363245,1.0
363248,0.5
363257,0.0
363259,0.0
363264,1.0
363265,0.0
363271,0.0
363274,0.0
363280,0.0
363282,0.0
363344,0.0
363506,0.0
363511,0.0
363519,0.0
363524,0.0
363525,0.0
363526,0.0
363536,0.0
363537,0.0
363548,0.0
363552,0.0
363561,0.0
363566,0.0
363568,0.0
363572,0.0
363580,0.0
363589,0.0
363606,0.0
363636,0.0
363640,0.0
363654,0.0
363682,0.0
363703,0.0
363710,0.0
363711,0.0
363714,0.0
363719,0.0
363721,0.0
363736,0.0
363737,0.0
363740,0.0
363747,0.0
363750,0.0
363752,0.0
363760,0.0
363765,0.0
363775,0.0
363778,0.0
363792,0.0
363802,0.0
363808,0.0
363811,0.0
363814,0.0
363818,0.0
363828,0.0
363833,0.0
363837,0.0
363856,0.0
363900,0.0
363906,0.0
363917,0.0
363934,0.0
363939,0.0
363941,0.0
363945,1.0
363951,0.0
363954,0.0
363960,0.0
363967,0.0
363970,0.0
363978,0.0
363979,1.0
363990,0.0
363998,0.0
364021,0.0
364044,0.0
364046,0.0
364073,0.0
364085,0.0
364121,0.0
364123,0.0
364150,0.0
364156,0.0
364160,0.0
364193,0.0
364224,1.0
364280,0.0
364296,0.0
364323,0.0
364355,0.0
364368,0.0
364419,0.0
364481,0.0
364495,0.0
364501,0.0
364502,0.0
364506,0.0
364533,0.0
364557,0.0
364559,0.0
364617,0.0
364660,0.0
364661,0.0
364723,0.0
364735,1.0
364745,0.0
364749,0.0
364750,0.0
364753,0.0
364755,0.0
364757,0.0
364822,0.0
364832,0.0
364861,0.0
364863,0.0
364866,1.0
364867,0.0
364895,0.0
364899,0.0
364907,1.0
364916,0.0
364926,0.0
364935,0.0
364953,0.0
364965,0.0
364968,0.0
364970,0.0
364989,0.0
364990,0.0
364994,0.0
365007,0.0
365008,0.0
365018,0.0
365020,0.0
365032,0.0
365039,0.0
365042,0.0
365063,0.0
365068,1.0
365077,0.0
365084,0.0
365086,0.0
365087,0.0
365088,0.0
365089,0.0
365091,0.0
365099,0.0
365103,0.0
365209,1.0
365259,0.0
365261,0.0
365263,0.0
365269,0.0
365275,0.0
365278,0.0
365293,0.0
365294,0.0
365319,0.0
365323,0.0
365398,0.0
365417,0.0
365436,0.0
365438,0.0
365445,0.0
365447,0.0
365510,0.0
365557,0.0
365597,0.0
365635,0.0
365676,0.0
365683,0.0
365685,0.0
365695,0.0
365728,0.0
365745,0.0
365758,0.0
365763,0.0
365764,0.0
365765,0.0
365776,0.0
365779,0.0
365781,0.0
365784,0.0
365798,0.0
365805,0.0
365816,0.0
365819,1.0
365823,0.0
365824,0.0
365834,0.0
365843,0.0
365863,0.0
365864,0.0
365875,0.0
365885,0.0
365892,0.0
365901,0.0
365925,0.0
365927,0.0
365930,0.0
365951,0.0
365966,0.0
365969,1.0
365972,0.0
365984,0.0
365991,0.0
366008,0.0
366010,0.0
366011,0.0
366042,0.0
366050,0.0
366060,0.0
366071,0.0
366078,0.0
366127,0.0
366135,0.0
366145,0.0
366152,0.0
366157,0.0
366161,0.0
366179,0.0
366181,0.0
366187,0.0
366198,0.0
366204,0.0
366207,0.0
366208,0.0
366210,0.0
366211,0.0
366219,0.0
366231,0.0
366234,0.0
366235,0.0
366239,0.0
366255,0.0
366263,0.0
366274,1.0
366285,0.0
366289,0.0
366294,0.0
366303,0.0
366306,0.0
366317,0.0
366329,0.0
366331,0.0
366347,0.0
366359,0.0
366368,0.0
366369,0.0
366373,0.0
366377,0.0
366382,0.0
366416,0.0
366422,0.0
366426,0.0
366427,0.0
366428,0.0
366439,0.0
366447,0.0
366448,0.0
366461,0.0
366477,0.0
366495,1.0
366499,0.0
366500,0.0
366514,0.0
366522,0.0
366524,0.0
366526,0.0
366539,0.0
366551,0.0
366571,0.0
366572,0.0
366586,1.0
366590,1.0
366592,0.0
366595,0.0
366596,0.0
366604,0.0
366610,0.0
366620,0.0
366621,0.0
366628,0.0
366631,1.0
366633,0.0
366639,0.0
366647,0.0
366666,0.0
366669,0.0
366677,0.0
366678,0.0
366682,0.0
366692,0.0
366701,0.0
366707,0.0
366716,0.0
366721,0.0
366724,0.0
366732,0.0
366734,0.0
366739,0.0
366741,0.0
366742,0.0
366748,0.0
366757,0.0
366768,0.0
366770,0.0
366786,0.0
366803,0.0
366807,0.0
366821,0.0
366831,0.0
366843,0.0
366852,0.0
366871,0.0
366886,0.0
366906,0.0
366912,0.0
366921,0.0
366928,0.0
366934,0.0
366959,0.0
366961,0.0
366968,0.0
366976,0.0
366990,0.0
367023,0.0
367030,0.0
367049,0.0
367053,0.0
367062,0.0
367065,0.0
367067,1.0
367093,0.0
367096,0.0
367131,0.0
367133,0.0
367144,0.0
367149,0.0
367155,0.0
367160,0.0
367168,0.0
367169,0.0
367182,0.0
367185,0.0
367188,0.0
367228,0.0
367249,0.0
367250,0.0
367270,0.0
367271,0.0
367273,0.0
367294,0.0
367295,0.0
367309,0.0
367322,1.0
367325,0.0
367330,0.0
367339,0.0
367347,0.0
367355,0.0
367356,0.0
367362,0.0
367381,0.0
367387,0.0
367392,0.0
367394,0.0
367402,0.0
367410,0.5
367414,0.0
367421,0.0
367452,0.0
367458,0.0
367476,0.0
367478,0.0
367483,0.0
367490,0.0
367520,1.0
367533,0.0
367536,0.0
367542,0.0
367552,0.0
367557,0.0
367559,0.0
367563,0.0
367584,0.0
367590,0.0
367599,0.0
367600,0.0
367607,0.0
367610,0.0
367613,0.0
367618,0.0
367655,0.0
367668,0.0
367669,1.0
367687,0.0
367697,0.0
367698,0.0
367699,0.0
367723,0.0
367746,0.0
367758,0.0
367764,0.0
367768,0.0
367788,1.0
367798,0.0
367804,0.0
367813,0.0
367817,0.0
367825,0.0
367839,0.0
367842,0.0
367843,0.0
367844,0.0
367845,0.0
367851,0.0
367853,0.0
367854,0.0
367889,0.0
367907,0.0
367910,0.0
367913,0.0
367915,0.0
367918,0.0
367931,0.0
367933,0.0
367938,0.0
367957,0.0
367958,0.0
367962,0.0
367969,0.0
367977,0.0
368011,0.0
368014,0.0
368015,1.0
368020,0.0
368032,0.0
368036,0.0
368053,0.0
368057,0.0
368094,0.0
368115,0.0
368126,0.0
368130,0.0
368133,0.0
368134,0.0
368137,0.0
368138,0.0
368143,0.0
368157,1.0
368163,0.0
368184,0.0
368195,0.0
368196,0.0
368203,0.0
368212,0.0
368215,0.0
368239,0.0
368249,0.0
368264,0.0
368274,0.0
368283,0.0
368292,0.0
368305,0.0
368306,0.0
368327,0.0
368331,0.0
368337,0.0
368344,0.0
368353,0.0
368357,0.0
368364,0.0
368366,1.0
368398,0.0
368417,0.0
368420,0.0
368427,1.0
368430,0.0
368432,1.0
368443,0.0
368460,1.0
368466,0.0
368473,0.0
368475,0.0
368476,0.0
368478,0.0
368487,0.0
368498,0.0
368515,0.0
368553,0.0
368557,0.0
368561,0.0
368572,0.0
368575,0.0
368592,0.0
368593,0.0
368598,0.0
368603,0.0
368617,0.0
368626,0.0
368639,0.0
368657,0.0
368660,0.0
368678,0.0
368685,0.0
368689,0.0
368712,0.0
368721,0.0
368742,0.0
368748,0.0
368750,0.0
368755,0.0
368761,0.0
368771,0.0
368789,0.0
368793,0.0
368798,0.0
368815,0.0
368816,0.0
368817,0.0
368829,0.0
368830,0.0
368836,0.0
368844,0.0
368846,0.0
368861,0.0
368866,0.0
368891,0.0
368892,0.0
368897,0.0
368900,0.0
368917,0.0
368918,0.0
368924,0.0
368927,0.0
368930,1.0
368950,0.0
368952,0.0
368957,0.0
368975,0.0
368978,0.0
368992,0.0
368995,0.0
368997,0.0
369021,0.0
369034,0.0
369045,0.0
369048,0.0
369049,0.0
369052,0.0
369063,0.0
369067,0.0
369068,1.0
369091,0.0
369095,0.0
369106,0.0
369121,0.0
369133,0.0
369153,0.0
369157,0.0
369175,0.0
369180,0.0
369191,0.0
369199,0.0
369201,0.0
369202,0.0
369216,0.0
369223,0.0
369225,0.0
369227,0.0
369234,0.0
369243,0.0
369262,0.0
369266,0.0
369270,0.0
369290,0.0
369292,0.0
369304,0.0
369322,0.0
369335,0.0
369339,0.0
369350,0.0
369353,0.0
369357,0.0
369366,0.0
369370,0.0
369375,1.0
369385,0.0
369391,0.0
369406,0.0
369412,0.0
369424,1.0
369437,0.0
369452,0.0
369462,0.0
369466,0.0
369477,0.0
369486,0.0
369488,0.0
369499,0.0
369515,0.0
369521,0.0
369528,0.0
369539,0.0
369549,0.0
369551,0.0
369571,0.0
369572,0.0
369580,0.0
369583,0.0
369600,0.0
369605,0.0
369619,0.0
369626,0.0
369656,0.0
369657,0.0
369672,0.0
369678,0.0
369679,0.0
369703,0.0
369704,0.0
369705,0.0
369711,0.0
369741,0.0
369759,0.0
369765,0.0
369796,0.0
369801,0.0
369816,0.0
369827,0.0
369841,0.0
369850,0.0
369861,0.0
369864,0.0
369878,0.0
369882,0.0
369895,0.0
369909,0.0
369912,0.0
369914,0.0
369930,0.0
369970,0.0
369972,0.0
369975,0.0
369988,0.0
369992,0.0
369999,0.0
370004,0.0
370006,0.0
370069,0.0
370072,0.0
370096,0.0
370101,0.0
370109,0.0
370112,0.0
370115,0.0
370119,1.0
370122,0.0
370131,0.0
370154,1.0
370164,0.0
370173,0.0
370196,0.0
370201,0.0
370221,0.0
370225,0.0
370235,0.0
370273,0.0
370290,0.0
370296,0.0
370317,0.0
370341,0.0
370343,0.0
370345,0.0
370346,0.0
370360,0.0
370368,0.0
370369,0.0
370371,0.0
370373,0.0
370378,0.0
370387,0.0
370394,0.0
370401,0.0
370415,0.0
370421,0.0
370430,0.0
370432,0.0
370437,0.0
370451,0.0
370472,0.0
370483,0.0
370503,0.0
370510,0.0
370513,0.0
370516,0.0
370535,0.0
370538,0.0
370540,0.0
370562,0.0
370576,0.0
370598,0.0
370602,0.0
370603,0.0
370610,0.0
370645,0.0
370669,0.0
370681,0.0
370683,0.0
370695,0.0
370703,0.0
370719,0.0
370721,0.0
370722,0.0
370726,0.0
370727,0.0
370759,1.0
370771,0.0
370792,0.0
370800,0.0
370817,0.0
370818,0.0
370826,0.0
370827,0.0
370833,0.0
370867,0.0
370878,0.0
370896,0.0
370898,0.0
370937,0.0
370983,0.0
370987,1.0
371027,0.0
371028,0.0
371038,0.0
371055,0.0
371071,0.0
371077,0.0
371084,0.5
371106,0.0
371108,0.0
371113,0.0
371124,0.0
371131,0.0
371135,0.0
371142,0.0
371144,0.0
371146,0.0
371160,0.0
371166,0.0
371170,0.0
371172,0.0
371177,0.0
371179,0.0
371180,0.0
371183,0.0
371184,0.0
371185,0.0
371189,0.0
371193,0.0
371198,0.0
371208,0.0
371210,0.0
371220,0.0
371236,0.0
371246,0.0
371261,0.0
371268,0.0
371269,0.0
371275,0.0
371281,0.0
371283,0.0
371286,0.0
371322,0.0
371326,0.0
371327,0.0
371328,0.0
371332,0.0
371347,0.0
371361,0.0
371363,0.0
371364,0.0
371387,0.0
371400,0.0
371412,0.0
371417,0.0
371426,0.0
371439,0.0
371441,0.0
371448,0.0
371449,0.0
371450,0.0
371451,0.0
371453,0.0
371457,0.0
371461,0.0
371472,0.0
371477,0.0
371487,0.0
371489,0.0
371490,0.0
371491,0.0
371501,0.0
371502,0.0
371509,0.0
371510,0.0
371514,0.0
371517,0.0
371519,0.0
371522,0.0
371547,0.0
371553,0.0
371566,0.0
371571,0.0
371574,0.0
371577,0.0
371578,0.0
371581,1.0
371589,1.0
371592,0.0
371602,0.0
371612,0.0
371616,0.0
371629,0.0
371637,0.0
371642,0.0
371643,0.0
371646,0.0
371654,0.0
371656,0.0
371658,0.0
371682,0.0
371683,0.0
371684,0.0
371689,0.0
371691,0.0
371699,0.0
371705,0.0
371707,0.0
371709,0.0
371731,0.0
371738,0.0
371742,0.0
371759,1.0
371781,0.0
371797,0.0
371803,0.0
371804,0.0
371806,0.0
371808,0.0
371815,0.0
371823,0.0
371837,0.0
371839,0.0
371847,0.0
371858,0.0
371874,0.0
371887,0.0
371892,0.0
371897,0.0
371910,0.0
371925,0.0
371929,0.0
371930,0.0
371951,0.0
371955,0.0
371999,0.0
372026,0.0
372030,0.0
372033,0.0
372037,0.0
372039,0.0
372051,1.0
372061,0.0
372063,0.0
372068,0.0
372083,0.0
372084,0.0
372088,0.0
372090,0.0
372098,0.0
372126,0.0
372140,0.0
372144,0.0
372159,0.0
372161,0.0
372164,0.0
372179,0.0
372184,0.0
372190,0.0
372197,0.0
372204,0.0
372215,0.0
372232,0.0
372248,0.0
372252,0.0
372260,0.0
372282,0.0
372311,1.0
372318,0.0
372355,0.0
372364,0.0
372366,0.0
372381,0.0
372384,0.0
372390,0.0
372391,0.0
372396,0.0
372403,0.0
372407,0.0
372418,0.0
372425,0.0
372427,0.0
372432,0.0
372434,0.0
372440,0.0
372474,0.0
372501,0.0
372504,0.0
372518,0.0
372522,0.0
372529,0.0
372535,0.0
372537,0.0
372548,0.0
372551,0.0
372553,0.0
372568,0.0
372569,0.0
372572,0.0
372575,0.0
372581,1.0
372582,0.0
372587,0.0
372589,0.0
372591,0.0
372597,0.0
372598,0.0
372613,0.0
372640,0.0
372646,0.0
372649,0.0
372656,0.0
372675,0.0
372695,0.0
372725,0.0
372762,0.0
372763,0.0
372780,0.0
372787,0.0
372799,0.0
372808,0.0
372814,0.0
372828,0.0
372830,0.0
372832,0.0
372849,0.0
372851,0.0
372861,0.0
372870,0.0
372873,0.0
372883,0.0
372884,0.0
372886,0.0
372898,0.0
372904,0.0
372905,0.0
372908,1.0
372912,0.0
372923,0.0
372927,0.0
372937,0.0
372951,0.0
372961,0.0
372965,0.0
372979,0.0
372983,0.0
372986,0.0
372990,0.0
372994,0.0
373006,0.0
373021,0.0
373042,0.0
373043,0.0
373051,0.0
373068,0.0
373081,0.0
373086,0.0
373090,0.0
373097,0.0
373115,0.0
373116,0.0
373125,0.0
373128,0.0
373131,0.0
373134,0.0
373135,0.0
373138,0.0
373149,0.0
373152,0.0
373155,0.0
373177,0.0
373189,0.0
373190,0.0
373192,0.0
373206,0.0
373213,0.0
373218,0.0
373222,0.0
373231,1.0
373362,0.0
373400,0.0
373401,0.0
373407,0.0
373408,0.0
373409,0.0
373418,0.0
373421,0.0
373434,0.0
373446,0.0
373456,0.0
373462,0.0
373466,0.0
373470,0.0
373477,0.0
373478,0.0
373490,1.0
373498,0.0
373652,0.0
373663,0.0
373664,0.0
373667,0.0
373687,0.0
373712,0.0
373714,0.0
373719,0.0
373721,0.0
373724,0.0
373728,0.0
373730,0.0
373741,0.0
373762,0.0
373804,0.0
373820,0.0
373825,0.0
373845,0.0
373863,0.0
373865,0.0
373873,0.0
373885,0.0
373891,0.0
373902,0.0
373905,0.0
373908,0.0
373914,0.0
373923,0.0
373941,0.0
373944,0.0
373945,0.0
373958,0.0
373968,1.0
373969,0.0
373973,0.0
373974,0.0
373991,0.0
374007,0.0
374077,0.0
374102,0.0
374113,0.0
374114,0.0
374118,0.0
374119,0.0
374140,0.0
374168,0.0
374187,0.0
374206,0.0
374209,0.0
374215,0.0
374218,0.0
374223,0.0
374226,0.0
374234,0.0
374239,0.0
374240,1.0
374251,0.0
374254,0.0
374259,0.0
374273,0.0
374279,0.0
374301,0.0
374328,0.0
374336,0.0
374339,0.0
374342,0.0
374347,1.0
374351,0.0
374353,0.0
374359,0.0
374393,0.0
374414,0.0
374432,0.0
374444,0.0
374453,0.0
374454,0.0
374465,0.0
374473,0.0
374504,0.0
374506,0.0
374522,0.0
374537,0.0
374538,0.0
374552,0.0
374582,0.0
374588,1.0
374595,0.0
374597,0.0
374599,0.0
374600,0.0
374623,0.0
374627,0.0
374639,0.0
374661,0.0
374673,0.0
374677,0.0
374682,0.0
374691,0.0
374726,0.0
374755,0.0
374761,0.0
374763,0.0
374764,0.0
374773,0.0
374774,0.0
374775,1.0
374783,0.0
374788,0.0
374849,0.0
374865,0.0
374900,0.0
374901,1.0
374926,0.0
374928,0.0
374934,0.0
374944,1.0
374947,0.0
374980,0.0
375003,0.0
375004,0.0
375006,0.0
375008,0.0
375012,0.0
375015,0.0
375016,0.0
375024,0.0
375027,0.0
375042,0.0
375043,0.0
375048,0.0
375050,0.0
375051,0.0
375072,0.0
375078,0.0
375083,0.0
375084,0.0
375111,0.0
375115,0.0
375122,0.0
375135,0.0
375138,0.0
375143,0.0
375150,0.0
375184,0.0
375203,0.0
375207,0.0
375211,0.0
375218,0.0
375219,0.0
375223,0.0
375235,0.0
375248,0.0
375249,0.0
375287,0.0
375291,0.0
375504,0.0
375508,0.0
375540,0.0
375545,0.0
376012,0.0
376018,0.0
376019,0.5
376022,1.0
376029,0.0
376043,0.0
376044,0.0
376048,0.0
376052,0.0
376056,0.0
376062,0.0
376067,0.0
376069,0.0
376090,0.0
376105,0.0
376126,0.0
376143,0.0
376165,0.0
376176,0.0
376185,0.0
376193,0.0
376210,1.0
376223,0.0
376228,0.0
376237,0.0
376242,1.0
376243,0.0
376280,0.0
376284,0.0
376287,0.0
376421,0.0
376423,0.0
376434,0.0
376444,0.0
376462,0.0
376478,0.0
376484,0.0
376489,0.0
376493,0.0
376494,0.0
376499,0.0
376513,0.0
376525,1.0
376527,0.0
376530,0.0
376531,0.0
376534,0.0
376543,0.0
376544,0.0
376551,0.0
376564,1.0
376578,0.0
376590,0.0
376593,0.0
376594,0.0
376601,0.0
376625,0.0
376649,0.0
376663,0.0
376677,0.0
376699,0.0
376706,0.0
376720,0.0
376734,0.0
376744,0.0
376747,0.0
376755,0.0
376760,0.0
376763,0.0
376764,0.0
376778,0.0
376786,0.0
376790,0.0
376812,0.0
376815,0.0
376837,0.0
376845,0.0
376850,1.0
376862,0.0
376893,0.0
376905,0.0
376933,0.0
376962,0.0
376967,0.0
376994,0.0
376999,0.0
377050,0.0
377052,0.0
377062,0.0
377133,0.0
377150,0.0
377155,0.0
377181,0.0
377185,0.0
377207,0.0
377208,0.0
377213,0.0
377221,0.0
377234,0.0
377252,0.0
377271,0.0
377278,0.0
377283,0.0
377288,0.0
377291,0.0
377292,0.0
377306,0.0
377321,0.0
377340,0.0
377342,0.0
377359,0.0
377367,0.0
377370,0.0
377373,0.0
377385,0.0
377462,0.0
377464,0.0
377466,0.0
377652,0.0
377659,0.0
377687,0.0
377745,0.0
377748,1.0
377763,0.0
377783,0.0
377837,0.0
377849,0.0
377906,1.0
377909,0.0
377954,0.0
377965,0.0
377972,0.0
377974,1.0
377977,0.0
377984,0.0
378000,0.0
378001,0.0
378013,0.0
378020,0.0
378033,0.0
378044,0.0
378052,0.0
378058,0.0
378061,0.0
378062,0.0
378063,0.0
378065,0.0
378084,0.0
378086,0.0
378093,0.0
378100,0.0
378103,0.0
378107,0.0
378114,0.0
378122,0.0
378127,0.0
378135,0.0
378136,0.0
378137,0.0
378145,0.0
378156,0.0
378157,0.0
378158,0.0
378163,0.0
378175,0.0
378179,1.0
378181,0.0
378196,0.0
378197,0.0
378205,0.0
378220,0.0
378242,0.0
378248,0.0
378265,0.0
378275,0.0
378279,0.0
378302,0.0
378306,0.0
378307,0.0
378317,0.0
378321,0.0
378323,0.0
378337,0.0
378338,0.0
378339,0.0
378342,0.0
378343,0.0
378348,0.0
378385,0.0
378386,0.0
378400,0.0
378407,0.0
378409,0.0
378421,0.0
378432,1.0
378435,0.0
378437,0.0
378441,0.0
378447,0.0
378462,0.0
378464,0.0
378467,0.0
378484,0.0
378485,0.0
378486,0.0
378488,0.0
378513,0.0
378529,0.0
378538,0.0
378540,0.0
378556,0.0
378557,0.0
378570,0.0
378574,0.0
378589,0.0
378596,0.0
378601,0.0
378618,0.0
378629,0.0
378639,0.0
378645,0.0
378657,0.0
378663,0.0
378679,0.0
378684,0.0
378692,0.0
378693,0.0
378695,0.0
378703,0.0
378705,0.0
378706,0.0
378722,0.0
378725,0.0
378729,0.0
378730,0.0
378739,0.0
378741,0.0
378743,0.0
378745,0.0
378746,0.0
378748,0.0
378778,0.0
378779,0.0
378787,0.0
378814,0.0
378818,0.0
378820,0.0
378830,0.0
378832,0.0
378834,0.0
378835,0.0
378843,0.0
378861,0.0
378866,0.0
378868,0.0
378890,0.0
378895,0.0
378904,0.0
378908,0.0
378916,0.0
378917,0.0
378925,0.0
378932,0.0
378939,0.0
378941,0.0
378943,0.0
378947,0.0
378950,0.0
378956,0.0
378957,0.0
378961,0.0
378963,0.0
378970,0.0
378984,0.0
378990,0.0
379001,0.0
379015,0.0
379022,0.0
379023,0.0
379027,0.0
379035,0.0
379039,0.0
379041,0.0
379049,0.0
379100,0.0
379143,0.0
379144,0.0
379148,0.0
379152,0.0
379154,0.0
379161,0.0
379170,0.0
379179,0.0
379186,0.0
379189,0.0
379211,0.0
379217,0.0
379218,0.0
379227,0.0
379238,0.0
379253,0.0
379255,0.0
379258,0.0
379274,0.0
379275,0.0
379282,0.0
379284,0.0
379295,0.0
379298,0.0
379302,0.0
379338,0.0
379339,0.0
379358,0.0
379374,0.0
379377,0.0
379378,0.0
379382,0.0
379398,0.0
379416,0.0
379419,0.0
379420,0.0
379426,0.0
379428,0.0
379440,0.0
379441,0.0
379453,0.0
379458,0.0
379462,0.0
379481,0.0
379488,1.0
379503,0.0
379504,0.0
379505,1.0
379506,0.0
379519,0.0
379544,0.0
379547,0.0
379574,0.0
379594,0.0
379598,0.0
379600,0.0
379601,0.0
379616,0.0
379623,0.0
379653,0.0
379656,0.0
379663,0.0
379671,0.0
379672,0.0
379693,0.0
379696,0.0
379697,0.0
379704,0.0
379708,0.0
379728,0.0
379732,0.0
379733,0.0
379743,0.0
379746,0.0
379747,0.0
379749,0.0
379762,0.0
379768,1.0
379771,0.0
379790,0.0
379800,0.0
379861,0.0
379863,0.0
379871,0.0
379886,0.0
379914,0.0
379942,0.0
379943,1.0
379947,1.0
379954,0.0
379956,0.0
379967,0.0
379973,0.0
379988,0.0
380005,0.0
380009,0.0
380011,0.0
380012,0.0
380030,0.0
380037,0.0
380040,0.0
380054,0.0
380060,0.0
380062,0.0
380063,0.0
380066,0.0
380071,0.0
380087,0.0
380089,0.0
380109,0.0
380120,0.0
380123,0.0
380137,0.0
380141,0.0
380181,0.0
380188,0.0
380195,0.0
380198,0.5
380222,0.0
380240,0.0
380244,0.0
380245,0.0
380246,0.0
380267,0.0
380286,0.0
380288,0.0
380296,0.0
380308,0.0
380311,0.0
380323,0.0
380341,0.0
380345,0.0
380351,0.0
380361,1.0
380363,0.0
380368,0.0
380374,0.0
380381,0.0
380406,0.0
380408,0.0
380421,0.0
380422,0.0
380432,0.0
380433,0.0
380447,0.0
380448,0.0
380452,0.0
380454,0.0
380463,0.0
380474,0.0
380486,1.0
380498,0.0
380500,0.0
380519,0.0
380520,0.0
380535,0.0
380541,0.0
380545,0.0
380553,0.0
380588,0.0
380605,0.0
380637,0.0
380644,0.0
380646,0.0
380677,0.0
380679,0.0
380681,0.0
380691,0.0
380703,0.0
380710,0.0
380712,0.0
380722,0.0
380748,0.0
380763,0.0
380765,0.0
380771,1.0
380784,0.0
380786,0.0
380807,0.0
380808,0.0
380809,0.0
380812,0.0
380817,0.0
380840,0.0
380841,0.0
380851,1.0
380863,0.0
380867,0.0
380871,0.0
380881,0.0
380884,0.0
380886,0.0
380893,0.0
380918,0.0
380929,0.0
380930,0.0
380945,0.0
380953,0.0
380961,0.0
380984,0.0
381006,0.0
381018,0.0
381019,0.0
381023,0.0
381029,0.0
381031,0.0
381041,0.0
381042,0.0
381043,0.0
381046,0.0
381064,0.0
381074,0.0
381090,0.0
381097,0.0
381099,0.0
381112,0.0
381123,0.0
381132,0.0
381144,0.0
381148,0.0
381151,0.0
381157,0.0
381162,0.0
381163,0.0
381166,0.0
381170,0.0
381172,0.0
381177,0.0
381183,0.0
381191,0.0
381196,0.0
381209,0.0
381213,0.0
381228,0.0
381231,0.0
381239,0.0
381243,0.0
381247,0.0
381248,0.0
381261,0.0
381264,0.0
381276,0.0
381279,0.0
381294,0.0
381313,0.0
381323,0.0
381325,0.0
381328,0.0
381329,1.0
381337,0.0
381348,0.0
381350,1.0
381367,0.0
381383,0.0
381389,0.0
381391,0.0
381392,0.0
381395,0.0
381406,0.0
381407,0.0
381410,0.0
381416,0.0
381429,0.0
381444,0.5
381447,0.0
381469,0.0
381541,0.0
381547,0.0
381551,0.0
381552,1.0
381560,0.0
381563,0.0
381576,0.0
381584,0.0
381586,0.0
381589,0.0
381597,0.0
381607,0.0
381620,0.0
381621,0.0
381624,0.0
381635,1.0
381643,0.0
381663,0.0
381685,0.0
381688,0.0
381721,0.0
381723,0.0
381727,0.0
381732,1.0
381734,0.0
381742,0.0
381747,0.0
381759,0.0
381764,1.0
381766,0.0
381776,0.0
381797,0.0
381808,0.0
381812,0.0
381813,0.0
381816,0.0
381821,0.0
381832,0.0
381837,0.0
381843,0.0
381847,0.0
381857,0.0
381859,0.0
381863,0.0
381872,0.0
381878,0.0
381882,0.0
381886,0.0
381904,0.0
381919,0.0
381930,0.0
381937,0.0
381940,0.0
381954,0.0
381959,0.0
381968,0.0
381970,0.0
381973,0.0
381976,0.0
381997,0.0
381999,0.0
382000,0.0
382008,0.0
382012,0.0
382023,0.0
382031,0.0
382041,0.0
382047,0.0
382064,0.0
382078,0.0
382097,0.0
382107,0.0
382114,0.0
382116,0.0
382121,0.0
382126,0.0
382136,0.0
382139,0.0
382146,0.0
382147,0.0
382148,0.0
382161,0.0
382167,0.0
382185,0.0
382196,0.0
382201,1.0
382206,0.0
382210,0.0
382216,0.0
382221,0.0
382225,0.0
382229,1.0
382236,0.0
382237,0.0
382249,0.0
382257,0.0
382263,0.0
382267,0.0
382271,0.0
382275,0.0
382286,0.0
382287,0.0
382297,0.0
382298,0.0
382301,0.0
382312,0.0
382326,0.0
382327,0.0
382330,0.0
382333,0.0
382339,0.0
382341,0.0
382347,0.0
382363,0.0
382388,0.0
382390,0.0
382395,0.0
382404,0.0
382431,0.0
382445,0.0
382449,0.0
382454,0.0
382459,0.0
382461,0.0
382464,0.0
382477,0.0
382480,0.0
382482,0.0
382491,0.0
382500,0.0
382505,0.0
382511,0.0
382516,0.0
382522,0.0
382525,0.0
382532,0.0
382534,0.0
382540,0.0
382542,0.0
382560,0.0
382566,0.0
382573,0.0
382576,0.0
382577,0.0
382579,0.0
382596,0.0
382597,0.0
382599,0.0
382606,0.0
382635,0.0
382656,0.0
382671,0.0
382685,0.0
382686,0.0
382701,0.0
382705,0.0
382712,0.0
382720,0.0
382733,0.0
382740,0.0
382749,0.0
382753,0.0
382762,1.0
382766,0.0
382773,0.0
382806,0.0
382819,0.0
382837,0.0
382841,0.0
382851,0.0
382852,0.0
382863,0.0
382869,0.0
382891,0.0
382892,0.0
382896,0.0
382901,0.0
382919,0.0
382927,0.0
382941,0.0
382952,0.0
382953,0.0
382962,0.0
382969,0.0
382971,0.0
382980,0.0
382989,0.0
382997,0.0
383004,0.0
383039,0.0
383041,0.0
383055,0.0
383062,0.0
383073,0.0
383079,0.0
383081,0.0
383091,0.0
383094,0.0
383095,0.0
383115,0.0
383123,0.0
383135,0.0
383138,0.0
383140,0.0
383157,0.0
383163,0.0
383170,0.0
383178,0.0
383190,0.0
383193,0.0
383196,0.0
383202,0.0
383214,0.0
383231,0.0
383245,0.0
383253,0.0
383266,0.0
383269,0.0
383270,0.0
383274,0.0
383278,0.0
383281,0.0
383284,0.0
383285,0.0
383300,0.0
383301,0.5
383310,0.0
383311,0.0
383313,0.0
383347,0.0
383350,0.0
383360,0.0
383383,1.0
383395,0.0
383397,0.0
383402,0.0
383408,0.0
383420,0.0
383421,0.0
383426,0.0
383433,0.0
383461,0.0
383472,1.0
383482,0.0
383483,0.0
383492,0.0
383505,0.0
383513,0.0
383527,0.0
383531,0.0
383548,0.0
383557,0.0
383567,0.0
383569,0.0
383581,0.0
383582,0.0
383600,0.0
383615,1.0
383641,0.0
383643,0.0
383648,0.0
383653,0.0
383669,1.0
383671,0.0
383675,0.0
383686,0.0
383692,0.0
383696,0.0
383713,0.0
383745,0.0
383758,0.0
383761,0.0
383766,0.0
383770,0.0
383784,0.0
383786,0.0
383815,0.0
383816,0.0
383822,0.0
383830,0.0
383833,0.0
383838,0.0
383842,0.0
383847,0.0
383862,0.0
383876,0.0
383879,0.0
383900,0.0
383901,0.0
383910,0.0
383920,0.0
383923,0.0
383924,0.0
383959,0.0
383961,0.0
383969,0.0
383982,0.0
383986,0.0
383996,0.0
383997,0.0
384001,1.0
384012,0.0
384027,0.0
384043,0.0
384048,0.0
384052,0.0
384055,0.0
384088,0.0
384095,0.0
384099,0.0
384118,0.0
384139,0.0
384144,0.0
384158,0.0
384165,0.0
384166,0.0
384183,0.0
384193,0.0
384212,0.0
384214,0.0
384215,0.0
384217,0.0
384218,0.0
384220,1.0
384227,0.0
384234,0.0
384244,0.0
384245,0.0
384261,0.0
384274,0.0
384275,0.0
384291,0.0
384292,0.0
384315,0.0
384318,0.0
384329,0.0
384330,0.0
384335,0.0
384341,0.0
384349,0.0
384354,0.0
384367,0.0
384380,0.0
384383,0.0
384386,0.0
384390,0.0
384407,0.0
384408,0.0
384409,0.0
384426,0.0
384430,0.0
384438,0.0
384441,0.0
384448,0.0
384452,0.0
384454,0.0
384459,0.0
384464,0.0
384469,0.0
384472,0.0
384485,0.0
384510,0.0
384511,0.0
384538,0.0
384540,0.0
384550,0.0
384553,0.0
384565,0.0
384586,1.0
384607,0.0
384612,0.0
384620,0.0
384627,0.0
384629,0.0
384645,0.0
384646,0.0
384662,0.0
384676,0.0
384678,0.0
384681,0.0
384698,0.0
384701,0.0
384715,0.0
384719,0.0
384727,0.0
384728,0.0
384731,0.0
384736,0.0
384755,0.0
384758,0.0
384763,0.0
384771,0.0
384773,1.0
384774,0.0
384811,0.0
384818,0.0
384821,0.0
384825,0.0
384837,0.0
384854,0.0
384865,0.0
384869,0.0
384871,0.0
384888,0.0
384891,0.0
384895,0.0
384909,0.0
384925,0.0
384932,0.0
384937,0.0
384939,0.0
384941,0.0
384950,0.0
384962,1.0
384976,0.0
384989,0.0
384991,0.0
384992,0.0
384994,0.0
384995,0.0
385026,0.0
385032,0.0
385047,0.0
385053,0.0
385057,0.0
385061,0.0
385081,0.0
385087,0.0
385124,0.0
385127,0.0
385145,0.0
385153,0.0
385165,0.0
385166,0.0
385168,0.0
385172,0.0
385185,0.0
385191,0.0
385211,0.0
385223,0.0
385224,0.0
385225,0.0
385239,0.0
385245,1.0
385277,0.0
385286,0.0
385293,0.0
385320,0.0
385322,0.0
385342,0.0
385351,0.0
385357,0.0
385361,0.0
385363,0.0
385371,0.0
385381,0.0
385388,0.0
385389,0.0
385397,0.0
385404,0.0
385405,0.0
385418,0.0
385422,0.0
385445,0.0
385464,0.0
385481,0.0
385483,0.0
385485,0.0
385497,0.0
385519,0.0
385525,0.0
385534,0.0
385541,0.0
385543,0.0
385545,0.0
385566,0.0
385596,0.0
385607,0.0
385613,0.0
385616,0.0
385618,0.0
385625,0.0
385634,0.0
385639,0.0
385649,0.0
385655,0.0
385668,0.0
385671,0.0
385720,0.0
385728,0.0
385733,0.0
385746,0.0
385748,0.0
385755,0.0
385757,0.0
385766,0.0
385767,0.0
385778,0.0
385784,0.0
385789,0.0
385804,0.0
385808,0.0
385827,0.0
385830,0.0
385833,0.0
385835,0.0
385839,0.0
385843,0.0
385849,0.0
385900,0.0
385908,0.0
385910,0.0
385914,0.0
385915,0.0
385922,0.0
385925,0.0
385953,1.0
385958,0.0
385965,0.0
385966,0.0
385982,0.0
385984,0.0
385987,0.0
385994,0.0
386007,0.0
386010,1.0
386013,0.0
386020,0.0
386021,0.0
386023,0.0
386031,0.0
386043,0.5
386050,0.0
386066,0.0
386080,0.0
386082,1.0
386086,0.0
386087,0.0
386094,0.0
386101,0.0
386102,0.0
386109,0.0
386118,0.0
386132,0.0
386134,0.0
386144,0.0
386152,0.0
386169,0.0
386172,0.0
386182,1.0
386187,0.0
386201,0.0
386205,0.0
386223,0.0
386228,0.0
386247,0.0
386252,0.0
386259,0.0
386260,0.0
386261,0.0
386270,0.0
386272,0.0
386276,0.0
386281,0.0
386283,0.0
386293,0.0
386308,0.0
386320,0.0
386322,0.0
386330,0.0
386333,0.0
386338,0.0
386366,0.0
386374,1.0
386387,0.0
386402,0.0
386406,0.0
386418,0.0
386428,0.0
386431,0.0
386444,0.0
386450,0.0
386462,0.0
386464,0.0
386469,0.0
386471,0.0
386476,0.0
386495,0.0
386501,0.0
386505,0.0
386509,0.0
386511,0.0
386515,1.0
386524,0.0
386532,0.0
386549,1.0
386573,0.0
386586,0.0
386589,0.0
386596,0.0
386635,0.0
386637,1.0
386640,0.0
386649,0.0
386661,0.0
386663,0.0
386680,0.0
386692,0.0
386719,0.0
386734,0.0
386742,0.0
386743,0.0
386751,0.0
386754,0.0
386762,0.0
386770,0.0
386794,0.0
386798,0.0
386811,0.0
386812,0.0
386823,0.0
386824,0.0
386832,0.0
386837,0.0
386853,0.0
386857,0.0
386878,0.0
386884,0.0
386892,0.0
386900,0.0
386902,0.0
386914,0.0
386915,0.0
386917,0.0
386939,0.0
386955,0.0
386959,0.0
386965,0.0
386979,0.0
386981,0.0
386986,0.0
386991,0.0
387008,0.0
387012,0.0
387027,0.0
387034,0.0
387035,0.0
387062,0.0
387071,0.0
387079,0.0
387084,0.0
387086,0.0
387096,0.0
387100,0.0
387102,0.0
387106,0.0
387109,0.0
387113,0.0
387144,0.0
387150,0.0
387151,0.0
387153,0.0
387156,0.0
387161,0.0
387180,0.0
387181,0.0
387182,0.0
387185,0.0
387190,0.0
387215,0.0
387223,0.0
387236,0.0
387240,0.0
387253,0.0
387274,0.0
387277,1.0
387290,0.0
387304,0.0
387316,0.0
387317,0.0
387318,1.0
387320,0.0
387331,0.0
387336,0.0
387337,0.0
387341,0.0
387347,0.0
387348,0.0
387351,0.0
387356,0.0
387359,0.0
387362,0.0
387377,0.0
387393,0.0
387397,0.0
387402,0.0
387405,0.0
387410,0.0
387411,0.0
387431,0.0
387437,0.0
387438,0.0
387440,0.0
387451,0.0
387456,0.0
387458,0.0
387472,0.0
387490,0.0
387491,0.0
387505,0.0
387509,1.0
387524,0.0
387558,1.0
387560,0.0
387568,0.0
387571,0.0
387579,0.0
387588,0.0
387596,0.0
387601,0.0
387603,0.0
387604,0.0
387611,0.0
387634,0.0
387635,0.0
387637,0.0
387648,0.0
387653,0.0
387661,0.0
387666,0.0
387675,0.0
387679,0.0
387694,0.0
387718,0.0
387724,0.0
387728,0.0
387734,0.0
387739,0.0
387741,0.0
387745,0.0
387764,0.0
387767,0.0
387775,0.0
387782,0.0
387795,0.0
387823,0.0
387828,0.0
387840,0.0
387851,0.0
387856,0.0
387873,0.0
387882,0.0
387891,0.0
387893,0.0
387905,1.0
387908,0.0
387925,0.0
387935,0.0
387943,0.0
387952,0.0
387961,0.0
387983,0.0
387986,0.0
387988,0.0
387996,0.0
388000,0.0
388002,0.0
388012,0.0
388026,0.0
388028,0.0
388034,0.0
388040,0.0
388062,0.0
388090,0.0
388093,0.0
388095,0.0
388103,0.0
388106,0.0
388107,0.0
388112,0.0
388120,0.0
388131,0.0
388135,1.0
388136,0.0
388154,0.0
388158,0.0
388161,0.0
388164,0.0
388189,0.0
388191,0.0
388213,0.0
388223,0.0
388232,0.0
388241,0.0
388252,0.0
388279,0.0
388283,0.0
388287,0.0
388291,0.0
388300,0.0
388304,0.0
388305,0.0
388306,0.0
388311,0.0
388314,0.0
388316,0.0
388336,0.0
388340,0.0
388341,0.0
388350,0.0
388369,0.0
388370,0.0
388378,0.0
388380,0.0
388391,0.0
388392,0.0
388395,0.0
388414,0.0
388424,0.0
388428,0.0
388429,0.0
388435,0.0
388439,0.0
388440,0.0
388441,0.0
388445,0.0
388453,0.0
388460,0.0
388468,0.0
388488,0.0
388503,0.0
388507,0.0
388519,0.0
388544,0.0
388551,0.5
388554,0.0
388555,0.0
388559,0.0
388568,0.0
388569,0.0
388572,0.0
388583,0.0
388617,0.0
388630,0.0
388632,0.0
388636,0.0
388646,0.0
388681,0.0
388687,0.0
388694,0.0
388698,0.0
388710,0.0
388721,0.0
388739,0.0
388745,0.0
388752,0.0
388756,0.0
388788,0.0
388794,0.0
388797,0.0
388803,0.0
388809,0.0
388815,0.0
388817,0.0
388837,0.0
388839,0.0
388848,0.0
388851,0.0
388857,0.0
388863,0.0
388875,0.0
388880,0.0
388883,0.0
388895,0.0
388911,0.0
388942,0.0
388946,0.0
388959,0.0
388964,0.0
388982,0.0
388984,0.0
388993,0.0
388998,0.0
388999,0.0
389005,0.0
389011,0.0
389017,0.0
389021,0.0
389046,0.0
389047,0.0
389049,0.0
389052,0.0
389054,0.0
389064,0.0
389066,0.0
389067,0.0
389072,0.0
389074,0.0
389084,0.0
389095,0.0
389109,0.0
389110,0.0
389139,0.0
389140,0.0
389153,0.0
389175,0.0
389189,0.0
389192,0.0
389194,0.0
389210,0.0
389230,0.0
389241,0.0
389264,0.0
389266,0.0
389288,0.0
389291,0.0
389296,0.0
389297,0.0
389301,1.0
389314,0.0
389316,0.0
389324,0.0
389330,0.0
389332,0.0
389335,0.0
389355,0.0
389358,0.0
389360,0.0
389366,0.0
389371,0.0
389375,0.0
389390,0.0
389413,0.0
389445,0.0
389449,0.0
389457,0.0
389476,0.0
389477,0.0
389494,0.0
389506,0.0
389531,0.0
389542,0.0
389548,0.0
389560,0.0
389572,0.0
389586,0.0
389593,0.0
389608,0.0
389609,0.0
389613,0.0
389615,0.0
389626,0.0
389630,0.0
389636,0.0
389661,0.0
389677,0.0
389678,0.0
389686,0.0
389693,0.0
389720,0.0
389736,0.0
389744,0.0
389750,0.0
389754,0.0
389762,0.0
389770,0.0
389771,0.0
389776,0.0
389796,0.0
389798,0.0
389801,0.0
389806,0.0
389807,0.0
389822,0.0
389826,0.0
389830,0.0
389835,0.0
389844,0.0
389855,0.0
389873,0.0
389877,0.0
389889,0.0
389906,0.0
389911,0.0
389912,0.0
389913,0.0
389914,0.0
389916,0.0
389930,0.0
389934,0.0
389949,0.0
389984,1.0
390005,1.0
390011,0.0
390034,0.0
390035,0.0
390046,0.0
390063,0.0
390066,0.0
390093,0.0
390096,0.0
390098,0.0
390100,0.0
390113,0.0
390121,0.0
390134,1.0
390143,0.0
390152,0.0
390165,0.0
390180,0.0
390182,0.0
390184,0.0
390187,0.0
390188,0.0
390196,0.0
390204,0.0
390216,0.0
390220,0.0
390255,0.0
390264,0.0
390273,0.0
390274,0.0
390277,0.0
390285,0.0
390295,0.0
390296,0.0
390297,0.0
390298,0.0
390303,0.0
390312,0.0
390314,0.0
390315,0.0
390324,0.0
390326,0.0
390327,0.0
390340,0.0
390348,0.0
390369,0.0
390370,0.0
390373,0.0
390387,0.0
390393,0.0
390400,0.0
390404,0.0
390413,0.0
390423,0.0
390424,0.0
390425,0.0
390427,0.0
390432,0.0
390450,0.0
390459,0.0
390473,0.0
390500,0.0
390502,0.0
390504,0.0
390516,0.0
390535,0.0
390538,0.0
390541,0.0
390543,0.0
390545,0.0
390546,0.0
390555,0.0
390557,0.0
390562,0.0
390590,0.0
390593,0.0
390616,0.0
390624,1.0
390625,0.0
390629,0.0
390632,0.0
390642,0.0
390648,0.0
390700,0.0
390705,0.0
390708,0.0
390711,0.0
390736,0.0
390739,0.0
390754,0.0
390758,0.0
390775,0.0
390783,0.0
390789,0.0
390794,0.0
390802,0.0
390805,0.0
390818,0.0
390825,0.0
390830,0.0
390837,0.0
390843,0.0
390849,0.0
390858,0.0
390868,0.0
390881,0.0
390886,0.0
390887,0.0
390889,0.0
390896,0.0
390899,0.0
390939,1.0
390946,0.0
390951,0.0
390968,0.0
390974,0.0
390984,0.0
391003,0.0
391010,0.0
391059,0.0
391066,0.0
391067,0.0
391075,0.0
391077,0.0
391078,0.0
391080,0.0
391081,0.0
391085,0.0
391112,0.0
391128,0.0
391135,0.0
391142,0.0
391166,0.0
391185,0.0
391193,0.0
391201,0.0
391212,0.0
391243,0.0
391255,0.0
391262,0.0
391285,1.0
391288,0.0
391289,0.0
391300,0.0
391304,0.0
391315,0.0
391330,0.0
391333,0.0
391342,0.0
391367,0.0
391369,0.0
391377,0.0
391381,0.0
391385,0.0
391389,1.0
391417,0.0
391420,0.0
391444,0.0
391451,0.0
391452,0.0
391462,0.0
391466,0.0
391477,0.0
391479,0.0
391481,0.0
391482,0.0
391499,0.0
391503,0.0
391512,0.0
391514,0.0
391519,0.0
391521,0.0
391529,0.0
391530,1.0
391540,0.0
391543,0.0
391549,0.0
391550,0.0
391551,0.0
391556,0.0
391563,0.0
391578,0.0
391583,0.0
391592,0.0
391606,0.0
391610,0.0
391639,0.0
391641,0.0
391644,0.0
391646,0.0
391654,0.0
391659,0.0
391675,0.0
391689,0.0
391690,0.0
391694,0.0
391698,0.0
391699,0.0
391703,0.0
391714,0.0
391715,0.0
391724,0.0
391742,0.0
391746,0.0
391750,0.0
391761,0.0
391774,0.0
391785,0.0
391809,0.0
391835,0.0
391843,0.0
391847,0.0
391849,0.0
391853,0.0
391870,0.0
391882,0.0
391906,0.0
391907,0.0
391920,0.0
391924,0.0
391940,0.0
391941,0.0
391942,0.0
391943,0.0
391950,0.0
391971,0.0
391991,0.0
391996,0.0
392002,0.0
392006,0.0
392014,0.0
392016,0.0
392023,0.0
392055,0.0
392085,0.0
392093,0.0
392097,0.0
392099,0.0
392101,0.0
392125,0.0
392126,0.0
392129,0.0
392135,0.0
392136,0.0
392145,0.0
392146,0.0
392148,0.0
392158,0.0
392170,0.0
392190,0.0
392196,0.0
392208,0.0
392216,0.0
392218,0.0
392221,0.0
392224,0.0
392236,0.0
392243,0.0
392245,0.0
392247,0.0
392253,0.0
392259,0.0
392283,0.0
392290,0.0
392303,0.0
392321,0.0
392327,0.0
392335,0.0
392358,1.0
392367,0.0
392369,0.0
392383,0.0
392388,0.0
392401,0.0
392421,0.0
392424,0.0
392425,0.0
392436,0.0
392455,0.0
392467,0.0
392470,0.0
392483,0.0
392510,0.0
392523,0.0
392524,0.0
392530,0.0
392535,0.0
392536,0.0
392541,0.0
392542,0.0
392544,0.0
392549,0.0
392553,0.0
392555,0.0
392556,0.0
392572,0.0
392580,0.0
392589,0.0
392608,1.0
392614,0.0
392618,0.0
392626,0.0
392629,0.0
392631,0.0
392638,0.0
392641,0.0
392646,0.0
392674,1.0
392682,0.0
392683,0.0
392685,0.0
392694,0.0
392695,0.0
392702,0.0
392705,0.0
392710,0.0
392711,0.0
392723,0.0
392724,0.0
392729,0.0
392739,0.0
392740,0.0
392741,0.0
392757,0.0
392758,0.0
392775,0.0
392781,0.0
392782,0.0
392788,0.0
392801,0.0
392830,0.0
392842,0.0
392851,0.0
392863,0.0
392868,0.0
392878,1.0
392880,0.0
392915,0.0
392928,0.0
392941,0.0
392964,0.0
392972,0.0
392980,1.0
392981,0.0
392993,0.0
393021,0.0
393025,0.0
393029,0.0
393039,0.0
393045,0.0
393054,0.0
393096,0.0
393099,0.0
393113,0.0
393122,0.0
393123,0.0
393126,0.0
393130,0.0
393136,0.0
393140,0.0
393144,0.0
393145,0.0
393149,0.0
393161,0.0
393162,0.0
393174,0.0
393177,0.0
393202,0.0
393212,0.0
393225,0.0
393229,0.0
393233,0.0
393239,0.0
393241,0.0
393243,0.0
393249,0.0
393278,0.0
393297,0.0
393300,0.0
393304,0.0
393309,0.0
393312,0.0
393318,0.0
393322,0.0
393329,0.0
393337,0.0
393340,0.0
393347,0.0
393387,0.0
393399,0.0
393401,0.0
393411,0.0
393435,0.0
393436,0.0
393439,0.0
393442,1.0
393443,0.0
393455,0.0
393457,0.0
393462,0.0
393465,0.0
393487,0.0
393496,0.0
393516,1.0
393534,1.0
393545,0.0
393557,0.0
393570,0.0
393589,0.0
393598,0.0
393604,0.0
393643,0.0
393651,0.0
393659,0.0
393685,0.0
393698,0.0
393716,0.0
393717,0.0
393720,0.0
393725,0.0
393727,0.0
393735,0.0
393738,0.0
393740,0.0
393747,0.0
393749,0.0
393754,0.0
393758,0.0
393768,0.0
393774,0.0
393780,0.0
393782,0.0
393787,0.0
393788,0.0
393794,0.0
393817,0.5
393818,0.0
393823,0.0
393835,0.0
393853,0.0
393863,0.0
393866,0.0
393873,0.0
393880,0.0
393884,0.0
393887,0.0
393903,0.0
393907,0.0
393911,0.0
393917,0.0
393923,0.0
393946,0.0
393958,0.0
393960,1.0
393969,0.0
393975,0.0
393979,0.0
393996,0.0
393997,0.0
393999,0.0
394018,0.0
394025,0.0
394043,0.0
394044,0.0
394061,0.0
394064,0.0
394080,0.0
394095,0.0
394097,0.0
394100,0.0
394111,0.0
394112,0.0
394117,0.0
394121,0.0
394133,0.0
394139,0.0
394141,0.0
394142,0.0
394143,0.0
394147,0.0
394151,0.0
394157,0.0
394161,0.0
394173,0.0
394187,0.0
394190,0.0
394199,0.0
394213,0.0
394221,0.0
394236,0.0
394237,0.0
394242,0.0
394245,0.0
394246,0.0
394249,0.0
394254,0.0
394260,0.0
394264,0.0
394276,1.0
394287,0.0
394289,0.0
394300,0.0
394302,0.0
394308,0.0
394312,0.0
394316,0.0
394317,0.0
394318,0.0
394320,0.5
394339,0.0
394340,0.0
394347,0.0
394370,0.0
394374,0.0
394376,0.5
394394,0.0
394413,0.0
394417,0.0
394433,0.0
394435,0.0
394450,0.0
394460,0.0
394474,0.0
394486,0.0
394491,0.0
394500,0.0
394511,0.0
394512,0.0
394517,0.0
394534,0.0
394546,0.0
394550,0.0
394562,0.0
394563,0.0
394567,0.0
394569,0.0
394570,0.0
394573,0.0
394577,0.0
394582,0.0
394603,0.0
394608,0.0
394631,0.0
394645,0.0
394652,0.0
394654,0.0
394666,0.0
394669,0.0
394674,0.0
394679,0.0
394680,0.0
394683,0.0
394690,0.0
394702,0.0
394721,0.0
394742,0.0
394743,0.0
394745,0.0
394747,0.0
394762,0.0
394768,0.0
394771,0.0
394778,0.0
394788,0.0
394792,0.0
394800,0.0
394803,0.0
394806,0.0
394818,0.0
394824,0.0
394840,0.0
394843,0.0
394858,0.0
394860,0.0
394876,0.0
394893,0.5
394899,0.0
394906,0.0
394908,0.0
394918,0.0
394921,0.0
394924,0.0
394930,0.0
394952,0.0
394953,0.0
394995,0.0
394999,0.0
395010,0.0
395012,0.0
395013,0.0
395015,0.0
395056,0.0
395059,1.0
395060,0.0
395061,0.0
395063,0.0
395066,0.0
395072,0.0
395076,0.0
395130,0.0
395134,1.0
395149,0.0
395162,1.0
395167,0.0
395170,0.0
395179,0.0
395189,0.0
395207,0.0
395224,1.0
395225,0.0
395230,0.0
395231,0.0
395236,1.0
395246,0.0
395247,0.0
395252,0.0
395259,0.0
395261,0.0
395266,0.0
395267,0.0
395272,0.0
395274,0.0
395282,0.0
395283,0.0
395286,0.0
395293,0.0
395302,0.0
395317,0.0
395321,0.0
395323,0.0
395343,0.0
395344,0.0
395354,0.0
395357,0.0
395363,1.0
395368,0.0
395373,0.0
395374,0.0
395381,0.0
395395,0.0
395400,0.0
395401,0.0
395423,0.0
395430,0.0
395434,0.0
395450,0.0
395457,0.0
395473,0.0
395476,0.0
395480,0.0
395491,0.0
395509,0.0
395511,0.0
395519,0.0
395536,0.0
395538,0.0
395541,0.0
395553,0.0
395558,0.0
395570,0.0
395575,0.0
395579,0.0
395586,1.0
395600,0.0
395602,0.0
395606,0.0
395622,0.5
395643,0.0
395652,0.0
395675,0.0
395682,0.0
395685,0.0
395695,0.0
395696,0.0
395699,0.0
395701,0.0
395725,0.0
395741,0.0
395751,0.0
395758,0.0
395760,0.0
395761,0.0
395798,1.0
395812,0.0
395822,0.0
395828,0.0
395830,0.0
395838,0.0
395864,0.0
395868,0.0
395875,0.0
395879,0.0
395888,0.0
395898,0.0
395911,0.0
395914,0.0
395924,0.0
395935,0.0
395958,0.0
395961,0.0
395969,0.0
395979,0.0
395999,0.0
396018,0.0
396023,0.0
396024,0.0
396028,0.0
396033,0.0
396056,0.0
396060,0.0
396069,0.0
396075,0.0
396087,0.0
396096,0.0
396110,0.0
396118,0.0
396120,0.0
396123,0.0
396137,0.0
396143,0.0
396150,0.0
396156,0.0
396157,0.0
396161,0.0
396170,0.0
396171,0.0
396183,0.0
396187,0.0
396217,0.0
396244,0.0
396258,0.0
396259,0.0
396263,0.0
396264,0.0
396287,0.0
396293,0.0
396314,0.0
396321,0.0
396328,0.0
396329,0.0
396331,0.0
396338,0.0
396347,0.0
396381,0.0
396397,0.0
396401,0.0
396424,0.0
396439,0.0
396459,0.0
396461,0.0
396464,0.0
396466,0.0
396476,1.0
396480,0.0
396489,0.0
396491,0.0
396513,0.0
396514,0.0
396516,0.0
396541,0.0
396551,0.0
396567,0.0
396570,0.0
396573,0.0
396579,1.0
396588,0.0
396596,0.0
396597,0.0
396607,0.0
396631,0.0
396660,0.0
396665,0.0
396673,0.0
396695,0.0
396720,0.0
396721,0.0
396725,0.0
396730,0.0
396732,0.0
396769,0.0
396770,0.0
396777,0.0
396798,0.0
396805,0.0
396806,0.0
396815,0.0
396823,0.0
396824,0.0
396828,0.0
396836,0.0
396837,0.0
396840,0.0
396842,0.0
396860,0.0
396866,0.0
396879,0.0
396889,0.0
396890,0.0
396906,0.0
396915,0.0
396918,0.0
396921,0.0
396930,0.0
396940,0.0
396943,0.0
396949,0.0
396953,0.0
396955,0.0
396959,0.0
396960,0.0
396978,0.0
396982,0.0
396997,0.0
397002,0.0
397004,0.0
397008,0.0
397013,0.0
397026,0.0
397043,0.0
397055,0.0
397069,0.0
397072,0.0
397076,0.0
397078,0.0
397093,0.0
397109,0.0
397114,0.0
397121,0.0
397126,0.0
397129,0.0
397148,0.0
397154,0.0
397168,0.0
397175,0.0
397179,0.0
397184,0.0
397200,0.0
397201,0.0
397202,0.0
397208,0.0
397218,0.0
397230,0.0
397231,0.0
397243,0.0
397246,0.0
397250,1.0
397252,0.0
397262,0.0
397266,0.0
397286,0.0
397290,0.0
397298,0.0
397310,0.0
397326,0.0
397346,0.0
397349,0.0
397374,0.0
397381,0.0
397382,0.0
397385,0.0
397391,0.0
397392,0.0
397396,0.0
397400,0.0
397403,0.0
397415,0.5
397429,0.0
397431,0.0
397434,0.0
397444,0.0
397446,0.0
397464,0.0
397476,0.0
397483,0.0
397493,0.0
397496,0.0
397502,0.0
397514,0.0
397538,0.0
397552,0.0
397561,0.0
397563,0.0
397571,0.0
397607,0.0
397627,0.0
397634,0.0
397638,0.0
397640,0.0
397650,0.0
397668,0.0
397675,0.0
397686,0.0
397687,0.0
397695,0.0
397698,0.0
397707,0.0
397735,0.0
397748,0.0
397750,0.0
397763,0.0
397773,0.0
397797,0.0
397802,0.0
397808,0.0
397813,0.0
397818,0.0
397829,0.0
397852,0.0
397853,0.0
397863,0.0
397879,0.0
397881,0.0
397882,0.0
397883,0.0
397901,0.0
397932,0.0
397934,0.0
397948,0.0
397966,0.0
397988,0.0
397991,0.0
398009,0.0
398021,0.0
398022,0.0
398046,0.0
398065,0.0
398069,1.0
398081,0.0
398084,0.0
398086,0.0
398102,0.0
398122,0.0
398126,0.0
398133,0.0
398152,0.0
398164,0.0
398172,0.0
398177,1.0
398184,0.0
398204,0.0
398206,0.0
398224,0.0
398226,0.0
398275,0.0
398292,0.0
398319,0.0
398361,0.0
398370,0.0
398386,0.0
398397,0.0
398399,0.0
398400,0.0
398402,1.0
398429,0.0
398430,0.0
398434,0.0
398436,0.0
398441,0.0
398443,0.0
398467,0.0
398470,0.0
398473,0.0
398478,0.0
398493,0.0
398497,0.0
398498,0.0
398510,0.0
398511,0.0
398520,0.0
398532,0.0
398536,0.0
398539,0.0
398542,0.0
398546,0.0
398551,0.0
398554,0.0
398575,0.0
398585,0.0
398586,0.0
398588,0.0
398590,0.0
398595,0.0
398599,0.0
398600,0.0
398602,0.0
398613,0.0
398622,0.0
398631,0.0
398644,0.0
398675,0.0
398692,0.0
398694,0.0
398702,0.0
398705,0.0
398713,0.0
398730,0.0
398735,0.0
398741,0.0
398743,0.0
398744,0.0
398751,0.0
398757,0.0
398791,0.0
398805,0.0
398809,0.0
398843,0.0
398860,0.0
398867,0.0
398882,0.0
398884,0.0
398909,0.0
398911,0.0
398912,0.0
398937,0.0
398966,0.0
398968,0.0
398974,0.0
398993,0.0
398996,0.0
398999,0.0
399045,0.0
399054,0.0
399063,0.0
399072,0.0
399082,0.0
399096,0.0
399100,0.0
399104,0.0
399117,0.0
399153,0.0
399158,0.0
399172,0.0
399190,0.0
399194,0.0
399196,0.0
399199,0.0
399206,0.0
399207,0.0
399219,0.0
399235,0.0
399243,0.0
399251,0.0
399274,0.0
399281,0.0
399282,0.0
399284,0.0
399288,0.0
399289,0.0
399296,0.0
399305,0.0
399309,0.0
399319,0.0
399327,0.0
399331,0.0
399333,0.0
399358,1.0
399361,0.0
399382,0.0
399383,0.0
399410,0.0
399426,0.0
399441,0.0
399456,0.0
399466,0.0
399479,0.0
399480,0.0
399487,0.0
399513,0.0
399545,0.0
399547,0.0
399549,0.0
399555,0.0
399556,0.0
399578,0.0
399581,0.0
399584,0.0
399590,0.0
399598,0.0
399601,0.0
399628,0.0
399629,0.0
399657,0.0
399672,0.0
399676,0.0
399688,0.0
399689,0.0
399705,0.0
399709,0.0
399711,0.0
399714,0.0
399720,0.0
399731,0.0
399734,0.0
399739,0.0
399748,0.0
399751,0.0
399752,0.0
399756,0.0
399767,0.0
399778,0.0
399785,1.0
399818,0.0
399821,0.0
399824,0.0
399833,0.0
399840,0.0
399846,0.0
399855,0.0
399856,0.0
399888,0.0
399891,0.0
399892,0.0
399897,0.0
399900,0.0
399929,0.0
399933,0.0
399943,0.0
399949,0.0
399971,0.0
399972,0.0
399976,0.0
399988,0.0
400002,0.0
400004,0.0
400005,0.0
400021,0.0
400025,0.0
400034,0.0
400036,0.0
400042,0.0
400062,0.0
400063,0.5
400069,0.0
400084,1.0
400120,0.0
400125,0.0
400134,0.0
400151,0.0
400166,0.0
400168,0.0
400175,0.0
400177,0.0
400183,0.0
400186,0.0
400196,0.0
400197,0.0
400209,0.0
400224,0.0
400226,0.0
400230,0.0
400237,0.0
400255,0.0
400262,0.0
400263,0.0
400280,0.0
400283,0.0
400285,0.0
400295,0.0
400311,0.0
400325,0.0
400326,0.0
400332,0.0
400334,0.0
400342,0.0
400368,0.0
400380,0.0
400382,0.0
400388,0.0
400391,0.0
400401,0.0
400403,0.0
400416,0.0
400432,0.0
400443,0.0
400445,0.0
400454,0.0
400455,0.0
400460,0.0
400473,0.0
400500,0.0
400501,0.0
400515,0.0
400526,1.0
400527,1.0
400554,0.0
400560,0.0
400578,0.0
400600,0.0
400614,0.0
400618,0.0
400626,0.0
400637,0.0
400645,0.0
400658,0.0
400721,0.0
400737,0.0
400753,0.0
400764,0.0
400779,0.0
400784,0.0
400819,0.0
400867,0.0
400870,0.0
400873,0.0
400878,0.0
400903,0.0
400966,0.0
400972,0.0
401050,0.0
401055,0.0
401102,0.0
401116,0.0
401118,0.0
401121,0.0
401125,0.0
401141,0.0
401146,0.0
401153,0.0
401169,0.0
401179,0.0
401185,0.0
401187,0.0
401195,0.0
401246,0.0
401257,0.0
401271,0.0
401277,0.0
401279,0.0
401284,0.0
401303,0.0
401331,0.0
401347,0.0
401372,0.0
401373,0.0
401386,0.0
401389,0.0
401396,0.0
401408,0.0
401410,0.0
401420,1.0
401434,0.0
401439,0.0
401448,0.0
401458,0.0
401466,0.0
401473,0.0
401488,0.0
401495,0.0
401496,0.0
401514,0.0
401523,0.0
401529,0.0
401530,0.0
401540,0.0
401553,0.0
401558,1.0
401563,0.0
401566,0.0
401578,0.0
401582,0.0
401613,0.0
401615,0.0
401638,0.0
401646,1.0
401657,0.0
401679,0.0
401687,0.0
401695,0.0
401701,0.0
401711,1.0
401721,0.0
401723,0.0
401756,0.0
401782,0.0
401783,0.0
401794,0.0
401804,0.0
401810,0.0
401826,0.0
401841,0.0
401860,0.0
401875,0.0
401892,0.0
401913,0.0
401954,0.0
401963,0.0
401967,0.0
401974,0.0
401980,0.0
401981,0.0
402006,0.0
402009,0.0
402042,0.0
402043,0.0
402052,0.0
402065,0.0
402076,0.0
402084,0.0
402095,0.0
402138,0.0
402149,0.0
402158,0.0
402184,0.0
402198,0.0
402201,0.0
402203,0.0
402206,0.0
402239,0.0
402248,0.0
402250,0.0
402258,0.0
402264,0.0
402290,0.0
402296,0.0
402298,0.0
402305,0.0
402312,0.0
402313,0.0
402319,0.0
402344,0.0
402360,0.0
402394,0.0
402398,0.0
402406,0.0
402421,0.0
402422,0.0
402444,0.0
402447,0.0
402497,0.0
402500,0.0
402521,0.0
402536,0.0
402547,0.0
402549,0.0
402575,0.0
402576,0.0
402602,0.0
402648,0.0
402658,0.0
402670,1.0
402691,0.0
402692,0.0
402700,0.0
402702,0.0
402709,0.0
402712,0.0
402731,0.0
402743,0.0
402744,0.0
402827,0.0
402831,0.0
402833,0.0
402846,0.0
402853,0.0
402863,0.0
402869,0.0
402883,0.0
402897,0.0
402906,0.0
402907,0.0
402909,1.0
402922,0.0
402926,0.0
402931,0.0
402949,0.0
402961,0.0
402963,0.0
402964,0.0
402971,0.0
402994,0.0
403032,0.0
403037,0.0
403042,0.0
403060,0.0
403065,0.0
403075,0.0
403084,0.0
403091,0.0
403102,0.0
403120,0.0
403129,0.0
403137,0.0
403146,0.0
403171,0.0
403176,0.0
403197,0.0
403205,0.0
403221,0.0
403233,0.0
403236,1.0
403275,0.0
403291,0.0
403300,0.0
403301,0.0
403316,0.0
403339,0.0
403355,0.0
403379,0.0
403388,0.0
403392,0.0
403398,0.0
403400,0.0
403433,0.0
403441,0.0
403443,0.0
403451,0.0
403463,0.0
403466,0.0
403482,0.0
403487,0.0
403534,0.0
403568,0.0
403572,0.0
403618,0.0
403631,0.0
403635,0.0
403644,0.0
403645,0.0
403648,0.0
403654,0.0
403661,0.0
403676,0.0
403710,0.0
403724,0.0
403739,1.0
403744,0.0
403748,0.0
403749,0.0
403768,0.0
403770,0.0
403775,0.0
403798,0.0
403805,0.0
403829,0.0
403835,0.0
403843,0.0
403844,0.0
403870,0.0
403874,0.0
403875,0.0
403896,0.0
403900,0.0
403910,0.0
403920,0.0
403932,0.0
403934,0.0
403937,0.0
403959,0.0
403971,0.0
403986,0.0
403989,0.0
404000,0.0
404010,1.0
404038,0.0
404044,0.0
404055,1.0
404067,0.0
404078,0.0
404079,0.0
404080,0.0
404085,0.0
404089,0.0
404158,0.0
404163,0.0
404197,0.0
404201,0.0
404221,0.0
404222,0.0
404233,1.0
404235,0.0
404241,0.0
404251,0.0
404262,0.0
404267,0.0
404268,0.0
404273,0.0
404285,0.0
404335,0.0
404345,0.0
404364,0.0
404396,0.0
404401,0.0
404413,0.0
404423,0.3333333333333333
404461,0.0
404513,0.0
404531,0.0
404533,0.0
404537,0.0
404540,0.0
404546,0.0
404554,0.0
404579,0.0
404580,0.0
404583,0.0
404602,0.0
404606,0.0
404608,0.0
404614,0.0
404616,0.0
404617,0.0
404624,0.0
404626,0.0
404627,0.0
404641,0.0
404657,0.0
404661,0.0
404666,0.0
404667,0.0
404671,0.0
404673,0.0
404677,0.0
404699,0.0
404717,0.0
404731,0.0
404757,0.0
404814,0.0
404869,1.0
404879,0.0
404940,0.0
404946,0.0
404954,0.0
404955,0.0
404970,0.0
404974,0.0
404999,0.0
405008,0.0
405018,0.0
405023,0.0
405041,0.0
405047,0.0
405065,0.0
405067,0.0
405074,0.0
405083,0.0
405096,0.0
405098,0.0
405111,1.0
405126,0.0
405139,0.0
405141,0.0
405154,0.0
405265,0.0
405279,0.0
405289,0.0
405291,0.0
405297,0.0
405300,0.0
405336,0.0
405359,0.0
405381,0.0
405403,0.0
405411,0.0
405418,0.0
405429,0.0
405458,0.0
405493,1.0
405495,0.0
405501,0.0
405507,0.0
405548,0.0
405558,0.0
405560,0.0
405562,0.0
405567,0.0
405569,0.0
405591,0.0
405606,0.0
405610,0.0
405669,1.0
405687,0.0
405713,0.0
405722,0.0
405732,0.0
405733,0.0
405736,0.0
405767,0.0
405805,0.0
405830,0.0
405855,0.0
405863,0.0
405869,0.0
405883,0.0
405903,0.0
405942,0.0
405943,0.0
405956,0.0
405981,0.0
406000,0.0
406003,0.0
406010,0.0
406013,0.0
406030,0.0
406042,0.0
406047,0.3333333333333333
406049,0.0
406072,0.0
406075,0.0
406140,0.0
406150,0.0
406155,0.0
406201,0.0
406202,0.0
406228,0.0
406248,0.0
406273,0.0
406279,0.0
406314,0.0
406317,0.0
406339,0.0
406352,0.0
406363,0.0
406395,0.0
406411,0.0
406442,1.0
406463,0.0
406465,0.0
406504,0.0
406513,0.0
406527,0.0
406534,0.0
406535,0.0
406545,0.0
406548,0.0
406551,0.0
406553,0.0
406563,0.0
406568,0.0
406582,0.0
406592,0.0
406629,0.0
406635,0.0
406639,0.0
406643,0.0
406648,0.0
406672,0.0
406693,0.0
406710,0.0
406738,0.0
406759,0.0
406782,0.0
406790,0.0
406796,0.0
406813,0.0
406815,0.0
406818,0.0
406819,0.0
406820,0.0
406821,0.0
406822,0.0
406837,0.0
406844,0.0
406846,0.0
406848,0.0
406852,0.0
406905,0.0
406972,0.0
406973,0.0
406980,0.0
406989,0.0
407000,0.0
407001,0.0
407004,0.0
407011,0.0
407025,0.0
407032,0.0
407040,0.0
407046,0.0
407074,0.0
407077,0.0
407098,0.0
407104,0.0
407141,0.0
407143,0.0
407151,0.0
407158,0.0
407161,0.0
407181,0.0
407184,0.0
407194,0.0
407202,0.0
407204,0.0
407225,0.0
407235,0.0
407250,0.0
407255,0.0
407272,1.0
407279,0.0
407285,0.0
407311,0.0
407337,0.0
407340,0.0
407350,0.0
407352,0.0
407384,0.0
407402,0.0
407413,0.0
407414,0.0
407430,0.0
407435,0.0
407484,0.0
407485,0.0
407504,0.0
407508,0.5
407515,0.0
407519,0.0
407529,0.0
407550,0.0
407553,0.0
407563,0.0
407564,0.0
407611,0.0
407624,0.0
407638,1.0
407649,0.0
407651,0.0
407652,0.0
407707,0.0
407741,0.0
407756,0.0
407759,0.0
407771,0.0
407783,0.0
407784,0.0
407793,0.0
407801,0.0
407809,0.0
407827,0.0
407834,0.0
407868,0.0
407889,0.0
407892,0.0
407893,0.0
407895,0.0
407906,0.0
407934,0.0
407936,0.0
407940,0.0
407960,0.0
407970,0.0
408022,0.0
408031,0.0
408037,0.0
408041,0.0
408052,0.0
408056,0.0
408086,0.0
408120,0.0
408126,0.0
408131,0.0
408133,0.0
408138,0.0
408160,0.0
408196,0.0
408211,0.0
408215,0.0
408243,0.0
408251,0.0
408291,0.0
408336,0.0
408367,0.0
408374,0.0
408381,0.0
408395,0.0
408397,1.0
408398,0.0
408410,0.0
408427,1.0
408446,0.0
408501,0.0
408521,0.0
408524,0.0
408525,0.0
408537,0.0
408538,0.0
408599,1.0
408600,0.0
408604,0.0
408621,0.0
408631,0.0
408646,0.0
408647,0.0
408649,0.0
408674,0.0
408677,0.0
408688,0.0
408746,0.0
408747,0.0
408779,0.0
408789,0.0
408791,0.0
408814,0.0
408822,0.0
408839,0.0
408843,0.0
408845,0.0
408851,0.0
408870,0.0
408894,0.0
408897,0.0
408913,0.0
408921,0.0
408924,0.0
408930,0.0
408974,0.0
408982,0.0
408989,0.0
408992,0.0
408994,0.0
409001,0.0
409003,0.0
409030,0.0
409033,0.0
409051,0.0
409060,0.0
409073,0.0
409095,0.0
409099,0.0
409105,0.0
409117,0.0
409135,0.0
409157,0.0
409162,0.0
409166,0.0
409176,0.0
409241,0.0
409245,0.0
409250,0.0
409263,0.0
409274,0.0
409281,0.0
409288,0.0
409290,0.0
409296,0.0
409310,0.0
409341,0.0
409347,0.0
409358,0.0
409394,0.0
409452,0.0
409463,0.0
409471,0.0
409473,0.0
409491,0.0
409494,0.0
409497,0.0
409501,0.0
409511,0.0
409513,0.0
409516,0.0
409523,0.0
409536,0.0
409537,0.0
409558,0.0
409561,0.0
409565,0.0
409589,0.0
409591,0.0
409598,0.0
409609,0.0
409617,0.0
409650,0.0
409669,0.0
409714,0.0
409727,0.0
409756,0.0
409790,1.0
409803,0.0
409816,0.0
409817,0.0
409818,0.0
409830,0.0
409832,0.0
409853,0.0
409889,0.0
409890,0.0
409900,0.0
409916,0.0
409919,0.0
409929,0.0
409930,0.0
409955,0.0
409962,0.0
409981,0.0
409987,0.0
409997,0.0
410020,0.0
410039,0.0
410054,0.0
410055,0.0
410069,0.0
410077,0.0
410086,0.0
410106,0.0
410126,0.0
410163,0.0
410166,0.0
410196,0.0
410230,0.0
410240,0.0
410245,0.0
410264,0.0
410274,0.0
410281,0.5
410290,0.0
410295,0.0
410304,0.0
410381,0.0
410403,0.0
410405,0.0
410421,0.0
410424,0.0
410432,0.0
410433,0.0
410441,0.0
410475,0.0
410478,0.0
410479,0.0
410487,0.0
410492,0.0
410552,0.0
410563,0.0
410598,0.0
410602,0.0
410610,0.0
410637,0.0
410639,0.0
410656,0.0
410663,0.0
410670,0.0
410676,0.0
410716,0.0
410730,0.0
410739,0.0
410763,0.0
410776,0.0
410796,0.0
410809,0.0
410810,0.0
410812,0.0
410820,0.0
410827,0.0
410833,0.0
410837,0.0
410838,0.0
410840,0.0
410842,0.0
410905,0.0
410938,0.0
410942,0.0
410943,0.0
410947,0.0
410966,0.0
410970,0.0
410983,0.0
411034,0.0
411065,0.0
411066,0.0
411085,0.0
411089,0.0
411170,0.0
411187,1.0
411188,0.0
411196,1.0
411220,0.0
411224,0.0
411247,0.0
411249,0.0
411267,0.0
411285,0.0
411308,0.0
411333,0.0
411339,0.0
411348,1.0
411355,0.0
411362,0.0
411363,0.0
411365,0.0
411366,0.0
411390,0.0
411401,0.0
411414,0.0
411422,0.0
411430,0.0
411438,0.0
411442,0.0
411443,0.0
411476,0.0
411481,0.0
411490,0.0
411529,0.0
411535,0.0
411538,0.0
411543,0.0
411545,0.0
411560,0.0
411572,0.0
411576,0.0
411578,0.0
411586,0.0
411594,0.0
411605,0.0
411625,0.0
411641,0.0
411649,1.0
411650,0.0
411656,0.0
411672,0.0
411687,0.0
411690,0.0
411705,0.0
411706,0.0
411717,0.0
411770,0.0
411788,0.0
411789,0.0
411811,0.0
411818,0.0
411859,0.0
411877,0.0
411899,0.0
411911,0.0
411938,0.0
411946,0.0
411948,0.0
411959,0.0
411966,0.0
411974,0.0
411980,0.0
412024,0.0
412048,0.0
412064,0.0
412070,0.0
412074,0.0
412095,0.0
412114,0.0
412119,0.0
412123,0.0
412146,0.0
412164,0.0
412165,0.0
412174,0.0
412180,0.0
412197,1.0
412198,0.0
412206,0.0
412208,0.0
412225,0.0
412244,0.0
412249,0.0
412261,0.0
412291,0.0
412297,0.0
412302,0.0
412303,0.0
412315,0.0
412393,0.0
412410,0.0
412411,0.0
412428,0.0
412447,0.0
412450,0.0
412454,0.0
412471,0.0
412476,0.0
412521,0.0
412522,1.0
412523,0.0
412547,0.0
412561,0.0
412584,0.0
412609,0.0
412646,0.0
412655,0.0
412659,0.0
412668,0.0
412685,0.0
412709,0.0
412724,0.0
412738,0.0
412790,0.0
412804,0.0
412815,0.0
412830,0.0
412853,0.0
412860,1.0
412868,0.0
412883,0.0
412909,0.0
412942,0.0
412949,0.0
412958,0.0
412959,0.0
412973,0.0
412982,0.0
412985,0.0
413035,0.0
413040,0.0
413042,0.0
413051,0.0
413057,0.0
413063,0.0
413077,0.0
413083,0.0
413110,0.0
413120,0.0
413122,0.0
413123,0.0
413138,0.0
413157,0.0
413166,0.0
413203,0.0
413228,0.0
413229,0.0
413244,0.5
413247,0.0
413256,0.0
413259,0.0
413269,0.0
413276,0.0
413285,0.0
413288,0.0
413300,0.0
413303,0.0
413311,0.0
413318,0.0
413321,0.0
413351,0.0
413365,0.0
413400,0.0
413403,0.0
413408,0.0
413409,0.0
413452,0.0
413458,0.0
413478,0.0
413495,0.0
413499,0.0
413507,0.0
413529,1.0
413533,0.0
413539,0.0
413556,0.0
413576,0.0
413647,0.0
413648,0.0
413658,0.5
413665,0.0
413676,0.0
413693,0.0
413711,0.0
413732,0.0
413737,0.0
413739,0.0
413752,0.0
413759,0.0
413769,0.0
413779,0.0
413790,0.0
413795,0.0
413805,0.0
413806,0.0
413813,0.0
413830,0.0
413848,0.0
413850,0.0
413869,0.0
413879,0.0
413898,0.0
413901,0.0
413906,0.0
413927,0.0
413956,0.0
413970,0.0
413991,0.0
414016,0.0
414017,0.0
414019,0.0
414038,0.0
414059,0.0
414066,0.0
414078,0.0
414083,0.0
414094,0.0
414115,0.0
414137,0.0
414138,0.0
414143,0.0
414168,0.0
414185,0.0
414194,0.0
414197,0.0
414198,0.0
414208,0.0
414209,0.0
414212,0.0
414219,0.0
414222,0.0
414232,0.0
414237,0.0
414241,0.0
414249,0.0
414254,0.0
414314,0.0
414325,0.0
414333,0.0
414354,0.0
414356,0.0
414364,0.0
414396,0.0
414413,0.0
414414,0.0
414430,0.0
414432,0.0
414438,0.0
414441,0.0
414451,0.0
414468,0.0
414483,0.0
414488,0.0
414493,0.0
414498,0.0
414502,0.0
414506,0.0
414511,0.0
414516,0.0
414539,0.0
414545,1.0
414553,0.0
414562,0.0
414573,0.0
414578,0.0
414581,0.0
414585,0.0
414603,0.0
414607,0.0
414614,0.0
414630,0.0
414654,0.0
414675,0.0
414682,0.0
414683,0.0
414698,0.0
414699,0.0
414705,0.0
414717,0.0
414719,0.0
414723,0.0
414726,0.0
414729,0.0
414742,0.0
414746,0.0
414800,0.0
414813,0.0
414831,0.0
414844,0.0
414861,0.0
414869,0.0
414876,0.0
414878,0.0
414898,0.0
414903,0.0
414908,0.0
414913,0.0
414914,0.0
414917,0.0
414920,0.0
414923,0.0
414928,0.0
414954,0.0
414973,0.0
414976,0.0
414994,0.0
414997,0.0
415058,0.0
415082,0.0
415100,0.0
415103,0.0
415105,0.0
415120,0.0
415123,0.0
415143,0.0
415153,0.0
415187,0.0
415200,0.0
415207,0.0
415235,0.0
415236,0.0
415241,0.0
415274,0.0
415290,0.0
415319,0.0
415334,0.0
415335,0.0
415343,0.0
415346,0.0
415376,0.0
415385,0.0
415392,0.0
415398,0.0
415399,0.0
415451,0.0
415472,0.0
415482,0.0
415504,0.0
415510,0.0
415520,0.0
415531,0.0
415543,0.0
415557,0.0
415571,0.0
415572,0.0
415577,0.0
415578,0.0
415591,0.0
415595,0.0
415608,0.0
415612,0.0
415613,0.0
415630,0.0
415637,1.0
415638,0.0
415676,0.0
415719,0.0
415727,0.0
415737,0.0
415740,0.0
415766,0.0
415770,0.0
415781,0.0
415791,0.0
415804,0.0
415805,0.0
415806,0.0
415807,0.0
415824,0.0
415828,0.0
415833,0.0
415838,0.0
415852,0.0
415855,0.0
415892,0.0
415902,0.0
415911,0.0
415912,0.0
415944,0.0
415960,0.0
415962,0.0
416009,0.0
416010,0.0
416013,0.0
416056,0.0
416057,0.0
416073,0.0
416078,0.0
416090,0.0
416096,0.0
416100,0.0
416102,0.0
416104,0.0
416109,0.0
416131,0.0
416134,0.0
416147,0.0
416148,0.0
416167,0.0
416169,0.0
416172,0.0
416176,0.0
416255,0.0
416262,0.0
416270,0.0
416272,1.0
416279,0.0
416364,0.0
416377,0.0
416397,0.0
416399,0.0
416419,0.0
416441,1.0
416469,0.0
416476,0.0
416479,0.0
416489,0.0
416492,0.0
416500,0.0
416505,0.0
416517,0.0
416518,0.0
416542,0.0
416556,0.0
416557,0.0
416577,0.0
416587,0.0
416591,0.0
416592,0.0
416594,0.0
416633,0.0
416656,0.0
416665,0.0
416705,0.0
416708,0.0
416709,0.0
416711,0.0
416729,0.0
416741,0.0
416763,0.0
416775,0.0
416807,0.0
416814,0.0
416815,0.0
416862,0.0
416863,0.0
416865,0.0
416883,0.0
416889,0.0
416890,0.0
416894,0.0
416906,0.0
416907,0.0
416930,0.0
416934,0.0
416938,0.0
416984,0.0
416995,0.0
417008,0.0
417014,0.0
417018,0.0
417068,0.0
417080,0.0
417106,0.0
417130,0.0
417143,0.0
417174,0.0
417178,0.0
417226,1.0
417355,0.0
417360,0.0
417361,0.0
417402,0.0
417407,0.0
417417,0.0
417418,0.0
417420,0.0
417422,0.0
417593,0.0
417602,0.0
417604,0.0
417607,0.0
417691,0.0
417699,0.0
417721,0.0
417791,0.0
417796,0.0
417836,0.0
417867,0.0
417895,0.0
417912,0.0
417915,0.0
417925,0.0
417930,0.0
417932,0.0
417939,0.0
417943,0.0
417982,0.0
417998,0.0
418002,0.0
418003,0.0
418006,0.0
418017,0.0
418019,0.0
418022,0.0
418024,0.0
418052,0.0
418058,0.0
418072,0.0
418089,0.0
418111,0.0
418132,0.0
418137,0.0
418144,0.0
418150,0.0
418172,0.0
418174,0.0
418184,0.0
418190,0.0
418205,0.0
418213,0.0
418225,0.0
418229,0.0
418257,0.0
418260,0.0
418268,0.0
418272,0.0
418289,0.0
418294,0.5
418311,0.0
418315,0.0
418360,0.0
418363,0.0
418365,0.0
418367,0.0
418423,0.0
418426,0.0
418439,0.0
418447,0.0
418462,0.0
418483,0.0
418496,0.0
418498,0.0
418506,0.0
418522,0.0
418530,0.0
418532,0.0
418543,0.0
418553,0.0
418557,0.0
418569,0.0
418586,0.0
418590,0.0
418595,0.0
418596,0.0
418622,0.0
418624,0.0
418632,0.0
418640,0.0
418659,0.0
418678,0.0
418698,0.0
418701,0.0
418706,0.0
418707,0.0
418731,0.0
418765,0.0
418776,0.0
418784,0.0
418789,0.0
418792,0.0
418799,0.0
418806,0.0
418813,0.0
418851,0.0
418869,0.0
418873,0.0
418877,0.0
418885,0.0
418893,0.0
418908,0.0
418928,0.0
418939,0.0
418943,0.0
418946,0.0
418978,0.0
419027,0.0
419033,0.0
419036,0.0
419045,0.0
419064,0.0
419069,0.0
419086,0.0
419090,0.0
419093,0.0
419097,0.0
419100,1.0
419114,0.0
419126,0.0
419132,0.0
419134,0.0
419154,0.0
419156,0.0
419201,0.0
419209,0.0
419246,0.0
419316,0.0
419318,0.0
419346,0.0
419350,0.0
419356,0.0
419406,0.0
419408,0.0
419427,0.0
419440,0.0
419447,0.0
419456,0.0
419474,0.0
419476,0.0
419482,0.0
419484,0.0
419500,0.0
419534,0.0
419540,0.0
419555,0.0
419562,0.0
419598,0.0
419604,0.0
419609,0.0
419624,0.0
419630,0.0
419640,0.0
419655,0.0
419717,0.0
419734,0.0
419736,0.0
419737,0.0
419738,0.0
419753,0.0
419774,0.0
419784,0.0
419811,0.0
419815,0.0
419836,0.0
419848,0.0
419866,0.0
419878,0.0
419879,0.0
419880,0.0
419899,0.0
419971,0.0
420002,0.0
420009,0.0
420018,0.0
420021,0.0
420023,0.0
420024,0.0
420031,0.0
420040,0.0
420044,0.0
420051,0.0
420074,0.0
420086,0.0
420088,0.0
420089,0.0
420091,0.0
420094,0.0
420097,0.0
420098,0.0
420125,0.0
420134,0.0
420146,0.0
420153,0.0
420201,0.0
420202,0.0
420207,0.0
420228,0.0
420248,0.0
420263,0.0
420270,0.0
420285,0.0
420291,0.0
420295,0.0
420339,0.0
420402,0.0
420423,0.0
420427,0.0
420441,0.0
420479,0.0
420491,0.0
420530,0.0
420576,0.0
420593,0.0
420621,0.0
420627,0.0
420633,0.0
420686,0.0
420688,0.0
420689,0.0
420706,0.0
420710,0.0
420737,0.0
420763,0.0
420771,0.0
420789,0.0
420875,0.0
420878,0.0
420879,0.0
420904,0.0
420906,0.0
420913,0.0
420917,0.0
420921,0.5
420922,0.0
420928,0.0
420930,0.0
420945,1.0
420950,0.0
420953,0.0
420961,0.0
420983,0.0
420995,0.0
421017,0.0
421041,0.0
421045,0.0
421054,0.0
421072,0.0
421075,0.0
421115,0.0
421121,0.0
421148,0.0
421162,0.0
421163,0.0
421170,0.0
421176,0.0
421207,0.0
421214,0.0
421227,1.0
421235,0.0
421237,0.0
421249,0.0
421258,1.0
421288,0.0
421299,0.0
421314,0.0
421316,0.0
421321,0.0
421362,0.0
421369,0.0
421380,0.0
421395,0.0
421399,1.0
421419,0.0
421461,0.0
421462,0.0
421466,0.0
421485,0.0
421512,0.0
421555,0.0
421601,0.0
421616,0.0
421628,0.0
421631,0.0
421645,0.0
421649,0.0
421663,0.0
421702,0.0
421704,0.0
421713,0.0
421717,0.0
421720,0.0
421735,0.0
421768,0.0
421783,0.0
421794,0.0
421797,0.0
421815,0.0
421824,0.0
421830,0.0
421866,0.0
421869,0.0
421871,0.0
421873,0.0
421893,0.0
421895,0.0
421898,0.0
421916,0.0
421959,0.0
421960,1.0
421965,0.0
421994,0.0
421997,0.0
422021,1.0
422030,0.0
422086,0.0
422097,0.0
422133,0.0
422167,0.0
422247,0.0
422277,0.0
422294,0.0
422295,0.0
422312,0.0
422313,0.0
422346,0.0
422365,0.0
422380,0.0
422383,0.0
422386,0.5
422402,0.0
422404,0.0
422422,0.5
422429,0.0
422445,0.0
422448,1.0
422457,0.0
422467,0.0
422470,0.0
422473,1.0
422482,0.0
422483,0.0
422486,0.0
422502,0.0
422506,0.0
422509,0.0
422528,1.0
422534,0.0
422535,0.0
422552,0.0
422553,0.0
422556,0.0
422583,0.0
422593,0.0
422620,0.0
422635,0.0
422648,0.0
422682,0.0
422684,0.0
422690,0.0
422762,0.0
422765,0.0
422768,0.0
422797,0.0
422798,1.0
422815,0.0
422848,0.0
422885,0.0
422891,0.0
422903,0.0
422927,0.0
422928,0.0
422930,0.0
422935,0.0
422955,0.0
422956,0.0
422957,0.0
422988,0.0
422994,0.0
423012,0.0
423028,0.0
423060,0.0
423063,0.0
423093,0.0
423094,0.0
423101,0.0
423112,0.0
423123,0.0
423137,0.0
423143,0.0
423165,0.0
423183,0.0
423193,0.0
423204,1.0
423222,0.0
423226,0.0
423227,1.0
423242,0.0
423250,0.0
423288,0.0
423297,0.0
423299,0.0
423312,0.0
423320,0.0
423344,0.0
423348,0.0
423349,0.0
423378,0.0
423429,0.0
423453,0.0
423485,0.0
423500,0.0
423517,0.0
423520,0.0
423532,0.0
423538,0.0
423543,0.0
423547,1.0
423558,0.0
423560,0.0
423592,0.0
423597,0.0
423600,0.0
423625,0.0
423641,0.0
423651,0.0
423660,0.0
423686,0.0
423693,0.0
423694,0.0
423721,0.0
423730,0.0
423732,0.0
423762,0.0
423768,0.0
423779,0.0
423816,1.0
423822,0.0
423831,0.0
423835,0.0
423855,0.0
423879,0.0
423884,0.0
423905,0.0
423934,0.0
423935,0.0
423953,0.0
423957,0.0
423967,1.0
423970,0.0
423972,0.0
423979,0.0
423983,0.0
424001,0.0
424014,0.0
424016,0.0
424025,0.0
424028,0.0
424039,0.0
424049,0.0
424064,0.0
424070,0.0
424073,0.0
424074,0.0
424098,0.0
424113,0.0
424120,0.0
424145,0.0
424146,0.0
424148,0.0
424163,1.0
424164,0.0
424166,0.0
424188,0.0
424240,0.0
424242,0.0
424301,0.0
424322,1.0
424329,0.0
424355,0.0
424388,0.0
424415,0.0
424425,0.0
424429,0.0
424452,0.0
424459,0.0
424481,0.3333333333333333
424483,0.0
424485,1.0
424495,0.0
424497,0.0
424506,0.0
424513,0.0
424527,0.0
424528,0.0
424539,0.0
424540,0.0
424593,0.0
424596,0.0
424609,0.0
424610,0.0
424615,0.0
424622,0.0
424648,0.0
424653,0.0
424676,0.0
424683,0.0
424724,0.0
424739,0.0
424747,0.0
424816,0.0
424822,0.0
424831,0.0
424840,0.0
424845,0.0
424857,0.0
424858,0.0
424862,0.0
424874,0.0
424876,0.0
424883,0.0
424890,0.0
424914,0.0
424920,0.0
424963,0.0
424983,1.0
424990,0.0
425000,0.0
425001,0.0
425007,0.0
425016,0.0
425024,0.0
425029,0.0
425030,0.0
425035,0.0
425036,0.0
425041,0.0
425053,0.0
425056,0.0
425072,0.0
425074,0.0
425081,0.0
425101,0.5
425112,0.0
425123,0.0
425138,0.0
425143,0.0
425145,0.0
425150,0.0
425160,0.0
425170,0.0
425171,0.0
425189,0.0
425190,0.0
425192,0.0
425218,0.0
425222,0.0
425233,0.0
425235,0.0
425236,0.0
425253,0.0
425260,0.0
425265,0.0
425278,0.0
425288,0.0
425296,0.0
425297,0.0
425308,0.0
425317,0.0
425319,0.0
425337,0.0
425361,0.0
425362,0.5
425364,0.0
425365,0.0
425367,0.0
425387,0.0
425433,0.0
425437,0.0
425446,0.0
425453,1.0
425468,1.0
425489,0.0
425490,0.0
425491,0.0
425496,0.0
425500,0.0
425511,0.0
425513,0.0
425522,0.0
425548,0.0
425559,0.0
425572,0.0
425576,0.0
425586,0.0
425609,0.0
425612,0.0
425615,0.0
425642,0.0
425645,0.0
425647,0.0
425662,0.0
425674,0.0
425679,0.0
425712,0.0
425716,0.0
425749,0.0
425754,0.0
425756,0.0
425758,0.0
425761,0.0
425773,0.0
425810,0.0
425813,0.0
425815,0.0
425820,0.0
425842,1.0
425855,0.0
425861,0.0
425874,0.0
425909,1.0
425917,0.0
425918,0.0
425919,0.0
425952,0.0
426009,0.0
426015,0.0
426031,0.0
426042,0.0
426049,0.0
426052,0.0
426054,0.0
426077,0.0
426109,0.0
426139,0.0
426143,0.0
426152,0.0
426178,0.0
426187,0.0
426193,0.0
426225,0.0
426244,0.0
426246,0.0
426249,0.0
426255,0.0
426260,0.0
426278,1.0
426282,0.0
426283,0.0
426290,0.0
426308,0.0
426326,0.0
426331,0.0
426341,0.0
426380,0.0
426393,0.0
426400,0.0
426412,0.0
426430,0.0
426438,0.0
426441,0.0
426448,0.0
426468,0.0
426475,0.0
426486,0.0
426491,0.0
426495,0.0
426507,0.0
426519,0.0
426542,0.0
426556,0.0
426558,0.0
426592,1.0
426593,0.0
426617,0.0
426620,0.0
426623,0.0
426625,0.0
426634,0.0
426636,0.0
426657,0.0
426659,0.0
426665,0.0
426667,0.0
426677,0.0
426682,0.0
426685,0.0
426687,0.0
426694,0.0
426701,0.0
426704,0.0
426709,0.0
426710,0.0
426714,0.0
426716,0.0
426720,0.0
426721,0.0
426722,0.0
426723,0.0
426756,0.0
426760,0.0
426765,0.0
426767,0.0
426768,0.0
426774,0.0
426781,0.0
426782,0.0
426844,0.0
426857,0.0
426921,0.0
426922,0.0
426937,0.0
426954,0.0
426956,0.0
426957,0.0
426965,0.0
426972,0.0
426981,0.0
426999,0.0
427006,0.0
427026,0.0
427061,0.0
427070,0.0
427074,0.0
427079,0.0
427095,0.0
427096,0.0
427107,0.0
427108,0.0
427115,0.0
427132,0.0
427138,0.0
427139,0.0
427147,0.0
427148,0.0
427164,0.0
427211,0.0
427218,0.0
427231,0.0
427242,0.0
427247,0.0
427251,0.0
427268,0.0
427269,0.0
427270,0.0
427293,0.0
427316,0.0
427387,0.0
427393,0.0
427413,0.0
427421,0.0
427426,0.0
427435,0.0
427450,0.0
427451,0.0
427460,0.0
427472,0.0
427482,0.0
427484,0.0
427489,0.0
427491,0.0
427492,0.0
427496,0.0
427501,0.0
427507,0.0
427517,0.0
427530,0.0
427553,0.0
427556,0.0
427573,0.0
427576,0.0
427580,0.0
427587,0.0
427589,0.0
427591,0.0
427594,0.0
427605,0.0
427623,0.0
427631,0.0
427661,0.0
427663,0.0
427676,0.0
427689,0.0
427693,0.0
427742,0.0
427801,0.0
427804,0.0
427805,0.0
427826,0.0
427844,0.0
427862,0.0
427890,0.0
427892,0.0
427893,0.0
427904,0.0
427906,0.0
427909,0.0
427943,0.0
427944,0.0
427966,0.0
427967,0.0
427968,0.0
427969,0.0
427978,0.0
427987,0.0
427990,0.0
427993,0.0
427997,0.0
428002,0.0
428017,0.0
428024,0.0
428037,0.0
428039,0.0
428051,0.0
428069,0.0
428071,0.0
428091,0.0
428095,0.0
428098,0.0
428102,0.0
428177,0.0
428181,0.0
428182,0.0
428200,0.0
428204,0.0
428214,0.0
428216,0.0
428218,0.0
428247,0.0
428249,0.0
428265,0.0
428266,0.0
428289,0.0
428294,0.0
428295,0.0
428296,0.0
428297,0.0
428316,0.0
428367,0.0
428406,0.0
428424,0.0
428425,0.0
428458,0.0
428561,0.0
428575,0.0
428598,0.0
428605,0.0
428619,0.0
428627,0.0
428637,0.0
428638,0.0
428647,0.0
428658,0.0
428707,0.0
428733,0.0
428741,0.0
428762,1.0
428769,0.0
428780,0.0
428787,0.0
428794,0.0
428796,0.0
428815,0.0
428821,0.5
428838,0.0
428843,0.0
428844,0.0
428845,0.0
428849,0.0
428854,0.0
428861,0.0
428863,1.0
428870,0.0
428875,0.0
428881,0.0
428882,0.0
428884,0.0
428886,0.0
428888,0.0
428889,0.0
428897,1.0
428910,0.0
428917,0.0
428923,0.0
428924,0.0
428933,0.0
428937,0.0
428938,0.0
428952,0.0
428970,0.0
429023,0.0
429053,0.0
429080,0.0
429120,0.0
429124,0.0
429131,0.0
429139,0.0
429142,0.0
429146,0.0
429149,0.0
429154,0.0
429196,0.0
429201,0.0
429216,0.0
429217,0.0
429226,0.0
429227,0.0
429229,0.0
429234,0.0
429245,0.0
429248,0.0
429254,0.0
429262,0.0
429280,0.0
429289,0.0
429291,0.0
429299,0.0
429305,0.0
429309,0.0
429314,0.0
429342,0.0
429346,0.0
429351,0.0
429362,0.0
429369,0.0
429380,0.0
429387,0.0
429388,0.0
429390,0.0
429396,0.0
429424,0.0
429431,0.0
429437,0.0
429452,0.0
429453,0.0
429460,0.0
429470,0.0
429500,0.0
429505,0.0
429507,0.0
429522,0.0
429545,0.0
429572,0.0
429582,0.0
429584,0.0
429606,0.0
429625,0.0
429635,0.0
429637,0.0
429650,0.0
429665,0.0
429669,0.0
429677,0.0
429688,0.0
429691,0.0
429693,0.0
429710,0.0
429728,0.0
429729,0.0
429748,0.0
429756,0.0
429758,0.0
429761,0.0
429766,0.0
429769,0.0
429806,0.0
429811,0.0
429812,0.0
429814,0.0
429815,0.0
429829,0.0
429837,0.0
429838,0.0
429854,0.0
429875,0.0
429913,0.0
429923,0.0
429965,0.0
429988,0.0
430002,0.0
430012,0.0
430019,0.0
430031,0.0
430039,0.0
430042,0.0
430045,0.0
430047,0.0
430048,0.0
430050,0.0
430054,0.0
430056,0.0
430063,0.0
430088,0.0
430089,0.0
430091,0.0
430092,0.0
430114,0.0
430135,0.0
430141,0.0
430166,0.0
430172,0.0
430173,0.0
430182,0.0
430183,0.0
430214,0.0
430223,0.0
430238,0.0
430284,0.0
430294,0.0
430297,0.0
430309,0.0
430320,0.0
430324,0.0
430359,0.0
430360,0.0
430364,0.0
430371,0.0
430377,0.0
430378,1.0
430394,0.0
430414,0.0
430420,1.0
430473,0.0
430514,0.0
430523,0.0
430540,0.0
430546,0.0
430558,0.0
430575,0.0
430594,0.0
430633,0.0
430643,0.0
430648,0.0
430655,0.0
430656,0.0
430662,0.0
430666,0.0
430691,0.0
430699,0.0
430704,0.0
430711,0.0
430712,0.0
430721,0.0
430726,0.0
430729,0.5
430735,0.0
430738,0.0
430743,0.0
430751,1.0
430765,0.0
430777,0.0
430781,0.0
430784,0.0
430793,0.0
430799,0.0
430805,0.0
430810,0.0
430816,0.0
430821,0.0
430826,0.0
430830,0.0
430843,0.0
430845,0.0
430856,0.0
430859,0.0
430890,0.0
430898,0.0
430907,0.0
430908,0.0
430930,0.0
430937,0.0
430948,0.0
430952,0.0
430956,0.0
430989,0.0
431016,1.0
431047,0.0
431051,0.0
431052,0.0
431056,0.0
431057,0.0
431076,0.0
431077,0.0
431104,0.0
431121,0.0
431152,0.0
431159,0.0
431162,0.0
431163,0.0
431171,0.0
431184,0.0
431185,0.0
431190,0.0
431263,0.0
431267,0.0
431271,0.0
431272,0.0
431275,0.0
431286,0.0
431299,0.0
431308,0.0
431346,0.0
431348,0.0
431352,0.0
431369,0.0
431375,0.0
431396,0.0
431411,0.0
431414,0.0
431434,0.0
431450,0.0
431459,0.0
431470,0.0
431474,0.0
431504,0.0
431506,0.0
431512,0.0
431523,0.0
431542,0.0
431548,0.0
431549,0.0
431554,0.0
431563,0.0
431632,0.0
431639,0.0
431643,0.0
431648,0.0
431677,0.0
431685,0.0
431686,0.0
431690,0.0
431698,0.0
431702,0.0
431705,0.0
431709,0.0
431711,0.0
431719,0.0
431727,0.0
431732,0.0
431751,1.0
431773,0.0
431786,0.0
431787,0.0
431788,1.0
431795,0.0
431798,0.0
431805,0.0
431806,0.0
431808,0.0
431809,0.0
431854,0.0
431860,1.0
431863,0.0
431864,0.0
431876,0.0
431877,0.0
431986,0.0
431990,0.0
432012,0.0
432016,0.0
432025,0.0
432046,0.0
432047,0.0
432078,0.0
432086,0.0
432092,0.0
432098,0.0
432099,0.0
432110,1.0
432119,0.0
432123,0.0
432187,0.0
432188,0.0
432189,0.0
432207,0.0
432208,0.0
432228,0.0
432293,0.0
432302,0.0
432308,0.0
432310,0.0
432315,0.0
432323,0.0
432324,0.0
432336,0.0
432337,0.0
432362,0.0
432369,0.0
432385,0.0
432390,0.0
432401,0.0
432417,0.0
432424,0.0
432433,0.0
432471,0.0
432513,0.0
432595,0.0
432608,0.0
432616,0.0
432635,0.0
432640,0.0
432656,0.0
432678,0.0
432680,0.0
432689,0.0
432716,0.0
432722,0.0
432739,0.0
432746,0.0
432748,0.0
432758,0.0
432766,0.0
432782,0.0
432846,0.0
432848,0.0
432855,0.0
432856,0.0
432859,0.0
432861,0.0
432870,1.0
432872,0.0
432874,0.0
432876,0.0
432878,0.0
432880,0.0
432882,0.0
432886,0.0
432889,0.0
432897,0.0
432925,0.0
432930,0.0
432932,0.0
432962,0.0
432967,0.0
432978,0.0
432987,0.0
432999,0.0
433035,0.0
433043,0.0
433046,0.0
433047,0.0
433050,0.0
433058,0.0
433094,0.0
433105,0.0
433119,0.5
433126,0.0
433184,0.0
433188,0.0
433191,0.0
433214,0.0
433228,0.0
433240,0.0
433244,0.0
433258,0.0
433266,0.0
433269,0.0
433291,0.0
433293,0.0
433295,0.0
433331,0.0
433372,0.0
433389,0.0
433439,1.0
433447,0.0
433477,0.0
433496,0.0
433503,0.0
433505,0.0
433529,0.0
433540,0.0
433547,0.0
433549,0.0
433552,0.0
433553,0.0
433588,0.0
433591,0.0
433620,0.0
433662,0.0
433668,0.0
433671,0.0
433673,0.0
433685,0.0
433736,0.0
433740,0.0
433753,0.0
433758,0.0
433763,0.0
433778,0.0
433787,0.0
433790,0.0
433793,0.0
433838,0.0
433839,0.0
433874,0.0
433878,0.0
433892,0.0
433902,0.0
433927,0.0
433929,0.0
433931,0.0
433940,0.0
433944,0.0
433977,0.0
434001,0.0
434010,0.0
434024,0.0
434045,0.0
434077,0.0
434169,0.0
434176,0.0
434199,0.0
434200,0.0
434201,0.0
434213,0.0
434215,0.0
434220,0.0
434221,0.0
434234,0.0
434236,0.0
434250,0.0
434260,0.0
434268,0.0
434270,0.0
434289,0.0
434297,0.0
434319,0.0
434326,0.0
434333,0.0
434350,0.0
434352,0.0
434360,0.0
434370,0.0
434406,0.0
434417,0.0
434418,0.0
434421,0.0
434426,0.0
434437,0.0
434438,0.0
434464,0.0
434474,0.0
434490,0.0
434501,0.0
434504,0.0
434548,0.0
434556,0.0
434569,0.0
434573,0.0
434581,0.0
434595,0.0
434599,0.0
434632,0.0
434636,0.0
434686,0.0
434701,0.0
434715,0.0
434725,0.0
434726,0.0
434749,0.0
434819,0.0
434841,0.0
434848,0.0
434858,0.0
434859,0.0
434863,0.0
434875,0.0
434878,0.0
434896,0.0
434898,0.0
434944,0.0
434995,0.0
435013,0.0
435033,0.0
435051,0.0
435052,0.0
435053,0.0
435057,0.0
435060,0.0
435063,0.0
435066,0.0
435067,0.0
435069,0.0
435087,0.0
435088,0.0
435096,0.0
435100,0.0
435116,0.0
435128,0.0
435129,0.0
435133,0.0
435135,0.0
435146,0.0
435152,0.0
435154,0.0
435159,0.0
435164,0.0
435166,0.0
435177,0.0
435179,0.0
435197,0.0
435205,1.0
435206,0.0
435218,0.0
435219,0.0
435222,0.0
435243,0.0
435246,0.0
435256,0.0
435257,0.0
435270,0.0
435281,0.0
435284,0.0
435293,0.0
435298,0.0
435300,0.0
435301,0.0
435309,0.0
435314,0.0
435316,0.0
435330,0.0
435342,0.0
435357,0.0
435362,0.0
435368,0.0
435375,0.0
435377,0.0
435392,0.0
435394,0.0
435401,0.0
435413,0.0
435437,0.0
435456,0.0
435461,0.0
435466,0.0
435480,0.0
435482,0.0
435484,0.0
435485,0.0
435493,0.0
435502,0.0
435511,0.0
435539,0.0
435541,0.0
435542,1.0
435545,0.0
435555,0.0
435564,0.0
435577,0.0
435582,0.0
435605,0.0
435618,0.0
435622,0.0
435623,0.0
435639,0.0
435645,0.0
435660,0.0
435671,0.0
435678,0.0
435682,0.0
435685,1.0
435694,0.0
435695,0.0
435701,0.0
435712,0.0
435716,0.0
435740,0.0
435744,0.0
435753,0.0
435766,0.0
435787,0.0
435795,0.0
435802,0.0
435814,0.0
435825,0.0
435826,0.0
435836,0.0
435854,0.0
435859,0.0
435865,0.0
435869,0.0
435876,0.0
435883,0.0
435890,0.0
435909,0.0
435917,0.0
435921,0.0
435923,0.0
435928,1.0
435939,0.0
435971,0.0
435975,0.0
435976,0.0
435980,0.0
435981,0.0
435985,0.0
435992,0.0
436008,0.0
436010,0.0
436020,0.0
436024,0.0
436053,0.0
436059,0.0
436072,0.0
436081,0.0
436084,0.0
436089,0.0
436090,0.0
436094,0.0
436108,0.0
436124,0.0
436128,0.0
436143,0.0
436150,0.0
436168,0.0
436170,0.0
436175,0.0
436203,1.0
436207,0.0
436210,0.0
436221,0.0
436226,0.0
436231,0.0
436245,0.0
436253,0.0
436257,0.0
436260,0.0
436263,0.0
436267,0.0
436273,0.0
436276,0.0
436282,0.0
436289,0.0
436298,0.0
436302,0.0
436341,0.0
436351,0.0
436352,0.0
436355,0.0
436389,0.0
436391,1.0
436397,0.0
436427,0.0
436450,0.0
436455,0.0
436463,0.0
436465,0.0
436472,0.0
436616,0.0
436623,0.0
436628,0.0
436638,0.0
436644,0.0
436646,0.0
436674,0.0
436676,0.0
436687,0.0
436695,0.0
436696,0.0
436703,0.0
436705,0.0
436707,0.0
436734,0.0
436781,0.0
436783,0.0
436796,0.0
436803,0.0
436808,0.0
436817,0.0
436837,0.0
436840,0.0
436865,0.0
436867,0.0
436886,0.0
436903,0.0
436912,0.0
436917,0.0
436918,0.0
436928,0.0
436940,0.0
436948,0.0
436979,0.0
436983,0.0
436984,0.0
436997,0.0
437011,0.0
437014,0.0
437018,0.0
437051,0.0
437080,0.0
437096,0.0
437134,0.0
437141,0.0
437144,0.0
437152,0.0
437154,0.0
437157,0.0
437176,0.0
437189,0.0
437192,0.0
437211,0.0
437216,0.0
437218,0.0
437225,0.0
437228,0.0
437229,0.0
437235,0.0
437242,0.0
437321,0.0
437330,0.0
437342,0.0
437363,0.0
437366,0.0
437387,0.0
437400,0.0
437404,0.0
437415,0.0
437465,0.0
437485,0.0
437497,0.0
437499,0.0
437501,0.0
437505,0.0
437541,0.0
437553,0.0
437579,0.0
437590,0.0
437598,0.0
437601,0.0
437603,0.0
437609,0.0
437620,0.0
437621,1.0
437649,1.0
437681,0.0
437686,0.0
437706,0.0
437719,0.0
437742,0.0
437763,0.0
437780,0.0
437784,0.0
437808,0.0
437810,0.0
437814,0.0
437815,0.0
437816,0.0
437822,0.0
437835,0.0
437873,0.0
437891,0.0
438003,0.0
438008,0.0
438016,0.0
438104,0.0
438110,0.0
438114,0.0
438126,0.0
438153,0.0
438170,0.0
438177,0.0
438180,0.0
438193,0.0
438203,0.0
438205,0.0
438208,1.0
438211,0.0
438218,0.0
438269,0.0
438277,0.0
438333,0.0
438335,1.0
438356,0.0
438394,0.0
438403,0.0
438432,0.0
438445,0.0
438462,0.0
438463,0.0
438491,0.0
438503,0.0
438509,0.0
438516,0.0
438519,0.0
438543,0.0
438560,0.0
438563,1.0
438566,0.0
438567,0.0
438574,0.0
438580,0.0
438586,0.0
438600,0.0
438605,0.0
438607,0.0
438608,0.0
438609,0.0
438611,0.0
438621,0.0
438671,0.0
438685,0.0
438715,0.0
438720,0.0
438746,0.0
438747,0.0
438755,0.0
438788,0.0
438791,0.0
438796,0.0
438819,0.0
438824,0.0
438832,0.0
438835,0.0
438845,0.0
438852,0.0
438863,0.0
438874,0.0
438876,0.0
438879,0.0
438882,0.0
438894,0.0
438905,0.0
438942,0.0
438947,0.0
438959,0.0
438964,0.0
438987,0.0
439000,0.0
439005,0.0
439016,0.0
439021,0.0
439044,0.0
439108,0.0
439139,0.0
439162,0.0
439174,0.0
439206,0.0
439246,0.0
439285,0.0
439305,0.0
439319,0.0
439325,0.0
439334,0.0
439336,0.0
439341,0.0
439362,0.0
439387,0.0
439390,0.0
439400,0.0
439408,0.0
439418,0.0
439436,0.0
439437,0.0
439454,0.0
439465,0.0
439478,0.0
439487,0.0
439522,0.0
439537,0.0
439553,0.0
439554,0.0
439555,0.0
439556,0.0
439567,0.0
439571,0.0
439620,0.0
439624,0.0
439631,0.0
439635,0.0
439640,0.0
439646,0.0
439648,0.0
439652,0.0
439656,0.0
439663,0.0
439672,0.0
439701,1.0
439705,0.0
439713,0.0
439717,0.0
439720,0.0
439727,0.0
439732,0.0
439733,0.0
439758,0.0
439769,0.0
439781,0.0
439782,0.0
439802,0.0
439807,0.0
439826,1.0
439835,0.0
439846,0.0
439860,0.0
439869,0.0
439870,0.0
439873,0.0
439879,0.0
439889,0.0
439891,0.5
439903,0.0
439910,0.0
439916,0.0
439918,0.0
439924,0.0
439935,0.0
439937,0.0
439958,0.0
439979,0.0
439997,0.0
440005,0.0
440052,0.0
440063,0.0
440068,0.0
440073,0.0
440078,0.0
440087,0.0
440088,0.0
440092,0.0
440096,0.0
440104,0.0
440106,0.0
440108,0.0
440111,0.0
440113,0.0
440120,0.0
440150,0.0
440156,0.0
440168,0.0
440175,0.0
440187,0.0
440196,0.0
440204,0.0
440215,0.0
440227,0.0
440263,0.0
440286,0.0
440314,0.0
440338,0.0
440345,0.0
440348,0.0
440354,0.0
440364,0.0
440366,0.0
440387,0.0
440395,0.0
440402,0.0
440444,0.0
440459,0.0
440474,1.0
440476,0.0
440483,0.0
440486,0.0
440503,0.0
440514,0.0
440523,0.0
440540,0.0
440559,0.0
440596,0.0
440603,0.0
440669,0.0
440683,0.0
440686,0.0
440690,0.0
440695,0.0
440703,0.0
440769,0.0
440779,0.0
440781,0.0
440805,0.0
440817,0.0
440839,0.0
440849,0.0
440854,0.0
440855,0.0
440856,0.0
440872,0.0
440880,0.0
440914,0.0
440915,0.0
440924,0.0
440930,0.0
440939,0.0
440940,0.0
441013,0.0
441053,0.0
441066,1.0
441072,0.0
441122,0.0
441129,0.0
441144,0.0
441152,0.0
441185,0.0
441188,0.0
441191,0.0
441199,0.0
441200,0.0
441207,0.0
441217,0.0
441219,0.0
441227,0.0
441237,0.0
441248,0.0
441262,0.0
441270,0.0
441274,0.0
441278,0.0
441309,0.0
441325,1.0
441349,0.0
441372,0.0
441382,0.0
441393,0.0
441395,0.0
441401,0.0
441406,0.0
441408,0.0
441409,0.0
441411,0.0
441417,0.0
441424,0.0
441432,0.0
441445,0.0
441452,0.0
441455,0.0
441457,0.0
441460,0.0
441462,0.0
441470,0.0
441472,0.0
441474,0.0
441486,0.0
441488,0.0
441489,0.0
441494,0.0
441502,0.0
441510,0.0
441520,0.0
441543,0.0
441550,0.0
441568,0.0
441598,0.0
441602,0.0
441624,0.0
441636,1.0
441637,0.0
441644,0.0
441661,0.0
441665,0.0
441672,0.0
441679,0.0
441688,0.0
441691,0.0
441697,0.0
441712,0.0
441734,0.0
441756,0.0
441776,0.0
441783,0.0
441845,0.0
441853,0.0
441854,0.0
441865,0.0
441867,0.0
441885,0.0
441892,0.0
441909,0.0
441918,0.0
441921,0.0
441925,0.0
441926,0.0
441930,0.5
441935,1.0
441963,1.0
441965,0.0
441981,0.0
441991,0.0
442003,0.0
442010,0.0
442024,0.0
442025,0.0
442053,0.0
442055,0.0
442064,0.0
442065,0.0
442073,0.0
442081,0.0
442095,0.0
442099,0.0
442118,0.0
442121,0.0
442139,0.0
442144,0.0
442147,0.0
442154,0.0
442157,0.0
442158,0.0
442187,0.0
442211,0.0
442225,0.0
442237,0.0
442240,0.0
442251,0.0
442252,0.0
442253,0.0
442263,0.0
442272,0.0
442280,0.0
442283,0.0
442292,0.0
442308,0.0
442309,0.0
442330,0.0
442343,0.0
442368,0.0
442379,0.0
442388,0.0
442407,0.0
442414,0.0
442439,0.0
442448,0.0
442453,0.0
442457,0.0
442462,0.0
442471,0.0
442504,0.0
442505,0.0
442510,0.0
442514,0.0
442516,0.0
442517,0.0
442518,0.0
442519,0.0
442562,0.0
442565,0.0
442567,0.0
442569,0.0
442580,0.0
442581,0.0
442586,0.0
442591,0.0
442600,0.0
442611,0.0
442629,0.0
442638,0.0
442639,0.0
442645,0.0
442647,0.0
442652,0.0
442658,0.0
442672,0.0
442674,0.0
442677,0.0
442686,0.0
442688,0.0
442731,0.0
442736,0.0
442753,0.0
442754,0.0
442764,0.0
442769,0.0
442781,0.0
442793,0.0
442811,0.0
442817,0.0
442824,0.0
442828,0.0
442852,0.0
442857,0.0
442905,0.0
442924,0.0
442928,1.0
442940,0.0
442943,0.0
442944,0.0
442982,0.0
442994,0.0
443001,0.0
443002,0.0
443014,0.0
443021,0.0
443024,0.0
443027,0.0
443030,0.0
443046,0.0
443047,0.0
443050,0.0
443063,0.0
443067,0.0
443081,0.0
443100,0.0
443103,0.0
443118,0.0
443121,0.0
443125,0.0
443140,0.0
443157,0.0
443180,0.0
443183,0.0
443185,0.0
443188,0.0
443196,0.0
443198,0.0
443214,0.0
443218,0.0
443240,0.0
443241,0.0
443243,0.0
443248,0.0
443280,0.0
443281,0.0
443300,0.0
443302,0.0
443314,0.0
443352,0.0
443370,0.0
443377,0.0
443378,0.0
443384,0.0
443392,0.0
443394,0.0
443413,0.0
443415,1.0
443431,0.0
443438,0.0
443465,0.0
443467,0.0
443477,0.0
443484,0.0
443486,0.0
443492,0.0
443494,0.0
443499,0.0
443500,0.0
443508,0.0
443509,0.0
443524,0.0
443531,0.0
443535,0.0
443540,0.0
443544,0.0
443559,0.0
443570,0.0
443582,0.0
443597,0.0
443599,0.0
443629,0.0
443636,0.0
443649,0.0
443663,0.0
443667,0.0
443679,0.0
443693,0.0
443713,0.0
443762,0.0
443765,0.0
443779,0.0
443780,0.0
443787,0.0
443795,0.0
443800,0.0
443816,0.0
443838,1.0
443850,0.0
443853,0.0
443872,0.0
443878,0.0
443905,0.0
443906,0.0
443991,0.0
444000,0.0
444007,0.0
444018,0.0
444073,0.0
444085,0.0
444093,0.0
444102,0.0
444103,0.0
444105,0.0
444109,0.0
444112,0.0
444114,0.0
444120,0.0
444127,0.0
444152,0.0
444156,0.0
444160,0.0
444161,0.0
444165,0.0
444181,0.0
444182,0.0
444186,1.0
444189,0.0
444266,0.0
444273,0.0
444279,0.0
444286,0.0
444287,0.0
444294,0.0
444306,0.0
444350,0.0
444353,0.0
444354,0.0
444369,0.0
444381,0.0
444401,0.0
444423,0.0
444424,0.0
444426,0.0
444427,0.0
444438,0.0
444440,0.0
444449,0.0
444451,0.0
444456,0.0
444489,0.0
444501,0.0
444507,0.0
444508,0.0
444524,0.0
444527,0.0
444530,0.0
444532,0.0
444587,0.0
444589,0.0
444591,0.0
444608,0.5
444609,0.0
444610,0.0
444614,0.0
444615,0.0
444617,0.0
444618,1.0
444624,0.0
444645,0.0
444653,0.0
444663,1.0
444664,1.0
444665,0.0
444698,0.0
444706,0.0
444709,0.0
444716,1.0
444717,0.0
444720,0.0
444723,0.0
444738,0.0
444741,0.0
444749,0.0
444750,0.0
444759,0.0
444760,1.0
444766,0.0
444793,0.0
444802,0.0
444809,0.0
444813,0.0
444830,0.0
444831,0.0
444832,0.0
444841,0.0
444847,0.0
444860,0.0
444861,0.0
444866,0.0
444875,0.0
444885,0.0
444887,0.0
444891,0.0
444907,0.0
444925,0.0
444935,0.0
444949,0.0
444950,0.0
444954,0.0
444955,0.0
444965,0.0
444973,1.0
444978,0.0
444981,0.0
444984,0.0
445025,0.0
445026,0.0
445032,0.0
445043,0.0
445062,0.0
445072,0.0
445088,0.0
445097,0.0
445107,0.0
445114,0.0
445119,1.0
445128,0.0
445129,0.0
445163,0.0
445175,0.0
445180,0.0
445182,0.0
445194,0.0
445196,0.0
445201,0.0
445221,0.0
445234,0.0
445240,0.0
445244,0.0
445246,0.0
445251,1.0
445254,0.0
445266,0.0
445275,0.0
445276,0.0
445286,0.0
445292,0.0
445301,0.0
445339,0.0
445342,0.0
445346,0.0
445363,0.0
445378,0.0
445380,0.0
445383,0.0
445392,0.0
445397,0.0
445399,0.0
445407,0.0
445423,0.0
445441,0.0
445457,0.0
445458,0.0
445463,0.0
445473,0.0
445479,0.0
445482,0.0
445515,0.0
445517,0.0
445529,0.0
445553,0.0
445561,0.0
445568,0.0
445571,0.0
445580,0.0
445581,0.0
445588,0.0
445602,0.0
445606,0.0
445634,0.0
445648,0.0
445656,0.0
445675,0.0
445717,0.0
445718,0.0
445723,0.0
445724,0.0
445733,0.0
445743,0.0
445747,0.0
445753,0.0
445754,0.0
445756,0.0
445758,0.0
445761,0.0
445765,0.0
445767,0.0
445830,0.0
445835,0.0
445838,0.0
445839,0.0
445848,0.0
445849,0.0
445853,0.0
445854,0.0
445871,1.0
445882,0.0
445884,0.0
445895,0.0
445896,0.0
445904,0.0
445915,0.0
445921,0.0
445945,0.0
445946,0.0
445974,0.0
445978,0.0
445998,0.0
446007,0.0
446012,0.0
446016,0.0
446024,0.0
446036,0.0
446058,0.0
446062,0.0
446087,0.0
446098,0.0
446110,0.0
446113,0.0
446115,0.0
446119,0.0
446124,0.0
446135,0.0
446169,0.0
446171,0.0
446194,0.0
446200,0.0
446209,0.0
446211,0.0
446220,0.0
446221,0.0
446223,0.0
446229,0.0
446249,0.0
446250,0.0
446253,0.0
446257,0.0
446266,0.0
446271,0.0
446285,0.0
446286,0.0
446287,0.0
446301,0.0
446305,0.0
446307,0.0
446311,0.0
446321,0.0
446354,0.0
446358,0.0
446359,0.0
446369,0.0
446389,0.0
446407,0.0
446418,0.0
446462,0.0
446464,0.0
446487,0.0
446488,0.0
446490,0.0
446495,0.0
446506,0.0
446507,0.0
446518,0.0
446519,0.0
446535,0.0
446544,0.0
446550,0.0
446554,0.0
446557,0.0
446558,0.0
446564,0.0
446568,0.5
446571,0.0
446573,0.0
446579,0.0
446588,1.0
446590,0.0
446592,0.0
446615,0.0
446643,0.0
446644,0.0
446649,0.0
446662,0.0
446666,0.0
446708,0.0
446717,0.5
446720,0.0
446728,0.0
446736,0.0
446773,0.0
446797,0.0
446827,0.0
446832,0.0
446834,0.0
446848,1.0
446858,0.0
446883,0.0
446895,0.0
446897,0.0
446900,0.0
446911,0.0
446939,0.0
446946,0.0
446955,0.0
446960,0.0
446962,0.0
446968,0.0
446994,0.0
447004,0.0
447041,0.0
447053,0.0
447063,0.0
447069,0.0
447075,0.0
447094,0.0
447113,0.0
447119,0.0
447130,0.0
447142,0.0
447157,0.0
447162,0.0
447184,0.0
447188,0.0
447199,0.0
447200,0.0
447208,0.0
447235,0.0
447253,0.0
447259,0.0
447263,0.0
447264,0.0
447272,0.0
447283,0.0
447286,0.0
447301,0.0
447302,0.0
447323,0.0
447374,0.0
447382,0.0
447385,0.0
447388,0.0
447420,0.0
447429,0.0
447446,0.0
447451,0.0
447454,0.0
447456,0.0
447465,0.0
447480,0.0
447508,0.0
447512,0.0
447583,0.0
447593,0.0
447594,0.0
447597,0.0
447598,0.0
447603,0.0
447613,0.0
447616,0.0
447620,0.0
447622,0.0
447637,0.0
447642,0.0
447650,0.0
447651,0.0
447675,0.0
447681,0.0
447682,0.0
447692,0.0
447695,0.0
447698,0.0
447729,0.0
447730,0.0
447762,0.0
447771,0.0
447774,0.0
447797,0.0
447802,0.0
447815,0.0
447844,0.0
447875,0.0
447880,1.0
447881,0.0
447908,1.0
447916,0.0
447930,0.0
447940,0.0
447944,0.0
447949,0.0
447953,0.0
447954,0.0
447957,0.0
447961,0.0
447965,0.0
447971,0.0
447985,0.0
447990,0.0
448023,0.0
448025,0.0
448026,0.0
448044,0.0
448054,0.0
448059,0.0
448068,0.0
448072,0.0
448075,0.0
448082,0.0
448095,0.0
448110,0.0
448114,0.0
448117,0.0
448135,0.0
448136,0.0
448146,0.0
448152,0.0
448154,0.0
448171,0.0
448188,0.0
448208,0.0
448212,0.0
448216,0.0
448228,0.0
448232,0.0
448236,0.0
448237,0.0
448238,0.0
448244,0.0
448253,0.0
448265,0.0
448272,0.0
448274,0.0
448280,0.0
448282,0.0
448305,0.0
448306,0.0
448346,1.0
448369,0.0
448372,0.0
448409,0.0
448450,0.0
448476,0.0
448497,0.0
448499,0.0
448505,0.0
448508,0.0
448510,0.0
448517,0.0
448524,1.0
448535,0.0
448546,0.0
448548,0.0
448552,0.0
448590,0.0
448598,0.0
448600,0.0
448603,0.0
448629,0.0
448630,0.0
448633,0.0
448634,0.0
448649,0.0
448656,0.0
448664,0.0
448685,0.0
448693,0.0
448743,0.0
448778,0.0
448807,0.0
448811,0.0
448813,0.0
448818,0.0
448820,0.0
448821,0.0
448831,0.0
448835,0.0
448859,0.0
448875,0.0
448881,0.0
448891,0.0
448902,0.0
448914,0.0
448937,1.0
448943,0.0
448955,0.0
448973,0.0
448987,0.0
449004,0.0
449010,0.0
449040,0.0
449045,0.0
449054,0.0
449060,0.0
449067,0.0
449074,0.0
449079,0.0
449095,0.0
449103,0.0
449106,0.0
449109,0.0
449125,0.0
449126,0.0
449138,0.0
449143,0.0
449164,0.0
449177,0.0
449201,0.0
449207,0.0
449209,0.0
449222,0.0
449231,0.0
449246,0.0
449257,0.0
449260,0.0
449279,0.0
449280,0.0
449289,0.5
449290,0.0
449311,0.0
449333,0.0
449336,0.0
449337,0.0
449339,0.0
449356,0.0
449405,0.0
449410,0.0
449413,0.0
449415,0.0
449416,0.0
449423,0.0
449454,0.0
449456,0.0
449461,0.0
449463,0.0
449465,0.0
449482,0.0
449483,0.0
449488,0.0
449552,0.0
449556,0.0
449558,0.0
449574,0.0
449575,0.0
449583,0.0
449588,0.0
449611,0.0
449616,0.0
449623,0.0
449626,0.0
449627,0.0
449636,0.0
449672,0.0
449677,0.0
449685,0.0
449696,0.0
449706,0.0
449719,0.0
449737,0.0
449752,1.0
449758,0.0
449761,0.0
449777,0.0
449783,0.0
449801,0.0
449803,0.0
449806,0.0
449811,0.0
449815,0.0
449821,0.0
449845,0.0
449848,0.0
449852,0.0
449867,0.0
449871,0.0
449875,0.0
449887,0.0
449891,1.0
449894,0.0
449905,0.0
449906,0.0
449910,0.0
449931,0.0
449946,0.0
449960,0.0
449964,0.0
449974,0.0
449984,0.0
449996,0.0
450014,0.0
450031,0.0
450122,0.0
450123,0.0
450144,0.0
450149,0.0
450154,0.0
450159,0.0
450165,0.0
450172,0.0
450176,0.0
450210,0.0
450212,0.0
450248,0.0
450251,0.0
450280,0.0
450298,0.0
450321,0.0
450349,1.0
450354,0.0
450361,0.0
450370,0.0
450372,0.0
450399,0.0
450462,0.0
450464,0.0
450477,0.0
450503,0.0
450510,0.0
450523,0.0
450544,0.0
450548,0.0
450589,0.0
450649,1.0
450677,0.0
450695,0.0
450713,1.0
450717,0.0
450722,0.0
450747,0.0
450864,0.0
450874,0.0
451035,0.0
451048,0.0
451052,0.0
451055,0.0
451063,0.0
451075,0.0
451092,0.0
451105,0.0
451141,0.0
451153,0.0
451209,0.0
451213,0.0
451229,0.0
451293,0.0
451306,0.0
451333,0.0
451339,0.0
451356,0.0
451365,0.0
451396,0.0
451397,0.0
451452,0.0
451469,0.0
451488,0.0
451489,0.0
451539,0.0
451546,0.0
451552,0.0
451570,0.0
451572,0.0
451615,0.0
451629,0.0
451631,0.0
451646,0.0
451670,0.0
451681,0.0
451706,0.0
451785,0.0
451800,0.0
451820,0.0
451827,0.0
451885,1.0
451892,0.0
451909,0.0
451915,0.0
451916,0.0
451925,0.0
451928,1.0
451931,0.0
451946,1.0
451947,0.0
451965,0.0
451976,0.0
452027,0.0
452030,0.0
452039,0.0
452044,0.0
452082,0.0
452135,0.0
452152,0.0
452157,0.0
452172,0.0
452221,0.0
452222,0.0
452243,0.0
452249,0.0
452258,0.0
452275,0.0
452293,0.0
452294,0.0
452295,0.0
452302,0.0
452312,0.0
452337,0.0
452391,0.0
452419,0.0
452456,0.0
452465,0.0
452482,0.0
452506,0.0
452528,0.0
452529,0.0
452558,0.0
452567,0.0
452593,0.0
452596,0.0
452600,0.0
452619,0.0
452631,1.0
452661,0.0
452664,0.0
452767,0.0
452777,0.0
452848,0.0
452849,0.0
452854,0.0
452873,0.0
452879,0.0
452881,0.0
452897,0.0
452927,0.0
452929,0.0
452935,0.0
452954,0.0
452960,0.0
452963,0.0
452967,0.0
453018,0.0
453052,0.0
453059,0.0
453067,0.0
453068,0.0
453077,0.0
453078,0.0
453079,0.0
453137,0.0
453167,0.0
453175,0.0
453198,0.0
453226,0.0
453234,0.0
453241,0.0
453256,0.0
453302,0.0
453303,0.0
453308,0.0
453327,0.0
453340,0.0
453341,0.0
453357,0.0
453381,1.0
453383,0.0
453406,0.0
453417,0.0
453449,0.0
453451,0.0
453455,0.0
453460,0.0
453463,0.0
453465,0.0
453478,0.0
453482,0.0
453491,0.0
453495,0.0
453498,0.0
453499,0.0
453526,0.0
453540,0.0
453548,0.0
453560,0.0
453578,0.0
453614,0.0
453620,0.0
453626,0.0
453628,0.0
453645,0.0
453654,0.0
453655,0.0
453660,0.0
453662,0.0
453694,1.0
453712,0.0
453720,0.0
453732,0.0
453751,0.0
453778,0.0
453790,0.0
453807,0.0
453845,0.0
453846,0.0
453850,0.0
453859,0.0
453865,0.0
453866,0.0
453886,0.0
453893,0.0
453896,0.0
453937,0.0
453992,0.0
453997,0.0
454019,0.0
454062,0.0
454069,0.0
454088,0.0
454091,0.0
454096,0.0
454116,0.0
454126,0.0
454127,0.0
454155,0.0
454159,0.0
454166,0.0
454169,0.0
454211,0.0
454214,0.0
454217,0.0
454219,0.0
454222,0.0
454228,0.0
454230,0.0
454243,0.0
454245,0.0
454258,0.0
454264,0.0
454266,0.0
454284,0.0
454287,0.0
454301,0.0
454306,0.0
454316,0.0
454350,0.0
454373,0.0
454393,0.0
454446,0.0
454449,0.0
454454,0.0
454455,0.0
454457,0.0
454469,0.0
454485,0.0
454535,0.0
454536,0.0
454541,0.0
454544,0.0
454550,0.0
454558,0.0
454559,0.0
454572,0.0
454585,0.0
454591,0.0
454675,0.0
454733,0.0
454735,0.0
454782,0.0
454784,0.0
454792,0.0
454827,0.0
454836,0.0
454842,0.0
454864,0.0
454865,0.0
454888,0.0
454892,0.0
454949,0.0
454981,0.0
455071,0.0
455072,0.0
455087,0.0
455120,0.0
455138,0.0
455166,0.0
455172,0.0
455183,0.0
455186,0.0
455204,0.0
455232,0.0
455268,0.0
455305,0.0
455314,0.0
455317,0.0
455318,1.0
455326,0.0
455343,0.0
455355,0.0
455388,0.0
455402,0.0
455425,0.0
455438,0.0
455486,0.0
455489,0.0
455494,0.0
455499,1.0
455517,0.0
455518,0.0
455521,1.0
455524,0.0
455526,0.0
455529,0.0
455531,1.0
455533,0.0
455578,0.0
455617,0.0
455621,0.0
455625,0.0
455660,0.0
455673,0.0
455688,0.0
455709,0.0
455717,0.0
455741,0.0
455759,0.0
455762,0.0
455779,0.0
455815,0.0
455821,0.0
455862,0.0
455863,0.0
455866,0.0
455867,0.0
455869,0.0
455876,0.0
455913,0.0
455931,0.0
455934,0.0
455948,0.0
455960,0.0
455965,0.0
455990,0.0
455991,0.0
455993,0.0
455997,0.0
456025,0.0
456026,0.0
456032,0.0
456098,0.0
456107,0.0
456119,0.0
456124,0.0
456125,0.0
456127,0.0
456129,0.0
456142,0.0
456145,0.0
456158,0.0
456159,0.0
456160,0.0
456162,0.0
456167,0.0
456182,0.0
456186,0.0
456211,0.0
456236,0.0
456241,0.0
456273,0.0
456289,0.0
456292,0.0
456298,0.0
456401,0.0
456403,0.0
456436,0.0
456442,0.0
456451,0.0
456458,0.0
456485,0.0
456488,0.0
456496,0.0
456500,0.0
456511,0.0
456515,0.0
456519,0.0
456527,0.0
456533,0.0
456534,0.0
456543,0.0
456554,0.0
456555,0.0
456561,0.0
456567,0.0
456570,0.0
456594,0.0
456599,1.0
456610,0.0
456620,0.0
456627,0.0
456628,0.0
456633,0.0
456648,0.0
456664,0.0
456671,1.0
456689,0.0
456698,0.0
456739,0.0
456857,0.0
456895,0.0
456960,0.0
457013,0.0
457017,0.0
457058,0.0
457077,0.0
457089,0.0
457200,0.0
457212,0.0
457218,0.0
457233,0.0
457290,0.0
457292,0.0
457293,0.0
457303,0.0
457305,0.0
457311,0.0
457350,0.0
457400,0.0
457467,0.0
457476,0.0
457487,1.0
457489,0.0
457498,0.0
457500,0.0
457502,0.0
457506,0.0
457518,0.0
457558,0.0
457617,0.0
457625,0.0
457633,0.0
457637,0.0
457652,0.0
457660,0.0
457670,0.0
457673,0.0
457679,0.0
457706,0.0
457712,0.0
457732,0.0
457733,0.0
457735,0.0
457749,0.0
457753,0.0
457755,0.0
457767,0.0
457785,0.0
457812,0.0
457816,0.0
457819,0.0
457846,0.0
457888,0.0
457981,0.0
457984,0.0
458060,0.0
458062,0.0
458111,0.0
458114,0.0
458132,0.0
458147,0.0
458156,0.0
458206,0.0
458218,0.0
458258,0.0
458268,0.0
458279,0.0
458334,1.0
458398,0.0
458403,0.0
458425,0.0
458452,0.0
458457,0.0
458459,0.0
458472,0.0
458474,0.0
458578,0.0
458582,0.0
458585,0.0
458621,0.0
458623,0.0
458645,0.0
458646,0.0
458666,0.0
458667,0.0
458671,0.0
458704,0.0
458754,0.0
458794,1.0
458796,0.0
458801,1.0
458872,0.0
458878,0.0
458883,0.0
458890,0.0
458894,0.0
458896,0.0
458898,1.0
458921,0.0
458926,0.0
458989,0.0
458995,0.0
458999,0.0
459007,0.0
459039,0.0
459067,0.0
459092,0.0
459110,0.0
459112,0.0
459113,0.0
459118,0.0
459119,0.0
459144,0.0
459150,0.0
459152,0.0
459155,0.0
459158,0.0
459161,0.0
459174,0.0
459185,0.0
459188,0.0
459230,0.0
459246,0.0
459263,0.0
459297,0.0
459314,0.0
459320,0.0
459344,0.0
459345,0.0
459360,0.0
459367,0.0
459384,0.0
459420,0.0
459454,0.0
459483,0.0
459512,0.0
459535,0.0
459605,0.0
459612,0.0
459621,0.0
459622,0.0
459642,0.0
459649,0.0
459652,0.0
459703,0.0
459708,0.0
459712,0.0
459716,0.0
459720,1.0
459735,0.0
459741,0.0
459749,0.0
459753,0.0
459757,0.0
459760,0.0
459765,0.0
459778,0.0
459784,0.0
459789,0.0
459807,0.0
459954,0.0
460002,0.0
460004,0.0
460005,0.0
460007,0.0
460010,0.0
460018,0.0
460036,0.0
460057,0.0
460068,0.0
460084,0.0
460102,0.0
460105,0.0
460115,0.0
460116,0.0
460125,0.0
460127,0.0
460144,0.0
460151,0.0
460160,0.0
460194,0.0
460207,0.0
460210,0.0
460211,0.0
460226,0.0
460228,0.0
460230,0.0
460263,0.0
460289,0.0
460290,0.0
460304,0.0
460312,0.0
460319,0.0
460324,0.0
460343,0.0
460350,0.0
460357,1.0
460360,0.0
460361,0.0
460363,0.0
460365,0.0
460367,0.0
460383,0.0
460390,0.0
460398,0.0
460403,0.0
460406,0.0
460410,0.0
460414,0.0
460419,0.0
460423,0.0
460425,0.0
460431,0.0
460445,0.0
460453,0.0
460454,0.0
460473,0.0
460475,0.0
460478,0.0
460488,0.0
460509,0.0
460522,0.0
460557,0.0
460569,0.0
460584,0.0
460591,0.0
460598,0.0
460606,0.0
460614,0.0
460629,0.0
460643,0.0
460645,0.0
460653,1.0
460660,0.0
460686,0.0
460687,0.0
460689,0.0
460690,0.0
460696,0.0
460699,0.0
460718,0.0
460726,0.0
460735,0.0
460738,0.0
460743,0.0
460747,0.0
460786,1.0
460793,0.0
460811,0.0
460813,0.0
460816,0.0
460826,0.0
460829,0.0
460833,0.0
460834,0.0
460845,0.0
460874,0.0
460883,1.0
460885,0.0
460889,0.0
460891,0.0
460920,0.0
460940,0.0
460947,0.0
460948,0.0
460989,0.0
460993,0.0
461007,0.0
461009,0.0
461016,0.0
461022,0.0
461023,0.0
461040,0.0
461054,0.0
461055,0.0
461058,0.0
461064,0.0
461074,0.0
461082,0.0
461083,0.0
461093,0.0
461095,0.0
461099,0.0
461111,0.0
461133,0.0
461180,0.0
461181,0.0
461185,0.0
461190,0.0
461194,0.0
461207,0.0
461217,0.0
461274,0.0
461282,0.0
461283,0.0
461290,0.0
461292,0.0
461296,0.0
461306,0.0
461322,0.0
461328,0.0
461339,0.0
461340,0.0
461356,0.0
461368,0.0
461384,0.0
461387,0.0
461394,0.0
461398,0.0
461426,0.0
461440,0.0
461442,0.0
461444,0.0
461454,0.0
461465,0.0
461479,0.0
461480,0.0
461484,0.0
461501,0.0
461527,0.0
461535,0.0
461536,0.0
461544,0.0
461550,1.0
461553,0.0
461557,0.0
461569,0.0
461571,0.0
461573,0.0
461587,0.0
461605,0.0
461618,0.0
461621,0.0
461627,0.0
461633,1.0
461640,0.0
461695,0.0
461709,0.0
461756,0.0
461758,0.0
461768,0.0
461803,0.0
461810,0.0
461816,0.0
461819,0.0
461821,0.0
461825,0.0
461831,0.0
461835,0.0
461837,0.0
461839,0.0
461853,0.0
461859,0.0
461867,0.0
461892,0.0
461895,0.0
461899,0.0
461903,0.0
461904,0.0
461911,0.0
461923,0.0
461946,0.0
461949,0.0
461950,0.0
461963,0.0
461967,0.0
461992,0.0
462009,0.0
462022,0.5
462042,0.0
462055,0.0
462058,0.0
462110,0.0
462125,0.0
462133,1.0
462141,0.0
462144,0.0
462161,0.0
462168,0.0
462189,0.0
462224,0.0
462242,0.0
462244,0.0
462305,0.0
462310,0.0
462314,0.0
462396,0.0
462407,0.0
462409,0.0
462430,0.0
462443,0.0
462459,0.0
462462,0.0
462476,0.0
462477,0.0
462487,0.0
462494,0.0
462495,0.0
462519,0.0
462545,0.0
462557,0.0
462561,0.0
462569,0.0
462571,0.0
462585,0.0
462590,0.0
462602,0.0
462605,0.0
462609,0.0
462623,0.0
462644,0.0
462647,0.0
462650,0.0
462656,0.0
462667,0.0
462668,1.0
462675,0.0
462679,0.0
462686,0.0
462691,0.0
462701,0.0
462740,0.0
462785,0.0
462789,0.0
462791,0.0
462792,0.0
462902,0.0
462906,0.0
462912,0.0
462925,0.0
463013,0.0
463024,0.0
463029,0.0
463030,0.0
463035,0.0
463066,0.0
463088,0.0
463097,1.0
463100,0.0
463101,0.0
463105,0.0
463121,0.0
463127,0.0
463128,0.0
463135,0.0
463140,0.0
463141,0.0
463148,0.0
463153,0.0
463156,0.0
463157,0.0
463161,0.0
463165,0.0
463170,0.0
463174,0.0
463177,0.0
463182,0.0
463191,0.0
463203,0.0
463205,0.0
463224,0.0
463232,0.0
463239,0.0
463243,0.0
463255,0.0
463264,0.0
463280,0.0
463323,0.0
463326,0.0
463330,0.0
463334,0.0
463341,0.0
463342,0.0
463345,0.0
463349,0.0
463352,0.0
463369,0.5
463394,0.0
463423,0.0
463434,0.0
463436,0.0
463438,0.0
463441,0.0
463449,0.0
463450,0.0
463456,0.0
463461,0.0
463486,0.0
463513,0.0
463518,0.0
463532,0.0
463538,0.0
463540,0.0
463551,0.0
463555,0.0
463562,0.0
463564,0.0
463578,0.0
463581,1.0
463585,0.0
463636,0.0
463648,0.0
463650,0.0
463682,0.0
463684,0.0
463690,0.0
463691,0.0
463700,1.0
463702,0.0
463704,0.0
463708,0.0
463734,0.0
463739,0.0
463741,0.0
463749,0.0
463753,0.0
463783,0.0
463784,0.0
463803,0.0
463848,0.0
463857,0.0
463858,0.0
463867,0.0
463868,0.0
463877,0.0
463883,0.0
463885,0.0
463910,0.0
463919,0.0
463929,0.0
463950,0.0
463953,0.0
463959,1.0
463970,0.0
463978,0.0
463982,0.0
463986,0.0
463989,0.0
463991,0.0
463994,0.0
463995,0.0
463998,0.0
464010,0.0
464039,0.0
464046,0.0
464047,0.0
464053,0.0
464077,0.0
464079,0.0
464096,0.0
464098,0.0
464116,0.0
464134,0.0
464147,0.0
464153,0.0
464181,0.0
464198,0.0
464201,0.0
464210,0.0
464217,0.0
464228,0.0
464231,0.0
464262,0.0
464263,0.0
464273,0.0
464276,0.0
464280,0.0
464286,0.0
464304,0.0
464311,0.0
464333,0.0
464335,0.0
464339,0.0
464352,0.0
464361,0.0
464372,0.0
464388,0.0
464396,0.0
464414,0.0
464433,0.0
464434,0.0
464444,0.0
464458,0.0
464464,0.0
464491,0.0
464512,0.0
464522,0.0
464523,0.0
464524,0.0
464556,0.0
464558,0.0
464579,0.0
464604,0.0
464611,0.0
464615,0.0
464623,0.0
464625,0.0
464673,0.0
464687,0.0
464721,0.0
464778,0.0
464840,0.0
464842,0.0
464845,0.0
464860,0.0
464862,0.0
464869,0.0
464880,0.0
464889,0.0
464892,0.0
464894,0.0
464907,0.0
464926,0.0
464985,0.0
465006,0.0
465032,0.0
465039,0.0
465042,0.0
465048,0.0
465052,0.0
465053,0.0
465056,0.0
465059,0.0
465069,0.0
465078,0.0
465082,0.0
465085,0.0
465121,0.0
465128,0.0
465135,0.0
465139,0.0
465145,0.0
465158,0.0
465159,0.0
465161,0.0
465165,0.0
465169,0.0
465179,0.0
465181,0.0
465193,0.0
465208,0.0
465218,0.0
465234,0.0
465261,0.0
465288,0.0
465296,0.0
465316,0.0
465337,0.0
465366,0.0
465391,0.0
465395,0.0
465399,0.0
465405,0.0
465417,0.0
465420,0.0
465423,0.0
465438,0.0
465459,0.0
465461,0.0
465470,0.0
465476,0.0
465478,0.0
465496,0.5
465498,0.0
465510,0.0
465519,0.0
465523,0.0
465527,0.0
465571,0.0
465591,0.0
465625,0.0
465634,0.0
465636,0.0
465664,0.0
465665,0.0
465674,0.0
465681,0.0
465694,0.0
465698,0.0
465699,0.0
465701,0.0
465726,0.0
465745,0.0
465779,0.0
465792,0.0
465823,0.0
465829,0.0
465831,0.0
465834,0.0
465837,0.0
465846,0.0
465869,0.0
465876,0.0
465903,0.0
465911,0.0
465943,0.0
465947,0.0
465950,0.0
465951,0.0
466021,0.0
466034,0.0
466047,0.0
466067,0.0
466078,0.0
466100,0.0
466101,0.0
466102,0.0
466103,0.0
466118,0.0
466130,0.0
466134,0.0
466148,0.0
466163,0.0
466164,0.0
466181,0.0
466185,0.0
466188,1.0
466216,0.0
466235,0.0
466276,0.0
466309,0.0
466310,0.0
466311,0.0
466312,0.0
466315,0.0
466316,0.0
466327,1.0
466331,0.5
466332,0.0
466342,0.0
466351,0.0
466355,0.0
466356,0.0
466364,0.0
466369,0.0
466370,0.0
466376,0.0
466378,0.0
466382,0.0
466400,0.0
466417,0.0
466420,0.0
466430,0.0
466447,0.0
466467,1.0
466468,0.0
466470,1.0
466474,0.0
466477,0.0
466478,0.0
466484,0.0
466486,0.0
466496,0.0
466499,0.0
466519,0.0
466520,0.0
466521,0.0
466538,0.0
466606,0.0
466609,0.0
466611,0.0
466623,0.0
466631,0.0
466632,0.0
466633,0.0
466636,0.0
466639,0.0
466642,0.0
466661,0.0
466673,0.0
466693,0.0
466707,0.0
466731,0.0
466741,0.0
466749,0.0
466751,0.0
466753,0.0
466768,0.0
466777,0.0
466800,0.0
466801,0.0
466826,0.0
466837,0.0
466839,0.0
466852,0.0
466862,0.0
466888,0.0
466901,0.0
466915,0.0
466929,0.0
466939,0.0
466954,0.0
466959,0.0
466961,0.0
466965,0.0
466976,0.0
466989,0.0
466996,0.0
467004,0.0
467038,0.0
467040,0.0
467070,0.0
467089,0.0
467096,0.0
467100,0.0
467109,0.0
467145,0.0
467147,1.0
467160,0.0
467173,0.0
467187,0.0
467189,0.0
467211,0.0
467213,0.0
467219,0.0
467237,0.0
467253,0.0
467256,0.0
467258,0.0
467272,0.0
467282,0.0
467283,0.0
467294,0.0
467341,0.0
467345,0.0
467348,0.0
467357,0.0
467358,0.0
467363,0.0
467364,0.0
467371,0.0
467372,0.0
467373,0.0
467380,0.0
467381,0.0
467410,0.0
467411,0.0
467423,0.0
467424,0.0
467454,0.0
467481,0.0
467487,0.0
467538,0.0
467544,0.0
467546,0.0
467572,0.0
467577,0.0
467595,0.0
467600,0.0
467623,0.0
467626,0.0
467632,0.0
467642,0.0
467667,0.0
467676,0.0
467679,0.0
467686,0.0
467699,0.0
467705,0.0
467709,0.0
467711,0.0
467740,0.0
467748,0.0
467811,1.0
467812,0.0
467820,0.0
467842,0.0
467855,0.0
467885,0.0
467905,0.0
467933,0.0
467946,0.0
467953,0.0
467965,0.0
467969,0.0
467986,0.0
467999,0.0
468006,0.0
468026,0.0
468028,0.0
468041,0.0
468044,0.0
468046,0.0
468051,0.0
468058,0.0
468073,0.0
468075,0.0
468086,1.0
468100,0.0
468121,0.0
468147,0.0
468152,0.0
468163,0.0
468174,0.0
468202,0.0
468203,0.0
468210,0.0
468220,0.0
468232,0.0
468237,1.0
468269,0.0
468282,0.0
468299,0.0
468313,0.0
468316,0.0
468317,0.0
468334,0.0
468335,0.0
468338,0.0
468342,0.0
468348,0.0
468362,0.0
468363,0.0
468364,1.0
468370,0.0
468371,0.0
468373,0.0
468394,0.0
468413,0.0
468416,0.0
468417,0.0
468419,0.0
468421,0.0
468423,0.0
468430,0.0
468431,0.0
468433,0.0
468436,0.0
468439,0.0
468444,0.0
468446,0.0
468448,0.0
468457,0.0
468472,0.0
468476,0.0
468487,0.0
468503,0.0
468504,0.0
468527,0.0
468607,0.0
468616,0.0
468628,0.0
468632,0.0
468640,0.0
468648,0.0
468661,0.0
468670,0.0
468679,0.0
468693,0.0
468708,0.0
468711,0.0
468712,0.0
468713,0.0
468717,0.0
468750,0.0
468753,0.0
468761,0.0
468786,0.0
468792,0.0
468839,0.0
468840,0.0
468847,0.0
468851,0.0
468853,0.0
468854,0.0
468856,0.0
468888,0.0
468890,1.0
468899,0.0
468943,0.0
468995,0.0
469000,0.0
469001,1.0
469006,0.0
469014,0.0
469015,0.0
469020,0.0
469021,0.0
469025,0.0
469042,0.0
469049,0.0
469069,0.0
469084,0.0
469087,0.0
469114,0.0
469132,0.0
469154,0.0
469155,0.0
469161,0.0
469162,0.0
469196,0.0
469199,0.0
469208,0.0
469217,0.0
469233,0.0
469236,0.0
469239,0.0
469248,0.0
469285,0.0
469286,0.0
469289,0.0
469305,0.0
469310,0.0
469314,0.0
469316,0.0
469323,0.0
469336,0.0
469339,0.0
469346,0.0
469364,0.0
469376,0.0
469379,0.0
469382,0.0
469415,0.0
469445,0.0
469457,0.0
469463,0.0
469466,0.0
469477,0.0
469490,0.0
469523,0.0
469525,0.0
469544,0.0
469551,0.0
469554,0.0
469557,0.0
469558,0.0
469561,0.0
469568,0.0
469573,0.0
469589,0.0
469593,0.0
469597,0.0
469603,0.0
469604,0.0
469613,0.0
469620,0.0
469623,0.0
469624,0.0
469629,0.0
469644,0.0
469646,0.0
469653,0.0
469664,0.0
469727,0.0
469752,0.0
469779,0.0
469792,0.0
469793,0.0
469794,0.0
469797,0.0
469805,0.0
469818,0.0
469867,0.0
469902,0.0
469909,0.0
469913,0.0
469916,0.0
469937,0.0
469939,0.0
469941,0.0
469942,0.0
469954,0.0
469956,0.0
469974,0.0
469976,0.0
469981,0.0
469989,0.0
469995,0.0
470005,0.0
470017,0.0
470026,0.0
470027,0.0
470045,0.0
470047,0.0
470081,0.0
470086,0.0
470094,0.0
470106,0.0
470109,0.0
470121,0.0
470124,0.0
470127,0.0
470130,0.0
470156,0.0
470159,0.0
470170,0.0
470184,0.0
470209,0.0
470214,0.0
470216,0.0
470221,0.0
470231,0.0
470238,0.0
470246,0.0
470276,0.0
470280,0.0
470286,0.0
470303,0.0
470306,0.0
470311,0.0
470314,0.0
470315,0.0
470322,0.0
470336,0.0
470337,0.0
470340,0.0
470377,0.0
470383,0.0
470387,0.0
470394,0.0
470405,0.0
470409,0.0
470422,0.0
470424,0.0
470427,1.0
470459,0.0
470501,0.0
470503,0.0
470504,0.0
470509,0.0
470520,0.0
470525,0.0
470605,0.0
470607,0.0
470614,0.0
470619,0.0
470623,0.0
470635,0.0
470638,0.0
470669,0.0
470678,0.0
470682,0.0
470684,0.0
470690,0.0
470702,0.0
470723,0.0
470734,0.0
470757,0.0
470761,0.0
470778,0.0
470779,0.0
470793,0.0
470810,0.0
470818,0.0
470840,0.0
470843,0.0
470853,0.0
470873,0.0
470894,0.0
470897,0.0
470902,0.0
470955,0.0
470972,0.0
470992,0.0
470994,0.0
471005,0.0
471013,1.0
471029,1.0
471042,0.0
471058,0.0
471134,0.0
471154,0.0
471159,0.0
471164,1.0
471175,0.0
471180,0.0
471216,0.0
471220,0.0
471227,0.0
471230,0.0
471241,0.0
471242,0.0
471252,1.0
471266,0.0
471270,0.0
471311,0.0
471333,0.0
471362,0.0
471408,0.0
471411,0.0
471466,0.0
471494,0.0
471495,0.0
471504,0.0
471508,0.0
471517,0.0
471527,0.0
471532,0.0
471539,0.0
471543,0.0
471544,0.0
471549,0.0
471569,0.0
471572,0.0
471574,0.0
471584,0.0
471596,0.0
471602,0.0
471622,0.0
471625,0.0
471632,0.0
471633,0.0
471634,0.0
471661,1.0
471662,0.0
471673,0.0
471689,0.0
471691,0.0
471708,0.0
471714,0.0
471755,0.0
471783,0.0
471797,0.0
471803,0.0
471804,0.0
471815,0.0
471816,0.0
471817,0.0
471821,0.0
471823,0.0
471830,0.0
471836,0.0
471837,0.0
471839,0.0
471848,0.0
471856,1.0
471857,0.0
471890,0.0
471900,0.0
471901,0.0
471920,0.0
471925,0.0
471935,0.0
471936,0.0
471938,0.0
471947,0.0
471959,0.0
471960,0.0
471966,0.0
471973,0.0
471976,0.0
471982,0.0
471986,0.0
471997,1.0
471998,0.0
471999,0.0
472001,0.0
472012,0.0
472020,0.0
472031,0.0
472036,0.0
472049,0.0
472058,0.0
472112,0.0
472114,0.0
472120,0.0
472121,0.0
472130,0.0
472141,0.0
472146,0.0
472163,0.0
472166,0.0
472167,1.0
472181,0.0
472192,0.0
472203,0.0
472222,0.0
472239,0.0
472301,0.0
472305,0.0
472331,0.0
472341,0.0
472353,0.0
472355,0.0
472372,0.0
472401,0.0
472410,0.0
472412,0.0
472427,0.0
472439,0.0
472440,0.0
472485,0.0
472521,0.0
472524,0.0
472561,0.0
472590,0.0
472600,0.0
472630,1.0
472633,0.0
472658,0.0
472663,0.0
472664,0.0
472698,0.0
472724,0.0
472746,0.0
472751,0.0
472757,0.0
472760,1.0
472761,0.0
472773,0.0
472774,0.0
472779,0.0
472783,0.0
472847,0.0
472849,0.0
472917,0.0
472933,0.0
472963,0.0
472965,0.0
472973,0.0
472979,0.0
472994,0.0
472998,0.0
473009,0.0
473027,0.0
473036,0.0
473047,0.0
473049,0.0
473053,0.0
473065,0.0
473068,0.0
473069,0.0
473072,0.0
473086,0.0
473110,0.0
473136,0.0
473137,0.0
473162,0.0
473182,0.0
473190,0.0
473191,0.0
473224,0.0
473225,0.0
473238,0.0
473268,0.0
473271,0.0
473273,0.0
473275,1.0
473288,0.0
473305,0.0
473338,0.0
473339,0.0
473347,0.0
473349,0.0
473351,0.0
473353,0.0
473370,0.0
473371,0.0
473380,0.0
473382,0.0
473396,0.0
473404,0.0
473409,0.0
473410,0.0
473412,0.0
473428,0.0
473429,0.0
473439,0.0
473450,0.0
473457,0.0
473459,0.0
473460,0.0
473474,0.0
473495,0.0
473511,0.0
473513,0.0
473521,0.0
473532,0.0
473540,0.0
473543,0.0
473555,0.0
473570,0.0
473587,0.0
473607,0.0
473612,0.0
473624,0.0
473631,0.0
473657,0.0
473660,0.0
473663,0.0
473671,0.0
473673,0.0
473688,0.0
473689,0.0
473700,0.0
473764,0.0
473776,0.0
473787,0.0
473799,0.5
473803,0.0
473815,0.0
473816,0.0
473818,0.5
473830,0.0
473832,1.0
473897,0.0
473906,0.0
473923,0.0
473933,0.0
473934,0.0
473949,0.0
473954,0.0
473964,0.0
473969,0.0
473974,0.0
473981,0.0
473985,0.0
473993,0.0
474001,0.0
474005,0.0
474008,0.0
474013,0.0
474035,0.0
474036,0.0
474043,0.0
474044,0.0
474048,0.0
474054,1.0
474097,0.0
474099,0.0
474100,0.0
474120,0.0
474167,1.0
474171,0.0
474177,0.0
474181,0.0
474187,0.0
474193,0.0
474224,0.0
474231,0.0
474243,0.0
474245,0.0
474253,0.0
474258,0.0
474260,0.0
474262,0.0
474267,0.0
474277,1.0
474297,0.0
474312,0.0
474313,0.0
474314,0.0
474316,0.0
474342,0.0
474349,0.0
474353,0.0
474355,0.0
474370,0.0
474375,0.0
474389,0.0
474394,0.0
474413,0.0
474429,0.0
474438,0.0
474445,0.0
474454,0.0
474457,0.0
474469,0.0
474525,0.0
474548,0.0
474549,1.0
474559,0.0
474564,0.0
474569,0.0
474591,0.0
474596,0.0
474600,0.0
474628,0.0
474639,0.0
474641,1.0
474643,0.0
474655,0.0
474656,0.0
474657,0.0
474658,0.0
474681,0.0
474695,0.0
474728,0.0
474743,0.0
474752,0.0
474763,0.0
474764,0.0
474766,0.0
474779,0.0
474781,0.0
474789,0.0
474820,0.0
474822,0.0
474851,0.0
474864,0.0
474869,0.0
474878,0.0
474885,0.0
474888,0.0
474895,0.0
474929,0.0
474936,0.0
474938,0.0
474939,0.0
474940,0.0
474951,0.0
474957,0.0
474961,0.0
474975,0.0
474982,0.0
474987,0.0
474990,0.0
474992,0.0
475006,1.0
475018,0.0
475019,0.0
475026,0.0
475031,0.0
475037,0.0
475046,0.0
475052,0.0
475064,0.0
475098,0.0
475112,0.0
475113,0.0
475135,0.0
475145,0.0
475173,0.0
475192,0.5
475195,0.0
475203,0.0
475208,0.0
475233,0.0
475238,0.0
475239,0.0
475240,0.0
475247,0.0
475252,0.0
475256,0.0
475274,0.0
475286,0.0
475295,0.0
475304,0.0
475315,0.0
475338,0.0
475348,0.0
475354,0.0
475380,0.0
475384,0.0
475411,0.0
475414,0.0
475431,0.0
475435,0.0
475437,0.0
475442,0.0
475457,0.0
475460,0.0
475468,0.0
475479,0.0
475487,0.0
475495,0.0
475510,0.0
475526,0.0
475530,0.0
475542,0.0
475546,0.0
475547,0.0
475557,0.0
475567,0.0
475581,0.0
475586,0.0
475608,0.0
475617,0.0
475618,0.0
475633,0.0
475635,1.0
475645,0.0
475650,0.0
475652,0.0
475654,0.0
475659,0.0
475670,0.0
475686,0.0
475691,0.0
475701,0.0
475705,0.0
475727,0.0
475751,0.0
475752,0.0
475753,0.0
475761,0.5
475794,1.0
475798,0.0
475801,1.0
475812,0.0
475817,0.0
475821,0.0
475824,0.0
475830,0.0
475831,0.0
475853,0.0
475857,0.0
475864,0.0
475886,0.0
475894,0.0
475912,0.0
475921,0.0
475925,0.0
475931,0.0
475932,0.0
475936,0.0
475939,0.0
475953,0.0
475970,0.0
475971,0.0
475973,1.0
475981,0.0
475982,0.0
475985,0.0
476013,0.0
476088,0.0
476090,0.0
476115,0.0
476135,0.0
476146,0.0
476151,0.0
476158,0.0
476219,0.0
476226,0.0
476238,0.0
476244,0.0
476253,0.0
476267,0.0
476280,0.0
476301,0.0
476303,0.0
476306,0.0
476323,0.0
476342,0.0
476352,0.0
476359,0.0
476410,0.0
476411,0.0
476436,0.0
476453,0.0
476471,0.0
476478,0.0
476482,0.0
476490,0.0
476497,0.0
476499,0.0
476531,0.0
476572,1.0
476597,0.0
476620,0.0
476634,0.0
476642,0.0
476688,0.0
476693,0.0
476694,0.0
476695,0.0
476697,0.0
476707,0.0
476713,0.0
476714,0.0
476725,0.0
476747,0.0
476774,0.0
476788,0.0
476791,0.0
476856,0.0
476866,0.0
476898,0.0
476899,0.0
476906,0.0
476922,0.0
476927,1.0
476950,0.0
476976,0.0
476981,0.0
477001,0.0
477028,0.0
477034,0.0
477075,0.0
477088,0.0
477160,0.0
477174,0.0
477187,0.0
477204,0.0
477213,0.0
477232,0.0
477245,0.0
477266,0.0
477287,0.0
477291,1.0
477300,0.0
477312,0.0
477319,0.0
477327,0.0
477336,0.0
477350,0.0
477360,0.0
477381,0.0
477402,0.0
477412,0.0
477414,0.0
477415,0.0
477424,0.0
477439,0.0
477474,0.0
477478,0.0
477497,0.0
477502,0.0
477510,0.0
477513,0.0
477516,0.0
477528,0.0
477538,0.0
477545,0.0
477553,0.0
477557,0.0
477559,0.0
477562,0.0
477582,0.0
477592,0.0
477611,0.0
477612,0.0
477631,0.0
477632,0.0
477644,1.0
477646,0.0
477651,0.0
477730,0.0
477736,0.0
477749,0.0
477750,0.0
477755,0.0
477763,0.0
477768,0.0
477780,0.0
477813,0.0
477823,0.0
477840,0.0
477842,0.0
477861,0.0
477872,0.0
477877,0.0
477985,0.0
478001,0.0
478010,0.0
478034,0.0
478043,0.0
478061,0.0
478066,0.0
478071,0.0
478093,0.0
478094,0.0
478101,0.0
478116,0.0
478122,0.5
478129,0.0
478136,1.0
478139,0.0
478140,0.0
478150,1.0
478159,0.0
478167,0.0
478195,0.0
478200,0.0
478214,1.0
478227,0.0
478252,0.0
478254,0.0
478261,0.0
478265,0.0
478307,0.0
478326,0.0
478330,0.0
478335,0.0
478339,0.0
478341,0.0
478348,0.0
478354,0.0
478381,0.0
478382,0.0
478383,0.0
478384,0.0
478395,0.0
478411,0.0
478418,1.0
478421,0.0
478432,0.0
478435,0.0
478442,0.0
478444,0.0
478457,0.0
478476,0.0
478478,0.0
478480,0.0
478482,0.0
478483,0.0
478484,0.0
478486,0.0
478497,0.0
478498,0.0
478501,0.0
478506,0.0
478509,0.0
478521,0.0
478523,0.0
478576,0.0
478583,0.0
478626,0.0
478632,0.0
478633,0.0
478647,0.0
478650,0.0
478653,0.0
478655,0.0
478730,0.0
478734,0.0
478752,0.0
478816,0.0
478829,0.0
478848,0.0
478852,0.0
478863,0.0
478865,0.0
478869,0.0
478883,0.0
478911,0.0
478914,0.0
478928,0.0
478938,0.0
478945,0.0
478947,0.0
478953,0.0
478961,0.0
478988,0.0
478999,0.0
479018,0.0
479059,0.0
479096,0.0
479102,1.0
479125,0.0
479144,0.0
479149,0.0
479170,0.0
479221,0.0
479233,0.0
479235,0.0
479236,0.0
479243,0.0
479250,0.0
479277,0.0
479284,0.0
479290,0.0
479292,0.0
479306,0.0
479319,0.0
479323,0.0
479330,0.0
479339,0.0
479367,0.0
479369,0.0
479373,0.0
479380,0.0
479384,0.0
479397,0.0
479400,0.0
479418,0.0
479440,0.0
479444,0.0
479454,0.0
479455,1.0
479458,0.0
479492,0.0
479497,0.0
479510,0.0
479517,0.0
479535,0.0
479550,0.0
479551,0.0
479564,1.0
479569,1.0
479584,0.0
479591,0.0
479642,0.0
479715,0.0
479717,0.0
479801,0.0
479810,0.0
479812,0.0
479816,0.0
479817,0.0
479831,0.0
479835,0.0
479849,0.0
479853,0.0
479859,0.0
479881,0.0
479887,0.0
479912,0.0
479927,0.0
479939,0.0
479942,0.0
479944,0.0
479992,0.0
479997,0.0
480001,0.0
480081,0.0
480100,0.0
480117,0.0
480118,0.0
480133,0.0
480134,0.0
480140,0.0
480141,0.0
480143,0.0
480155,0.0
480165,0.0
480167,0.0
480169,0.0
480178,0.0
480189,0.0
480191,0.0
480202,0.0
480207,0.0
480210,0.0
480222,0.0
480274,0.0
480281,0.0
480306,0.0
480318,0.0
480323,0.0
480327,0.0
480332,0.0
480338,0.0
480344,0.0
480358,0.0
480362,0.0
480364,0.0
480379,0.0
480383,0.0
480391,0.0
480398,0.0
480409,0.0
480429,0.0
480435,0.0
480439,0.0
480450,0.0
480465,0.0
480477,0.0
480499,0.0
480501,0.0
480502,0.0
480505,0.0
480513,0.0
480518,0.0
480525,0.0
480528,0.0
480536,0.0
480586,0.0
480588,0.0
480592,0.0
480593,0.0
480599,0.0
480605,0.0
480629,1.0
480663,0.0
480679,0.0
480690,0.0
480697,0.0
480708,0.0
480709,0.0
480710,0.0
480735,0.0
480742,0.0
480743,1.0
480763,0.0
480768,0.0
480770,0.0
480788,0.0
480793,0.0
480804,0.0
480810,0.0
480813,0.0
480838,0.0
480866,0.0
480890,0.0
480925,0.0
480952,0.0
480958,0.0
480972,0.0
480973,0.0
480989,0.0
481006,0.0
481028,0.0
481073,0.0
481098,0.0
481099,0.0
481112,0.0
481115,0.0
481132,0.0
481164,0.0
481175,0.0
481181,0.0
481188,0.0
481196,0.0
481197,0.0
481221,0.0
481224,0.0
481226,0.0
481230,0.0
481237,0.0
481244,0.0
481258,0.0
481264,0.0
481282,0.0
481284,1.0
481291,0.0
481300,0.0
481317,0.0
481320,0.0
481324,0.0
481328,0.0
481337,0.0
481358,0.0
481383,0.0
481402,0.0
481414,0.0
481415,0.0
481416,0.0
481428,0.0
481430,0.0
481437,0.0
481440,0.0
481494,0.0
481497,0.0
481552,0.0
481574,0.0
481604,0.0
481608,0.0
481614,0.0
481620,1.0
481644,0.0
481649,0.0
481655,0.0
481662,0.0
481666,0.0
481668,0.0
481672,0.0
481675,0.0
481686,0.0
481698,0.0
481720,0.0
481730,0.0
481737,0.0
481744,0.0
481752,0.0
481755,0.0
481777,0.0
481788,0.0
481831,0.0
481833,0.0
481838,0.0
481842,0.0
481843,0.0
481849,0.0
481855,0.0
481866,0.0
481892,0.0
481894,0.0
481905,0.0
481912,0.0
481920,0.0
481931,0.0
481938,1.0
481969,0.0
481983,0.0
481993,0.0
481995,0.0
482013,1.0
482018,0.0
482020,0.0
482021,0.0
482039,0.0
482048,0.0
482077,0.0
482093,0.0
482100,0.0
482150,1.0
482154,0.0
482155,0.0
482157,0.0
482178,0.0
482179,0.0
482199,0.0
482202,0.0
482216,0.0
482225,0.0
482226,0.0
482229,0.0
482243,0.0
482245,0.0
482277,0.0
482287,0.0
482289,1.0
482290,0.0
482307,0.0
482309,0.0
482317,0.0
482320,0.0
482326,0.0
482335,1.0
482337,0.0
482352,0.0
482355,0.0
482356,0.0
482368,0.0
482389,0.0
482390,0.0
482391,0.0
482392,0.0
482397,0.0
482460,0.0
482473,0.0
482481,0.0
482512,0.0
482515,0.0
482519,0.0
482520,1.0
482521,0.5
482524,0.0
482532,0.0
482538,0.0
482550,0.0
482563,0.0
482568,1.0
482570,0.0
482573,0.0
482584,0.0
482588,0.0
482607,0.0
482615,0.0
482618,0.0
482626,0.0
482631,0.0
482632,0.0
482656,0.0
482680,0.0
482690,0.0
482691,0.0
482707,0.0
482711,0.0
482718,0.0
482733,0.0
482751,0.0
482756,0.0
482763,0.0
482765,0.0
482776,0.0
482791,0.0
482793,0.0
482794,0.0
482829,0.0
482832,0.0
482845,0.0
482848,0.0
482858,0.0
482859,0.0
482862,0.0
482880,0.0
482884,0.0
482909,0.0
482916,0.0
482921,0.0
482927,0.0
482931,0.0
482936,0.0
482939,0.0
482950,0.0
482956,0.0
482973,0.0
482987,0.0
482995,0.0
482996,0.0
483008,0.0
483021,0.0
483032,0.0
483038,0.0
483077,0.0
483112,1.0
483137,0.0
483150,1.0
483164,0.0
483175,0.0
483212,0.0
483217,0.0
483223,0.0
483237,0.0
483238,0.0
483245,0.0
483246,0.0
483264,0.0
483270,0.0
483273,0.0
483279,0.0
483286,0.0
483289,1.0
483296,0.0
483297,0.0
483312,0.0
483317,0.0
483320,0.0
483323,0.0
483328,0.0
483344,0.0
483345,0.0
483360,0.0
483374,0.0
483377,0.0
483382,0.0
483403,0.0
483406,0.0
483410,0.0
483411,0.0
483417,0.0
483420,0.0
483461,0.0
483480,0.0
483481,0.0
483492,0.0
483510,0.0
483538,0.0
483600,0.0
483629,0.0
483640,0.0
483701,0.0
483722,0.0
483727,0.0
483728,0.0
483770,0.0
483788,0.0
483800,0.0
483830,0.0
483836,0.0
483844,0.0
483855,0.0
483875,0.0
483876,1.0
483877,0.0
483884,0.0
483919,0.0
483925,0.0
483943,0.0
483945,0.0
483948,0.0
483949,0.0
483951,0.0
483980,0.0
483984,0.0
484010,0.0
484018,0.0
484019,0.0
484032,0.0
484035,0.0
484044,0.0
484054,0.0
484073,0.0
484094,0.0
484100,0.0
484107,0.0
484123,0.0
484141,0.0
484157,0.0
484171,0.0
484185,0.0
484201,0.0
484226,0.0
484230,0.0
484233,0.0
484240,0.0
484256,0.0
484271,0.0
484292,0.0
484300,0.0
484303,0.0
484309,1.0
484317,0.0
484320,0.0
484335,0.0
484338,0.0
484339,0.0
484344,0.0
484358,0.0
484374,0.0
484375,0.0
484381,0.0
484386,0.0
484398,0.0
484401,0.0
484417,0.0
484465,0.0
484470,0.0
484480,0.0
484481,0.0
484483,0.0
484487,0.0
484499,0.0
484510,0.0
484514,0.0
484528,0.0
484550,0.0
484558,0.0
484562,0.0
484564,0.0
484567,0.0
484572,0.0
484573,1.0
484579,0.0
484581,0.0
484586,0.0
484588,0.0
484589,0.0
484591,0.0
484593,0.0
484598,0.0
484695,0.0
484718,0.0
484729,0.0
484735,0.0
484747,0.0
484753,0.0
484773,0.0
484798,0.0
484844,0.0
484891,0.0
484896,0.0
484905,0.0
484906,0.0
484917,0.0
484941,0.0
484946,0.0
484979,0.0
484986,0.0
484987,0.0
485003,0.0
485008,0.0
485021,0.0
485031,0.0
485051,0.0
485071,0.0
485086,0.0
485105,0.0
485107,0.0
485111,0.0
485113,0.0
485120,0.0
485145,0.0
485153,0.0
485162,0.0
485169,0.0
485171,0.0
485173,0.0
485177,0.0
485180,0.0
485183,0.0
485197,0.0
485219,0.0
485223,0.0
485229,0.0
485235,1.0
485245,0.0
485246,1.0
485248,0.0
485255,0.0
485261,0.0
485286,0.0
485299,0.0
485304,0.0
485315,0.0
485316,0.0
485326,1.0
485337,0.0
485352,0.0
485365,0.0
485380,0.0
485381,0.0
485382,0.0
485391,0.0
485399,0.0
485427,0.0
485431,0.0
485444,0.0
485463,0.0
485505,0.0
485509,0.0
485522,0.0
485523,0.0
485526,0.0
485545,0.0
485548,0.0
485571,0.0
485583,0.0
485587,0.0
485590,0.0
485593,0.0
485612,0.0
485638,0.0
485639,0.0
485649,0.0
485652,0.0
485671,0.0
485680,0.0
485682,0.0
485683,0.0
485685,0.0
485686,0.0
485708,0.0
485709,0.0
485771,0.0
485777,0.0
485790,0.0
485821,0.0
485829,0.0
485839,0.0
485872,0.0
485881,0.0
485914,0.0
485916,0.0
485923,0.0
485952,0.0
485960,0.0
485961,0.0
485976,0.0
485997,0.0
486004,0.0
486008,0.0
486055,1.0
486065,0.0
486068,0.0
486078,0.0
486079,0.0
486101,0.0
486103,0.0
486112,0.0
486115,0.0
486161,0.0
486162,0.0
486165,0.0
486174,0.0
486177,0.0
486191,0.0
486195,0.0
486211,0.0
486221,0.0
486222,0.0
486248,0.0
486249,0.5
486260,0.0
486269,0.0
486300,0.0
486327,0.0
486333,0.0
486378,0.0
486395,0.0
486451,0.0
486455,0.0
486513,0.0
486516,0.0
486525,0.0
486530,0.0
486554,0.0
486588,0.0
486623,0.0
486630,0.0
486645,0.0
486666,0.0
486668,0.0
486687,0.0
486753,0.0
486755,0.0
486780,0.0
486800,0.0
486801,0.0
486812,0.0
486814,0.0
486827,0.0
486829,0.0
486833,0.0
486843,0.0
486851,0.0
486855,0.0
486865,0.0
486869,0.0
486881,0.0
486889,0.0
486918,1.0
486920,0.0
486933,0.0
486942,0.0
486959,0.0
486961,0.0
486966,0.0
486967,0.0
486978,1.0
486981,0.0
486988,0.0
487007,0.0
487009,0.0
487020,0.0
487024,0.0
487025,0.0
487026,0.0
487061,0.0
487062,0.0
487069,0.0
487100,0.0
487124,0.0
487128,0.0
487155,0.0
487176,0.0
487186,0.0
487192,0.0
487194,0.0
487195,0.0
487196,0.0
487200,0.0
487223,0.0
487225,0.0
487245,0.0
487250,0.0
487260,0.5
487264,0.0
487268,0.0
487273,0.0
487280,0.0
487287,0.0
487295,0.0
487303,0.0
487328,0.0
487331,0.0
487339,0.0
487343,0.0
487348,0.0
487355,0.0
487359,0.0
487366,0.0
487373,0.0
487382,0.0
487417,0.0
487428,0.0
487444,0.0
487461,0.0
487464,0.0
487471,0.0
487473,0.0
487478,0.0
487481,1.0
487483,0.0
487520,0.0
487523,0.0
487526,0.0
487528,0.0
487530,0.0
487542,0.0
487550,0.0
487567,0.0
487571,0.0
487602,0.0
487609,0.0
487618,0.0
487628,0.0
487640,0.0
487643,0.0
487645,0.0
487649,0.0
487660,0.0
487662,0.0
487663,0.0
487664,0.0
487680,0.0
487692,0.0
487702,0.0
487708,0.0
487711,0.0
487738,0.0
487744,1.0
487751,0.0
487758,0.0
487771,0.0
487781,0.0
487791,0.5
487793,0.0
487802,0.0
487808,0.0
487861,0.0
487873,0.0
487885,0.0
487886,1.0
487912,0.0
487913,0.0
487916,0.0
487924,0.0
487926,0.0
487927,0.0
487937,0.0
487940,0.0
487950,0.0
487954,0.0
487965,0.0
487975,1.0
487983,0.0
487992,0.0
488011,0.0
488017,0.0
488034,0.0
488037,0.0
488039,0.0
488040,0.0
488050,0.0
488055,0.0
488084,0.0
488088,0.0
488089,0.0
488094,1.0
488108,0.0
488133,0.0
488141,0.0
488162,0.0
488168,0.0
488171,0.0
488186,0.0
488198,0.0
488199,0.0
488202,0.0
488203,0.0
488216,1.0
488239,0.0
488253,0.0
488256,0.0
488262,0.0
488277,0.0
488282,0.0
488290,0.0
488295,0.0
488298,0.0
488300,0.0
488340,0.0
488342,0.0
488347,0.0
488355,0.0
488361,0.0
488370,0.0
488376,0.0
488384,0.0
488392,0.0
488396,0.0
488413,0.0
488414,0.0
488415,0.0
488416,0.0
488431,0.0
488433,0.0
488446,0.0
488453,0.0
488454,0.0
488459,0.0
488465,1.0
488472,0.0
488476,0.0
488480,0.0
488481,0.0
488483,0.0
488488,1.0
488493,0.0
488494,0.0
488500,0.0
488511,0.0
488514,0.0
488522,0.0
488534,0.0
488551,0.0
488580,0.0
488583,0.0
488590,0.0
488616,0.0
488626,1.0
488643,0.0
488665,0.0
488674,0.0
488691,0.0
488693,0.0
488701,0.0
488710,0.0
488718,0.0
488721,0.0
488732,0.0
488747,0.0
488751,0.0
488766,0.0
488785,1.0
488794,0.0
488799,0.0
488801,0.0
488813,0.0
488820,0.0
488844,0.0
488855,0.0
488872,0.0
488888,0.0
488890,0.0
488897,0.0
488901,0.0
488929,0.0
488968,0.0
489006,0.0
489008,0.0
489045,0.0
489046,0.0
489049,0.0
489053,0.3333333333333333
489101,0.0
489109,0.0
489110,0.0
489111,0.0
489113,0.0
489119,0.0
489120,0.0
489131,0.0
489136,0.0
489138,0.0
489141,0.0
489155,1.0
489165,0.0
489167,0.0
489181,0.0
489203,0.0
489238,0.0
489246,0.0
489256,0.0
489263,0.0
489269,0.0
489276,0.5
489342,0.0
489352,0.0
489377,0.0
489387,0.0
489441,0.0
489500,0.0
489544,0.0
489550,0.0
489556,0.0
489562,0.0
489566,0.0
489598,0.0
489605,0.0
489613,1.0
489625,0.0
489630,0.0
489638,0.0
489646,0.0
489649,0.0
489651,0.0
489652,0.0
489656,0.0
489685,0.0
489693,0.0
489694,0.0
489701,0.0
489749,0.0
489756,0.0
489759,0.0
489763,0.0
489772,1.0
489775,0.0
489779,0.0
489788,0.0
489791,0.0
489803,0.0
489808,0.0
489839,0.0
489850,0.0
489882,0.0
489884,0.0
489899,0.0
489946,0.0
490007,0.0
490025,0.0
490027,0.0
490035,1.0
490044,0.0
490052,0.0
490053,0.0
490103,0.0
490215,0.0
490237,0.0
490252,0.0
490281,0.0
490286,0.0
490292,0.0
490304,0.0
490307,0.0
490317,0.0
490324,0.0
490327,0.0
490346,0.0
490358,0.0
490365,0.0
490392,0.0
490404,0.0
490407,0.0
490435,0.0
490443,0.0
490460,0.0
490464,0.0
490479,0.0
490488,0.0
490495,0.0
490528,0.0
490534,0.0
490541,0.0
490544,0.0
490548,0.0
490551,0.0
490567,0.0
490572,0.0
490573,0.0
490579,0.0
490587,0.0
490589,0.0
490590,0.0
490595,0.0
490596,0.0
490598,0.0
490599,0.0
490617,0.0
490624,0.0
490634,0.0
490636,0.0
490645,0.0
490668,0.0
490690,0.0
490712,0.0
490758,0.0
490764,0.0
490771,0.0
490775,0.0
490782,0.0
490789,0.0
490797,0.0
490798,0.0
490818,0.0
490850,0.0
490872,0.0
490877,0.0
490882,0.0
490885,0.0
490887,1.0
490892,0.0
490899,0.0
490920,0.0
490933,0.0
490975,0.0
490977,0.0
491040,0.0
491082,0.0
491097,0.0
491105,0.0
491114,0.0
491125,0.0
491126,0.0
491142,0.0
491166,0.0
491167,0.0
491179,0.0
491195,0.0
491227,0.0
491282,0.0
491287,0.0
491288,0.0
491315,0.0
491326,0.0
491331,0.0
491358,0.0
491375,0.0
491380,0.0
491391,0.0
491408,0.0
491420,0.0
491432,0.0
491449,0.0
491462,1.0
491485,0.0
491495,0.0
491496,0.0
491499,0.0
491519,0.0
491520,0.0
491523,0.0
491529,0.0
491552,0.0
491581,0.0
491600,0.0
491623,0.0
491658,0.0
491677,1.0
491714,1.0
491715,0.0
491721,0.0
491734,0.0
491744,0.0
491751,0.0
491760,0.0
491765,0.0
491772,0.0
491776,1.0
491782,0.0
491794,0.0
491796,0.0
491817,0.0
491828,0.0
491834,0.0
491863,0.0
491866,0.0
491879,0.0
491881,0.0
491884,0.0
491890,0.0
491894,0.0
491922,0.0
491953,0.0
491959,0.0
491964,0.0
491976,0.0
492125,0.0
492184,0.0
492207,0.0
492214,0.0
492240,1.0
492243,0.0
492244,0.0
492246,0.0
492255,0.0
492267,0.0
492268,0.0
492286,0.0
492309,0.0
492335,0.0
492337,0.0
492348,0.0
492362,0.0
492391,0.0
492394,0.0
492406,0.0
492438,0.0
492440,0.0
492442,0.0
492463,0.0
492475,0.0
492478,0.0
492513,0.0
492529,0.0
492537,0.0
492611,0.0
492615,0.0
492631,0.0
492637,0.0
492670,0.0
492688,0.0
492693,0.0
492696,0.0
492698,0.0
492711,0.0
492715,0.0
492718,0.0
492719,0.0
492727,0.0
492728,0.0
492759,0.0
492768,0.0
492773,0.0
492775,0.0
492784,0.0
492787,0.0
492797,0.0
492808,0.0
492814,0.0
492815,0.0
492843,0.0
492859,0.0
492862,0.0
492871,0.0
492874,0.0
492881,0.0
492882,0.0
492899,0.0
492900,0.0
492915,0.0
492922,0.0
492924,0.0
492928,0.0
492937,0.0
492938,0.0
492942,0.0
492943,0.0
492959,0.0
492960,0.0
492969,0.0
492974,0.0
492999,0.0
493000,0.0
493009,0.0
493021,0.0
493027,0.0
493040,0.0
493062,0.0
493065,0.0
493071,0.0
493090,0.0
493091,0.0
493106,0.0
493149,0.0
493150,0.0
493153,1.0
493156,0.0
493177,0.0
493202,0.0
493222,0.0
493230,0.0
493250,0.0
493254,0.0
493257,0.0
493268,0.0
493270,0.0
493288,0.0
493290,0.0
493300,0.0
493301,0.0
493312,0.0
493323,1.0
493368,0.0
493374,0.0
493376,0.0
493389,1.0
493392,0.0
493398,0.0
493429,0.0
493441,0.0
493449,0.0
493464,0.0
493469,0.0
493470,0.0
493476,1.0
493481,0.0
493490,1.0
493500,0.0
493505,0.0
493507,0.0
493512,0.0
493513,0.0
493532,0.0
493536,0.0
493540,0.0
493559,0.0
493565,0.0
493569,0.0
493574,0.0
493588,1.0
493589,0.0
493590,0.0
493599,0.0
493617,0.0
493620,0.0
493628,0.0
493633,0.0
493643,0.0
493648,0.0
493667,0.0
493672,0.0
493680,0.0
493694,0.0
493699,0.0
493700,0.0
493707,0.0
493714,0.0
493769,0.0
493783,0.0
493795,0.0
493803,0.0
493806,0.0
493826,0.0
493910,0.0
493913,0.0
493916,0.0
493936,0.0
493943,0.0
493958,0.0
493961,0.0
493989,0.0
493992,0.0
494018,0.0
494076,0.0
494083,0.0
494087,0.0
494158,0.0
494160,0.0
494178,0.0
494226,0.0
494227,0.0
494228,0.0
494251,1.0
494271,0.0
494276,0.0
494291,0.0
494292,1.0
494293,0.0
494303,0.0
494307,0.0
494327,0.0
494348,0.0
494367,0.0
494421,0.0
494435,0.0
494449,0.0
494452,0.0
494459,0.0
494461,0.0
494466,0.0
494477,0.0
494479,0.0
494484,0.0
494496,0.0
494501,0.0
494517,0.0
494530,0.0
494534,0.0
494549,0.0
494554,0.0
494555,0.0
494561,0.0
494562,0.0
494572,0.0
494582,0.0
494592,0.0
494596,0.0
494601,0.0
494630,0.0
494639,0.0
494642,0.0
494644,0.0
494647,0.0
494697,0.0
494708,0.0
494709,0.0
494716,0.0
494725,0.0
494726,0.0
494753,0.0
494755,0.0
494756,0.0
494761,0.0
494771,0.0
494811,0.0
494812,0.0
494834,0.0
494852,0.0
494853,0.0
494856,0.0
494870,0.0
494876,0.0
494887,0.0
494892,0.0
494943,0.0
494956,0.0
494964,0.0
494972,0.0
494982,0.0
495004,0.0
495023,0.0
495090,0.0
495111,0.0
495123,0.0
495126,0.0
495138,0.0
495145,0.0
495183,0.0
495190,0.0
495191,0.0
495193,0.0
495197,0.0
495210,1.0
495220,0.0
495227,0.0
495279,0.0
495295,0.0
495307,0.0
495322,0.0
495325,0.0
495336,0.0
495339,0.0
495343,0.0
495346,0.0
495367,0.0
495376,0.0
495381,0.0
495388,0.0
495399,0.0
495423,0.0
495440,0.0
495446,0.0
495447,0.0
495508,0.0
495518,0.0
495519,0.0
495550,0.0
495553,0.0
495579,0.0
495581,0.0
495595,0.0
495601,0.0
495602,0.0
495611,0.0
495633,0.0
495639,0.0
495683,0.0
495689,0.0
495696,1.0
495726,1.0
495742,0.0
495743,0.0
495746,0.0
495757,0.0
495766,0.0
495776,0.0
495781,0.0
495783,0.0
495793,0.0
495803,0.0
495817,0.0
495832,0.0
495849,0.0
495860,0.0
495893,0.0
495894,0.0
495909,0.0
495916,0.0
495924,0.0
495941,0.0
495949,0.0
495959,0.0
495977,0.0
495984,0.0
495989,0.0
496013,0.0
496108,0.0
496111,1.0
496114,0.0
496118,0.0
496129,0.0
496146,0.0
496150,0.0
496160,0.0
496169,0.0
496172,0.0
496216,1.0
496221,0.0
496222,0.0
496230,0.0
496233,0.0
496235,0.0
496243,0.0
496245,0.0
496251,0.0
496253,0.0
496263,0.0
496265,0.0
496267,0.0
496323,0.0
496336,0.0
496340,0.0
496344,0.0
496345,0.0
496347,0.0
496359,0.0
496387,0.0
496398,0.0
496406,0.0
496408,0.0
496414,0.0
496417,0.0
496420,0.0
496432,0.0
496438,0.0
496463,0.0
496464,0.0
496478,0.0
496482,0.0
496485,0.0
496489,0.0
496496,0.0
496498,0.0
496504,0.0
496546,0.0
496569,0.0
496573,0.0
496586,0.0
496590,0.0
496598,0.0
496643,0.0
496666,1.0
496667,0.0
496705,0.0
496710,0.0
496713,0.0
496735,0.0
496754,0.0
496758,0.0
496764,0.0
496776,0.0
496781,0.0
496794,0.0
496796,0.0
496797,0.0
496825,0.0
496838,0.0
496844,0.0
496852,0.0
496858,0.0
496873,0.0
496875,0.0
496882,0.0
496903,0.0
496905,0.0
496907,0.0
496910,0.0
496913,0.0
496923,0.0
496944,0.0
496950,0.0
496963,0.0
496964,0.0
496965,0.0
496970,0.0
496972,0.0
496986,0.0
496992,0.0
497021,0.0
497044,0.0
497052,0.0
497066,0.0
497082,0.0
497092,0.0
497110,1.0
497114,0.0
497121,0.0
497130,0.0
497135,0.0
497138,0.0
497146,0.0
497152,0.0
497163,0.0
497168,0.0
497176,0.0
497183,0.0
497197,0.0
497198,0.0
497204,0.0
497210,0.0
497219,0.0
497232,0.0
497237,0.0
497253,0.0
497259,0.0
497262,0.0
497294,0.0
497295,0.0
497300,0.0
497308,0.0
497313,0.0
497328,0.0
497354,0.0
497369,0.0
497388,1.0
497392,0.0
497394,0.0
497396,0.0
497400,0.0
497404,0.0
497405,1.0
497423,0.0
497451,0.0
497463,0.0
497466,0.0
497472,0.0
497473,0.0
497474,0.0
497476,0.0
497489,0.0
497499,0.0
497507,0.0
497510,0.0
497513,0.0
497515,0.0
497529,0.0
497539,0.0
497541,0.0
497543,0.0
497546,0.0
497547,0.0
497548,0.0
497550,0.0
497554,0.0
497559,0.0
497566,0.0
497570,0.0
497591,0.0
497592,0.0
497593,0.0
497597,0.0
497599,0.0
497618,0.0
497624,0.0
497626,0.0
497637,0.0
497664,0.0
497669,0.0
497686,0.0
497695,1.0
497698,0.0
497716,0.0
497719,0.0
497737,0.0
497745,0.0
497746,0.0
497748,0.0
497754,0.0
497769,0.0
497799,0.0
497833,0.0
497850,0.0
497859,0.0
497863,1.0
497864,0.0
497866,0.0
497872,0.0
497885,0.0
497893,0.0
497922,0.0
497923,0.0
497925,0.0
497949,0.0
497950,0.0
497960,0.0
497965,0.0
497994,0.0
497996,0.0
498004,0.0
498011,0.0
498024,0.0
498042,0.0
498048,0.0
498053,0.0
498060,0.0
498077,0.0
498078,0.0
498102,0.0
498105,0.0
498119,0.0
498122,0.0
498137,0.0
498142,0.0
498152,0.0
498176,0.0
498206,0.0
498209,0.0
498216,0.0
498217,0.0
498225,0.0
498230,0.0
498233,0.0
498237,0.0
498238,0.0
498244,0.0
498253,0.0
498269,1.0
498275,0.0
498287,0.0
498291,0.0
498292,0.0
498298,0.0
498309,0.0
498327,0.0
498337,0.0
498338,0.0
498344,0.0
498349,0.0
498354,0.0
498399,0.0
498400,0.0
498404,0.0
498409,0.0
498433,0.0
498496,0.0
498539,0.0
498573,0.0
498582,1.0
498587,0.0
498618,0.0
498625,0.0
498632,0.0
498639,0.0
498650,0.0
498658,0.0
498664,0.0
498668,0.0
498683,0.0
498686,0.0
498687,0.0
498694,0.0
498698,0.0
498734,0.0
498755,0.0
498775,0.0
498777,0.0
498783,0.0
498797,0.0
498802,0.0
498828,0.0
498866,0.0
498894,0.0
498913,0.0
498933,0.0
498934,0.0
498936,0.0
498957,0.0
498969,0.0
498979,0.0
498984,0.0
498997,0.0
499006,0.0
499010,0.0
499047,0.0
499051,0.0
499056,0.0
499076,0.0
499093,0.0
499103,0.0
499104,0.0
499111,0.0
499113,0.0
499114,0.0
499119,0.0
499129,0.0
499184,0.0
499187,0.0
499204,0.0
499209,0.0
499228,0.0
499235,0.0
499243,0.0
499267,0.0
499277,0.0
499280,0.0
499284,0.0
499288,0.0
499289,0.0
499300,0.0
499303,0.5
499309,0.0
499314,0.0
499352,0.0
499358,0.0
499365,0.0
499373,0.0
499384,0.0
499385,0.0
499429,0.0
499437,0.0
499438,0.0
499439,0.0
499445,0.0
499448,0.0
499449,0.0
499459,0.0
499483,0.0
499500,0.0
499517,0.0
499520,0.0
499526,0.0
499532,0.0
499542,0.0
499550,0.0
499555,0.0
499561,0.0
499565,0.0
499583,0.0
499584,0.0
499586,0.0
499620,0.0
499626,0.0
499636,0.0
499638,0.0
499651,0.0
499654,0.0
499671,0.0
499681,0.0
499684,0.0
499692,0.0
499719,0.0
499728,0.0
499732,0.0
499741,0.0
499746,0.0
499747,0.0
499752,0.0
499758,0.0
499759,0.0
499762,1.0
499767,0.0
499775,0.0
499777,0.0
499779,0.0
499781,0.0
499784,0.0
499785,0.0
499790,0.0
499792,0.0
499843,0.0
499860,0.0
499901,0.0
499927,1.0
499937,0.0
499961,0.0
499971,0.0
499984,1.0
499988,0.0
499989,0.0
499998,0.0
500021,0.0
500043,0.0
500049,0.0
500059,0.0
500063,0.0
500072,0.0
500082,0.0
500089,0.0
500111,0.0
500114,0.0
500121,1.0
500123,0.0
500125,0.0
500138,0.0
500143,0.0
500146,0.0
500161,0.0
500174,0.0
500176,0.0
500201,0.0
500218,1.0
500219,0.0
500227,0.0
500242,0.0
500244,1.0
500259,0.0
500262,0.0
500297,1.0
500311,0.0
500335,0.0
500339,0.0
500350,0.0
500356,0.0
500364,0.0
500366,0.0
500370,0.0
500372,0.0
500384,0.0
500409,1.0
500413,0.0
500433,0.0
500441,0.0
500451,0.0
500457,0.0
500459,0.0
500464,0.0
500468,0.0
500471,0.0
500476,0.0
500496,0.0
500521,0.0
500551,0.0
500562,0.0
500566,0.0
500570,0.0
500571,0.0
500594,0.0
500607,0.0
500617,0.0
500640,0.0
500643,0.0
500648,1.0
500659,0.0
500665,0.0
500667,0.0
500670,0.0
500677,0.0
500686,0.0
500692,0.0
500697,0.0
500700,0.0
500703,0.0
500705,0.0
500708,0.0
500721,0.0
500725,0.0
500753,0.0
500756,0.0
500777,0.0
500782,0.0
500785,0.0
500792,0.0
500793,0.0
500816,0.0
500819,0.0
500822,0.0
500824,0.0
500830,0.0
500832,1.0
500834,0.0
500835,0.0
500862,0.0
500877,0.0
500906,0.0
500910,0.0
500912,0.0
500921,0.0
500922,0.0
500924,0.0
500930,0.0
500936,0.0
500940,0.0
500952,1.0
500954,0.0
500970,0.0
500981,0.0
500993,0.0
501001,0.0
501002,0.0
501004,0.0
501023,0.0
501032,0.0
501071,1.0
501074,0.0
501080,0.0
501088,0.0
501090,0.0
501091,0.0
501101,0.0
501107,0.0
501112,0.0
501118,0.0
501131,0.0
501133,0.0
501148,0.0
501157,0.0
501160,0.0
501166,0.0
501181,0.0
501185,0.0
501209,0.0
501211,0.0
501223,0.0
501264,0.0
501288,0.0
501289,0.0
501291,0.0
501296,0.0
501300,0.0
501328,0.0
501336,0.0
501339,0.0
501343,0.0
501356,0.0
501357,0.0
501359,0.0
501367,0.0
501372,0.0
501398,0.0
501400,0.0
501416,0.0
501432,0.0
501434,0.0
501437,0.0
501439,0.0
501443,0.0
501455,1.0
501459,0.0
501460,0.0
501462,0.0
501463,0.0
501474,0.0
501480,0.0
501499,0.0
501511,0.0
501533,0.0
501535,0.0
501561,0.0
501572,0.0
501583,0.0
501584,0.0
501597,0.0
501632,0.0
501656,0.0
501658,0.0
501663,0.0
501675,0.0
501688,0.0
501744,0.0
501749,0.0
501763,0.0
501773,0.0
501793,0.0
501809,0.0
501817,0.0
501823,0.0
501832,0.0
501836,0.0
501868,0.0
501882,0.0
501892,1.0
502001,0.0
502002,0.0
502039,0.0
502077,0.0
502089,0.0
502111,0.0
502126,0.0
502175,0.0
502178,0.0
502183,0.0
502186,0.0
502191,0.0
502194,0.0
502217,0.0
502220,0.0
502223,0.0
502244,0.0
502245,0.0
502281,0.0
502311,0.0
502315,0.0
502321,0.0
502331,0.0
502344,0.0
502351,0.0
502352,0.0
502357,0.0
502400,0.0
502402,0.0
502445,0.0
502446,0.0
502465,0.0
502476,0.0
502483,0.0
502488,0.0
502526,0.0
502537,0.0
502552,0.0
502554,0.0
502564,0.0
502575,0.0
502579,0.0
502590,0.0
502607,0.0
502609,0.0
502623,0.0
502633,0.0
502651,0.0
502659,0.0
502663,0.0
502667,0.0
502677,0.0
502682,0.0
502687,0.0
502690,0.0
502692,0.0
502707,0.0
502708,0.0
502713,0.0
502716,0.0
502730,0.0
502733,0.0
502751,0.0
502753,0.0
502779,0.0
502780,0.0
502793,0.0
502797,0.0
502798,0.0
502819,0.0
502864,0.0
502869,0.0
502877,0.0
502883,0.0
502887,0.0
502893,0.0
502898,0.0
502908,0.0
502910,0.0
502939,0.0
502949,0.0
502965,0.0
502988,0.0
502992,0.0
502994,0.0
503014,0.0
503034,0.0
503076,1.0
503093,0.0
503107,0.0
503119,0.0
503156,0.0
503204,0.0
503214,0.0
503218,0.0
503245,0.0
503255,0.0
503263,0.0
503273,0.0
503286,0.0
503287,0.0
503295,0.0
503310,0.0
503314,0.0
503319,0.0
503323,0.0
503328,0.0
503334,0.0
503342,0.0
503351,0.0
503364,0.0
503374,0.0
503381,0.0
503401,0.0
503412,0.0
503414,0.0
503421,0.0
503422,0.0
503426,0.0
503429,0.0
503430,0.0
503444,0.0
503448,0.0
503461,0.0
503477,1.0
503485,0.0
503495,0.0
503508,0.0
503516,0.0
503521,0.0
503533,0.0
503548,0.0
503605,0.0
503615,0.0
503629,0.0
503652,0.0
503653,0.0
503657,0.0
503664,0.0
503686,0.0
503689,1.0
503704,0.0
503712,0.0
503713,0.0
503722,0.0
503741,0.0
503750,0.0
503751,0.0
503753,0.0
503757,0.0
503765,0.0
503769,0.0
503772,0.0
503775,0.0
503778,0.0
503782,0.0
503815,0.0
503818,0.0
503840,0.0
503850,0.0
503854,0.0
503894,0.0
503896,0.0
503919,0.0
503923,0.0
503934,0.0
503936,0.0
503944,0.0
503945,0.0
503954,0.0
503956,0.0
503958,1.0
503959,0.0
503982,0.0
503989,0.0
504003,0.0
504013,0.0
504022,0.0
504025,0.0
504030,0.0
504041,0.0
504042,0.0
504058,0.0
504060,0.0
504070,0.0
504073,0.0
504089,0.0
504095,0.0
504113,0.0
504120,0.0
504127,0.0
504130,0.0
504132,0.0
504163,0.0
504175,0.0
504176,0.0
504189,0.0
504191,0.0
504197,0.0
504212,0.0
504216,0.0
504218,0.0
504220,0.0
504232,0.0
504237,0.0
504241,0.0
504243,0.0
504246,0.0
504250,0.0
504260,0.0
504266,0.0
504268,0.0
504275,0.0
504285,0.0
504295,0.0
504298,0.0
504320,0.0
504321,0.0
504322,0.0
504323,0.0
504324,0.0
504327,0.0
504332,0.0
504344,0.0
504355,0.0
504373,0.0
504377,0.0
504387,0.0
504390,0.0
504391,0.0
504412,0.0
504417,0.0
504418,0.0
504433,0.0
504446,0.0
504449,0.0
504452,0.0
504453,0.0
504467,0.0
504470,0.0
504475,0.0
504484,0.0
504488,0.0
504494,0.0
504498,0.0
504499,0.0
504502,0.0
504509,0.0
504513,0.0
504516,0.0
504519,0.0
504550,0.0
504557,0.0
504592,1.0
504612,0.0
504622,0.0
504623,0.0
504625,0.0
504626,0.0
504628,0.0
504636,0.0
504641,0.0
504644,0.0
504653,0.0
504688,0.0
504701,0.0
504702,0.0
504708,0.0
504709,0.0
504722,0.0
504726,0.0
504729,0.0
504737,0.0
504747,0.0
504748,0.0
504768,0.0
504773,0.0
504800,0.0
504801,0.0
504802,0.0
504814,0.0
504817,0.0
504833,0.0
504847,0.0
504866,0.0
504869,0.0
504875,0.0
504884,0.0
504909,0.0
504912,0.0
504920,0.0
504921,0.0
504924,0.0
504927,0.0
504957,0.0
504959,0.0
504961,0.0
504969,0.0
504972,0.0
504973,0.0
504978,0.0
504985,0.0
504993,0.0
504996,0.0
504997,0.0
505011,0.0
505016,0.0
505023,0.0
505048,0.0
505054,0.0
505058,0.0
505086,0.0
505143,0.0
505150,0.0
505161,0.0
505163,0.0
505169,0.0
505183,0.0
505188,0.0
505189,0.0
505193,0.0
505198,0.0
505203,1.0
505229,0.0
505237,0.0
505250,0.0
505251,0.0
505257,0.0
505265,0.0
505284,0.0
505299,0.0
505319,0.0
505329,0.0
505331,0.0
505333,0.0
505342,0.0
505351,0.0
505357,0.0
505361,0.0
505364,0.0
505370,0.0
505395,0.0
505404,0.0
505423,0.0
505430,0.0
505454,0.0
505466,0.0
505473,0.0
505476,0.0
505495,0.0
505538,0.0
505556,0.0
505558,0.0
505581,0.0
505587,0.0
505595,0.0
505610,0.0
505612,0.0
505614,0.0
505638,0.0
505642,0.0
505648,0.0
505649,0.0
505658,0.0
505659,0.0
505671,0.0
505672,0.5
505685,0.0
505691,0.0
505698,0.0
505700,0.0
505702,0.0
505713,0.0
505720,0.0
505732,0.0
505736,0.0
505740,0.0
505764,0.0
505788,0.0
505797,0.0
505821,0.0
505831,0.0
505838,0.0
505841,0.0
505847,0.0
505848,0.0
505849,0.0
505852,0.0
505860,1.0
505884,0.0
505890,0.0
505896,0.0
505897,0.0
505902,0.0
505908,0.0
505910,0.0
505920,0.0
505921,0.0
505936,0.0
505938,0.0
505942,0.0
505945,0.0
505948,0.0
505953,0.0
505964,0.0
505969,0.0
505970,0.0
505972,0.0
505979,0.0
505982,0.0
505992,0.0
506004,0.0
506006,0.0
506024,0.0
506030,0.0
506044,0.0
506060,0.0
506067,0.0
506078,0.0
506081,0.0
506083,0.0
506183,0.0
506206,0.0
506210,0.0
506215,0.0
506217,0.0
506219,0.0
506221,0.0
506223,0.0
506232,0.0
506242,0.0
506250,0.0
506251,1.0
506263,0.0
506295,0.0
506296,1.0
506338,0.0
506347,0.0
506350,0.0
506351,1.0
506374,0.0
506380,0.0
506412,0.0
506423,0.0
506426,0.0
506436,0.0
506443,0.0
506459,0.0
506472,0.0
506480,0.0
506504,0.0
506529,0.0
506539,0.0
506547,0.0
506554,0.0
506556,0.0
506572,0.0
506589,0.0
506593,0.0
506597,0.0
506603,0.0
506609,0.0
506636,0.0
506643,0.0
506673,0.0
506675,0.0
506681,0.0
506685,0.0
506704,0.0
506711,0.0
506736,0.0
506750,0.0
506770,0.0
506785,0.0
506789,0.0
506790,0.0
506809,0.0
506834,0.0
506836,0.0
506851,1.0
506852,0.0
506909,0.0
506917,0.0
506928,0.0
506932,1.0
506933,0.0
506934,0.0
506938,0.0
506947,0.0
506963,0.0
506970,0.0
506976,0.0
506978,0.0
506988,0.0
506989,0.0
507006,0.0
507010,0.0
507037,0.0
507054,1.0
507057,0.0
507079,0.0
507100,0.0
507102,0.0
507112,0.0
507140,0.0
507144,0.0
507155,0.0
507169,0.0
507183,0.0
507192,0.0
507206,0.0
507207,0.0
507217,0.0
507220,0.0
507231,0.0
507233,0.0
507238,0.0
507253,1.0
507255,0.0
507265,0.0
507269,0.0
507273,0.0
507283,0.0
507284,0.0
507285,0.0
507293,0.0
507309,0.0
507320,0.0
507327,0.0
507329,0.0
507347,0.0
507353,0.0
507354,0.0
507363,0.0
507365,0.0
507397,0.0
507400,0.0
507409,0.0
507417,0.0
507441,0.0
507446,0.0
507460,0.0
507474,1.0
507477,0.0
507492,1.0
507495,0.0
507503,0.0
507504,0.0
507532,0.0
507533,0.0
507541,0.0
507542,0.0
507546,1.0
507551,0.0
507567,0.0
507589,0.0
507591,0.0
507594,0.0
507614,0.0
507617,0.0
507628,0.0
507643,1.0
507647,0.0
507678,0.0
507680,0.0
507682,0.0
507683,0.0
507689,0.0
507701,0.0
507707,0.0
507710,0.0
507712,0.0
507723,0.0
507745,0.0
507748,0.0
507750,0.0
507763,0.0
507773,0.0
507775,0.0
507777,0.0
507778,0.0
507786,0.0
507787,0.0
507818,0.0
507825,0.0
507836,0.0
507841,0.0
507843,0.0
507844,0.0
507860,0.0
507864,0.0
508007,0.0
508009,0.0
508010,0.0
508020,0.0
508039,0.0
508052,0.0
508058,0.0
508072,0.0
508076,0.0
508078,0.0
508085,0.0
508095,0.0
508096,0.0
508118,0.0
508123,0.0
508128,0.0
508136,0.0
508141,0.0
508154,0.0
508162,0.0
508184,0.0
508192,0.0
508195,0.0
508204,0.0
508208,0.0
508214,0.0
508220,0.5
508228,0.0
508230,0.0
508255,0.0
508295,0.0
508296,1.0
508304,0.0
508308,0.0
508311,0.0
508314,0.0
508316,0.0
508325,0.0
508334,0.0
508338,0.0
508345,0.0
508347,0.0
508364,0.0
508365,0.0
508373,0.0
508381,0.0
508383,0.0
508407,0.0
508416,0.0
508423,0.0
508434,0.0
508439,0.0
508448,0.0
508453,0.0
508454,0.0
508458,0.0
508481,0.0
508484,0.0
508491,0.0
508502,0.0
508522,0.0
508529,0.0
508533,0.0
508534,1.0
508559,0.0
508567,0.0
508570,0.0
508574,0.0
508600,0.0
508605,0.0
508608,0.0
508610,0.0
508622,0.0
508627,0.0
508631,0.0
508639,0.0
508646,0.0
508654,0.0
508686,0.0
508697,0.0
508699,0.0
508700,0.0
508712,0.0
508727,0.0
508728,0.0
508734,0.0
508751,0.0
508757,0.0
508771,0.0
508772,0.0
508782,0.0
508794,0.0
508796,1.0
508798,0.0
508801,0.0
508809,0.0
508812,0.0
508845,0.0
508850,0.0
508853,0.0
508865,0.0
508874,0.0
508878,0.0
508898,0.0
508909,0.0
508911,0.0
508928,0.0
508936,0.0
508938,0.0
508944,0.3333333333333333
508965,0.0
508966,0.0
508973,0.0
508979,0.0
508997,0.0
509008,0.0
509014,0.0
509018,0.0
509027,0.0
509034,0.0
509036,0.0
509041,0.0
509055,0.0
509056,0.0
509059,0.0
509070,0.0
509081,0.0
509083,0.0
509093,0.0
509101,0.0
509109,0.0
509112,0.0
509116,0.0
509130,0.0
509131,0.0
509136,0.0
509143,0.0
509145,0.0
509149,0.0
509156,0.0
509165,0.0
509179,0.0
509193,1.0
509215,0.0
509225,0.0
509230,0.0
509238,0.0
509248,0.0
509258,0.0
509261,0.0
509275,0.0
509280,0.0
509281,0.0
509295,0.0
509302,0.0
509305,0.0
509306,0.0
509314,0.0
509319,0.0
509321,0.0
509331,0.0
509342,0.0
509344,0.0
509358,0.0
509366,0.0
509376,0.0
509389,0.0
509400,0.0
509403,0.0
509420,0.0
509459,0.0
509468,0.0
509472,0.0
509514,0.0
509542,0.0
509545,0.0
509546,0.0
509551,0.0
509579,0.0
509625,0.0
509627,0.5
509640,0.0
509670,0.0
509675,0.0
509681,0.0
509685,0.0
509705,0.0
509708,0.0
509716,0.0
509723,0.0
509743,0.0
509749,0.0
509750,0.0
509753,0.0
509776,0.0
509785,0.0
509792,0.0
509829,0.0
509830,0.0
509833,0.0
509834,0.0
509845,0.0
509850,0.0
509852,1.0
509863,0.0
509865,1.0
509877,0.0
509893,0.0
509904,1.0
509908,0.0
509911,0.0
509914,0.0
509920,1.0
509933,0.0
509946,0.0
509960,0.0
509963,0.0
509966,0.0
509967,0.0
509976,0.0
509989,0.0
509993,0.0
510023,0.0
510079,0.0
510082,0.0
510094,0.0
510102,0.0
510128,0.0
510158,0.0
510174,0.0
510196,0.0
510210,0.0
510214,0.0
510223,0.0
510227,1.0
510231,0.0
510244,0.0
510245,0.0
510253,0.0
510282,0.0
510292,0.0
510324,0.0
510325,0.0
510343,0.0
510354,0.0
510379,0.0
510380,0.0
510385,0.0
510395,0.0
510425,0.0
510430,0.0
510507,0.0
510510,0.0
510526,0.0
510530,0.0
510536,0.0
510551,0.0
510569,0.0
510583,0.0
510595,0.0
510598,0.0
510607,0.0
510610,0.0
510651,0.0
510653,0.0
510664,1.0
510681,0.0
510690,0.0
510694,0.0
510696,0.0
510705,0.0
510708,0.0
510712,0.0
510713,0.0
510724,0.0
510734,0.0
510743,0.0
510745,1.0
510746,0.0
510748,0.0
510749,0.0
510764,0.0
510768,0.0
510772,0.0
510778,0.0
510782,0.0
510798,0.0
510804,0.0
510806,0.0
510810,0.0
510813,0.0
510823,0.0
510837,0.0
510839,0.0
510842,0.0
510848,0.0
510862,0.0
510865,1.0
510887,0.0
510910,0.0
510926,0.0
510948,0.0
510949,0.0
510960,0.0
510982,0.0
510985,0.0
510987,0.0
511005,0.0
511010,0.0
511031,0.0
511048,0.0
511083,0.0
511085,0.0
511094,0.0
511107,0.0
511118,0.0
511120,0.0
511124,0.0
511141,0.0
511154,0.0
511155,1.0
511172,0.0
511176,0.0
511197,1.0
511203,0.0
511209,0.0
511210,0.0
511221,0.0
511227,0.0
511238,0.0
511244,0.0
511265,0.0
511288,0.0
511301,0.0
511315,0.0
511324,0.0
511329,0.0
511331,0.0
511332,0.0
511349,0.0
511350,0.0
511360,0.0
511375,0.0
511386,0.0
511394,0.0
511407,0.0
511408,0.0
511414,0.0
511416,0.0
511427,0.0
511430,0.0
511441,0.0
511450,0.0
511453,0.0
511455,0.0
511461,0.0
511472,0.0
511483,0.0
511493,0.0
511515,0.0
511521,0.0
511531,0.0
511569,0.0
511582,0.0
511591,0.0
511594,0.0
511605,0.0
511611,0.0
511624,0.0
511628,0.0
511656,0.0
511689,0.0
511693,0.0
511704,0.0
511705,1.0
511707,0.0
511714,0.0
511716,0.0
511717,0.0
511725,0.0
511729,0.0
511731,0.0
511732,1.0
511766,0.0
511789,0.0
511800,0.0
511820,0.0
511838,0.0
511878,0.0
511880,0.0
511892,0.0
511903,0.0
511927,0.0
511930,0.0
511933,0.0
511936,0.0
511939,0.0
511944,0.0
511955,0.0
511958,0.0
511965,0.0
511968,0.0
511973,0.0
511981,0.0
511984,0.0
511987,0.0
511994,0.0
511997,0.0
512006,0.0
512012,0.0
512036,0.0
512070,0.0
512075,0.0
512090,0.0
512106,0.0
512147,0.0
512159,0.0
512161,0.0
512172,0.0
512188,0.0
512196,0.0
512199,0.0
512210,0.0
512226,0.0
512244,0.0
512247,0.0
512281,0.0
512306,0.0
512335,0.0
512351,0.0
512394,0.0
512424,0.0
512444,0.0
512452,0.0
512455,0.0
512500,0.0
512508,0.0
512517,0.0
512522,0.0
512524,0.0
512528,0.0
512530,0.0
512544,0.0
512548,0.0
512549,0.0
512625,0.0
512627,0.0
512648,0.0
512654,0.0
512681,0.0
512687,0.0
512689,0.0
512692,0.0
512695,0.0
512705,0.0
512731,0.0
512797,0.0
512833,0.0
512879,1.0
512886,0.0
512915,0.0
512928,0.0
512947,0.0
512949,0.0
512980,0.0
512981,1.0
512987,0.0
512998,0.0
513005,0.0
513008,0.0
513009,0.0
513031,0.0
513035,0.0
513054,0.0
513055,0.0
513073,0.0
513077,0.0
513099,0.0
513114,0.0
513118,0.0
513120,0.0
513125,0.0
513126,0.0
513130,0.0
513136,0.0
513141,0.0
513153,0.0
513162,0.0
513171,0.0
513182,0.0
513186,0.0
513211,0.0
513235,0.0
513242,0.0
513251,0.0
513253,0.0
513267,0.0
513269,0.0
513279,0.0
513290,0.0
513300,0.0
513303,0.0
513305,0.0
513313,0.0
513315,0.0
513344,1.0
513422,0.0
513427,1.0
513451,0.0
513452,0.0
513454,0.0
513468,0.0
513471,0.0
513500,0.0
513501,0.0
513512,0.0
513518,0.0
513523,0.0
513538,0.0
513545,0.0
513550,0.0
513556,0.0
513611,1.0
513630,0.0
513645,0.0
513674,0.0
513675,0.0
513696,0.0
513706,1.0
513720,0.0
513730,0.0
513731,0.0
513732,0.0
513749,0.0
513758,0.0
513777,0.0
513781,0.0
513782,0.0
513799,0.0
513806,0.0
513810,0.0
513821,0.0
513823,0.0
513825,0.0
513840,0.0
513844,0.0
513866,0.0
513867,0.0
513885,0.0
513907,0.0
513923,0.0
513928,0.0
513929,0.0
513934,0.0
513935,0.0
513940,0.0
513945,0.0
513946,0.0
513957,0.0
513959,0.0
513967,0.0
513968,0.0
513972,0.0
513983,0.0
514024,0.0
514045,0.0
514049,0.0
514085,0.0
514092,0.0
514098,0.0
514107,0.0
514122,0.0
514123,0.0
514126,0.0
514147,0.0
514164,0.0
514199,1.0
514211,0.0
514219,0.0
514225,0.0
514259,0.0
514263,0.0
514268,0.0
514276,0.0
514283,0.0
514284,0.0
514303,0.0
514307,0.0
514317,0.0
514327,0.0
514337,1.0
514348,0.0
514350,0.0
514368,0.0
514390,0.0
514400,0.0
514404,0.0
514411,0.0
514422,0.0
514428,0.0
514441,1.0
514498,0.0
514503,0.0
514505,0.0
514508,0.0
514523,0.0
514534,0.0
514539,0.0
514545,0.0
514559,0.0
514565,0.0
514582,0.0
514591,0.0
514604,0.0
514608,0.0
514630,0.0
514631,0.0
514643,0.0
514647,0.0
514650,0.0
514664,0.0
514667,0.0
514672,0.0
514697,0.0
514717,0.0
514720,0.0
514728,0.0
514730,0.0
514736,0.0
514752,0.0
514768,0.0
514771,0.0
514777,0.0
514778,0.0
514789,0.0
514797,0.0
514798,0.0
514802,0.0
514810,0.0
514815,0.0
514820,0.0
514828,0.0
514834,0.0
514838,0.0
514843,0.0
514847,0.0
514868,0.0
514870,0.0
514874,0.0
514902,0.0
514906,0.0
514936,0.0
514939,0.0
514941,0.0
514972,0.0
514976,0.0
514985,0.0
514986,0.0
514989,0.0
515032,0.0
515036,0.0
515046,0.0
515052,0.0
515068,0.0
515081,0.0
515085,0.0
515089,0.0
515091,0.0
515094,0.0
515119,0.0
515122,0.0
515138,0.0
515152,0.0
515174,0.0
515177,0.0
515198,0.0
515218,0.0
515230,0.0
515240,0.0
515252,0.0
515254,0.0
515258,0.0
515261,0.0
515276,0.0
515284,0.0
515287,0.0
515307,0.0
515320,1.0
515346,0.0
515347,0.0
515365,0.5
515366,0.0
515384,0.0
515397,0.0
515398,0.0
515432,0.0
515444,1.0
515462,0.0
515471,0.0
515506,0.0
515508,0.0
515513,0.0
515536,0.0
515537,0.0
515546,0.0
515553,0.0
515557,0.0
515567,0.0
515600,0.0
515605,0.0
515633,0.0
515637,0.0
515643,0.0
515662,0.0
515676,0.0
515692,0.0
515698,0.0
515707,0.0
515744,0.0
515747,0.0
515751,0.0
515758,0.0
515768,1.0
515792,0.0
515853,0.0
515866,0.0
515907,0.0
515910,0.0
515921,0.0
515962,0.0
515973,0.0
515985,0.0
516004,0.0
516014,0.0
516048,0.0
516067,0.0
516071,0.0
516077,0.0
516084,0.0
516087,0.0
516141,0.0
516145,0.0
516150,0.0
516156,0.0
516159,0.0
516176,0.0
516180,0.5
516197,0.0
516208,0.0
516251,0.0
516259,0.0
516278,0.0
516318,0.0
516321,0.0
516324,0.0
516326,0.0
516349,0.0
516364,0.0
516367,0.0
516374,0.0
516375,1.0
516384,0.0
516387,1.0
516403,0.0
516412,0.0
516413,0.0
516418,0.0
516420,0.0
516437,0.0
516461,0.0
516463,0.0
516472,0.0
516479,0.0
516482,0.0
516506,0.0
516507,0.0
516516,0.0
516528,0.0
516535,0.0
516540,0.0
516551,0.0
516572,0.0
516603,0.0
516611,0.0
516637,0.0
516650,0.0
516654,0.0
516660,0.0
516697,0.0
516713,0.0
516715,0.0
516769,0.0
516791,0.0
516798,0.0
516804,0.0
516856,0.0
516866,0.0
516881,0.0
517070,0.0
517072,0.0
517100,0.0
517108,0.0
517126,0.0
517151,0.0
517159,0.0
517196,0.0
517233,0.0
517254,0.0
517266,0.0
517277,0.0
517280,0.0
517282,0.0
517290,0.0
517297,0.0
517314,0.0
517322,1.0
517328,0.0
517341,0.0
517352,0.0
517372,0.0
517382,0.0
517383,0.0
517387,0.0
517408,0.0
517409,0.0
517423,0.0
517433,0.0
517435,0.0
517438,0.0
517440,0.0
517449,0.0
517465,1.0
517474,0.0
517495,0.0
517505,0.0
517519,0.0
517539,0.0
517557,0.0
517620,0.0
517637,0.0
517673,0.0
517684,0.0
517697,0.0
517755,0.0
517757,0.0
517778,0.0
517797,0.0
517805,0.0
517807,0.0
517833,0.0
517867,0.0
517870,0.0
517895,0.0
517902,0.0
517903,0.0
517909,0.0
517952,0.0
517959,0.0
517972,0.0
517975,0.0
517983,0.0
517985,0.0
517999,0.0
518009,0.0
518072,0.0
518081,0.0
518145,0.0
518148,0.0
518183,0.0
518228,0.0
518239,0.0
518243,0.0
518248,0.0
518253,0.0
518271,0.0
518282,0.0
518313,0.0
518328,0.0
518331,1.0
518359,0.0
518374,0.0
518385,0.0
518397,0.0
518404,0.0
518410,0.0
518415,0.0
518421,0.0
518430,0.0
518454,0.0
518487,0.0
518499,0.0
518514,0.0
518598,0.0
518601,0.0
518607,0.0
518609,0.0
518614,0.0
518619,0.0
518662,0.0
518687,0.0
518714,0.0
518715,0.0
518758,1.0
518814,0.0
518821,0.0
518851,0.0
518853,0.0
518859,0.0
518864,0.0
518885,0.0
518889,0.0
518901,0.0
518945,0.0
518984,0.0
518985,0.0
518997,0.0
519016,0.0
519042,0.0
519047,0.0
519074,1.0
519081,0.0
519083,0.0
519099,0.0
519184,0.0
519237,0.0
519243,0.0
519253,0.0
519264,1.0
519280,0.0
519282,0.0
519289,0.0
519292,0.0
519302,0.0
519312,0.0
519314,0.0
519338,0.0
519346,0.0
519371,0.0
519387,0.0
519405,0.0
519422,0.0
519425,0.0
519427,0.0
519449,0.0
519474,0.0
519517,0.0
519520,0.0
519621,0.0
519622,0.0
519623,1.0
519642,0.0
519656,0.0
519660,0.0
519673,0.0
519684,0.0
519691,0.0
519704,0.0
519722,0.0
519727,0.0
519731,0.0
519739,0.0
519750,0.0
519803,0.0
519807,0.0
519812,0.0
519813,0.0
519817,0.0
519819,0.0
519824,0.0
519833,0.0
519843,0.0
519849,0.0
519850,0.0
519851,0.0
519854,0.0
519859,0.0
519921,0.0
519946,0.0
519965,0.0
519981,0.0
519987,0.0
520023,0.0
520035,0.0
520039,0.0
520044,0.0
520072,0.0
520075,0.0
520083,0.0
520085,0.0
520103,0.0
520112,0.0
520130,0.0
520162,0.0
520182,0.0
520184,0.0
520188,0.0
520196,0.0
520210,0.0
520257,0.0
520268,0.0
520274,1.0
520282,0.0
520296,0.0
520306,0.0
520316,0.0
520350,0.0
520360,0.0
520367,0.0
520372,0.0
520375,0.0
520377,0.0
520402,0.0
520403,0.0
520409,0.5
520467,0.0
520480,0.0
520481,0.0
520512,0.0
520514,0.0
520522,0.0
520523,0.0
520533,0.0
520546,0.0
520547,0.0
520552,0.0
520639,0.0
520641,0.0
520657,0.0
520675,0.0
520709,0.0
520723,0.0
520727,0.0
520737,0.0
520739,0.0
520749,0.0
520751,0.0
520757,0.0
520761,0.0
520776,0.0
520828,0.0
520853,0.0
520860,0.0
520864,0.0
520867,0.0
520872,0.0
520873,0.0
520876,0.0
520989,0.0
521028,0.0
521039,0.0
521121,0.0
521124,0.0
521139,0.0
521155,0.0
521166,0.0
521172,0.0
521197,1.0
521198,0.0
521202,0.0
521207,0.0
521217,0.0
521231,0.0
521250,0.0
521252,0.0
521298,0.0
521302,0.0
521321,0.0
521336,0.0
521357,0.0
521360,0.0
521379,0.0
521435,0.0
521437,0.0
521460,0.0
521487,0.0
521499,1.0
521501,0.0
521521,0.0
521539,0.0
521541,0.0
521563,0.0
521564,0.0
521580,0.0
521581,1.0
521594,1.0
521618,0.0
521630,0.0
521641,0.0
521654,0.0
521664,0.0
521667,0.0
521673,0.0
521675,0.0
521683,0.0
521705,0.0
521711,0.0
521732,0.0
521734,0.0
521737,0.0
521738,0.0
521741,0.0
521743,0.0
521757,0.0
521790,0.0
521817,0.0
521820,0.0
521830,0.0
521847,0.0
521855,0.0
521867,0.0
521905,0.0
521908,0.0
521919,0.0
521923,0.0
521931,0.0
521933,0.0
521939,0.0
521947,0.0
521969,0.0
521998,0.0
522036,0.0
522094,0.0
522097,0.0
522116,0.0
522120,0.0
522156,0.0
522158,0.0
522176,0.0
522231,0.0
522264,0.0
522267,1.0
522277,0.0
522281,0.0
522282,0.0
522286,0.0
522293,0.0
522316,0.0
522318,0.0
522328,0.0
522358,0.0
522367,0.0
522426,0.0
522454,0.0
522470,0.0
522480,0.0
522492,0.0
522500,0.0
522519,0.0
522540,0.0
522543,0.0
522544,0.0
522556,0.0
522565,0.0
522656,0.0
522701,0.0
522704,0.0
522717,0.0
522718,0.0
522725,0.0
522762,0.0
522794,0.0
522797,0.0
522800,0.0
522805,0.0
522808,0.0
522809,0.0
522871,0.0
522886,0.0
522895,0.0
522929,0.0
522935,0.0
522949,0.0
522969,0.0
522988,0.0
522996,0.0
523003,0.0
523005,0.0
523029,0.0
523087,0.0
523093,0.0
523095,0.0
523108,0.0
523122,0.0
523128,0.0
523134,0.0
523165,0.0
523168,0.0
523180,0.0
523188,0.0
523197,1.0
523205,0.0
523207,0.0
523220,0.0
523226,0.0
523231,0.0
523236,0.0
523242,0.0
523244,0.0
523260,0.0
523261,0.0
523286,0.0
523290,0.0
523293,0.0
523300,0.0
523310,0.0
523311,0.0
523331,0.0
523343,0.0
523346,0.0
523347,0.0
523352,0.0
523354,0.0
523366,0.0
523367,0.0
523385,0.0
523394,0.0
523398,0.0
523405,0.0
523412,0.0
523413,0.0
523446,0.0
523451,0.0
523452,0.0
523454,0.0
523455,1.0
523470,1.0
523478,0.0
523511,0.0
523523,0.0
523530,0.0
523554,0.0
523569,0.0
523608,0.0
523649,0.0
523653,0.0
523678,0.0
523685,0.0
523700,1.0
523703,0.0
523726,0.0
523784,0.0
523791,1.0
523792,0.0
523798,0.0
523799,0.0
523803,0.0
523826,0.0
523838,1.0
523852,0.0
523875,0.0
523885,0.0
523901,0.0
523914,0.0
523922,0.0
523927,0.0
523941,0.0
523957,0.0
523964,0.0
524002,0.0
524038,0.0
524041,0.0
524056,0.0
524072,0.0
524089,0.0
524110,0.0
524133,0.0
524216,0.0
524218,0.0
524247,0.0
524292,0.0
524304,0.0
524323,0.0
524341,0.0
524355,0.0
524400,0.5
524402,0.0
524440,0.0
524446,0.0
524454,0.0
524456,0.0
524466,0.0
524474,0.0
524485,0.0
524523,0.0
524528,0.0
524547,0.0
524549,0.0
524589,0.0
524597,0.0
524630,0.0
524636,0.0
524645,0.0
524679,0.0
524721,0.0
524756,0.0
524757,0.0
524768,0.0
524777,0.0
524781,0.0
524794,0.0
524802,0.0
524803,0.0
524805,0.0
524809,0.0
524823,0.0
524873,0.0
524895,1.0
524896,0.0
524897,0.0
524901,0.0
524923,0.0
524927,0.0
524929,0.0
524948,0.0
524952,0.0
524966,0.0
524984,0.0
524987,0.0
525002,0.0
525012,0.0
525015,0.0
525026,0.0
525038,0.0
525042,0.0
525044,0.0
525066,0.0
525082,0.0
525097,0.0
525102,0.0
525108,0.0
525122,0.0
525151,0.0
525160,0.0
525182,0.0
525184,1.0
525192,0.0
525199,0.0
525205,0.0
525210,0.0
525212,0.0
525222,0.0
525232,0.0
525245,0.0
525249,0.0
525254,0.0
525257,0.0
525263,0.0
525267,0.0
525276,0.0
525302,0.0
525345,0.0
525363,0.0
525368,0.0
525424,0.0
525426,0.0
525481,0.0
525539,0.0
525544,0.0
525546,0.0
525558,0.0
525565,0.0
525576,0.0
525581,0.0
525593,0.0
525607,0.0
525609,0.0
525611,0.0
525622,0.0
525626,0.0
525649,0.0
525650,0.0
525697,0.0
525768,0.0
525802,0.0
525810,0.0
525833,0.0
525849,0.0
525858,0.0
525909,0.0
525921,0.0
525933,0.0
525946,0.0
525951,0.0
525952,0.0
525969,0.0
525991,0.0
525999,0.0
526015,0.0
526036,0.0
526043,0.0
526054,0.0
526073,0.0
526077,0.0
526082,0.0
526088,0.0
526096,0.0
526106,0.0
526130,0.0
526139,0.0
526151,0.0
526169,0.0
526176,0.0
526215,0.0
526222,0.0
526249,0.0
526256,0.0
526258,0.0
526265,0.0
526274,0.0
526283,0.0
526284,0.0
526291,0.0
526302,0.0
526306,0.0
526312,0.0
526318,0.0
526332,0.0
526343,0.0
526345,0.0
526348,0.0
526356,0.0
526375,0.0
526384,0.0
526399,0.0
526411,0.0
526428,0.0
526457,0.0
526458,0.0
526505,0.0
526509,0.0
526524,0.0
526545,0.0
526549,0.0
526739,1.0
526748,0.0
526784,0.0
526831,0.0
526854,0.0
526857,0.0
526861,0.0
526865,0.0
526888,0.0
526906,0.0
526930,0.0
526940,0.0
526959,0.0
526983,0.0
527006,0.0
527010,0.0
527019,0.0
527024,0.0
527049,0.0
527057,0.0
527070,0.0
527086,0.0
527114,0.0
527120,0.0
527127,0.0
527135,0.0
527143,0.0
527147,0.0
527153,0.0
527170,0.0
527178,0.0
527183,0.0
527188,0.0
527189,0.0
527203,0.0
527206,0.0
527208,0.0
527224,0.0
527237,0.0
527243,0.0
527256,0.0
527259,0.0
527293,0.0
527301,0.0
527303,0.0
527308,0.0
527362,0.0
527368,0.0
527388,0.0
527427,0.0
527433,0.0
527487,0.0
527511,0.0
527519,0.0
527521,0.0
527553,0.0
527569,0.0
527616,0.0
527653,0.0
527654,0.0
527661,0.0
527664,0.0
527696,0.0
527707,0.0
527717,0.0
527726,0.0
527732,0.0
527740,0.0
527751,0.0
527761,0.0
527766,0.0
527772,0.0
527784,0.0
527798,0.0
527806,0.0
527864,0.0
527876,0.0
527881,0.0
527883,1.0
527932,0.5
527936,0.0
527937,0.0
527941,0.0
527948,0.0
527949,1.0
527950,0.0
527955,0.0
527959,0.0
527967,0.0
527968,0.0
527972,0.0
527998,0.0
528001,0.0
528005,0.0
528012,0.0
528026,0.0
528028,0.0
528057,0.0
528091,0.0
528116,0.0
528143,0.0
528154,0.0
528166,0.0
528190,0.0
528207,0.0
528212,0.0
528225,0.0
528233,0.0
528297,0.0
528309,0.0
528321,0.0
528331,0.0
528349,0.0
528362,0.0
528363,0.0
528364,0.0
528403,0.0
528410,0.0
528415,0.0
528417,0.0
528421,0.0
528422,0.0
528423,0.0
528434,0.0
528435,0.0
528436,0.0
528439,0.0
528445,0.0
528450,0.0
528454,0.0
528466,0.0
528478,0.0
528502,1.0
528505,0.5
528599,1.0
528605,0.0
528623,0.0
528632,0.0
528641,0.0
528676,0.0
528687,0.0
528710,0.0
528729,0.0
528736,0.0
528758,0.0
528762,1.0
528771,0.0
528794,0.0
528889,0.0
528890,0.0
528909,0.0
528911,0.0
528935,0.0
528944,0.0
528968,0.0
528984,0.0
528991,0.0
528992,0.0
528993,0.0
528996,0.0
529007,0.0
529054,0.0
529055,0.0
529104,0.0
529126,0.0
529155,0.0
529171,0.0
529172,0.0
529175,0.0
529209,0.0
529217,0.0
529289,0.0
529292,0.0
529300,0.0
529315,0.0
529325,0.0
529356,0.0
529378,0.0
529386,0.0
529397,0.0
529401,0.0
529456,0.0
529465,1.0
529466,0.0
529467,0.0
529476,0.0
529493,0.0
529511,0.0
529513,0.0
529522,0.0
529524,0.0
529527,0.0
529547,0.0
529552,0.0
529596,0.0
529605,0.0
529616,0.0
529633,0.0
529636,0.0
529637,0.0
529638,0.0
529646,0.0
529658,0.0
529664,0.0
529683,0.0
529690,0.0
529705,0.0
529706,0.0
529732,0.0
529738,0.0
529748,1.0
529752,0.0
529770,0.0
529772,0.0
529774,0.0
529793,0.0
529817,0.0
529826,0.0
529835,0.0
529847,0.0
529872,0.0
529884,0.0
529889,0.0
529935,0.0
529948,0.0
529952,0.0
529957,0.0
529959,0.0
529965,0.0
529974,0.0
529987,0.0
530011,0.0
530013,0.0
530033,0.0
530041,0.0
530068,0.0
530071,0.0
530096,0.0
530113,0.0
530125,0.0
530152,0.0
530153,0.0
530154,0.0
530173,0.0
530188,0.0
530189,0.0
530190,0.0
530191,0.0
530197,0.0
530221,0.0
530244,0.0
530246,0.0
530261,0.0
530274,0.0
530282,0.0
530288,0.0
530320,0.0
530325,0.0
530364,0.0
530377,0.0
530385,0.0
530389,0.0
530390,0.0
530435,0.0
530484,0.0
530485,0.0
530500,0.0
530501,0.0
530528,0.0
530551,0.0
530565,0.0
530577,0.0
530580,0.0
530588,0.0
530601,0.0
530602,1.0
530611,0.0
530617,0.0
530701,1.0
530708,0.0
530748,0.0
530793,0.0
530821,0.0
530831,0.0
530834,0.0
530836,0.0
530845,0.0
530856,0.0
530868,0.0
530874,0.0
530892,0.0
530897,0.0
530898,0.0
530899,0.0
530932,0.0
530960,0.0
530967,0.0
530970,0.0
530988,0.0
531006,0.0
531021,0.0
531030,0.0
531034,0.0
531098,0.0
531108,0.0
531120,0.0
531174,0.0
531217,0.0
531231,0.0
531250,0.0
531256,0.0
531257,0.0
531258,0.0
531276,0.0
531289,0.0
531292,0.0
531297,0.0
531311,0.0
531335,0.0
531341,0.0
531346,0.0
531357,0.0
531380,0.0
531386,0.0
531393,0.0
531409,0.0
531422,0.0
531427,0.0
531429,0.0
531433,0.0
531446,0.0
531463,0.0
531472,0.0
531516,0.0
531518,0.0
531527,0.0
531542,0.0
531577,0.0
531609,0.0
531623,0.0
531627,0.0
531662,0.0
531664,0.0
531669,0.0
531694,0.0
531710,0.0
531787,0.0
531788,0.0
531833,0.0
531849,0.0
531858,0.0
531859,0.0
531874,0.0
531875,0.0
531878,0.0
531886,0.0
531932,0.0
531953,0.0
531958,0.0
531962,0.0
531965,0.0
532028,0.0
532035,0.0
532036,0.0
532074,0.0
532086,0.0
532107,0.0
532118,0.0
532134,0.0
532150,0.0
532170,0.0
532176,0.0
532213,0.0
532227,0.0
532228,0.0
532250,0.0
532256,0.0
532258,0.0
532267,0.0
532294,0.0
532300,0.0
532320,0.0
532336,0.0
532351,0.0
532362,0.0
532366,1.0
532407,0.0
532421,0.0
532473,0.0
532474,1.0
532475,0.0
532488,0.0
532492,0.0
532497,0.0
532499,0.0
532502,0.0
532511,0.0
532513,0.0
532549,0.0
532583,0.0
532644,0.0
532662,0.0
532669,0.0
532670,0.0
532706,0.0
532731,0.0
532742,1.0
532765,0.0
532815,0.0
532826,0.0
532838,0.0
532842,0.0
532848,0.0
532920,0.0
532924,0.0
532926,0.0
532930,0.0
532942,0.0
532956,0.0
532983,0.0
532985,0.0
532992,0.0
533009,0.0
533019,0.0
533047,0.0
533064,0.0
533075,0.0
533098,0.0
533099,0.0
533102,0.0
533121,0.0
533137,0.0
533138,0.0
533158,0.0
533171,0.0
533185,0.0
533194,0.0
533201,0.0
533203,0.0
533221,0.0
533246,0.0
533268,0.0
533279,0.0
533284,1.0
533306,0.0
533312,0.0
533329,0.0
533346,0.0
533354,0.0
533391,0.0
533392,0.0
533395,0.0
533413,0.0
533432,0.0
533438,0.0
533440,0.0
533450,0.0
533454,0.0
533467,0.0
533469,1.0
533492,0.0
533496,0.0
533512,0.0
533541,1.0
533580,0.0
533582,0.0
533592,0.0
533600,0.0
533606,0.0
533610,0.0
533627,0.0
533644,0.0
533650,0.0
533658,0.0
533669,0.0
533679,0.0
533709,0.0
533711,0.5
533731,0.0
533739,0.0
533755,0.0
533793,1.0
533794,0.0
533801,0.0
533818,0.0
533838,1.0
533868,0.0
533873,0.0
533878,0.0
533901,0.0
533918,0.0
533920,0.0
533926,0.0
533943,0.0
533997,0.0
534001,0.0
534008,0.0
534010,0.0
534016,0.0
534026,0.0
534044,0.0
534051,0.0
534064,0.0
534071,0.0
534074,0.0
534080,0.0
534117,0.0
534181,0.0
534196,0.0
534201,0.0
534213,0.0
534234,0.0
534235,0.0
534275,0.0
534310,0.0
534334,0.0
534338,0.0
534367,0.0
534370,0.0
534371,0.0
534386,0.0
534389,0.0
534456,0.0
534466,0.0
534472,0.0
534473,0.0
534497,0.0
534503,0.0
534508,0.0
534513,0.0
534540,0.0
534548,0.0
534581,1.0
534636,0.0
534648,0.0
534690,0.0
534694,0.0
534711,0.0
534729,1.0
534737,0.0
534740,0.0
534743,0.0
534752,0.0
534758,0.0
534759,0.0
534770,0.0
534775,1.0
534779,1.0
534786,0.0
534798,0.0
534805,0.0
534815,0.0
534822,0.0
534842,0.0
534847,0.0
534854,0.0
534878,0.0
534892,0.0
534897,0.0
534902,0.0
534904,0.0
534914,0.0
534928,0.0
534930,0.0
534943,0.0
534963,0.0
534964,0.0
534970,0.0
534973,0.0
534988,0.0
534991,0.0
535029,0.0
535033,0.0
535059,0.0
535061,0.0
535080,0.0
535108,0.0
535119,0.0
535148,0.0
535199,0.0
535215,0.0
535227,0.0
535243,0.0
535262,0.0
535286,0.0
535299,0.0
535305,0.0
535312,0.0
535324,0.0
535339,0.0
535379,0.0
535380,0.0
535385,0.0
535428,0.0
535437,0.0
535439,0.0
535476,0.0
535572,0.0
535584,0.0
535605,0.0
535606,0.0
535627,0.0
535642,0.0
535668,0.0
535669,0.0
535680,0.0
535733,0.0
535753,0.0
535759,0.0
535794,0.0
535807,0.0
535824,0.0
535841,0.0
535855,0.0
535858,0.0
535863,0.0
535887,0.0
535901,0.0
535912,0.0
535961,0.0
535973,0.0
535991,0.0
535992,0.0
536012,0.0
536027,0.0
536063,0.0
536081,0.0
536112,0.0
536118,0.0
536131,0.0
536132,0.0
536173,1.0
536189,0.0
536193,0.0
536199,0.0
536216,0.0
536232,0.0
536267,0.0
536278,0.0
536319,0.0
536352,0.0
536376,0.0
536378,0.0
536384,0.0
536404,0.0
536425,0.0
536456,0.0
536461,0.0
536477,0.0
536478,0.0
536484,0.0
536496,0.0
536497,0.0
536521,0.0
536534,0.0
536568,0.0
536575,0.0
536590,0.0
536593,0.0
536602,0.0
536605,0.0
536606,0.5
536609,0.0
536611,0.0
536631,0.0
536640,0.0
536695,0.0
536703,0.0
536715,0.0
536716,0.0
536721,0.0
536731,0.0
536738,0.0
536767,0.0
536778,0.0
536791,0.0
536797,0.0
536811,0.0
536826,0.0
536833,0.0
536841,0.0
536851,0.0
536864,0.0
536867,0.0
536891,0.0
536912,0.0
536932,0.0
536941,0.0
536948,0.0
536962,0.0
536990,0.0
537039,0.0
537043,0.0
537063,0.0
537097,0.0
537110,0.0
537128,0.0
537160,1.0
537167,0.0
537223,0.0
537232,0.0
537234,0.0
537280,0.0
537282,0.0
537285,0.0
537293,0.0
537303,0.0
537310,0.0
537333,0.0
537338,0.0
537356,0.0
537371,0.0
537380,0.0
537385,0.0
537390,0.0
537392,0.0
537394,0.0
537396,1.0
537488,0.0
537508,0.0
537532,0.0
537553,0.0
537555,0.0
537557,0.0
537593,0.0
537617,0.0
537635,0.0
537704,0.0
537705,0.0
537735,0.0
537737,0.0
537747,0.0
537758,0.0
537776,0.0
537870,0.0
537901,0.0
537916,0.0
537918,0.0
537938,1.0
537946,0.0
537955,0.0
537959,0.0
537960,0.0
537973,0.0
537982,0.0
537984,0.0
537992,0.0
537997,0.0
538045,0.0
538047,0.0
538057,0.0
538060,0.0
538068,0.0
538072,0.0
538095,0.0
538122,0.0
538132,0.0
538171,0.0
538178,0.0
538203,0.0
538223,0.0
538229,0.0
538232,0.0
538233,0.0
538245,0.0
538266,0.0
538267,0.0
538268,0.0
538271,0.0
538274,0.0
538278,0.0
538289,0.0
538290,0.0
538292,0.0
538299,0.0
538304,0.0
538313,0.0
538314,0.0
538321,0.0
538323,1.0
538332,0.0
538334,0.0
538342,0.0
538345,0.0
538347,0.0
538359,0.0
538365,0.0
538388,0.0
538403,0.0
538435,0.0
538440,0.0
538447,0.0
538451,0.0
538454,0.0
538466,0.0
538471,0.0
538475,1.0
538490,0.0
538495,0.0
538499,0.0
538503,0.0
538509,0.0
538519,0.0
538520,0.0
538522,0.0
538530,0.0
538539,0.5
538545,0.0
538546,0.0
538549,0.0
538558,0.0
538580,0.0
538581,0.0
538586,0.0
538589,0.0
538590,0.0
538592,0.0
538599,0.0
538600,0.0
538629,0.0
538656,0.0
538657,0.0
538658,0.0
538667,0.0
538670,0.0
538672,0.0
538673,0.0
538674,0.0
538677,1.0
538679,0.0
538691,0.0
538702,0.0
538743,0.0
538747,0.0
538790,0.0
538826,0.0
538861,0.0
538870,0.0
538897,0.0
538910,0.0
538912,0.0
538923,0.0
538934,0.0
538938,0.0
538967,0.0
538981,0.0
539000,0.0
539001,0.0
539012,0.0
539013,0.0
539028,0.0
539053,0.0
539062,0.0
539074,0.0
539090,0.0
539108,0.0
539111,0.0
539121,0.0
539136,0.0
539154,0.0
539183,1.0
539205,0.0
539317,0.0
539319,0.0
539323,0.0
539335,0.0
539340,0.0
539350,0.0
539359,0.0
539366,0.0
539372,0.0
539388,0.0
539397,0.0
539409,0.0
539421,1.0
539430,1.0
539431,0.0
539440,0.0
539449,0.0
539451,0.0
539456,0.0
539476,0.0
539509,0.0
539515,1.0
539556,0.0
539569,0.0
539581,0.0
539613,0.0
539639,0.0
539672,0.0
539676,0.0
539678,0.0
539686,0.0
539692,0.0
539693,0.0
539696,0.0
539704,0.0
539710,0.0
539726,0.0
539741,0.0
539745,0.0
539748,0.0
539754,1.0
539755,0.0
539761,0.0
539774,1.0
539776,0.0
539786,0.0
539816,0.0
539843,0.0
539882,0.0
539896,0.0
539928,0.0
539954,0.0
539955,0.0
540011,0.0
540074,0.0
540098,0.0
540151,0.0
540166,0.0
540213,0.0
540216,0.0
540245,0.0
540251,0.0
540256,0.0
540301,0.0
540312,0.0
540314,0.0
540327,0.0
540348,0.0
540349,0.0
540350,0.0
540354,0.0
540356,0.0
540359,0.0
540424,0.0
540453,0.0
540471,0.0
540478,0.0
540499,0.0
540517,0.0
540527,0.0
540529,0.0
540535,0.0
540543,0.0
540564,0.0
540576,0.0
540592,0.0
540608,0.0
540610,0.0
540616,0.0
540629,0.0
540672,0.0
540674,0.0
540693,0.0
540707,0.0
540712,0.0
540757,0.0
540760,0.0
540783,0.0
540803,0.0
540809,0.0
540818,0.0
540830,0.0
540831,0.0
540832,0.0
540891,0.0
540905,0.0
540906,0.0
540907,0.0
540924,0.0
540933,0.0
540941,0.0
540943,1.0
540955,0.0
540964,1.0
540975,0.0
540984,0.0
540992,0.0
540999,0.0
541002,0.0
541056,0.0
541075,0.0
541080,0.0
541090,0.0
541098,0.0
541144,0.0
541234,0.0
541239,0.0
541263,0.0
541269,1.0
541287,0.0
541298,0.0
541305,0.0
541314,0.0
541317,0.0
541325,0.0
541333,0.0
541355,0.0
541382,1.0
541390,0.0
541391,0.0
541411,0.0
541415,0.0
541441,1.0
541448,0.0
541474,1.0
541490,0.0
541493,0.0
541513,0.0
541519,0.0
541531,0.0
541565,0.0
541568,0.0
541580,0.0
541586,1.0
541596,0.0
541603,0.0
541605,0.0
541634,0.0
541652,0.0
541657,0.0
541670,0.0
541740,0.0
541741,0.0
541770,0.0
541774,0.0
541825,0.0
541838,0.0
541851,0.0
541861,0.0
541870,0.0
541880,0.0
541904,0.0
541906,0.0
541928,0.0
541930,0.0
541933,0.0
541957,0.0
541958,0.0
541962,0.0
541968,0.0
541983,0.0
541992,0.0
541993,0.0
542004,0.0
542049,0.0
542066,0.0
542076,0.0
542078,0.0
542096,0.0
542103,0.0
542106,0.0
542107,0.0
542115,0.0
542118,0.0
542120,0.0
542125,0.0
542142,0.0
542166,0.0
542213,0.0
542227,0.0
542229,0.0
542232,0.0
542253,0.0
542274,0.0
542286,0.0
542323,0.0
542333,0.0
542345,0.0
542363,0.0
542370,0.0
542377,0.0
542420,0.0
542446,0.0
542470,0.0
542475,1.0
542512,0.0
542528,0.0
542533,0.0
542571,1.0
542573,0.0
542574,0.0
542578,0.0
542622,0.0
542655,0.0
542659,0.0
542679,0.0
542696,0.0
542706,0.0
542760,0.0
542811,0.0
542888,0.0
542903,0.0
542921,0.0
542928,0.0
542929,0.0
542938,0.0
542939,0.0
542957,0.0
542973,0.0
542975,0.0
542979,0.0
542988,0.0
542994,0.0
543010,0.0
543015,0.0
543028,0.0
543059,0.0
543061,0.0
543063,0.0
543071,0.0
543096,0.0
543107,0.0
543129,0.0
543161,0.0
543166,0.0
543184,0.0
543186,0.0
543208,0.0
543251,0.0
543272,0.0
543295,0.0
543311,0.0
543360,0.0
543361,0.0
543365,0.0
543388,0.0
543391,0.0
543414,0.0
543417,0.0
543465,0.0
543466,0.0
543471,0.0
543475,0.0
543478,0.0
543524,0.0
543557,0.0
543559,0.0
543567,0.0
543568,0.0
543569,0.0
543574,0.0
543579,0.0
543584,0.0
543620,0.0
543623,0.0
543659,0.0
543660,0.0
543662,0.0
543663,0.0
543668,0.0
543674,0.5
543679,0.0
543685,0.0
543698,0.0
543721,0.0
543749,0.0
543767,0.0
543772,0.0
543775,0.0
543830,0.0
543841,0.0
543859,0.0
543868,0.0
543878,0.0
543934,1.0
543949,0.0
543950,0.0
543951,0.0
543966,0.0
543969,0.0
543973,0.0
543989,0.0
543991,0.0
543999,1.0
544000,0.0
544001,0.0
544022,0.0
544054,0.0
544068,0.0
544130,0.0
544139,0.0
544154,0.0
544161,0.0
544165,0.0
544183,0.0
544210,0.0
544215,0.0
544229,0.0
544230,0.0
544238,0.0
544250,1.0
544263,0.0
544278,0.0
544282,0.0
544292,0.0
544341,0.0
544349,0.0
544368,0.0
544381,0.0
544407,0.0
544443,0.0
544445,0.0
544447,0.0
544463,0.0
544475,0.0
544484,0.0
544495,0.0
544516,0.0
544550,0.0
544554,0.0
544556,0.0
544575,0.0
544582,0.0
544589,0.0
544601,0.0
544639,0.0
544652,0.0
544654,1.0
544668,1.0
544693,0.0
544704,0.0
544721,0.0
544734,0.0
544737,0.0
544777,0.0
544801,0.0
544802,0.0
544805,0.0
544819,0.0
544827,0.0
544848,0.0
544851,0.0
544865,0.0
544878,0.0
544888,0.0
544899,0.0
544904,0.0
544924,0.0
544951,0.0
544953,0.0
544973,0.0
544989,0.0
545035,0.0
545038,0.0
545056,0.0
545059,0.0
545060,0.0
545084,0.0
545117,0.0
545125,0.0
545141,0.0
545152,0.0
545204,0.0
545207,0.0
545208,0.0
545210,0.0
545231,0.0
545255,0.0
545264,0.0
545283,1.0
545293,0.0
545323,1.0
545325,0.0
545333,0.0
545393,0.0
545404,0.0
545406,0.0
545412,0.0
545432,0.0
545437,0.0
545443,0.0
545448,0.0
545460,0.0
545470,0.0
545472,0.0
545483,0.0
545485,0.0
545500,0.0
545552,0.0
545587,0.0
545604,0.0
545632,0.5
545634,0.0
545639,0.0
545656,0.0
545674,0.0
545701,0.0
545723,0.0
545775,0.0
545795,0.0
545802,0.0
545805,1.0
545813,0.0
545817,0.0
545836,0.0
545841,0.0
545859,0.0
545861,0.0
545867,0.0
545868,0.0
545906,0.0
545919,1.0
545937,0.0
545939,0.0
545946,0.0
545958,0.0
545981,0.0
545986,0.0
545992,0.0
546010,0.0
546013,0.0
546015,0.0
546042,0.0
546047,0.0
546058,0.0
546061,0.0
546062,0.0
546073,0.0
546074,0.0
546096,0.0
546132,0.0
546142,0.0
546149,0.0
546153,0.0
546155,0.0
546165,0.0
546210,0.0
546212,0.0
546244,0.0
546250,0.0
546251,0.0
546259,0.0
546269,0.0
546291,0.0
546294,0.0
546316,0.0
546325,0.0
546356,0.0
546360,0.0
546375,0.0
546389,0.0
546391,0.0
546394,0.0
546400,0.0
546402,0.0
546404,0.0
546408,0.0
546414,0.0
546426,0.0
546431,0.0
546433,0.0
546444,0.0
546457,0.0
546492,0.0
546524,0.0
546543,0.0
546556,0.0
546559,1.0
546579,0.0
546615,1.0
546636,0.0
546638,0.0
546656,0.0
546664,0.0
546683,0.0
546693,0.0
546700,0.0
546701,0.0
546708,0.0
546721,0.0
546759,0.0
546804,0.0
546815,0.0
546836,0.0
546844,0.0
546852,0.0
546881,0.0
546888,0.0
546892,0.0
546893,0.0
546905,0.0
546912,0.0
546916,1.0
546929,0.0
546943,0.0
546966,1.0
546967,0.0
546972,0.0
546976,0.0
546987,0.0
546988,0.0
546989,0.0
546993,0.0
546999,0.0
547005,0.0
547006,0.0
547011,0.0
547027,0.0
547035,0.0
547052,0.0
547068,0.0
547070,0.0
547075,0.0
547088,0.0
547110,0.0
547140,0.0
547168,0.0
547178,0.0
547192,0.0
547200,0.0
547210,0.0
547218,0.0
547220,0.0
547237,0.0
547240,0.0
547252,0.0
547268,0.0
547284,0.0
547344,0.0
547392,0.0
547413,0.0
547418,0.0
547421,0.0
547442,0.0
547463,1.0
547467,0.0
547473,0.0
547483,0.0
547492,0.0
547495,1.0
547520,0.0
547576,1.0
547670,0.0
547685,0.0
547699,0.0
547726,0.0
547743,0.0
547751,0.0
547755,1.0
547768,0.0
547791,0.0
547795,0.0
547796,0.0
547826,0.0
547829,0.0
547871,0.0
547879,0.0
547925,0.0
547941,0.0
547952,0.0
547958,0.0
547959,0.0
547960,0.0
547972,0.0
548008,0.0
548019,0.0
548025,0.0
548030,0.0
548031,0.0
548035,0.0
548049,0.0
548054,0.0
548062,0.0
548071,0.0
548081,0.0
548087,0.0
548102,0.0
548114,0.0
548120,0.0
548148,0.0
548164,0.0
548186,0.0
548233,0.0
548245,0.0
548257,1.0
548263,0.0
548267,0.0
548317,0.0
548327,0.0
548331,0.0
548335,0.0
548337,0.0
548339,0.0
548343,0.0
548348,0.0
548422,0.0
548428,0.0
548431,0.0
548438,0.0
548442,0.0
548447,0.0
548448,0.0
548456,0.0
548468,0.0
548513,0.0
548516,0.0
548521,0.0
548531,0.0
548555,0.0
548556,0.0
548591,0.0
548604,0.0
548605,0.0
548615,0.0
548623,0.0
548625,0.0
548634,0.0
548658,0.0
548678,0.0
548682,0.0
548685,0.0
548704,0.0
548716,0.0
548717,0.0
548724,0.0
548743,0.0
548765,1.0
548768,0.0
548772,0.0
548787,0.0
548799,0.0
548824,1.0
548826,0.0
548831,0.0
548832,0.0
548855,0.0
548880,0.0
548883,0.0
548937,0.0
548970,0.0
548977,0.0
549024,0.0
549038,0.0
549058,0.0
549066,0.0
549081,0.0
549102,0.0
549104,0.0
549132,0.0
549136,0.0
549159,0.0
549206,0.0
549213,0.0
549217,0.0
549259,0.0
549261,0.0
549262,0.0
549276,0.0
549282,0.0
549298,0.0
549338,0.0
549348,0.0
549372,1.0
549380,0.0
549390,0.0
549423,0.0
549432,0.0
549437,0.0
549441,0.0
549444,0.0
549446,0.0
549453,0.0
549454,0.0
549465,0.0
549469,0.0
549503,0.0
549507,0.0
549528,0.0
549538,0.0
549574,0.0
549579,0.5
549587,0.0
549593,0.0
549615,0.0
549621,0.0
549631,0.0
549650,0.0
549657,0.0
549659,0.0
549661,0.0
549672,0.0
549682,0.0
549777,1.0
549781,0.0
549787,0.0
549809,0.0
549834,1.0
549850,0.0
549873,0.0
549890,0.0
549898,0.0
549912,0.0
549917,0.0
549924,0.0
549940,0.0
549981,0.0
549984,0.0
550012,0.0
550072,0.0
550075,0.0
550080,0.0
550114,0.0
550169,0.0
550172,0.0
550176,0.0
550209,0.0
550224,0.0
550233,0.0
550252,0.0
550259,0.0
550271,0.0
550273,0.0
550313,0.0
550322,1.0
550325,0.0
550329,0.0
550335,0.0
550351,0.0
550359,0.0
550382,0.0
550424,0.0
550438,1.0
550443,0.0
550454,0.0
550457,0.0
550504,0.0
550513,0.0
550514,0.0
550522,0.0
550556,0.0
550562,0.0
550563,0.0
550580,0.0
550621,0.0
550625,0.0
550655,0.0
550658,0.0
550672,0.0
550692,0.0
550693,0.0
550700,0.0
550702,0.0
550703,0.0
550723,0.0
550731,0.0
550739,0.0
550745,0.0
550752,0.0
550767,0.0
550769,0.0
550770,0.0
550776,0.0
550778,0.0
550805,1.0
550807,0.0
550814,0.0
550822,0.0
550823,0.0
550826,0.0
550845,0.0
550848,0.0
550851,0.0
550853,0.0
550854,0.0
550861,0.0
550871,0.0
550878,0.0
550894,0.0
550896,0.0
550897,0.0
550898,0.0
550924,0.0
550932,0.0
550936,0.0
550945,0.0
550957,0.0
550968,0.0
550979,0.0
551038,0.0
551041,0.0
551052,0.0
551077,0.0
551079,0.0
551086,0.0
551097,0.0
551103,0.0
551108,0.0
551113,0.0
551118,0.0
551120,0.0
551121,0.0
551128,0.0
551135,0.0
551138,0.0
551142,0.0
551155,0.0
551158,0.0
551174,0.0
551181,0.0
551199,0.0
551207,0.0
551208,0.0
551222,0.0
551224,0.0
551243,0.0
551251,0.0
551253,0.0
551254,0.0
551258,0.0
551273,0.0
551277,0.0
551294,0.0
551295,0.0
551323,0.0
551329,1.0
551345,0.0
551353,0.0
551369,0.0
551373,0.0
551389,0.0
551396,0.0
551400,0.0
551402,0.0
551413,0.0
551419,0.0
551430,1.0
551439,0.0
551455,1.0
551501,0.0
551506,0.0
551513,0.0
551517,0.0
551522,0.0
551549,0.0
551553,0.0
551558,0.0
551562,0.0
551568,0.0
551601,1.0
551611,0.0
551645,0.0
551671,0.0
551673,0.0
551681,0.0
551690,0.0
551697,0.0
551701,1.0
551709,0.0
551715,0.0
551719,0.0
551725,0.0
551734,0.0
551735,0.0
551738,0.0
551739,0.0
551740,0.0
551746,0.0
551754,0.0
551758,0.0
551761,0.0
551769,0.0
551789,0.0
551790,0.0
551804,0.0
551805,0.0
551810,0.0
551812,0.0
551818,0.0
551831,0.0
551832,0.0
551836,0.0
551839,0.0
551845,0.0
551848,0.0
551855,0.0
551856,1.0
551858,0.0
551863,0.0
551866,0.0
551893,0.0
551902,0.0
551906,0.0
551908,0.0
551928,0.0
551939,0.0
551942,0.0
551947,0.0
551954,0.0
551957,0.0
551991,0.0
552028,0.0
552030,0.0
552041,0.0
552055,0.0
552064,0.0
552130,0.0
552217,0.0
552297,0.0
552301,0.0
552316,1.0
552321,0.0
552342,0.0
552351,0.0
552354,0.0
552357,0.0
552365,0.0
552388,0.0
552410,0.0
552440,0.0
552446,0.0
552466,1.0
552473,0.0
552483,0.0
552485,0.0
552492,0.0
552508,0.0
552524,0.0
552567,0.0
552572,0.0
552591,0.0
552660,0.0
552680,0.0
552697,0.0
552713,0.0
552734,1.0
552736,0.0
552744,0.0
552777,0.0
552788,0.0
552794,0.0
552815,0.0
552832,0.0
552856,0.0
552874,0.0
552914,0.0
552922,0.0
552975,0.0
553007,0.0
553018,0.0
553022,0.0
553060,0.0
553083,0.0
553092,0.0
553099,0.0
553121,0.0
553134,0.0
553174,0.0
553183,0.0
553192,0.0
553195,0.0
553204,0.0
553227,0.0
553231,0.0
553238,0.0
553259,0.0
553271,0.0
553272,0.0
553301,0.0
553308,0.0
553316,0.0
553318,0.0
553340,0.0
553344,0.0
553359,0.0
553385,0.0
553389,0.0
553420,0.0
553426,0.0
553430,0.0
553451,0.0
553470,1.0
553482,0.0
553487,0.0
553499,0.0
553510,0.0
553520,0.0
553524,0.0
553529,1.0
553541,0.0
553544,0.0
553563,0.0
553584,1.0
553601,0.0
553602,0.0
553606,0.0
553645,0.0
553681,0.0
553702,0.0
553712,0.0
553714,0.0
553715,0.0
553720,0.0
553729,0.0
553732,0.0
553735,0.0
553737,0.0
553741,0.0
553742,0.0
553752,0.0
553765,0.0
553778,0.0
553799,0.0
553800,0.0
553810,0.0
553815,0.0
553838,0.0
553843,0.0
553857,0.0
553861,0.5
553864,0.0
553868,0.0
553872,0.0
553878,0.0
553881,0.0
553897,0.0
553903,0.0
553913,0.0
553929,0.0
553932,0.0
553956,0.0
553969,0.0
553993,0.0
553995,0.0
554093,0.0
554114,0.0
554123,0.0
554126,0.0
554129,0.0
554140,0.0
554153,0.0
554161,0.0
554169,0.0
554174,0.0
554194,0.0
554197,0.0
554213,0.0
554223,0.0
554224,0.0
554230,0.0
554250,0.0
554278,0.0
554285,0.0
554305,0.0
554310,0.0
554338,0.0
554347,0.0
554356,0.0
554368,0.0
554389,1.0
554397,0.0
554400,0.0
554414,0.0
554423,0.0
554452,0.0
554482,0.0
554521,0.0
554546,0.0
554562,0.0
554583,0.0
554615,0.0
554699,0.0
554713,1.0
554726,0.0
554733,1.0
554737,0.0
554761,0.0
554781,1.0
554787,0.0
554820,0.0
554829,0.0
554842,0.0
554851,0.0
554855,0.0
554863,0.0
554882,0.0
554891,0.0
554916,0.0
554919,0.0
554948,0.0
554952,0.0
554961,0.0
554965,0.0
555003,0.0
555028,0.0
555052,0.0
555057,0.0
555058,0.0
555059,0.0
555109,0.0
555121,0.0
555122,0.0
555150,0.0
555171,0.0
555176,0.0
555182,0.0
555188,0.0
555189,0.0
555195,0.0
555204,0.0
555206,0.0
555208,0.0
555213,1.0
555216,0.0
555225,0.0
555246,0.0
555254,0.0
555262,0.0
555278,0.0
555344,0.0
555358,0.0
555359,0.0
555389,0.0
555398,0.0
555407,0.0
555421,0.0
555422,0.0
555426,0.0
555440,0.0
555506,0.0
555531,0.0
555537,0.0
555547,0.0
555551,0.0
555555,0.0
555563,0.0
555606,0.0
555607,0.0
555617,0.0
555627,0.0
555640,0.0
555689,0.0
555706,0.0
555707,0.0
555709,0.0
555725,0.0
555753,0.0
555777,0.0
555790,0.0
555792,0.0
555806,0.0
555809,0.0
555875,0.0
555886,0.0
555901,0.0
555915,0.0
555939,0.0
555957,0.0
555960,0.0
555961,0.0
555970,0.0
555982,0.0
555991,1.0
556005,0.0
556023,1.0
556035,0.0
556052,0.0
556053,0.0
556061,0.0
556064,0.0
556065,0.0
556091,0.0
556097,0.0
556098,0.0
556102,0.0
556120,0.0
556128,0.0
556140,0.0
556144,0.0
556148,0.0
556154,0.0
556185,0.0
556188,0.0
556191,0.0
556211,0.0
556219,0.0
556220,0.0
556226,0.0
556244,0.0
556245,0.0
556247,0.0
556273,0.0
556276,0.0
556306,0.0
556308,0.0
556313,0.0
556330,0.0
556353,0.0
556358,0.0
556385,0.0
556388,0.0
556393,0.0
556415,1.0
556425,0.0
556446,0.0
556448,0.0
556449,0.0
556451,0.0
556459,0.0
556479,0.0
556485,1.0
556505,0.0
556510,0.0
556517,0.0
556520,0.0
556527,0.0
556538,0.0
556563,0.0
556600,0.0
556604,0.0
556645,0.0
556709,0.0
556720,0.0
556725,0.0
556748,0.0
556753,0.0
556755,0.0
556769,0.0
556783,0.0
556799,0.0
556801,0.0
556813,1.0
556820,0.0
556823,0.0
556833,0.0
556836,0.0
556839,0.0
556844,0.0
556856,0.0
556861,0.0
556863,0.0
556865,0.0
556873,0.0
556879,0.0
556894,0.0
556912,0.0
556918,0.0
556927,0.0
556928,0.0
556932,0.0
556938,0.0
556939,0.0
556942,0.0
556944,0.0
556954,0.0
556957,1.0
556967,0.0
556968,0.0
556971,0.0
556975,0.0
556986,0.0
557047,1.0
557051,0.0
557059,0.0
557084,1.0
557093,0.0
557099,0.0
557116,0.0
557137,1.0
557144,0.0
557151,0.0
557165,0.0
557169,0.0
557176,0.0
557177,0.0
557182,1.0
557193,0.0
557216,0.0
557217,0.0
557228,0.0
557233,0.0
557237,0.0
557250,0.0
557252,0.0
557258,0.0
557273,0.0
557284,0.0
557289,0.0
557290,0.0
557316,0.0
557333,0.0
557346,0.0
557357,0.0
557361,0.0
557371,0.0
557375,0.0
557391,0.0
557393,0.0
557405,0.0
557425,0.0
557434,0.0
557449,0.0
557552,0.0
557559,0.0
557564,0.0
557573,0.0
557605,0.0
557621,0.0
557634,0.0
557688,0.0
557689,0.0
557723,0.0
557746,0.0
557750,0.0
557767,0.0
557787,0.0
557793,0.0
557822,0.0
557850,0.0
557852,0.0
557867,0.0
557873,0.0
557875,1.0
557922,0.0
557942,0.0
557980,0.0
558000,0.0
558010,0.0
558014,0.0
558028,0.0
558029,0.0
558040,0.0
558067,0.0
558087,0.0
558090,0.0
558094,0.0
558104,0.0
558112,1.0
558128,0.0
558136,0.0
558145,0.0
558164,0.0
558168,0.0
558172,0.0
558180,0.0
558185,0.0
558196,0.0
558206,0.0
558221,0.0
558227,0.0
558229,0.0
558244,0.0
558248,0.0
558337,0.0
558341,0.0
558358,0.0
558360,0.0
558403,0.5
558434,0.0
558472,0.0
558480,0.0
558534,0.0
558538,0.0
558558,0.0
558562,0.0
558574,0.0
558628,0.0
558646,0.0
558662,0.0
558677,1.0
558690,0.0
558695,0.0
558733,0.0
558741,0.0
558761,0.0
558766,0.0
558775,0.0
558784,0.0
558787,0.0
558814,0.0
558942,0.0
558959,0.0
558983,0.0
558988,0.0
558989,0.0
559006,0.0
559008,0.0
559015,0.0
559017,0.0
559028,0.0
559030,0.0
559057,0.0
559060,0.0
559064,0.0
559082,0.0
559085,1.0
559105,0.0
559136,0.0
559143,0.0
559153,0.0
559171,0.0
559175,0.0
559179,0.0
559263,0.0
559266,0.0
559295,0.0
559299,0.0
559301,0.0
559335,0.0
559340,0.0
559341,0.0
559351,0.0
559352,0.0
559353,0.0
559354,0.0
559402,0.0
559404,0.0
559408,0.0
559426,0.0
559512,0.0
559515,0.0
559526,0.0
559547,0.0
559578,0.0
559579,0.0
559623,0.0
559628,0.0
559636,0.0
559664,0.0
559669,0.0
559678,0.0
559688,0.0
559699,0.0
559708,0.0
559711,0.0
559724,0.0
559732,0.0
559733,0.0
559738,0.0
559777,0.0
559781,0.0
559786,0.0
559795,0.0
559825,0.0
559841,0.0
559871,0.0
559876,0.0
559904,0.0
559906,0.0
559937,1.0
559955,0.0
559956,0.0
559972,0.0
560017,0.0
560030,0.0
560037,0.0
560047,0.0
560069,0.0
560070,0.0
560073,0.0
560083,0.0
560130,0.0
560132,0.0
560136,0.0
560182,0.0
560200,0.0
560231,0.0
560252,0.0
560255,0.0
560321,0.0
560426,0.0
560433,0.0
560442,0.0
560444,0.0
560462,0.0
560500,0.0
560548,0.0
560575,0.0
560582,0.0
560689,1.0
560706,0.0
560728,0.0
560740,0.0
560763,0.0
560767,0.0
560770,0.0
560847,0.0
560848,0.0
560886,0.0
560912,0.0
560927,0.0
560968,0.0
560978,0.0
560987,0.0
561025,0.0
561041,0.0
561058,0.0
561060,0.0
561076,0.0
561090,0.0
561101,0.0
561144,0.0
561202,0.0
561238,0.0
561240,0.0
561263,0.0
561270,0.0
561271,0.0
561278,0.0
561279,0.0
561297,0.0
561368,0.0
561377,0.0
561525,0.0
561551,0.0
561660,0.0
561781,1.0
561783,0.0
561786,0.0
562007,0.0
562018,0.0
562039,0.0
562043,0.0
562063,0.0
562071,0.0
562077,0.0
562085,1.0
562105,0.0
562111,0.0
562116,0.0
562132,0.0
562142,0.0
562144,0.0
562175,0.0
562184,0.0
562190,0.0
562204,0.0
562224,0.5
562228,0.0
562248,0.0
562254,0.0
562256,0.0
562278,0.0
562312,0.0
562322,0.0
562324,0.0
562330,0.0
562365,0.0
562378,0.0
562390,0.0
562399,0.0
562413,0.0
562468,0.0
562475,0.0
562481,0.0
562514,0.5
562527,0.0
562539,0.0
562552,0.0
562564,0.0
562592,0.0
562604,0.0
562606,0.0
562622,1.0
562632,0.0
562667,0.0
562676,0.0
562679,0.0
562695,0.0
562713,0.0
562721,0.0
562739,0.0
562749,0.0
562759,0.0
562761,0.0
562762,0.0
562777,0.0
562787,0.0
562792,0.0
562815,0.0
563005,0.0
563063,0.0
563083,0.0
563123,0.0
563127,0.0
563133,0.0
563138,0.0
563156,0.0
563157,0.0
563164,0.0
563198,0.0
563202,0.0
563225,0.0
563293,0.0
563313,0.0
563326,0.0
563329,0.0
563381,0.0
563396,0.0
563404,0.0
563443,0.0
563455,0.0
563539,0.0
563554,0.0
563557,0.0
563607,0.0
563614,0.0
563658,0.0
563664,0.0
563667,0.0
563857,0.0
564037,0.0
564077,0.0
564182,0.0
564184,0.0
564193,0.0
564246,0.0
564301,0.0
564323,0.0
564327,0.0
564386,0.0
564545,0.0
564577,0.0
564765,0.0
564822,0.0
564853,0.0
565101,0.0
565154,0.0
565176,0.0
565210,0.0
565218,0.0
565237,0.0
565487,0.0
565858,0.0
565921,0.0
565922,0.0
566064,0.0
566166,0.0
566232,0.0
566250,0.0
566253,0.0
566256,0.0
566283,0.0
566303,0.0
566307,0.0
566323,0.0
566324,0.0
566327,0.0
566329,0.0
566330,0.0
566340,0.0
566342,0.0
566357,0.0
566397,0.0
566407,0.0
566412,0.0
566415,0.0
566416,0.0
566417,0.0
566426,0.0
566430,0.0
566443,0.5
566452,0.0
566458,0.0
566464,0.0
566525,0.0
566529,0.0
566545,0.0
566546,0.0
566562,0.0
566564,0.0
566573,0.0
566582,0.0
566593,0.0
566611,0.0
566638,0.0
566663,0.0
566666,0.0
566683,0.0
566684,0.0
566694,0.0
566701,0.0
566727,0.0
566732,0.0
566757,0.0
566761,0.0
566776,0.0
566779,0.0
566791,0.0
566797,0.0
566799,0.0
566811,0.0
566816,0.0
566829,0.0
566835,0.0
566844,0.0
566858,0.0
566885,0.0
566946,0.0
566949,0.0
567018,0.0
567023,0.0
567035,0.0
567054,0.0
567056,0.0
567064,0.0
567066,0.0
567073,0.0
567079,0.0
567085,0.0
567095,0.0
567119,0.0
567137,0.0
567139,0.0
567154,0.0
567188,0.0
567240,0.0
567246,0.0
567285,0.0
567309,0.0
567339,0.0
567341,0.0
567363,0.0
567396,0.0
567407,0.0
567431,0.0
567450,0.0
567487,0.0
567492,0.0
567532,0.0
567537,0.0
567567,0.0
567569,0.0
567577,0.0
567592,0.0
567596,0.0
567599,0.0
567609,0.0
567640,0.0
567654,0.0
567655,0.0
567678,0.0
567740,0.0
567748,0.0
567766,0.0
567776,0.0
567777,0.0
567802,0.0
567835,0.0
567856,0.0
567872,0.0
567883,0.0
567898,0.0
567925,0.0
567962,0.0
567971,1.0
567990,0.0
568017,0.0
568018,0.0
568026,0.0
568030,0.0
568041,0.0
568049,0.0
568107,0.0
568175,0.0
568178,0.0
568217,0.0
568223,0.0
568224,0.0
568225,0.0
568246,0.0
568283,0.0
568325,0.0
568369,0.0
568387,0.0
568389,0.0
568392,0.0
568396,0.0
568415,0.0
568430,0.0
568465,0.0
568466,0.0
568468,0.0
568477,0.0
568491,0.0
568494,0.0
568506,0.0
568522,0.0
568527,0.0
568532,0.0
568542,0.0
568543,0.0
568550,0.0
568551,0.0
568562,0.0
568583,0.0
568609,0.0
568632,0.0
568699,0.0
568799,0.0
569469,0.0
569645,0.0
569899,0.0
570093,1.0
570151,0.0
570170,0.0
570180,0.0
570200,0.0
570336,0.0
570360,0.0
570401,0.0
570457,0.0
570584,0.0
570634,0.0
570637,1.0
570649,0.0
570680,0.0
570728,0.0
570748,0.0
570758,0.0
570853,0.0
571073,0.0
571107,0.0
571175,0.0
571176,0.0
571188,0.0
571268,0.0
571382,0.0
571423,0.0
571440,0.0
571476,0.0
571527,0.0
571800,0.0
571818,0.0
571973,0.0
572021,0.0
572024,0.0
572069,0.0
572073,0.0
572074,0.0
572088,0.0
572096,0.0
572154,0.0
572237,0.0
572352,0.0
572455,0.0
572458,0.0
572468,0.0
572496,0.5
572518,0.0
572520,0.0
572529,0.0
572583,0.0
572604,0.0
572722,0.0
572753,1.0
572812,0.0
572879,0.0
572915,0.0
572933,1.0
573030,0.0
573036,0.0
573038,0.0
573110,0.0
573205,0.0
573254,0.0
573288,0.0
573300,0.0
573316,0.0
573318,0.0
573320,0.0
573432,0.0
573454,0.0
573492,0.0
573550,0.0
573593,0.0
573613,0.0
573649,0.0
573700,0.0
573710,0.0
573742,0.0
573792,0.0
573815,0.0
573839,0.0
573841,0.0
573843,0.0
573900,0.0
573944,0.0
574023,0.0
574130,0.0
574169,0.0
574208,0.0
574273,0.0
574283,0.0
574441,0.0
574450,0.0
574464,0.0
574491,0.0
574509,0.0
574668,0.0
574774,0.0
574859,0.0
574885,0.0
574889,0.0
574912,0.0
574936,0.0
575003,0.0
575007,0.0
575038,0.5
575065,0.0
575107,0.0
575113,0.0
575131,0.0
575196,0.0
575198,0.0
575207,0.0
575218,0.0
575381,0.0
575475,1.0
575477,0.0
575511,0.0
575520,0.0
575544,0.0
575554,0.0
575615,0.0
575647,0.0
575649,0.0
575655,0.0
575738,0.0
575754,0.0
575773,0.0
575777,0.0
575794,0.0
575796,0.0
575798,0.0
575811,0.0
575814,0.0
575913,0.0
576003,0.0
576135,0.0
576356,0.0
576364,0.0
576436,1.0
576446,0.0
576697,0.0
576742,0.0
576849,0.0
576924,0.0
576940,0.0
576945,0.0
577016,0.0
577061,0.0
577063,0.0
577070,0.0
577079,0.0
577115,0.0
577125,0.0
577135,0.0
577145,0.0
577146,0.0
577171,0.0
577193,0.0
577200,0.0
577213,0.0
577229,0.0
577256,0.0
577278,0.0
577280,0.0
577305,0.0
577313,0.0
577342,0.0
577344,0.0
577366,0.0
577376,0.0
577384,0.0
577387,0.0
577388,0.0
577395,0.0
577401,0.0
577405,0.0
577424,0.0
577434,0.0
577436,0.0
577450,0.0
577473,0.0
577485,0.0
577486,0.0
577499,0.0
577531,0.0
577554,0.0
577559,0.0
577579,0.0
577581,0.0
577586,0.0
577601,0.0
577604,0.0
577610,0.0
577611,0.0
577623,0.0
577627,0.0
577641,0.0
577647,0.0
577649,0.0
577658,0.0
577687,0.0
577688,0.0
577701,0.0
577705,0.0
577728,0.0
577729,0.0
577751,0.0
577799,0.0
577806,0.0
577810,0.0
577812,0.0
577815,0.0
577830,0.0
577857,0.0
577864,0.0
577888,1.0
577903,0.0
577921,0.0
577924,0.0
577948,0.0
577951,0.0
577958,0.0
577978,0.0
577986,0.0
578006,0.0
578024,0.0
578029,0.0
578073,0.0
578074,0.0
578099,0.0
578108,0.0
578123,0.0
578137,0.0
578138,0.0
578144,0.0
578149,0.0
578152,0.0
578160,0.0
578173,0.0
578181,0.0
578188,0.0
578206,0.0
578223,0.0
578228,0.0
578231,0.0
578257,0.0
578262,0.0
578267,0.0
578268,0.0
578282,0.0
578296,0.0
578346,0.0
578750,0.0
578928,0.0
578937,0.0
578945,0.0
579025,0.0
579030,0.0
579039,0.0
579045,0.0
579062,0.0
579069,0.0
579074,0.0
579088,0.0
579103,0.0
579136,0.0
579145,0.0
579172,0.0
579173,0.0
579194,0.0
579195,0.0
579216,0.0
579219,0.0
579224,0.0
579246,0.0
579255,0.0
579261,0.0
579266,0.0
579269,0.0
579273,0.0
579275,0.0
579282,0.0
579312,0.0
579317,0.0
579330,0.0
579332,0.0
579344,0.0
579351,0.0
579361,0.0
579374,0.0
579377,0.0
579383,0.0
579386,0.0
579412,0.0
579414,0.0
579418,0.0
579421,0.0
579424,0.0
579444,0.0
579448,0.0
579451,0.0
579467,0.0
579473,0.0
579479,0.0
579488,0.0
579492,0.0
579501,0.0
579515,0.0
579518,0.0
579519,0.0
579523,0.0
579530,0.0
579531,0.0
579551,0.0
579563,0.0
579571,0.0
579579,0.0
579580,0.0
579581,1.0
579602,0.0
579609,0.0
579613,0.0
579615,0.0
579627,0.0
579665,0.0
579671,0.0
579677,0.0
579690,0.0
579717,0.0
579722,0.0
579740,0.0
579741,0.0
579749,0.0
579763,0.0
579796,0.0
579802,0.0
579867,0.0
579903,0.0
579938,0.0
579988,0.0
580000,0.0
580001,0.0
580004,0.0
580008,0.0
580033,0.0
580039,0.0
580059,0.0
580070,0.0
580104,0.0
580121,0.0
580127,0.0
580143,0.0
580157,0.0
580188,0.0
580202,0.0
580319,0.0
580373,0.0
580376,0.0
580441,0.0
580505,0.0
580518,0.0
580901,0.0
581109,0.0
581118,0.0
581130,0.0
581153,0.0
581174,0.0
581176,0.0
581178,0.0
581200,0.0
581204,0.0
581227,0.0
581238,0.0
581242,0.0
581243,0.0
581248,0.0
581257,0.0
581267,0.0
581273,0.0
581292,0.0
581309,0.0
581317,0.0
581319,0.0
581351,0.0
581367,0.0
581374,0.0
581378,0.0
581387,0.0
581391,0.0
581395,0.0
581417,0.0
581436,0.0
581437,0.0
581450,0.0
581477,0.0
581504,0.0
581506,0.0
581530,0.0
581540,0.0
581547,0.0
581560,0.0
581585,0.0
581606,0.0
581614,0.0
581620,0.0
581621,0.0
581652,0.0
581655,0.0
581657,0.0
581665,0.0
581669,0.0
581674,0.0
581686,0.0
581705,0.0
581718,0.0
581737,0.0
581739,0.0
581747,0.0
581748,0.0
581757,0.0
581784,0.0
581818,0.0
581969,0.0
582015,0.0
582040,0.0
582059,0.0
582074,0.0
582083,0.0
582097,0.0
582127,0.0
582148,0.0
582150,0.0
582156,0.0
582161,0.0
582176,0.0
582194,0.0
582207,0.0
582218,0.0
582228,0.0
582229,0.0
582232,0.0
582234,0.0
582236,0.0
582250,0.0
582253,1.0
582289,0.0
582348,0.0
582365,0.0
582386,0.0
582415,0.0
582421,0.0
582431,0.0
582443,0.0
582451,0.0
582458,0.0
582500,0.0
582509,0.0
582515,0.0
582525,0.0
582545,0.0
582551,0.0
582568,0.0
582572,0.0
582583,0.0
582598,0.0
582608,0.0
582609,0.0
582627,0.0
582636,0.0
582646,0.0
582650,0.0
582659,0.0
582661,0.0
582668,0.0
582686,0.0
582693,0.0
582717,1.0
582751,0.0
582757,0.0
582766,0.0
582767,0.0
582779,0.0
582789,0.0
582794,1.0
582796,0.0
582801,0.0
582810,0.0
582816,0.0
582821,0.0
582834,0.0
582854,0.0
582863,0.0
582875,0.0
582889,0.0
582944,0.0
582991,0.0
583000,0.0
583051,0.0
583058,0.0
583060,0.0
583093,0.0
583117,0.0
583151,0.0
583153,0.0
583180,0.0
583225,0.0
583272,0.0
583285,0.0
583287,0.0
583288,0.0
583294,0.0
583301,0.0
583319,0.0
583331,0.0
583362,0.0
583367,1.0
583379,0.0
583382,0.0
583392,0.0
583411,0.0
583419,1.0
583428,0.0
583432,0.0
583436,0.0
583444,0.0
583455,0.0
583457,0.0
583460,0.0
583462,0.0
583466,0.0
583478,0.0
583482,0.0
583488,0.0
583489,0.0
583500,0.0
583506,0.0
583517,0.0
583559,0.0
583583,0.0
583586,0.0
583592,0.0
583599,0.0
583611,0.0
583618,0.0
583622,0.0
583637,0.0
583655,0.0
583662,1.0
583695,0.0
583696,0.0
583709,1.0
583716,0.0
583750,0.0
583754,0.0
583758,0.0
583759,0.0
583774,0.0
583787,1.0
583808,0.0
583840,0.0
583859,0.0
583862,0.0
583865,0.0
583899,0.0
583900,0.0
583910,0.0
583921,0.0
583930,0.0
583933,0.5
583949,0.0
583973,0.0
583977,0.0
583992,1.0
583994,0.0
583995,0.0
584021,0.0
584023,0.0
584024,0.0
584032,0.0
584035,0.0
584050,0.0
584053,0.0
584059,0.0
584075,0.0
584095,0.0
584104,0.0
584106,0.0
584134,0.0
584144,0.0
584194,0.0
584238,0.0
584246,0.0
584253,0.0
584288,1.0
584302,0.0
584312,0.0
584324,0.0
584328,0.0
584344,0.0
584355,0.0
584364,0.0
584380,0.0
584388,0.0
584448,0.0
584457,0.0
584479,0.0
584480,0.0
584498,1.0
584531,0.0
584532,0.0
584546,0.0
584547,0.0
584550,0.0
584560,0.0
584569,0.0
584590,0.0
584603,0.0
584610,0.0
584620,0.0
584653,0.0
584656,0.0
584660,0.0
584661,0.0
584691,0.0
584708,0.0
584715,0.0
584723,0.0
584748,0.0
584768,0.0
584775,0.0
584783,0.0
584813,0.0
584827,0.0
584835,0.0
584837,0.0
584862,0.0
584868,0.0
584873,0.0
584878,0.0
584894,0.0
584909,0.0
584919,0.0
584987,0.0
584988,0.0
585010,0.0
585027,0.0
585029,1.0
585045,0.0
585054,0.0
585055,0.0
585062,0.0
585066,0.0
585086,0.0
585106,0.0
585125,0.0
585150,0.0
585157,0.0
585183,0.0
585220,0.0
585228,0.0
585238,0.0
585241,0.0
585291,0.0
585293,0.0
585344,0.0
585388,0.0
585425,0.0
585433,0.0
585434,0.0
585440,0.0
585444,0.0
585445,0.0
585446,0.0
585456,0.0
585458,0.0
585459,0.0
585465,0.0
585467,0.0
585480,0.0
585509,0.0
585525,0.0
585556,0.0
585585,0.0
585615,0.0
585663,0.0
585695,0.0
585703,0.0
585835,0.0
585837,0.0
585850,0.0
585875,1.0
585883,0.0
585953,0.0
586010,0.0
586023,0.0
586059,0.0
586080,0.0
586089,0.0
586108,0.0
586137,0.0
586138,0.0
586140,0.0
586142,0.0
586171,0.0
586204,0.0
586219,1.0
586236,0.0
586250,0.0
586268,0.0
586337,0.0
586347,0.0
586366,0.0
586398,0.0
586432,0.0
586435,0.0
586441,0.0
586470,0.0
586504,0.0
586508,0.0
586537,0.0
586548,0.0
586561,0.0
586563,0.0
586629,0.0
586632,0.0
586634,0.0
586653,0.0
586661,0.0
586674,0.0
586685,0.0
586686,0.0
586696,0.0
586707,0.0
586725,0.0
586732,0.0
586748,0.0
586764,0.0
586796,0.0
586826,0.0
586836,0.0
586907,0.0
586927,0.0
586964,0.0
586978,0.0
587003,0.0
587006,0.0
587015,0.0
587033,0.0
587071,0.0
587078,1.0
587099,0.0
587110,1.0
587161,0.0
587164,0.0
587165,0.0
587166,0.0
587169,0.0
587174,0.0
587182,1.0
587194,0.0
587215,0.0
587223,0.0
587226,0.0
587254,0.0
587257,0.0
587279,0.0
587283,0.0
587288,0.0
587299,0.0
587353,0.0
587362,0.0
587460,0.0
587461,0.0
587472,0.0
587474,0.0
587479,0.5
587490,0.0
587508,0.0
587520,0.0
587543,0.0
587549,0.0
587561,0.0
587575,0.0
587578,0.0
587626,0.0
587627,0.0
587631,0.0
587651,0.0
587661,0.0
587734,0.0
587751,0.0
587756,0.0
587780,0.0
587787,1.0
587800,0.0
587812,0.0
587822,0.0
587831,0.0
587849,0.0
587857,0.0
587883,0.0
587909,0.0
587913,0.0
587925,0.0
587933,0.0
587948,0.0
587950,0.0
587953,0.0
587960,0.0
587976,0.0
587982,0.0
587984,0.0
587999,0.0
588001,0.0
588014,0.0
588024,0.0
588025,0.0
588059,0.0
588075,0.0
588076,0.0
588078,0.0
588083,0.0
588089,0.0
588096,0.0
588098,0.0
588117,0.0
588118,0.0
588119,0.0
588124,0.0
588131,0.0
588162,0.0
588172,0.0
588193,0.0
588227,0.0
588238,0.0
588256,0.0
588282,0.0
588325,0.0
588343,0.0
588372,0.0
588390,0.0
588392,0.0
588400,0.0
588445,0.0
588461,0.0
588475,0.0
588509,0.0
588512,0.0
588523,0.0
588541,0.0
588545,0.0
588567,0.0
588671,0.0
588678,0.0
588698,0.0
588715,0.0
588745,0.0
588781,0.0
588804,0.0
588816,1.0
588830,0.0
588859,0.0
588888,0.0
588892,0.0
588981,0.0
588994,0.0
589006,0.0
589031,0.0
589032,0.0
589038,0.0
589039,0.0
589076,0.0
589087,0.0
589098,0.0
589102,0.0
589124,0.0
589132,0.0
589152,0.0
589175,0.0
589176,0.0
589246,0.0
589257,1.0
589340,0.0
589376,0.0
589385,0.0
589394,0.0
589396,0.0
589399,0.0
589430,0.0
589439,0.0
589458,0.0
589460,0.0
589489,1.0
589496,0.0
589516,0.0
589517,0.0
589526,0.0
589532,0.0
589533,0.0
589540,0.0
589561,0.0
589565,0.0
589569,0.0
589582,0.0
589599,0.0
589646,0.0
589653,0.0
589675,0.0
589691,0.0
589705,0.0
589709,1.0
589746,0.0
589765,0.0
589774,0.0
589781,0.0
589792,0.0
589871,0.0
589910,1.0
589917,0.0
589921,0.0
589929,1.0
589930,0.0
589943,0.0
589945,0.0
589948,0.0
589952,0.0
589984,0.0
590028,0.0
590031,0.0
590058,0.0
590061,0.0
590071,0.0
590073,0.0
590087,0.0
590095,0.0
590102,0.0
590103,0.0
590106,0.0
590142,0.0
590162,0.0
590166,0.0
590171,0.0
590178,0.0
590187,0.0
590195,0.0
590196,0.0
590199,0.0
590221,0.0
590226,0.0
590232,0.0
590289,0.0
590305,0.0
590334,0.0
590389,0.0
590406,0.0
590408,0.0
590423,0.0
590438,0.0
590442,0.0
590449,0.0
590451,0.0
590485,0.0
590514,0.0
590520,0.0
590522,0.0
590535,0.0
590556,0.0
590576,0.0
590588,0.0
590620,0.0
590643,0.0
590679,0.0
590681,0.0
590713,0.0
590737,0.0
590743,0.0
590747,0.0
590764,1.0
590772,0.0
590775,0.0
590784,0.0
590793,0.0
590800,0.0
590802,0.0
590826,0.0
590858,0.0
590867,0.0
590876,0.0
590924,0.0
590963,0.0
590966,0.0
590982,0.0
590983,0.0
591003,0.0
591009,0.0
591035,0.0
591048,0.0
591093,0.0
591101,0.0
591123,0.0
591145,0.0
591149,0.0
591162,0.0
591181,0.0
591200,0.0
591206,0.0
591207,0.0
591209,0.0
591290,0.0
591301,0.0
591346,0.0
591348,0.0
591352,0.0
591388,1.0
591389,0.0
591406,0.0
591445,0.0
591446,0.0
591459,0.0
591513,0.0
591524,0.0
591532,0.0
591534,0.0
591548,0.0
591567,0.0
591569,0.0
591585,0.0
591605,0.0
591636,0.0
591638,0.0
591663,0.0
591674,0.0
591675,0.0
591684,0.0
591701,0.0
591703,0.0
591714,0.0
591734,0.0
591753,0.0
591760,0.0
591788,0.0
591791,0.0
591794,0.0
591800,0.0
591806,0.0
591818,0.0
591846,0.0
591869,0.0
591875,0.0
591876,0.0
591927,1.0
591928,0.0
591942,0.0
591944,0.0
591953,0.0
591972,0.0
591974,0.0
591976,0.0
591989,0.0
592043,0.0
592064,0.0
592116,0.0
592123,0.0
592127,0.0
592141,0.0
592146,0.0
592151,1.0
592192,0.0
592215,0.0
592217,0.0
592242,0.0
592252,0.0
592273,0.0
592301,0.0
592310,0.0
592326,0.0
592341,0.0
592351,0.0
592410,0.0
592433,0.0
592445,0.0
592500,0.0
592504,0.0
592512,0.0
592521,0.0
592526,0.0
592538,0.0
592578,0.0
592593,0.0
592625,0.0
592629,0.0
592646,0.0
592657,0.0
592659,0.0
592671,0.0
592677,0.0
592702,0.0
592744,0.0
592747,0.0
592758,0.0
592783,0.0
592821,0.0
592829,0.0
592840,0.0
592841,0.0
592846,0.0
592868,0.0
592870,0.0
592893,0.0
592928,0.0
592955,0.0
592957,0.0
592972,0.0
592999,0.0
593029,0.0
593036,0.0
593062,0.0
593078,0.0
593084,0.0
593088,0.0
593095,0.0
593115,0.0
593136,0.0
593149,1.0
593171,0.0
593182,0.0
593193,0.0
593194,0.0
593196,0.0
593198,0.0
593200,0.0
593213,0.0
593224,0.0
593249,0.0
593289,0.0
593300,0.0
593311,0.0
593314,0.0
593321,0.0
593344,0.0
593366,0.0
593402,0.0
593418,0.0
593440,0.0
593453,0.0
593471,0.0
593494,0.0
593514,0.0
593518,0.0
593527,0.0
593529,0.0
593533,0.0
593552,0.0
593558,0.0
593566,0.0
593574,0.0
593580,0.0
593584,0.0
593603,0.0
593646,0.0
593651,0.0
593668,0.0
593684,0.0
593720,0.0
593736,0.0
593739,0.0
593746,0.0
593774,0.0
593780,0.0
593787,0.0
593810,0.0
593841,0.0
593888,0.0
593909,0.0
593927,0.0
593930,0.0
593938,0.0
593944,0.0
593946,0.0
593950,0.0
593951,0.0
593956,0.0
594009,0.0
594020,0.0
594030,0.0
594032,1.0
594050,0.0
594105,0.0
594108,0.0
594112,0.0
594123,0.0
594130,0.0
594165,0.0
594170,0.0
594193,1.0
594199,0.0
594203,0.0
594209,0.0
594215,0.0
594241,0.0
594243,0.0
594250,0.0
594258,0.0
594263,0.0
594273,0.0
594298,0.0
594307,0.0
594310,0.0
594329,0.0
594340,0.0
594380,0.0
594385,0.0
594386,0.0
594429,1.0
594438,0.0
594443,0.0
594460,0.0
594478,0.0
594504,0.0
594511,0.0
594522,0.0
594528,0.0
594539,1.0
594542,0.0
594548,0.0
594554,0.0
594589,0.0
594609,0.0
594610,0.0
594622,0.0
594630,0.0
594638,0.0
594660,0.0
594702,0.0
594705,0.0
594712,0.0
594713,0.0
594726,0.0
594754,0.0
594762,0.0
594819,0.0
594821,0.0
594835,0.0
594864,1.0
594878,0.0
594893,0.0
594895,0.0
594906,0.0
594961,0.0
594971,0.0
594992,0.0
595004,0.0
595030,0.0
595044,0.0
595070,0.0
595086,0.0
595105,0.0
595128,0.0
595164,0.0
595167,0.0
595179,0.0
595183,0.0
595212,0.0
595217,0.0
595246,0.0
595255,0.0
595277,0.0
595290,0.0
595300,0.0
595303,0.0
595310,1.0
595326,0.0
595342,0.0
595367,0.0
595432,1.0
595439,0.0
595441,0.0
595448,0.0
595453,0.0
595455,0.0
595465,0.0
595483,0.0
595490,1.0
595505,0.0
595516,0.0
595536,0.0
595575,0.0
595576,0.0
595580,0.0
595583,0.0
595621,0.0
595638,0.0
595655,0.0
595685,0.0
595702,0.0
595710,0.0
595720,0.0
595721,0.0
595741,0.0
595745,0.0
595767,0.0
595779,0.0
595783,0.0
595800,0.0
595870,0.0
595892,0.0
595904,0.0
595955,0.0
595958,0.0
595977,0.0
595997,0.0
596003,0.0
596030,0.0
596046,0.0
596049,0.0
596057,0.0
596060,0.0
596090,0.0
596121,0.0
596138,0.0
596156,0.0
596178,0.0
596185,0.0
596227,0.0
596255,0.0
596268,0.0
596270,0.0
596314,0.0
596317,0.0
596325,0.0
596345,0.0
596379,0.0
596391,0.0
596401,0.0
596412,0.0
596422,0.0
596432,0.0
596450,0.0
596454,0.0
596475,0.0
596490,0.0
596494,0.0
596503,1.0
596529,0.0
596551,0.0
596571,0.0
596575,0.0
596583,0.0
596585,0.0
596641,0.0
596660,0.0
596665,0.0
596674,0.0
596688,0.0
596705,0.0
596728,0.0
596762,0.0
596799,0.0
596800,0.0
596810,0.0
596837,0.0
596840,0.0
596852,0.0
596864,0.0
596879,1.0
596900,0.0
596905,0.0
596915,0.0
596935,0.0
596943,0.0
596949,0.0
596965,0.0
596984,0.0
596987,0.0
596988,0.0
597021,0.0
597022,0.0
597068,0.0
597080,0.0
597083,0.0
597085,0.0
597096,0.0
597111,0.0
597131,0.0
597144,0.0
597171,0.0
597184,0.0
597204,0.0
597235,0.0
597249,0.0
597278,0.0
597331,0.0
597346,0.0
597354,0.0
597358,0.0
597412,0.0
597424,0.0
597440,0.0
597497,0.0
597557,0.0
597561,0.0
597581,0.0
597587,0.0
597600,0.0
597607,0.0
597655,0.0
597709,0.0
597711,0.0
597713,0.0
597714,0.0
597716,0.0
597718,0.0
597746,0.0
597772,0.0
597774,0.0
597809,0.0
597810,0.0
597819,0.0
597871,0.0
597873,0.0
597878,0.0
597902,0.0
597927,0.0
597928,0.0
597935,0.0
597946,0.0
597957,0.0
597959,0.0
597965,0.0
597967,0.0
597974,0.0
597978,0.0
597992,0.0
598008,0.0
598069,0.0
598075,0.0
598104,0.0
598118,0.0
598119,0.0
598140,0.0
598144,0.0
598147,0.0
598150,0.0
598152,0.0
598154,0.0
598170,0.0
598206,0.0
598211,0.0
598219,0.0
598225,1.0
598227,0.0
598245,0.0
598313,0.0
598335,0.0
598342,0.0
598343,0.0
598355,0.0
598377,0.0
598379,0.0
598389,0.0
598399,0.0
598402,0.0
598403,0.0
598409,0.0
598449,0.0
598450,0.0
598471,0.0
598568,0.0
598586,0.5
598597,0.0
598605,0.0
598607,0.0
598620,0.0
598627,0.0
598635,0.0
598650,0.0
598694,1.0
598729,1.0
598737,0.5
598775,0.0
598783,0.0
598809,0.0
598901,0.0
598902,0.0
598941,0.0
598972,0.0
598976,0.0
598977,0.0
598989,0.0
598990,0.0
598994,0.0
599014,0.0
599020,0.0
599036,0.0
599077,0.0
599098,0.0
599118,0.0
599121,0.0
599126,0.0
599130,0.0
599146,1.0
599164,0.0
599170,0.0
599176,0.0
599258,0.0
599265,0.0
599271,0.0
599272,0.0
599273,1.0
599285,0.0
599297,0.0
599308,0.0
599320,0.0
599327,0.0
599336,0.0
599340,0.0
599364,0.0
599386,0.0
599387,0.0
599394,0.0
599409,0.0
599477,0.0
599530,0.0
599531,0.0
599534,0.0
599558,0.0
599583,0.0
599624,1.0
599625,0.0
599673,0.0
599697,0.0
599706,0.0
599723,0.0
599766,0.0
599767,0.0
599836,0.0
599851,0.0
599875,0.0
599883,0.0
599884,0.0
599887,0.0
599889,0.0
599904,0.0
599908,0.0
599957,0.0
599959,0.0
599976,0.0
599978,0.0
599979,0.0
599987,0.0
599988,0.0
599991,0.0
600007,0.0
600008,0.0
600141,0.0
600206,0.0
600229,0.0
600388,0.0
600438,0.0
600439,0.0
600465,0.0
600487,0.0
600585,0.0
600625,0.0
600659,0.0
600666,0.0
600761,0.0
600766,0.0
600767,0.0
600768,0.0
600841,0.0
600849,0.0
600868,0.0
600870,0.0
600873,0.0
600888,0.0
600912,0.0
600921,0.0
600927,0.0
600966,0.0
600967,0.0
600978,0.0
600982,0.0
600997,0.0
601005,0.0
601025,0.0
601029,0.0
601033,0.0
601036,0.0
601044,0.0
601059,0.0
601062,0.0
601081,0.0
601089,0.0
601090,0.0
601101,0.0
601109,0.0
601111,0.0
601139,0.0
601141,0.0
601145,0.0
601188,0.0
601189,0.0
601197,0.0
601204,0.0
601205,0.0
601208,0.0
601280,0.0
601300,0.0
601310,0.0
601315,0.0
601320,0.0
601325,0.0
601328,0.0
601331,0.0
601332,0.0
601340,0.0
601346,0.0
601357,0.0
601368,1.0
601407,0.0
601428,0.0
601429,0.0
601465,0.0
601466,0.0
601470,0.0
601477,0.0
601482,0.0
601494,1.0
601536,1.0
601567,0.0
601577,0.0
601615,0.0
601637,0.0
601703,0.0
601708,0.0
601709,0.0
601791,0.0
601793,0.0
601798,0.0
601823,0.0
601852,0.0
601901,0.0
601914,0.0
601916,0.0
601951,0.0
601961,0.0
601968,0.0
601973,0.0
601992,0.0
601995,0.0
601998,0.0
602000,0.0
602062,0.0
602071,0.0
602072,0.0
602080,0.0
602653,0.0
602654,0.0
602665,0.0
602841,1.0
602860,0.0
602865,0.0
602868,0.0
602870,0.0
602873,0.0
602878,0.0
602894,0.0
602918,0.0
602927,0.0
602928,0.0
602948,0.0
602958,0.0
602963,0.0
603000,0.0
603023,0.0
603044,0.0
603053,0.0
603055,0.0
603058,0.0
603073,0.0
603074,0.5
603079,0.0
603127,0.0
603130,0.0
603187,0.0
603212,0.0
603223,0.0
603226,0.0
603307,0.0
603328,0.0
603342,0.0
603347,0.0
603475,0.0
603509,0.0
603512,0.0
603516,0.0
603520,0.0
603523,0.0
603526,1.0
603553,0.0
603556,0.0
603579,0.0
603581,0.0
603601,0.0
603615,0.0
603617,0.0
603619,0.0
603673,0.0
603681,0.0
603686,0.0
603696,0.0
603705,0.0
603706,0.0
603708,0.0
603744,0.0
603754,1.0
603770,0.0
603832,0.0
603834,0.0
603835,0.0
603837,0.0
603868,1.0
603911,0.0
603989,0.0
604200,0.0
604258,0.0
604271,0.0
604272,0.0
604277,0.0
604287,0.0
604290,0.0
604293,1.0
604306,0.0
604307,0.0
604326,0.0
604328,0.0
604349,0.0
604358,0.0
604361,0.0
604384,0.0
604385,0.0
604388,0.0
604399,0.0
604620,0.0
604636,0.5
604807,0.0
604816,0.0
604826,0.0
604829,0.0
604843,0.0
604856,0.0
604857,0.0
604858,0.0
604873,0.0
604875,0.0
604877,0.0
604885,0.0
604891,0.0
604894,0.0
604905,0.0
604917,0.0
605002,0.0
605048,0.0
605060,0.0
605064,0.0
605078,0.0
605109,0.0
605113,0.0
605125,1.0
605136,0.0
605139,0.0
605149,0.0
605159,0.0
605172,0.0
605173,0.0
605180,0.0
605181,0.0
605188,0.0
605663,0.0
605813,0.0
606111,1.0
606121,0.0
606138,1.0
606139,0.0
606150,0.0
606153,0.0
606155,0.0
606184,0.0
606188,0.0
606191,0.0
606192,0.0
606200,0.0
606201,0.0
606228,1.0
606230,0.0
606245,0.0
606268,0.0
606293,0.0
606299,0.0
606323,0.0
606340,0.0
606344,0.0
606350,0.0
606369,0.0
606370,0.0
606376,0.0
606388,0.0
606390,0.0
606394,1.0
606395,0.0
606398,0.0
606411,0.0
606418,0.0
606424,0.0
606427,0.0
606430,0.0
606431,0.0
606438,0.0
606455,0.0
606459,0.0
606463,0.0
606473,0.0
606477,0.0
606488,0.0
606495,0.0
606502,0.0
606512,0.0
606515,0.0
606528,0.0
606538,0.0
606559,0.0
606562,0.0
606578,0.0
606584,0.0
606587,0.0
606589,0.0
606610,0.0
606624,0.0
606626,0.0
606630,0.0
606663,0.0
606670,0.0
606684,0.0
606685,0.0
606696,0.0
606701,0.0
606710,0.0
606721,0.0
606727,0.0
606737,0.0
606742,0.0
606745,0.0
606749,0.0
606753,0.0
606758,0.0
606776,0.0
606788,0.0
606796,0.0
606805,0.0
606821,0.0
606841,0.0
606842,0.0
606854,0.0
606855,1.0
606858,0.0
606861,0.0
606881,0.0
606892,0.0
606900,0.0
606936,0.0
606941,0.0
606947,0.0
606948,0.0
606952,0.0
606954,0.0
606957,0.0
606958,0.0
606961,0.0
606963,0.0
606965,0.0
607002,0.0
607020,0.0
607040,0.0
607046,0.0
607052,0.0
607056,1.0
607071,0.0
607075,0.0
607082,0.0
607086,0.0
607087,0.0
607088,1.0
607089,0.0
607098,0.0
607101,0.0
607111,0.0
607114,0.0
607117,0.0
607121,0.0
607131,0.0
607137,0.0
607153,0.0
607157,0.0
607176,0.0
607199,0.0
607200,0.0
607216,0.0
607229,0.0
607237,0.0
607261,0.0
607272,0.0
607273,0.0
607275,0.0
607285,0.0
607286,0.0
607290,0.0
607292,0.0
607305,0.0
607309,0.0
607332,0.0
607357,0.0
607383,0.0
607390,0.0
607392,0.0
607394,0.0
607403,0.0
607405,0.0
607412,0.0
607421,0.0
607435,0.0
607440,0.0
607444,0.0
607450,0.0
607451,0.0
607461,0.0
607477,0.0
607478,0.0
607494,0.0
607495,0.0
607498,0.0
607509,0.0
607516,0.0
607523,0.0
607538,0.0
607547,0.0
607560,0.0
607561,0.0
607565,0.0
607572,0.0
607574,0.0
607575,0.0
607585,0.0
607587,0.0
607589,0.0
607610,0.0
607615,0.0
607623,0.0
607647,0.0
607665,0.0
607669,0.0
607675,1.0
607679,0.0
607686,0.0
607710,0.0
607720,0.0
607726,0.0
607732,0.0
607741,0.0
607743,0.0
607751,0.0
607756,0.0
607757,0.0
607777,0.0
607802,0.0
607804,0.0
607818,0.0
607826,0.0
607839,0.0
607841,0.0
607848,0.0
607862,0.0
607890,0.0
607913,0.0
607914,0.0
607918,0.0
607926,0.0
607930,0.0
607961,0.0
607968,0.0
607984,0.0
608030,0.0
608042,0.0
608045,0.0
608054,0.0
608065,0.0
608070,0.0
608085,0.0
608107,0.0
608112,0.0
608114,0.0
608117,0.0
608128,0.0
608133,0.0
608138,0.0
608139,0.0
608146,0.0
608156,0.0
608180,0.0
608195,0.0
608198,0.0
608204,0.0
608254,0.0
608270,0.0
608276,0.0
608280,0.0
608283,0.0
608313,1.0
608328,0.0
608337,0.0
608338,0.0
608343,0.0
608354,0.0
608372,0.0
608379,0.0
608386,0.0
608391,0.0
608396,0.0
608403,0.0
608404,0.0
608427,0.0
608441,0.0
608442,0.0
608443,0.0
608454,0.0
608469,0.0
608482,0.0
608501,0.0
608505,0.0
608512,0.0
608525,0.0
608528,0.0
608538,0.0
608547,0.0
608548,0.0
608562,0.0
608565,0.0
608568,0.0
608571,0.0
608573,0.0
608575,0.0
608593,0.0
608600,0.0
608601,0.0
608602,0.0
608606,0.0
608608,0.0
608614,0.0
608621,0.0
608622,0.0
608627,0.0
608632,0.0
608637,1.0
608648,0.0
608649,0.0
608653,0.0
608661,0.0
608671,0.0
608673,0.0
608691,0.0
608714,0.0
608717,0.0
608721,0.0
608725,0.0
608727,0.0
608756,0.0
608763,0.0
608787,0.0
608792,0.0
608806,0.0
608810,0.0
608835,0.0
608842,0.0
608847,0.0
608851,0.0
608855,0.0
608859,0.0
608864,0.0
608865,0.0
608871,0.0
608875,0.0
608878,0.0
608881,0.0
608883,0.0
608885,0.0
608902,0.0
608912,0.0
608933,0.0
608939,0.0
608943,0.0
608950,0.0
608951,0.0
608960,0.0
608965,0.0
608968,0.0
608969,0.0
608973,0.0
608975,0.0
608982,0.0
608984,0.0
609753,0.0
609966,0.0
610092,0.0
610099,0.0
610210,0.0
610239,0.0
610475,0.0
610478,0.0
610554,0.0
610602,0.0
612025,0.0
612344,0.0
614622,0.0
615009,1.0
615521,0.0
615524,0.0
617805,0.0
620015,0.0
620017,0.0
620025,0.0
620028,0.0
620053,0.0
620085,0.0
620096,0.0
620110,0.0
620138,0.0
620141,0.0
620150,0.0
620161,0.0
620213,0.0
620214,0.0
620230,0.0
620234,0.0
620245,0.0
620259,0.0
620275,0.0
620342,0.0
620405,0.0
620409,0.0
620410,0.0
620412,0.0
620500,0.0
620503,0.0
620535,0.0
620551,0.0
620617,0.0
620618,0.0
620619,1.0
620620,0.0
620708,0.0
620938,0.0
621010,0.0
621017,0.0
621024,0.0
621036,0.0
621063,0.0
621072,0.0
621073,0.0
621074,0.0
621098,0.0
621102,0.0
621211,1.0
621217,0.0
621233,0.0
621239,0.0
621250,0.0
621261,0.0
621271,0.0
621280,0.0
621282,0.0
621284,0.0
621293,0.0
621310,0.0
621313,0.0
621338,0.0
621348,0.0
621385,0.0
621401,0.0
621403,0.0
621461,0.0
621468,0.0
621476,0.0
621480,0.0
621481,0.0
621486,0.0
621520,0.0
621559,0.0
621598,0.0
621621,0.0
621630,0.0
621668,0.0
621680,0.0
621727,0.0
621737,0.0
621751,0.0
621771,0.0
621776,0.0
621797,0.0
621814,0.0
621834,0.0
621865,0.0
621872,0.0
621873,0.0
621876,0.0
621883,0.0
621904,0.0
621913,0.0
621970,0.0
622005,0.0
622045,0.0
622096,0.0
622112,0.0
622117,0.0
622120,0.0
622122,0.0
622125,0.0
622147,0.0
622150,0.0
622157,0.0
622160,0.0
622193,1.0
622197,0.0
622200,0.0
622212,0.0
622220,0.0
622226,0.0
622228,0.0
622229,0.0
622233,1.0
622247,0.0
622254,0.0
622272,0.0
622275,0.0
622279,0.0
622285,0.0
622300,0.0
622303,0.0
622311,0.0
622328,0.0
622329,0.0
622335,0.0
622337,0.0
622340,0.0
622392,0.0
622412,0.0
622437,0.0
622471,0.0
622473,0.0
622477,0.0
622500,0.0
622501,0.0
622507,0.0
622522,0.0
622525,0.0
622526,0.0
622543,0.0
622587,0.0
622595,0.0
622604,0.0
622605,0.0
622606,0.0
622622,0.0
622624,0.0
622643,0.0
622645,0.0
622651,0.0
622655,0.0
622660,0.0
622661,1.0
622705,1.0
622721,0.0
622734,0.0
622735,0.0
622748,0.0
622752,0.0
622756,0.0
622768,0.0
622782,1.0
622787,0.0
622795,0.0
622807,0.0
622810,0.0
622824,0.0
622832,0.0
622833,0.0
622837,0.0
622855,0.0
622856,0.0
622869,0.0
622873,0.0
622879,0.0
622888,0.0
622897,0.0
622912,0.0
622922,0.0
622933,0.0
622967,0.0
622990,0.0
622993,0.0
622998,0.0
623015,0.0
623028,0.0
623037,1.0
623045,0.0
623054,0.0
623058,0.0
623063,0.0
623066,0.0
623078,0.0
623081,0.0
623082,0.0
623122,0.0
623128,0.0
623132,0.0
623160,1.0
623166,0.0
623171,0.0
623177,0.0
623198,0.0
623204,0.0
623205,0.0
623208,0.0
623226,0.0
623233,0.0
623235,0.0
623262,0.0
623268,0.0
623291,0.0
623293,0.0
623297,0.0
623301,0.0
623305,0.0
623361,0.0
623396,0.0
623401,0.0
623407,0.0
623440,0.0
623474,0.0
623501,0.0
623506,0.0
623507,0.0
623512,0.0
623517,0.0
623529,0.0
623531,0.0
623534,0.0
623542,0.0
623543,0.0
623547,1.0
623549,0.0
623578,0.0
623582,0.0
623600,0.0
623604,0.0
623605,0.0
623609,0.0
623611,0.0
623622,0.0
623630,0.0
623635,0.0
623637,0.0
623642,0.0
623647,1.0
623651,0.0
623663,0.0
623686,0.0
623689,0.0
623690,0.0
623707,1.0
623711,0.0
623712,0.0
623715,0.0
623734,0.0
623749,0.0
623754,0.0
623761,0.0
623791,0.0
623793,1.0
623795,0.0
624009,0.0
624034,0.0
624036,0.0
624053,0.0
624066,0.0
624067,0.0
624076,0.0
624078,0.0
624085,0.0
624089,0.0
624096,0.0
624119,0.0
624125,0.0
624131,0.0
624142,0.0
624157,0.0
624167,0.0
624168,0.0
624180,0.0
624182,0.0
624191,0.0
624196,0.0
624204,0.0
624207,0.0
624213,0.0
624226,0.0
624233,0.0
624236,0.0
624270,0.0
624278,0.0
624291,0.0
624294,0.0
624297,0.0
624304,0.0
624307,0.0
624315,0.0
624316,0.0
624369,0.0
624397,0.0
624402,0.0
624409,0.0
624422,0.0
624504,0.0
624522,0.0
624523,0.0
624525,0.0
624532,0.0
624539,0.0
624540,0.0
624547,0.0
624550,0.0
624553,0.0
624558,0.0
624563,0.0
624582,0.0
624587,0.0
624594,0.0
624613,0.0
624616,0.0
624617,0.0
624622,0.0
624625,0.0
624636,0.0
624646,1.0
624650,0.0
624659,0.0
624668,0.0
624685,0.0
624694,0.0
624696,0.0
624712,0.0
624715,0.0
624730,0.0
624733,0.0
624737,0.0
624747,0.0
624751,0.0
624752,0.0
624774,0.0
624815,0.0
624840,0.0
624850,0.0
624868,0.0
624884,0.0
624893,0.0
624894,1.0
624898,0.0
624904,0.0
624908,0.0
624919,0.0
624938,0.0
624963,0.0
624964,0.0
624969,0.0
624980,0.0
624985,0.0
625000,0.0
625037,0.0
625041,0.0
625054,0.0
625067,0.0
625071,0.0
625077,0.0
625083,0.0
625094,0.0
625100,0.0
625118,0.0
625126,0.0
625135,0.0
625160,0.0
625164,0.0
625173,1.0
625180,0.0
625197,0.0
625210,0.0
625215,0.0
625216,0.0
625225,0.0
625250,0.0
625262,0.0
625272,0.0
625273,0.0
625292,0.0
625294,0.0
625306,0.0
625308,0.0
625336,0.0
625342,0.0
625344,0.0
625348,0.0
625370,0.0
625390,0.0
625408,0.0
625416,0.0
625418,0.0
625443,0.0
625449,0.0
625459,0.0
625467,0.0
625482,0.0
625484,0.0
625494,0.0
625495,0.0
625496,0.0
625502,1.0
625508,0.0
625513,0.0
625523,0.0
625558,0.0
625567,0.0
625572,0.0
625575,0.0
625581,0.0
625613,0.0
625622,0.0
625626,0.0
625628,0.0
625661,0.0
625664,0.0
625674,0.0
625676,1.0
625681,0.0
625695,0.0
625696,1.0
625698,0.0
625729,0.0
625746,0.0
625761,0.0
625766,0.0
625774,0.0
625782,1.0
625785,0.0
625788,0.0
625791,0.0
625792,0.0
625795,0.0
625816,0.0
625819,0.0
625824,0.0
625835,0.0
625849,0.0
625854,0.0
625857,0.0
625859,0.0
625865,0.0
625875,0.0
625881,0.0
625889,0.0
625894,0.0
625909,0.0
625943,1.0
625957,0.0
625959,0.0
625962,0.0
625967,0.0
625974,0.0
625975,0.0
625995,0.0
625998,0.0
626005,0.0
626008,0.0
626022,0.0
626032,0.0
626054,0.0
626080,0.0
626085,0.0
626121,0.0
626132,0.0
626134,0.0
626144,0.0
626151,0.0
626174,0.0
626179,0.0
626184,0.0
626207,0.0
626269,0.0
626304,0.0
626325,0.0
626333,1.0
626360,0.0
626364,0.0
626366,0.0
626371,0.0
626381,0.0
626382,0.0
626389,0.0
626429,0.0
626434,1.0
626445,0.0
626456,0.0
626462,0.0
626464,0.0
626471,0.0
626479,0.0
626504,0.3333333333333333
626522,0.0
626524,0.0
626548,0.0
626551,0.0
626563,0.0
626570,0.0
626571,0.0
626574,0.0
626582,0.0
626586,0.0
626591,0.0
626597,0.5
626600,1.0
626603,0.0
626608,0.0
626612,0.0
626617,0.0
626633,0.0
626636,0.0
626638,0.0
626655,0.0
626657,0.0
626666,0.0
626667,0.0
626672,0.0
626679,0.0
626682,0.0
626685,0.0
626700,0.0
626716,0.0
626717,0.0
626718,0.0
626720,0.0
626742,0.0
626752,0.0
626759,0.0
626763,0.0
626775,0.0
626780,1.0
626784,0.0
626795,0.0
626800,0.0
626807,0.0
626809,0.0
626810,0.0
626817,0.0
626830,0.0
626839,0.0
626841,0.0
626842,0.0
626844,0.0
626857,0.0
626866,0.0
626878,0.0
626882,0.0
626888,0.0
626889,0.0
626895,0.0
626905,0.0
626919,0.0
626925,0.0
626939,0.0
626940,0.0
626959,0.0
626966,0.0
626971,1.0
626988,0.0
626993,0.0
627026,0.0
627042,0.0
627101,0.0
627136,0.0
627165,0.0
627174,0.0
627188,0.0
627244,0.0
627257,0.0
627293,0.0
627313,0.0
627317,0.0
627348,1.0
627356,0.0
627392,1.0
627394,0.0
627399,0.0
627403,0.0
627404,0.0
627441,0.0
627493,0.0
627494,0.0
627498,0.0
627516,0.0
627526,0.0
627552,0.0
627556,0.0
627559,0.0
627575,0.0
627584,0.0
627598,0.0
627600,0.0
627604,0.0
627607,0.0
627636,0.0
627647,0.0
627648,0.0
627659,0.0
627687,0.0
627696,0.0
627816,0.0
627820,0.0
627826,0.0
627827,0.0
627834,0.0
627841,0.0
627859,0.0
627866,0.0
627867,0.0
627898,0.0
627946,0.0
627956,1.0
627972,0.0
628004,1.0
628028,0.0
628061,0.0
628068,0.0
628085,0.0
628136,0.0
628155,0.0
628184,0.0
628203,0.0
628212,0.0
628263,0.0
628266,0.0
628276,0.0
628284,0.0
628293,0.0
628300,0.0
628303,0.0
628308,0.0
628309,0.0
628331,0.0
628337,0.0
628339,0.0
628341,0.0
628342,0.0
628345,0.0
628350,0.0
628358,0.0
628381,0.0
628385,0.0
628424,0.0
628426,0.0
628430,0.0
628434,0.0
628438,0.0
628447,0.0
628448,0.0
628456,0.0
628459,0.0
628474,0.0
628479,0.0
628481,1.0
628486,0.0
628489,1.0
628497,0.0
628500,0.0
628506,0.0
628517,0.0
628548,0.0
628562,0.0
628563,0.0
628575,0.0
628578,0.0
628579,0.0
628585,0.0
628590,0.0
628599,0.0
628602,0.0
628604,0.0
628612,0.0
628618,0.0
628630,0.0
628632,0.0
628634,0.0
628656,0.0
628667,0.0
628675,0.0
628682,0.0
628683,0.0
628690,0.0
628691,0.0
628727,0.0
628737,0.0
628759,0.0
628767,0.0
628777,0.0
628783,0.0
628791,0.0
628797,0.0
628799,0.0
628800,0.0
628814,0.0
628821,0.0
628824,0.0
628829,0.0
628843,0.0
628864,0.0
628881,0.0
628896,0.0
628993,0.0
629111,0.0
629117,0.0
629236,0.0
629261,0.0
629448,0.0
629867,0.0
629890,0.0
629899,0.0
630041,0.0
630222,0.0
631909,0.0
631913,0.0
631915,0.0
631930,0.0
631940,0.0
632402,0.0
633000,0.0
633118,0.0
633312,0.0
633316,0.0
633331,0.0
633340,0.0
633348,1.0
633465,0.0
633468,0.0
633471,0.0
633477,0.0
633479,0.0
633494,0.0
633674,0.0
633876,0.0
635628,0.0
635903,0.0
636012,0.0
636126,0.0
636164,0.0
636181,0.0
636196,0.0
636214,0.0
636240,0.0
636244,0.0
636329,0.0
636346,0.0
636362,0.0
636379,0.0
636502,0.0
636540,0.0
636555,0.0
636567,0.0
636895,0.0
636920,0.0
637098,0.0
637580,0.0
637589,0.0
638038,0.0
638455,0.0
639014,0.0
639020,0.0
639028,1.0
639041,0.0
639047,0.0
639049,0.0
639056,0.0
639064,0.0
639076,0.0
639077,0.0
639104,0.0
639119,0.0
639125,0.0
639140,0.0
639147,0.0
639149,0.0
639155,0.0
639213,0.0
639215,0.0
639361,0.0
639401,0.0
639425,0.0
639489,0.0
639559,0.0
639589,0.0
639610,0.0
639623,0.0
639640,0.0
639642,0.0
639643,0.0
639673,0.0
639762,0.0
640001,0.0
640006,0.0
640012,0.0
640016,0.0
640027,0.0
640048,0.0
640063,0.0
640078,0.0
640086,0.0
640090,0.0
640109,0.0
640115,0.0
640120,0.0
640144,0.0
640148,0.0
640168,0.0
640176,0.0
640186,0.0
640194,0.0
640195,0.0
640215,0.0
640240,0.0
640245,0.0
640249,0.0
640252,1.0
640254,0.0
640265,0.0
640266,0.0
640269,0.0
640288,0.0
640299,0.0
640319,0.0
640324,0.0
640331,0.0
640336,0.0
640339,0.0
640366,0.0
640381,0.0
640394,0.0
640404,0.0
640423,0.0
640425,0.0
640432,0.0
640434,0.0
640442,0.0
640460,0.0
640462,0.0
640471,0.0
640476,0.0
640477,0.0
640495,0.0
640515,0.0
640535,0.0
640536,0.0
640540,0.0
640571,0.5
640589,0.0
640594,0.0
640599,0.0
640619,0.5
640630,0.0
640632,0.0
640634,0.0
640637,0.0
640645,0.0
640648,0.0
640652,0.0
640656,0.0
640657,0.0
640659,0.0
640660,0.0
640673,0.0
640678,0.0
640691,0.0
640694,0.0
640706,0.0
640713,0.0
640743,0.0
640751,0.0
640755,0.0
640767,0.0
640770,0.0
640771,0.0
640775,0.0
640779,0.0
640790,0.0
640801,0.0
640813,0.0
640827,0.0
640833,0.0
640841,0.0
640843,0.0
640851,0.0
640866,0.0
640868,0.0
640877,0.0
640888,0.0
640897,0.0
640920,0.0
640934,0.0
640937,0.0
640945,0.0
640955,0.0
640972,0.0
640988,0.0
641002,0.0
641025,0.0
641035,0.0
641039,0.0
641042,0.0
641045,0.0
641046,0.0
641056,0.0
641071,0.0
641077,0.0
641078,0.0
641084,0.0
641088,0.0
641097,0.0
641104,0.0
641115,0.0
641116,0.0
641128,0.0
641130,0.0
641133,0.0
641137,0.0
641138,0.0
641142,0.0
641145,0.0
641146,0.0
641151,0.0
641155,0.0
641171,0.0
641179,0.0
641182,0.0
641184,0.0
641189,0.0
641203,0.0
641208,0.0
641217,0.0
641225,0.0
641239,0.0
641258,0.0
641260,0.0
641276,0.0
641291,0.0
641293,0.0
641305,0.0
641310,0.0
641316,0.0
641318,0.0
641324,0.0
641325,0.0
641330,0.0
641332,0.0
641341,0.0
641344,0.0
641370,1.0
641372,0.0
641388,0.0
641410,0.0
641417,0.0
641419,0.0
641421,0.0
641427,0.0
641434,0.0
641459,0.0
641460,0.0
641463,0.0
641482,0.0
641485,0.0
641502,0.0
641504,0.0
641505,0.0
641509,0.0
641515,0.0
641516,0.0
641523,0.0
641524,0.0
641529,0.0
641533,0.0
641557,0.0
641565,0.0
641582,0.0
641585,0.0
641586,0.0
641614,0.0
641626,0.0
641627,0.0
641674,1.0
641681,0.0
641684,0.0
641710,0.0
641716,0.0
641726,0.0
641730,0.0
641735,0.0
641737,0.0
641764,0.0
641778,0.0
641833,0.0
641848,0.0
641849,1.0
641877,0.0
641881,0.0
641890,0.0
641893,0.0
641899,0.0
641900,0.0
641906,0.0
641907,0.0
641912,0.0
641919,0.0
641926,0.0
641932,0.0
641937,0.0
641939,0.0
641947,0.0
641950,0.0
641951,0.0
641980,0.0
641999,0.0
642008,0.0
642016,0.0
642021,0.0
642030,0.0
642046,0.0
642054,0.0
642055,0.0
642062,0.0
642075,0.0
642094,0.0
642103,0.0
642111,0.0
642128,0.0
642135,0.0
642138,0.0
642147,0.0
642156,0.0
642184,0.0
642195,0.0
642200,0.0
642207,0.0
642208,0.0
642212,0.5
642218,0.0
642222,0.0
642226,0.0
642246,0.0
642286,0.0
642300,0.0
642307,0.0
642342,0.0
642346,0.0
642353,1.0
642378,0.0
642380,0.0
642385,0.0
642405,0.0
642416,1.0
642430,0.0
642438,0.0
642442,0.0
642466,0.0
642475,0.0
642487,0.0
642500,0.0
642506,0.0
642510,0.0
642512,0.0
642557,0.0
643204,0.0
644007,1.0
644009,0.0
644011,0.0
644020,0.0
644021,0.0
644027,0.0
644033,0.0
644041,0.0
644045,1.0
644050,0.0
644058,0.0
644063,0.0
644075,0.0
644081,0.0
644083,0.0
644091,1.0
644092,0.0
644123,0.0
644134,0.0
644148,0.5
644152,0.0
644161,0.0
644178,0.0
644179,1.0
644183,0.0
644187,0.0
644200,0.0
644201,0.0
644222,0.0
644232,0.0
644234,0.0
644238,0.0
644244,0.0
644251,0.0
644271,0.0
644281,0.0
644305,0.0
644306,0.0
644313,0.0
644319,0.0
644324,0.0
644336,0.0
644338,0.0
644353,0.0
644358,0.0
644370,0.0
644377,0.0
644380,0.0
644385,0.0
644397,0.0
644404,0.0
644407,0.0
644410,0.0
644413,0.0
644426,0.0
644435,0.0
644443,0.0
644444,0.0
644465,0.0
644470,0.0
644475,0.0
644482,0.0
644485,0.0
644491,0.0
644493,0.0
644525,0.0
644547,0.0
644548,0.0
644549,0.0
644562,0.0
644597,0.0
644598,0.0
644599,0.0
644610,0.0
644613,0.0
644618,0.0
644625,0.0
644635,0.0
644647,0.0
644648,0.0
644652,0.0
644657,0.0
644659,0.0
644665,0.0
644675,0.0
644689,0.0
644696,0.0
644698,0.0
644700,0.0
644722,0.0
644728,0.0
644736,0.0
644738,1.0
644753,0.0
644761,0.0
644768,0.0
644770,0.0
644771,0.0
644775,0.0
644786,0.0
644791,0.0
644798,0.0
644831,0.0
644840,0.0
644848,0.0
644853,0.0
644858,0.0
644862,0.0
644880,0.0
644882,0.0
644896,1.0
644904,0.0
644917,0.0
644918,0.0
644936,0.0
644951,0.0
644958,0.0
644963,0.0
644976,0.0
645005,0.0
645011,0.0
645014,0.0
645033,0.0
645045,0.0
645049,0.0
645053,0.0
645068,0.0
645071,0.0
645074,0.0
645086,0.0
645098,0.0
645102,0.0
645104,0.0
645109,0.0
645121,0.0
645125,0.0
645132,1.0
645149,0.0
645155,0.0
645161,0.0
645164,0.0
645169,0.0
645175,0.0
645178,0.0
645179,0.0
645183,0.0
645197,0.0
645202,0.0
645212,0.0
645216,0.0
645219,0.0
645229,0.0
645232,0.0
645235,0.0
645257,0.0
645265,0.0
645270,0.0
645276,0.0
645281,0.0
645289,1.0
645290,0.0
645318,0.0
645320,0.0
645322,0.0
645323,0.0
645332,0.0
645333,0.0
645364,0.0
645369,0.0
645370,0.0
645371,0.0
645374,0.0
645378,0.0
645387,0.0
645388,0.0
645422,0.0
645429,0.0
645438,0.0
645439,0.0
645440,0.0
645450,0.0
645454,0.0
645495,0.0
645496,0.0
645501,0.0
645507,0.0
645511,0.0
645513,0.0
645516,0.0
645518,0.0
645524,0.0
645525,0.0
645535,0.0
645556,0.0
645563,0.0
645580,0.0
645582,0.0
645598,0.0
645602,0.0
645605,0.0
645622,1.0
645624,0.0
645637,0.0
645640,0.0
645643,0.0
645658,0.0
645662,0.0
645679,0.0
645686,0.0
645691,0.0
645701,0.0
645703,0.0
645741,0.0
645750,0.0
645753,0.0
645758,0.0
645788,0.0
645794,0.0
645797,0.0
645804,0.0
645810,0.0
645812,0.0
645817,0.0
645819,0.0
645820,0.0
645821,0.0
645839,0.0
645856,0.0
645862,0.0
645869,0.0
645875,0.0
645876,0.0
645885,0.0
645895,0.0
645897,0.0
645900,0.0
645904,0.0
645906,0.0
645912,0.0
645914,0.0
645915,1.0
645943,0.0
645950,0.0
645951,0.0
645954,0.0
645967,0.0
645972,0.0
645982,0.0
645985,0.0
645998,0.0
646006,0.0
646020,0.0
646039,0.0
646045,0.0
646049,0.0
646053,0.0
646054,0.0
646060,0.0
646078,0.0
646085,0.0
646097,0.0
646109,0.0
646132,0.0
646143,0.0
646145,0.0
646148,0.0
646158,0.0
646169,0.0
646177,0.0
646181,0.0
646214,0.0
646263,0.0
646275,0.0
646278,0.0
646279,0.0
646291,0.0
646325,0.0
646331,0.0
646348,0.0
646353,0.0
646360,0.0
646376,0.0
646395,0.0
646412,0.0
646457,0.0
646472,0.0
646475,0.0
646489,1.0
646504,0.0
646523,0.0
646528,0.0
646536,0.0
646546,0.0
646554,0.0
646559,0.0
646560,0.0
646567,0.0
646569,0.0
646581,0.0
646585,0.0
646595,0.0
646601,0.0
646605,1.0
646637,0.0
646648,0.0
646656,0.0
646666,0.0
646671,0.0
646675,0.0
646683,0.0
646714,0.0
646721,0.0
646734,0.0
646735,0.0
646738,0.0
646740,0.0
646754,0.0
646759,0.0
646766,0.0
646781,0.0
646792,0.0
646829,0.0
646846,0.0
646866,0.0
646886,0.0
646890,0.0
646895,0.0
646899,0.0
646904,0.0
646935,0.0
646937,0.0
646939,0.0
646950,0.0
646951,0.0
646956,0.0
646962,0.0
646964,0.0
646965,0.0
646968,0.0
646982,0.0
646985,0.0
646990,0.0
646994,0.0
647001,1.0
647015,0.0
647018,1.0
647031,0.0
647037,0.0
647040,0.0
647046,0.0
647059,0.0
647064,0.0
647070,0.0
647076,0.0
647082,1.0
647083,0.0
647089,0.0
647090,0.0
647095,0.0
647098,0.0
647107,0.0
647137,0.0
647144,0.0
647147,0.0
647149,0.0
647155,0.0
647159,0.0
647162,0.0
647165,0.0
647166,0.0
647177,0.0
647188,0.0
647193,0.0
647206,0.0
647208,0.0
647210,0.0
647213,0.0
647230,1.0
647232,0.0
647240,0.0
647258,0.0
647265,0.0
647268,0.0
647270,0.0
647274,0.0
647292,0.0
647301,0.0
647306,0.0
647308,0.0
647310,0.0
647330,0.0
647335,0.0
647353,0.0
647354,0.0
647371,0.0
647391,0.0
647394,0.0
647400,0.0
647421,0.0
647423,0.0
647428,0.0
647430,0.0
647442,0.0
647455,0.0
647457,1.0
647476,0.0
647481,0.0
647486,0.0
647487,0.0
647497,0.0
647501,0.0
647526,0.0
647543,0.0
647546,0.0
647547,0.0
647552,0.0
647560,0.0
647561,0.0
647580,0.0
647584,0.0
647586,0.0
647594,0.0
647601,0.0
647610,0.0
647637,0.0
647639,0.0
647640,0.0
647645,0.0
647654,0.0
647658,0.0
647663,0.0
647666,0.0
647670,0.0
647686,0.0
647719,0.0
647726,0.0
647728,0.0
647729,0.0
647731,0.0
647733,0.0
647749,0.0
647750,0.0
647751,0.0
647765,0.0
647775,0.0
647776,0.0
647787,0.0
647788,0.0
647795,0.0
647804,0.0
647828,0.0
647835,0.0
647837,0.0
647839,0.0
647850,0.0
647853,0.0
647859,0.0
647865,0.0
647871,0.0
647877,0.0
647919,0.0
647923,0.0
647925,0.0
647937,0.0
647938,0.0
647940,0.0
647963,0.0
647965,0.0
647968,0.0
647976,0.0
647979,0.0
648004,0.0
648019,0.0
648034,0.0
648037,0.0
648051,0.0
648062,0.0
648097,0.0
648099,0.0
648100,0.0
648114,0.0
648116,0.0
648133,0.0
648137,0.0
648157,0.0
648167,0.0
648186,0.0
648188,0.0
648198,0.0
648200,0.0
648204,0.0
648212,0.0
648213,0.0
648214,0.0
648219,1.0
648229,0.0
648231,0.0
648241,1.0
648248,0.0
648264,0.0
648271,0.0
648273,0.0
648278,0.0
648279,0.0
648283,0.0
648292,0.0
648307,0.0
648323,0.0
648328,0.0
648344,0.0
648349,0.0
648369,0.0
648376,0.0
648406,0.0
648411,0.0
648414,0.0
648423,0.0
648424,0.0
648432,0.0
648433,0.0
648447,0.0
648454,0.0
648470,0.0
648473,0.0
648477,0.0
648481,0.0
648484,0.0
648486,0.0
648510,0.0
648513,0.0
648519,0.0
648526,0.0
648528,0.0
648530,0.0
648531,0.0
648539,0.0
648554,0.0
648562,0.0
648567,0.0
648574,0.0
648576,0.0
648582,0.0
648588,0.0
648611,0.0
648626,0.0
648635,0.0
648645,0.0
648647,0.0
648652,0.0
648660,0.0
648673,0.0
648701,0.0
648703,0.0
648713,0.0
648715,0.0
648725,0.0
648727,0.0
648751,0.0
648754,0.0
648755,0.0
648759,0.0
648773,0.0
648783,0.0
648793,0.0
648818,0.0
648827,0.0
648829,0.0
648833,1.0
648844,0.0
648845,1.0
648855,0.0
648896,0.0
648899,0.0
648925,0.0
648927,0.0
648950,0.0
648957,0.0
648962,0.0
648963,0.0
648973,0.0
648974,0.0
648977,0.0
648978,0.0
648979,0.0
648991,0.0
648995,0.0
648998,0.0
649001,0.0
649014,0.0
649017,0.0
649024,0.0
649034,0.0
649038,0.0
649057,0.0
649059,0.0
649082,0.0
649085,0.0
649099,0.0
649107,0.0
649119,0.0
649126,0.0
649129,0.0
649131,0.0
649140,0.0
649143,0.0
649153,0.0
649157,0.0
649159,0.0
649161,0.0
649164,0.0
649169,0.0
649189,0.0
649192,0.0
649194,0.0
649211,0.0
649233,0.0
649246,0.0
649252,0.0
649256,0.0
649264,0.0
649268,0.0
649281,0.0
649282,0.0
649284,0.0
649297,0.0
649304,0.0
649315,0.0
649340,0.0
649354,0.0
649355,0.0
649369,0.0
649378,0.0
649381,0.0
649383,0.0
649391,0.0
649392,0.0
649398,0.0
649399,0.0
649403,0.0
649407,0.0
649412,0.0
649434,0.0
649440,0.0
649459,0.0
649460,1.0
649470,0.0
649497,0.0
649503,0.0
649539,0.0
649576,0.0
649589,0.0
649621,0.0
649630,0.0
649634,0.0
649638,0.0
649655,0.0
649674,0.0
649689,0.0
649709,0.0
649732,0.0
649737,0.0
649740,0.0
649756,0.0
649768,0.0
649771,0.0
649791,0.0
649802,0.0
649804,0.0
649811,0.0
649824,0.0
649831,0.0
649841,0.0
649858,0.0
649876,0.0
649882,0.0
649884,0.0
649905,0.0
649915,0.0
649921,0.0
649922,0.0
649928,0.0
649943,0.0
649987,0.0
649995,0.0
650000,0.0
650026,0.0
650036,0.0
650040,1.0
650048,0.0
650074,0.0
650090,1.0
650098,0.0
650114,0.0
650121,1.0
650125,0.0
650126,0.0
650129,0.0
650131,0.0
650146,0.0
650150,0.0
650157,0.0
650172,0.0
650220,0.0
650252,0.0
650254,0.0
650259,0.0
650280,0.0
650290,0.0
650301,0.0
650302,0.0
650306,0.0
650344,0.0
650346,0.0
650349,0.0
650356,0.0
650362,0.0
650367,0.0
650373,0.0
650375,0.0
650389,0.0
650403,1.0
650418,0.0
650422,0.0
650430,0.0
650444,0.0
650461,0.0
650476,0.0
650477,0.0
650490,0.0
650504,0.0
650544,0.0
650559,0.0
650569,0.0
650580,0.0
650583,0.0
650584,1.0
650593,0.0
650600,0.0
650603,0.0
650605,0.0
650613,0.0
650615,0.0
650616,1.0
650627,0.0
650637,0.0
650645,0.0
650655,0.0
650677,0.0
650690,0.0
650692,1.0
650702,0.0
650704,0.0
650730,0.0
650732,0.0
650741,0.0
650751,0.0
650766,0.0
650770,0.0
650783,0.3333333333333333
650793,0.0
650809,0.0
650812,0.0
650821,0.0
650823,0.0
650879,0.0
650881,0.0
650885,0.0
650889,0.0
650905,1.0
650919,0.0
650936,0.0
650947,0.0
650950,0.0
650953,0.0
650959,0.0
650970,0.0
650985,0.0
650988,0.0
651003,0.0
651008,0.0
651009,0.0
651012,0.0
651013,0.0
651018,0.0
651024,0.0
651030,0.0
651042,0.0
651043,0.0
651053,0.0
651054,0.0
651060,0.0
651088,0.0
651093,0.0
651094,0.0
651104,1.0
651110,0.0
651111,0.0
651125,0.0
651133,0.0
651151,0.0
651170,0.0
651185,0.0
651186,0.0
651209,0.0
651211,0.0
651219,0.0
651228,0.0
651234,0.0
651240,0.0
651255,1.0
651259,0.0
651261,0.0
651272,0.0
651290,0.0
651293,0.0
651299,0.0
651338,0.0
651357,0.0
651359,0.0
651365,1.0
651368,0.0
651370,0.0
651373,0.0
651379,0.0
651384,0.0
651397,0.0
651410,1.0
651416,0.0
651417,0.0
651419,0.0
651422,0.0
651424,0.0
651435,0.0
651441,0.0
651460,0.0
651475,0.0
651479,0.0
651497,0.0
651502,0.0
651511,0.0
651529,0.0
651532,0.0
651534,0.0
651541,0.0
651553,1.0
651556,0.0
651564,0.0
651575,0.0
651578,0.0
651589,0.0
651595,0.0
651608,0.0
651610,1.0
651614,0.0
651620,0.0
651624,1.0
651637,0.0
651639,0.0
651640,0.0
651656,0.0
651667,0.0
651671,0.0
651694,0.0
651707,0.0
651731,0.0
651738,0.0
651751,0.0
651766,0.0
651774,0.0
651775,0.0
651776,1.0
651794,0.0
651823,0.0
651843,0.0
651846,0.0
651852,0.0
651861,0.0
651863,0.0
651878,0.0
651880,0.0
651886,0.0
651889,0.0
651900,0.0
651909,0.0
651922,1.0
651924,0.0
651943,0.0
651944,0.0
651945,0.0
651965,0.0
651968,0.0
651972,0.0
651981,0.0
651996,0.0
652012,0.0
652021,0.0
652026,0.0
652027,0.0
652036,0.0
652038,0.0
652045,0.0
652056,0.0
652057,0.0
652058,0.0
652064,0.0
652079,0.0
652083,0.0
652089,0.0
652095,0.0
652103,0.0
652128,0.0
652140,0.0
652142,0.0
652156,0.0
652162,0.0
652171,0.0
652172,0.0
652194,0.0
652197,0.0
652198,0.0
652201,0.0
652205,0.0
652209,1.0
652221,0.0
652225,0.0
652227,0.0
652231,0.0
652243,0.0
652244,0.0
652272,0.0
652281,0.0
652282,0.0
652296,0.0
652298,0.0
652303,0.0
652323,0.0
652342,0.0
652359,0.0
652380,0.5
652383,0.0
652387,0.0
652389,0.0
652410,0.0
652423,0.0
652434,0.0
652439,0.0
652449,0.0
652454,0.0
652457,0.0
652475,0.0
652504,0.0
652513,0.0
652515,0.5
652534,0.0
652561,0.0
652597,0.0
652599,0.0
652602,0.0
652617,0.0
652628,0.0
652640,0.0
652643,0.0
652653,0.0
652656,0.0
652660,0.0
652678,0.0
652691,0.0
652694,0.0
652705,0.0
652714,0.0
652717,0.0
652726,0.0
652737,0.0
652755,0.0
652758,0.0
652786,0.0
652789,0.0
652795,0.0
652799,0.0
652807,0.0
652825,0.0
652831,0.0
652834,0.0
652845,0.0
652854,0.0
652864,0.0
652866,0.0
652867,0.0
652872,0.0
652891,0.0
652892,0.0
652893,0.0
652895,0.0
652903,0.0
652909,0.0
652912,0.0
652914,0.0
652915,0.0
652920,0.0
652924,0.0
652932,0.0
652969,0.0
652971,0.0
652975,0.0
652986,0.0
652990,0.0
652994,0.0
653001,0.0
653009,0.0
653011,1.0
653016,0.0
653022,0.0
653029,0.0
653054,0.0
653058,0.0
653060,0.0
653064,0.0
653068,0.0
653073,0.0
653074,0.0
653076,0.0
653085,0.0
653086,0.0
653093,0.0
653113,0.0
653114,0.0
653117,0.0
653155,0.0
653189,0.0
653192,0.0
653193,0.0
653196,0.0
653207,0.0
653209,0.0
653212,0.0
653218,0.0
653220,0.0
653229,0.0
653235,0.0
653250,0.0
653282,0.0
653287,0.0
653298,0.0
653324,0.0
653326,0.0
653329,0.0
653333,0.0
653335,0.0
653337,0.0
653339,0.0
653353,0.0
653365,0.0
653367,0.0
653368,0.0
653376,0.0
653392,0.0
653395,0.0
653397,0.0
653401,0.0
653413,0.0
653421,0.0
653426,0.0
653430,0.0
653438,0.0
653447,0.0
653449,0.0
653451,0.0
653452,0.0
653456,0.0
653472,0.0
653479,0.0
653510,0.0
653514,0.0
653534,0.0
653556,0.0
653561,0.0
653573,0.0
653591,0.0
653595,0.0
653596,0.0
653602,0.0
653605,0.0
653615,0.0
653621,0.0
653628,0.0
653644,0.0
653648,0.0
653668,0.0
653669,0.0
653692,0.0
653697,0.0
653698,0.0
653711,0.0
653712,0.0
653713,0.0
653717,0.0
653728,0.0
653739,0.0
653745,0.0
653748,0.0
653749,0.0
653755,0.0
653757,0.0
653764,1.0
653775,0.0
653781,0.0
653790,0.0
653802,0.0
653804,0.0
653805,0.0
653812,0.0
653826,0.0
653833,0.0
653836,0.0
653851,1.0
653857,0.0
653861,0.0
653890,0.0
653908,0.0
653910,0.0
653914,0.0
653946,0.0
653957,0.0
653965,1.0
653967,0.0
653986,0.0
653990,0.0
653991,0.0
653995,0.0
654025,0.0
654030,0.0
654050,0.0
654052,0.0
654082,0.0
654089,0.0
654097,0.0
654109,0.0
654128,0.0
654129,0.0
654130,0.0
654134,0.0
654151,0.0
654152,0.0
654153,0.0
654160,0.0
654164,0.0
654168,0.0
654181,0.0
654182,0.0
654195,0.0
654209,0.0
654241,0.0
654245,0.0
654246,0.0
654273,1.0
654274,0.0
654291,0.0
654294,0.0
654297,0.0
654315,0.0
654322,0.0
654324,0.0
654326,0.0
654333,0.0
654343,0.0
654356,0.0
654358,0.0
654361,0.0
654370,0.0
654376,0.0
654381,0.0
654398,0.0
654409,0.0
654413,0.0
654417,0.0
654439,0.0
654440,0.0
654447,0.0
654455,0.0
654467,0.0
654485,0.0
654493,0.0
654504,0.0
654507,0.0
654533,0.0
654537,0.0
654538,0.0
654544,0.0
654581,0.0
654589,0.0
654590,0.0
654616,0.0
654619,0.0
654620,0.0
654623,0.0
654650,0.0
654669,0.0
654674,0.0
654679,0.0
654683,0.0
654684,0.0
654687,0.0
654704,0.0
654707,0.0
654716,0.0
654719,0.0
654759,0.0
654762,0.0
654764,0.0
654775,0.0
654778,0.0
654787,0.0
654793,0.0
654809,0.0
654822,0.0
654826,0.0
654829,0.0
654831,0.0
654836,0.0
654845,0.0
654850,0.0
654863,0.0
654866,0.0
654876,0.0
654897,0.0
654904,0.0
654915,0.0
654919,0.0
654920,0.0
654946,0.0
654947,0.0
654954,0.0
654966,0.0
654972,0.0
654973,0.0
654988,0.0
654999,0.0
655001,0.0
655024,0.0
655025,0.0
655029,0.0
655032,0.0
655054,0.0
655075,0.0
655076,1.0
655090,0.0
655106,0.0
655112,0.0
655119,0.0
655126,0.0
655142,0.0
655145,0.0
655174,0.0
655175,0.0
655178,0.0
655179,0.0
655190,0.0
655201,0.0
655232,0.0
655244,0.0
655250,0.0
655254,0.0
655263,0.0
655270,0.0
655272,0.0
655283,0.0
655288,0.0
655291,0.0
655293,0.0
655298,1.0
655319,0.0
655331,0.0
655336,0.0
655341,0.0
655351,0.0
655357,0.0
655358,1.0
655361,0.0
655363,0.0
655368,0.0
655380,0.0
655381,0.0
655383,0.0
655384,0.0
655386,0.0
655395,0.0
655397,0.0
655401,0.0
655402,0.0
655407,0.0
655424,0.0
655425,0.0
655428,0.0
655436,0.0
655437,0.0
655440,0.0
655442,0.0
655461,0.0
655465,0.0
655468,0.0
655476,0.0
655478,0.0
655482,0.0
655483,0.0
655484,0.0
655514,0.0
655530,0.0
655532,0.0
655545,0.0
655549,0.0
655550,0.0
655552,0.0
655554,0.0
655570,0.0
655575,0.0
655576,0.0
655581,0.0
655630,0.0
655638,0.0
655642,0.0
655648,0.0
655658,0.0
655707,0.0
655711,0.0
655720,0.0
655723,0.0
655745,0.0
655747,0.0
655759,0.0
655772,0.0
655774,1.0
655794,0.0
655796,0.0
655829,0.0
655835,0.0
655838,0.0
655842,0.0
655843,0.0
655855,0.0
655877,0.0
655887,0.0
655926,0.0
655928,0.0
655953,0.0
655955,0.0
655960,0.0
655963,0.0
655968,0.0
655978,0.0
655994,0.0
656003,0.0
656008,0.0
656012,0.0
656014,1.0
656015,0.0
656016,0.0
656023,0.0
656032,0.0
656038,0.0
656073,1.0
656076,0.0
656077,0.0
656087,0.0
656089,0.0
656095,0.0
656097,0.0
656112,0.0
656118,0.0
656121,0.0
656133,0.0
656157,0.0
656165,0.0
656174,0.0
656183,0.0
656194,1.0
656197,0.0
656198,0.0
656212,0.0
656215,0.0
656223,0.0
656228,0.0
656239,0.0
656256,0.0
656263,0.0
656276,0.0
656283,0.0
656287,0.0
656291,0.0
656308,0.0
656325,0.0
656333,0.0
656339,0.0
656344,0.0
656350,0.0
656357,0.0
656394,1.0
656403,0.0
656406,0.0
656407,0.0
656428,0.0
656453,0.0
656468,0.0
656478,0.0
656481,0.0
656493,0.0
656505,0.0
656520,1.0
656523,0.0
656527,0.0
656532,0.0
656541,0.0
656556,0.0
656572,0.0
656574,0.0
656585,0.0
656594,0.0
656596,0.0
656601,0.0
656625,0.0
656628,0.0
656629,0.0
656635,0.0
656649,0.0
656651,0.0
656655,0.0
656679,0.0
656681,0.0
656709,0.0
656725,0.0
656729,0.0
656734,0.0
656753,0.0
656766,0.0
656789,0.0
656790,0.0
656802,0.0
656811,0.0
656816,0.0
656820,0.0
656824,1.0
656825,1.0
656832,0.0
656853,0.0
656856,0.0
656876,0.0
656888,0.0
656895,0.0
656897,0.0
656900,0.0
656920,0.0
656923,0.0
656930,0.0
656934,0.0
656949,0.0
656960,0.0
656975,0.0
656981,0.0
656998,0.0
657024,0.0
657038,0.0
657041,0.0
657048,0.0
657054,0.0
657055,1.0
657057,0.0
657061,0.0
657062,0.0
657070,0.0
657072,0.0
657096,0.0
657100,0.0
657102,0.0
657103,0.0
657110,0.0
657137,0.0
657139,0.0
657157,0.0
657171,0.0
657177,0.0
657178,0.0
657200,0.0
657202,1.0
657207,0.0
657211,1.0
657213,0.0
657244,0.0
657247,0.0
657262,0.0
657279,0.0
657301,0.0
657310,0.0
657324,0.0
657330,0.0
657344,0.0
657347,0.0
657563,0.0
657574,0.0
657579,0.0
657615,0.0
657624,0.0
657625,0.0
657632,0.0
657633,0.0
657648,0.0
657655,0.0
657663,0.0
657669,0.0
657671,0.0
657675,0.0
657682,0.0
657704,0.0
657711,0.0
657722,1.0
657724,0.0
657730,0.0
657735,0.0
657756,0.0
657757,0.0
657760,0.0
657769,0.0
657779,0.0
657780,0.0
657792,0.0
657822,0.0
657841,0.0
657849,0.0
657860,0.0
657874,0.0
657884,0.0
657889,0.0
657897,0.0
657915,0.0
657921,0.0
657926,0.0
657933,0.0
657938,0.0
657953,0.0
657962,0.0
657982,0.0
657986,0.0
658027,0.0
658058,0.0
658072,0.0
658079,0.0
658081,0.0
658092,0.0
658096,0.0
658099,0.0
658102,0.0
658118,0.0
658130,0.0
658161,0.0
658176,0.0
658184,0.0
658187,0.0
658188,0.0
658197,0.0
658203,0.0
658208,0.0
658209,0.0
658215,0.0
658218,0.0
658221,0.0
658247,0.0
658260,0.0
658261,0.0
658262,0.0
658304,0.0
658324,0.0
658326,0.0
658334,0.0
658337,0.0
658340,0.0
658348,0.0
658369,0.0
658372,0.0
658388,0.0
658395,0.0
658412,0.0
658435,0.0
658438,0.0
658449,0.0
658454,0.0
658459,0.0
658487,0.0
658489,0.0
658492,0.0
658509,0.0
658510,0.0
658520,0.0
658527,0.0
658531,0.0
658540,0.0
658552,0.0
658555,0.0
658563,0.0
658565,0.0
658569,0.0
658575,0.0
658588,0.0
658595,0.0
658606,0.0
658612,0.0
658614,0.0
658633,0.0
658634,0.0
658643,0.0
658655,0.0
658662,0.0
658669,0.0
658672,0.0
658702,0.0
658718,0.0
658737,0.0
658738,0.0
658772,0.0
658778,0.0
658779,0.0
658782,0.0
658785,1.0
658791,0.0
658807,0.0
658817,0.0
658821,0.0
658827,0.0
658838,0.0
658842,0.0
658848,0.0
658855,0.0
658875,0.0
658887,0.0
658891,0.0
658900,0.0
658904,0.0
658907,0.0
658909,0.0
658912,0.0
658923,0.0
658944,0.0
658945,0.0
658963,0.0
658977,0.0
658990,0.0
659001,0.0
659012,0.0
659013,0.0
659016,0.0
659017,0.0
659028,0.0
659032,0.0
659038,0.0
659044,0.0
659048,0.0
659050,0.0
659055,0.0
659060,0.0
659090,0.0
659093,0.0
659096,0.0
659128,0.0
659138,0.0
659140,0.0
659163,0.0
659182,0.0
659206,0.0
659222,0.0
659231,0.0
659233,0.0
659239,0.0
659249,0.0
659250,0.0
659254,0.0
659273,0.0
659288,0.0
659297,0.0
659298,0.0
659331,0.0
659341,0.0
659344,0.0
659347,0.0
659383,0.0
659386,0.0
659392,0.0
659395,0.0
659404,0.0
659426,0.0
659428,0.0
659441,0.0
659462,0.0
659513,1.0
659517,0.0
659520,0.0
659523,0.0
659524,0.0
659527,0.0
659529,0.0
659534,0.0
659535,0.0
659545,0.0
659551,0.0
659560,0.0
659563,0.0
659567,0.0
659570,0.0
659571,0.0
659582,0.0
659595,0.0
659597,0.0
659605,0.0
659627,0.0
659632,0.0
659639,0.0
659640,0.0
659642,0.0
659643,0.0
659647,0.0
659660,0.0
659668,0.0
659674,0.0
659708,0.0
659724,0.0
659729,0.0
659732,0.0
659733,0.0
659737,0.0
659752,0.3333333333333333
659771,0.0
659772,0.0
659778,0.0
659785,0.0
659790,0.0
659799,0.0
659804,1.0
659815,0.0
659820,0.0
659837,0.0
659865,0.0
659875,0.0
659876,0.0
659879,0.0
659885,0.0
659908,0.0
659910,0.0
659923,0.0
659946,0.0
659959,0.0
659970,0.0
659981,0.0
659982,0.0
659991,0.0
661129,1.0
661258,0.0
661600,0.0
661748,0.0
661884,0.0
662241,0.0
662637,0.0
663105,0.0
663270,0.0
664386,0.0
665042,1.0
665531,0.0
665722,0.0
666739,0.0
667051,0.5
667226,0.0
667295,0.0
667997,1.0
668020,1.0
670300,1.0
670305,0.0
670310,0.0
670322,0.0
670336,0.0
670340,0.0
670360,0.0
670368,0.0
670371,0.0
670400,0.0
670516,0.0
670526,0.0
670541,0.0
670548,0.0
670562,0.0
670577,0.0
670581,1.0
670587,0.0
670623,0.0
670625,0.0
670630,0.0
670651,0.0
670654,0.0
670655,0.0
670666,0.0
670667,0.0
670674,0.0
670801,0.0
670824,0.0
670826,0.0
670851,0.0
670852,0.0
670870,0.0
670891,0.0
670901,0.0
670902,0.0
670945,0.0
670981,0.0
671103,0.0
671110,0.0
671115,0.0
671117,0.0
671128,0.0
671136,0.0
671158,0.0
671162,0.0
671180,0.0
671195,1.0
671540,0.0
671718,0.0
671802,0.0
671806,0.0
671824,0.0
671846,0.0
671847,0.0
671850,1.0
671861,0.0
671867,0.0
671871,0.0
671872,0.0
671884,0.0
671960,0.0
671977,0.0
672041,0.0
672052,0.0
672061,0.0
672062,0.0
672079,0.0
672080,0.0
672086,0.0
672102,0.0
672106,0.0
672132,0.0
672137,0.0
672142,0.0
672147,0.0
672166,0.0
672170,0.0
672174,0.0
672175,0.0
672181,0.0
672185,0.0
672186,1.0
672198,0.0
672205,0.0
672207,0.0
672223,0.0
672226,0.0
672227,0.0
672229,0.0
672233,0.0
672234,0.0
672240,0.0
672244,0.0
672245,0.0
672268,0.0
672277,0.0
672303,0.0
672310,0.0
672312,0.0
672314,0.0
672329,0.0
672362,0.0
672364,0.0
672365,0.0
672370,0.0
672373,0.0
672387,1.0
672388,0.0
672389,0.0
672393,0.0
672421,0.0
672449,0.0
672454,0.0
672461,0.0
672462,0.0
672469,0.0
672476,0.0
672482,0.0
672487,0.0
672501,0.0
672507,0.0
672509,0.0
672512,0.0
672520,0.0
672530,0.0
672552,0.0
672553,0.0
672576,0.0
672577,0.0
672578,0.0
672594,0.0
672598,0.0
672600,0.0
672614,0.0
672616,0.0
672619,0.0
672620,0.0
672621,0.0
672638,0.0
672647,0.0
672654,0.0
672659,0.0
672673,0.0
672677,0.0
672700,1.0
672707,0.0
672710,0.0
672727,0.0
672735,0.0
672744,0.0
672745,0.0
672765,0.0
672785,0.0
672813,0.0
672817,0.0
672829,0.0
672841,0.0
672847,0.0
672863,0.0
672867,0.0
672880,0.0
672881,0.0
672885,0.0
672888,0.0
672896,0.0
672899,0.0
672903,0.0
672911,0.0
672915,0.0
672923,0.0
672935,0.0
672957,0.0
672964,0.0
672967,0.0
672969,0.0
672970,1.0
672979,0.0
672984,0.0
672994,0.0
672997,0.0
673979,0.0
674307,0.0
674318,0.0
674323,0.0
674327,0.0
674331,0.0
674338,1.0
674351,0.0
674366,0.0
674370,0.0
674378,0.0
674379,0.0
674392,0.0
674397,0.0
674405,0.0
674437,0.0
674445,0.0
674453,0.0
674466,0.0
674470,0.0
674471,0.0
674483,0.0
674509,0.0
674512,0.0
674525,0.0
674558,0.0
674565,0.0
674570,0.0
674573,0.0
674624,0.0
674636,0.0
674645,0.0
674656,0.0
674661,0.0
674669,0.0
674672,0.0
674685,0.0
674688,0.0
674692,0.0
674716,0.0
674724,0.0
674732,0.0
674759,0.0
674766,0.0
674772,0.0
674782,0.0
674783,0.0
674784,0.0
674790,0.0
674843,0.0
674847,0.0
674849,0.0
674856,0.0
674872,0.0
674875,0.0
674881,0.0
674973,0.0
675113,0.0
675397,0.0
675489,0.0
675549,0.0
675906,0.0
675919,0.0
675924,0.0
675932,0.0
675935,0.0
675950,0.0
675963,0.0
675976,0.0
676036,0.0
676197,0.0
676216,0.0
676231,0.0
676237,0.0
676342,0.0
676448,0.0
676488,0.0
676511,0.0
676513,0.0
676519,0.0
676521,0.0
676549,0.0
676555,0.0
676558,0.0
676563,0.0
676575,1.0
676582,0.0
676598,0.0
676620,0.0
676621,0.0
676627,0.0
676635,0.0
676636,0.0
676638,0.0
676641,0.0
676643,0.0
676649,0.0
676665,0.0
676672,0.0
676673,0.0
676711,1.0
676713,0.0
676715,0.0
676718,0.0
676769,0.0
676773,0.0
676777,0.0
676781,0.0
676785,0.0
676787,0.0
676790,0.0
676792,0.0
676820,0.0
676841,0.0
676892,0.0
676917,0.0
676959,0.0
676966,0.0
676974,0.0
677024,0.0
677026,0.0
677038,0.0
677043,0.0
677044,0.0
677057,0.0
677104,0.0
677107,0.0
677110,0.0
677123,0.0
677124,0.0
677127,0.0
677146,0.0
677174,0.0
677175,0.0
677224,0.0
677286,0.0
677291,0.0
677302,0.0
677335,0.0
677340,0.0
677355,0.0
677364,0.0
677375,0.0
677381,0.0
677382,0.0
677388,0.0
677399,0.0
677422,0.0
677429,0.0
677434,1.0
677447,0.0
677493,1.0
677495,0.0
677497,0.0
677502,0.0
677506,0.0
677509,0.0
677538,0.0
677541,0.0
677545,0.0
677596,0.0
677597,0.0
677606,0.0
677609,0.0
677625,0.0
677630,0.0
677632,0.0
677640,0.0
677647,0.0
677659,0.0
677694,0.0
677702,0.0
677708,0.0
677717,0.0
677727,0.0
678009,0.0
678203,0.0
678549,0.0
678912,0.0
679006,0.0
679139,0.0
679146,0.0
679161,0.0
679162,0.0
679165,0.0
679169,0.0
679170,0.0
679176,0.0
679180,0.0
679186,0.0
679187,0.0
679196,0.0
680006,1.0
680022,0.0
680032,0.0
680034,0.0
680044,0.0
680056,0.0
680085,0.0
680101,0.0
680111,0.0
680124,0.0
680134,0.0
680169,0.0
680172,0.0
680176,0.0
680188,0.0
680217,0.0
680221,0.0
680227,0.0
680245,0.0
680260,0.0
680263,0.0
680328,0.0
680329,0.0
680336,0.0
680338,0.0
680340,0.0
680350,0.0
680353,0.0
680374,0.0
680380,0.0
680397,0.0
680398,0.0
680402,0.0
680424,0.0
680425,0.0
680426,0.0
680438,0.0
680439,0.0
680449,0.0
680461,0.0
680466,0.0
680471,1.0
680472,0.0
680476,0.0
680481,0.0
680490,1.0
680496,0.0
680505,0.0
680512,1.0
680517,0.0
680533,0.0
680538,0.0
680540,0.0
680546,0.0
680554,1.0
680561,0.0
680574,0.0
680575,0.0
680577,0.0
680578,0.0
680584,0.0
680593,0.0
680602,0.0
680620,0.0
680622,0.0
680627,0.0
680629,0.0
680633,0.0
680634,0.0
680644,0.0
680651,1.0
680660,0.0
680663,0.0
680677,0.0
680680,0.0
680684,0.0
680702,0.0
680703,0.0
680712,0.0
680728,0.0
680734,0.0
680735,0.0
680746,0.0
680748,0.0
680754,0.0
680760,0.0
680761,0.0
680766,0.0
680778,0.0
680791,1.0
680813,0.0
680817,0.0
680829,0.0
680840,0.0
680847,0.0
680863,0.0
680873,0.0
680888,0.0
680892,0.0
680895,0.0
680902,0.0
680910,0.0
680917,0.0
680937,0.0
680987,0.0
685068,1.0
685211,0.0
685403,0.0
686117,0.0
687722,0.0
689235,0.0
690006,0.0
690013,0.0
690026,0.0
690044,0.0
690053,0.0
690059,0.0
690069,0.0
690072,0.0
690073,0.0
690093,0.0
690750,0.0
690970,0.0
691131,0.0
691842,0.0
693057,0.0
693800,0.0
695809,1.0
695896,0.0
699341,0.0
699423,0.0
700004,0.0
700134,0.0
700238,0.0
700346,0.0
700403,0.0
700433,0.0
700548,0.0
700598,0.0
700638,0.0
700676,0.0
700835,0.0
700837,0.0
700887,0.0
703902,0.0
706630,0.0
706633,0.0
706635,0.0
706641,0.0
706662,0.0
706668,0.0
706669,0.0
706670,0.0
706675,0.0
706676,0.0
706687,0.0
706691,0.0
706693,0.0
706697,0.0
707020,0.0
707117,0.0
707123,0.0
707134,0.0
707162,0.0
707178,0.0
707198,0.0
707208,0.0
707209,0.0
707210,0.0
707227,0.0
707245,0.0
707250,0.0
707254,0.0
707261,0.0
707267,0.0
707269,0.0
707272,0.0
707281,0.0
707285,0.0
707288,0.0
707298,0.0
707622,0.0
707630,0.0
707641,0.0
707643,0.0
707646,0.0
707647,0.0
707651,0.0
707652,0.0
707681,0.0
707682,0.0
707687,0.0
707880,0.0
708318,0.0
708834,0.0
708845,0.0
708850,0.0
710063,0.0
710066,0.0
710102,0.0
710114,0.0
710116,0.0
710127,0.0
710141,0.0
710151,0.0
710175,0.0
710179,0.0
710189,0.0
710191,0.0
710195,0.0
710202,0.0
710207,0.0
710209,0.0
710233,0.0
710236,0.0
710240,0.0
710253,0.0
710255,0.0
710257,0.0
710270,0.0
710275,0.0
710277,0.0
710282,0.0
710306,0.0
710309,0.0
710316,0.0
710323,0.0
710327,0.0
710342,0.0
710362,0.0
710396,0.0
711400,0.0
711406,0.0
711407,0.0
711409,0.0
711412,0.0
711419,0.0
711420,0.0
711422,0.0
711426,0.0
711428,0.0
711433,1.0
711439,1.0
712000,0.0
714101,0.0
720694,0.0
721224,0.0
721227,0.0
721229,0.0
721263,0.0
721296,0.0
721298,0.0
721307,0.0
721309,0.0
721332,0.0
721355,0.0
721453,0.0
721464,0.0
721467,0.0
721469,0.0
721480,0.0
721753,0.0
721789,0.0
723212,0.0
723249,0.0
723253,0.0
723262,0.0
724097,0.0
724206,0.0
724214,0.0
724704,0.0
724714,0.0
724767,0.0
724787,0.0
724796,0.0
724884,0.0
725056,0.0
725608,0.0
726627,0.0
726642,0.0
727191,0.0
727279,0.0
727288,0.0
727341,1.0
727460,0.0
727626,0.0
727707,0.0
727743,0.0
727750,0.0
727796,0.0
727808,0.0
727810,0.0
727834,0.0
727837,0.0
728065,0.0
728070,0.0
728149,0.0
728377,0.0
728517,0.0
728555,0.0
728562,0.0
728595,0.0
728650,0.0
728781,0.0
728930,0.0
728964,0.0
729131,0.0
729314,0.0
729364,0.0
729475,0.0
729581,0.0
729804,0.0
729808,0.0
729822,0.0
729978,0.0
735017,0.0
735018,0.0
735019,0.0
735023,0.0
735029,0.0
735032,0.0
735045,0.0
735047,0.0
735048,0.0
735051,0.0
735063,0.0
735067,0.0
735068,0.0
735071,0.0
735075,0.0
735078,0.0
735082,0.0
735083,0.0
735088,0.0
735101,0.0
735107,0.0
735115,0.0
735143,0.0
735147,0.0
735230,0.0
735369,0.0
735420,0.0
735466,0.0
735467,0.0
735593,0.0
735750,0.0
735885,0.0
735904,0.0
735905,0.0
735962,0.0
735971,0.0
735995,0.0
736946,0.0
737436,0.0
738043,0.0
738044,0.0
738048,0.0
738316,0.0
738353,0.0
738629,0.0
738907,1.0
739140,0.0
739158,0.0
739164,0.0
739235,0.0
739246,0.0
739439,0.0
739736,0.0
740007,0.0
740156,0.0
740177,0.0
740183,0.0
740271,0.0
740342,0.0
740346,0.0
746829,0.0
746836,0.0
746844,0.0
746857,0.0
748720,0.0
748835,0.0
750014,0.0
750095,0.0
750103,0.0
750104,0.0
750112,0.0
750134,0.0
751435,0.0
751439,0.0
751461,0.0
751466,0.0
755378,0.0
762090,0.0
762233,0.0
762294,0.0
762308,0.0
762584,0.0
762603,0.0
762866,0.0
762867,0.0
763136,0.0
763616,0.0
763693,0.0
763700,0.0
764035,0.0
764054,0.0
764121,0.0
764224,0.0
764249,0.0
764263,0.0
764268,0.0
764273,0.0
764317,0.0
764392,0.0
764490,0.0
764555,0.0
764557,0.0
770013,0.0
770016,0.0
770018,1.0
770022,0.0
770043,0.0
770065,0.0
770069,0.0
770071,0.0
770072,0.0
770078,0.0
770086,0.0
770093,0.0
770095,0.0
770114,0.0
770143,0.0
770152,0.0
770153,0.0
770170,0.0
770189,0.0
770190,0.0
770202,0.0
770282,0.0
770300,0.0
770512,0.0
770525,0.0
770550,0.0
770553,0.0
770556,0.0
770559,0.0
770724,0.0
770764,0.0
770786,0.0
771015,0.0
771018,0.0
771020,0.0
771028,0.5
771055,0.0
771072,0.0
771074,0.0
771079,0.0
771097,0.0
771151,0.0
771184,0.0
771232,0.0
771233,0.0
771238,0.0
771330,0.0
771340,0.0
771349,0.0
771353,0.0
771354,0.0
771366,0.0
771371,0.0
771395,0.0
771623,0.0
771624,0.0
771640,0.0
771647,0.0
771656,0.0
771671,0.0
771672,0.0
771698,0.0
771716,0.0
771737,0.0
771751,0.0
771800,0.0
771802,0.0
771804,0.0
771805,0.0
771853,0.0
771890,0.0
771953,0.0
773123,0.0
773141,0.0
773175,0.0
773850,0.0
775008,0.0
775031,0.0
775039,0.0
775045,0.0
775056,0.0
775074,0.0
775138,0.0
775172,0.0
775191,0.0
775196,1.0
775236,0.0
775239,0.0
775252,0.0
775255,0.0
775275,0.0
775307,0.0
775314,0.0
775316,0.0
775325,0.0
775615,0.0
775636,0.0
775658,0.0
775660,0.0
775663,0.0
775701,0.0
775729,0.0
775736,0.0
775752,0.0
775760,0.0
775788,0.0
775861,0.0
775878,0.0
775890,0.0
775928,0.0
775939,0.0
776011,0.0
776016,0.0
776017,0.0
776024,0.0
776045,0.0
776048,0.0
776085,0.0
776096,0.0
776113,0.0
776116,0.0
776136,0.0
776145,0.0
776254,0.0
776255,0.0
776257,0.0
776831,0.0
776837,0.0
776842,0.0
776846,0.0
776847,0.0
776862,0.0
776866,0.0
776867,0.0
776896,0.0
776929,0.0
776931,0.0
776935,0.0
776941,0.0
777286,0.0
777287,1.0
777301,0.0
777336,0.0
777341,0.0
777346,0.0
777386,0.0
777401,0.0
777449,0.0
777712,0.0
777725,0.0
777729,0.0
777730,0.0
777739,0.0
777847,0.0
777881,0.0
777891,0.0
779900,0.0
779901,1.0
779909,0.0
779919,0.0
779936,0.0
779942,0.0
779948,0.0
779956,0.0
779966,0.0
779977,0.0
779994,0.0
779998,0.0
789673,0.0
789718,0.0
800375,0.0
803039,0.0
810010,0.0
810019,0.0
810027,0.0
810030,0.0
810031,0.0
810034,0.0
810040,0.0
810051,0.0
810064,0.0
810070,0.0
810076,0.0
810082,0.0
810088,0.0
810093,0.0
810096,0.0
810098,0.0
810101,0.0
810115,0.0
810125,0.0
810134,0.0
810160,0.0
810167,1.0
810178,0.0
810184,0.0
810185,0.0
810190,0.0
810204,0.0
810211,0.0
810214,0.0
810237,0.0
810241,0.0
810242,0.0
810289,0.0
810310,1.0
810322,0.0
810329,0.0
810341,0.0
810373,0.0
810383,0.0
810388,1.0
810391,0.0
810400,0.0
810419,0.0
810421,0.0
810423,0.0
810424,0.0
810451,0.0
810455,0.0
810457,0.0
810472,0.0
810483,0.0
810485,0.0
810487,0.0
810499,0.0
810505,0.0
810507,0.0
810512,0.0
810517,0.0
810519,0.0
810540,0.0
810541,0.0
810542,0.0
810545,0.0
810598,0.0
810618,0.0
810629,0.0
810650,0.0
810654,0.0
810656,0.0
810658,0.0
810667,0.0
810672,0.0
810674,0.0
810688,0.0
810703,0.0
810708,0.0
810725,0.0
810726,0.0
810729,0.0
810737,0.0
810741,0.0
810751,0.0
810752,0.0
810754,0.0
810763,0.0
810782,1.0
810792,0.0
810804,0.0
810817,0.0
810826,0.0
810841,0.0
810847,0.0
810848,0.0
810863,0.0
810864,1.0
810866,0.0
810879,0.0
810881,0.0
810887,0.0
810888,0.0
810899,0.0
810921,0.0
810923,0.0
810928,0.0
810936,0.0
810949,0.0
810958,0.0
810993,0.0
811001,0.0
811009,0.0
811013,0.0
811027,0.0
811030,0.0
811033,0.0
811038,0.0
811041,1.0
811042,0.0
811057,0.0
811075,0.0
811094,0.0
811103,0.0
811113,0.0
811125,0.0
811129,0.0
811136,0.0
811151,0.0
811156,0.0
811163,0.0
811172,1.0
811176,0.0
811183,0.0
811184,0.0
811221,0.0
811228,0.0
811231,0.0
811237,0.0
811251,0.0
811254,0.0
811258,0.0
811260,0.0
811261,0.0
811262,0.0
811274,0.0
811281,0.0
811283,0.0
811300,0.0
811303,0.0
811304,0.0
811311,0.0
811314,0.0
811318,0.0
811325,0.0
811326,0.0
811338,0.0
811353,0.0
811359,0.0
811366,0.0
811369,0.0
811386,0.0
811387,0.0
811392,0.0
811397,0.0
811399,0.0
811407,0.0
811413,0.0
811427,0.0
811432,0.0
811436,0.0
811443,0.0
811455,0.0
811460,0.0
811463,0.0
811465,0.0
811467,0.0
811475,0.0
811479,0.0
811487,0.0
811518,0.0
811519,0.0
811536,1.0
811538,0.0
811540,0.0
811547,0.0
811548,0.0
811552,0.0
811553,0.0
811557,0.0
811558,0.0
811566,0.0
811581,0.0
811587,0.0
811595,0.0
811600,0.0
811604,0.0
811632,0.0
811636,0.0
811653,0.5
811674,0.0
811681,0.0
811683,0.0
811693,0.0
811697,0.0
811702,0.0
811719,0.0
811724,0.0
811733,0.0
811745,0.0
811748,0.0
811753,0.0
811760,0.0
811765,0.5
811778,0.0
811780,0.0
811783,1.0
811794,0.0
811799,0.0
811800,0.0
811802,0.0
811825,0.0
811833,1.0
811835,0.0
811844,0.0
811847,0.0
811848,0.0
811852,0.0
811860,0.0
811866,0.0
811873,0.0
811879,1.0
811887,0.0
811891,0.0
811899,0.0
811906,0.0
811910,0.0
811914,0.0
811918,0.0
811921,0.0
811922,0.0
811926,1.0
811933,0.0
811935,0.0
811969,0.0
811994,0.0
812002,0.0
812034,0.0
812036,0.0
812052,0.0
812059,0.0
812063,0.0
812075,0.0
812076,0.0
812084,0.0
812091,0.0
812105,0.0
812111,0.0
812112,0.0
812115,0.0
812118,0.0
812124,0.0
812130,0.0
812155,0.0
812172,0.0
812184,0.0
812187,1.0
812189,0.0
812196,0.0
812198,0.0
812199,0.0
812206,0.0
812214,0.0
812216,0.0
812217,0.0
812219,0.0
812221,0.0
812222,0.0
812256,0.0
812261,0.0
812263,0.0
812265,0.0
812295,0.0
812308,0.0
812318,0.0
812329,0.0
812342,0.0
812343,0.0
812347,0.0
812353,0.0
812366,0.0
812368,0.0
812377,0.0
812382,0.0
812383,0.0
812386,0.0
812435,0.0
812443,0.0
812453,0.0
812466,0.0
812476,0.0
812511,0.0
812519,0.0
812522,0.0
812531,0.0
812535,0.0
812565,0.0
812592,0.0
812593,0.0
812598,0.0
812608,0.0
812610,0.0
812624,0.0
812633,0.0
812638,0.0
812670,0.0
812674,0.0
812679,0.0
812682,0.0
812683,0.0
812687,0.0
812695,0.0
812729,0.0
812733,0.0
812738,0.0
812742,0.0
812752,0.0
812754,0.0
812760,0.0
812771,0.0
812783,0.0
812788,0.0
812789,0.0
812794,0.0
812799,0.0
812808,0.0
812832,0.0
812847,0.0
812854,0.0
812869,0.0
812873,0.0
812879,0.0
812888,0.0
812890,0.0
812897,0.0
812908,0.0
812910,0.0
812933,0.0
812940,0.0
812944,0.0
812951,0.0
812958,0.0
812959,0.0
812970,0.0
812997,0.0
813001,0.0
813010,0.0
813013,0.0
813029,0.0
813038,0.0
813041,0.0
813046,0.0
813056,0.0
813058,0.0
813079,0.0
813090,0.0
813108,0.0
813119,0.0
813135,0.0
813142,0.0
813152,0.0
813154,0.0
813162,1.0
813178,0.0
813186,0.0
813198,0.0
813209,0.0
813223,0.0
813268,0.0
813270,0.0
813279,0.0
813286,0.0
813302,0.0
813318,0.0
813322,0.0
813331,0.3333333333333333
813332,0.0
813333,0.0
813335,0.0
813347,0.0
813364,0.0
813366,0.0
813367,0.0
813389,0.0
813398,0.0
813402,0.0
813407,0.0
813408,0.0
813411,0.0
813413,0.0
813424,0.0
813432,0.0
813437,0.0
813440,0.0
813443,0.0
813445,0.0
813446,0.0
813447,1.0
813455,0.0
813465,0.0
813468,0.0
813479,0.0
813483,0.0
813494,0.0
813508,0.0
813529,0.0
813536,0.0
813551,0.0
813561,0.0
813572,0.0
813579,0.0
813583,0.0
813596,0.0
813598,0.0
813604,0.0
813607,0.0
813616,0.0
813617,0.0
813629,0.0
813647,0.0
813656,0.0
813659,0.0
813674,0.0
813678,0.0
813688,0.0
813689,0.0
813723,0.0
813731,1.0
813738,0.0
813742,1.0
813755,0.0
813756,0.0
813759,0.0
813761,0.0
813778,0.0
813800,0.0
813808,0.0
813814,0.0
813825,0.0
813872,0.0
813874,0.0
813879,0.0
813882,0.0
813887,0.0
813891,0.0
813904,0.0
813911,0.0
813912,0.0
813940,0.0
813953,0.0
813956,0.0
813957,0.0
813959,0.0
813973,0.0
813979,0.0
813989,0.0
813991,0.0
814004,0.0
814006,0.0
814010,0.0
814031,0.0
814037,0.0
814039,0.0
814040,0.0
814057,0.0
814072,0.0
814078,0.0
814092,0.0
814094,1.0
814099,0.0
814104,0.0
814120,0.0
814127,0.0
814135,0.0
814139,0.0
814142,0.0
814149,0.0
814150,0.0
814152,0.0
814159,0.0
814170,0.0
814172,0.0
814176,0.0
814191,0.0
814205,0.0
814206,0.0
814207,0.0
814225,0.0
814238,0.0
814248,0.0
814254,0.0
814255,1.0
814257,0.0
814266,0.0
814278,0.0
814279,0.0
814291,0.0
814294,0.0
814295,0.0
814306,0.0
814319,0.0
814334,0.0
814340,0.0
814350,0.0
814351,0.0
814357,0.0
814358,0.0
814360,0.0
814365,0.0
814368,0.0
814377,0.0
814379,0.0
814384,0.0
814401,0.0
814410,0.0
814432,0.0
814439,0.0
814443,0.0
814450,0.0
814471,0.0
814474,0.0
814477,0.0
814486,0.0
814498,0.0
814512,0.0
814513,0.0
814522,0.0
814535,0.0
814541,0.0
814555,0.0
814562,0.0
814572,0.0
814576,0.0
814577,0.0
814598,0.0
814603,0.0
814622,0.0
814642,0.0
814643,0.0
814646,0.0
814649,0.0
814656,0.0
814657,0.0
814672,0.0
814675,0.0
814693,0.0
814699,0.0
814713,0.0
814714,0.0
814716,0.0
814720,0.0
814744,0.0
814747,0.0
814751,0.0
814752,0.0
814753,0.0
814787,1.0
814790,0.0
814807,0.0
814822,0.0
814824,0.0
814841,0.0
814848,0.0
814858,0.0
814870,0.0
814876,0.0
814878,0.0
814889,0.0
814893,0.0
814913,0.0
814940,0.0
814961,0.0
814997,0.0
815011,0.0
815015,0.0
815022,0.0
815033,0.0
815048,0.0
815069,0.0
815071,0.0
815072,0.0
815086,0.0
815087,0.0
815092,0.0
815095,0.0
815097,0.0
815103,0.0
815109,0.0
815120,0.0
815133,0.0
815138,0.0
815169,0.0
815172,1.0
815179,0.0
815190,0.0
815197,0.0
815201,0.0
815202,0.0
815209,0.0
815210,0.0
815225,0.0
815234,0.0
815236,0.0
815248,0.0
815257,0.0
815265,1.0
815272,0.0
815274,0.0
815283,0.0
815290,0.0
815294,0.0
815299,0.0
815301,0.0
815304,0.0
815313,0.0
815328,0.0
815331,0.0
815332,0.0
815345,0.0
815352,0.0
815362,0.0
815381,0.0
815386,0.0
815393,0.0
815400,0.0
815402,0.0
815419,0.0
815453,0.0
815469,0.0
815471,0.0
815491,0.0
815500,0.0
815509,0.0
815515,0.0
815517,0.0
815523,0.0
815525,0.0
815528,0.0
815531,0.0
815534,0.0
815537,0.0
815539,0.0
815540,0.0
815552,0.0
815556,0.0
815559,0.0
815568,0.0
815597,0.0
815608,0.0
815609,0.0
815616,0.0
815626,0.0
815632,0.0
815638,0.0
815640,0.0
815647,0.0
815651,0.0
815663,0.0
815664,0.0
815665,0.0
815679,0.0
815709,0.0
815710,0.0
815718,0.0
815719,0.0
815726,0.0
815728,0.0
815732,0.0
815734,0.0
815738,0.0
815747,0.0
815757,0.0
815759,0.0
815773,0.0
815784,0.0
815786,0.0
815806,0.0
815819,0.0
815829,0.0
815841,0.0
815847,0.0
815850,0.0
815853,0.0
815855,0.0
815857,0.0
815876,0.0
815892,0.0
815905,0.0
815918,0.0
815923,0.0
815928,0.0
815950,0.0
815971,0.0
815988,0.0
815997,0.0
816018,0.0
816021,0.0
816023,0.0
816025,0.0
816033,0.0
816039,0.0
816073,0.0
816077,0.0
816078,0.0
816082,0.0
816085,0.0
816106,0.0
816118,0.0
816130,0.0
816133,0.0
816135,0.0
816164,0.0
816167,0.0
816184,0.0
816192,0.0
816194,0.0
816201,0.0
816205,0.0
816218,0.0
816228,0.0
816234,0.0
816243,0.0
816245,0.0
816259,0.0
816265,0.0
816270,0.0
816279,0.0
816292,0.0
816294,0.0
816297,0.0
816299,0.0
816301,0.0
816309,0.0
816314,0.0
816353,0.0
816416,0.0
816419,0.0
816428,0.0
816430,0.0
816435,0.0
816462,0.0
816464,0.0
816471,0.0
816481,0.0
816482,0.0
816507,1.0
816514,0.0
816526,0.0
816534,0.0
816561,0.0
816567,0.0
816575,0.0
816612,0.0
816622,0.0
816634,0.0
816641,0.0
816642,0.0
816648,0.0
816668,0.0
816671,0.0
816687,0.0
816714,0.0
816718,0.0
816735,0.0
816739,0.0
816745,0.0
816755,0.0
816773,0.0
816776,1.0
816807,0.0
816809,0.0
816827,0.0
816845,0.0
816859,0.0
816864,0.0
816872,0.0
816876,0.0
816919,0.0
816920,0.0
816922,0.0
816933,0.0
816937,0.0
816939,0.0
816948,0.0
816955,0.0
816962,0.0
816965,0.0
817028,0.0
817029,0.0
817037,0.0
817042,0.0
817046,0.0
817053,0.0
817055,0.0
817058,0.5
817065,0.0
817092,0.0
817093,0.0
817098,1.0
817100,0.0
817106,0.0
817108,0.0
817111,0.0
817116,0.0
817127,0.0
817146,0.0
817147,0.0
817156,0.0
817157,0.0
817165,0.0
817173,0.0
817175,0.0
817176,0.0
817178,0.0
817183,0.0
817188,0.0
817196,0.0
817200,0.0
817219,0.0
817228,0.0
817234,0.0
817247,0.0
817253,0.0
817254,1.0
817262,0.0
817268,0.0
817275,0.0
817281,0.0
817296,0.0
817299,0.0
817345,0.0
817348,0.0
817349,0.0
817368,0.0
817379,0.0
817380,0.0
817398,0.0
817402,0.0
817406,0.0
817418,0.0
817431,0.0
817432,0.0
817438,0.0
817447,0.0
817459,0.0
817460,0.0
817476,0.0
817479,0.0
817483,0.0
817491,0.0
817504,0.0
817507,0.0
817527,0.0
817539,0.0
817548,0.0
817555,0.0
817557,0.0
817574,0.0
817579,0.0
817585,0.0
817586,0.0
817589,0.0
817590,0.0
817645,0.0
817646,0.0
817650,0.0
817670,0.0
817683,0.0
817687,0.0
817689,0.0
817690,0.0
817691,0.0
817694,1.0
817722,0.0
817729,0.0
817736,0.0
817739,0.0
817743,0.0
817792,0.0
817816,0.0
817830,0.0
817842,0.0
817844,0.0
817846,0.0
817861,0.0
817862,0.0
817881,0.0
817888,0.0
817889,0.0
817894,0.0
817896,0.0
817901,0.0
817921,0.0
817927,0.0
817933,0.0
817939,0.0
817953,0.0
817956,0.0
818006,0.0
818010,0.0
818017,0.0
818028,0.0
818045,0.0
818065,0.0
818074,0.0
818088,0.0
818089,0.0
818137,0.0
818168,0.0
818172,1.0
818174,0.0
818176,0.0
818181,0.0
818192,0.0
818206,0.0
818253,0.0
818261,0.0
818263,0.0
818279,0.0
818289,0.0
818292,0.0
818299,1.0
818325,0.0
818357,0.0
818360,0.0
818362,0.0
818368,0.0
818369,0.0
818399,0.0
818403,0.0
818407,0.0
818410,0.0
818417,0.0
818447,0.0
818478,0.0
818479,0.0
818481,0.0
818483,0.0
818493,0.0
818495,0.0
818496,0.0
818511,0.0
818512,0.0
818514,0.0
818526,0.0
818536,0.0
818540,0.0
818552,0.0
818556,0.0
818559,0.0
818563,0.0
818567,0.0
818573,0.0
818577,0.0
818580,0.0
818595,0.0
818598,0.0
818603,0.0
818605,0.0
818614,0.0
818626,0.0
818629,0.0
818639,0.0
818640,0.0
818641,0.0
818647,0.0
818652,0.0
818675,0.0
818678,0.0
818681,0.0
818683,0.0
818687,0.0
818720,0.0
818747,0.0
818751,0.0
818762,1.0
818769,0.0
818775,0.0
818796,0.0
818800,0.0
818808,0.0
818812,0.0
818823,0.0
818838,0.0
818856,0.0
818883,0.0
818888,0.0
818890,0.0
818891,0.0
818895,0.0
818897,0.0
818906,0.0
818922,0.0
818944,0.0
818947,0.0
818953,0.0
818962,0.0
819003,0.0
819010,0.0
819014,0.0
819015,0.0
819019,0.0
819037,0.0
819066,0.0
819068,0.0
819073,0.0
819084,1.0
819087,0.0
819088,0.0
819089,0.0
819095,0.0
819106,0.0
819112,0.0
819117,0.0
819123,0.0
819126,0.0
819130,0.0
819144,0.0
819155,0.0
819156,0.0
819161,0.0
819171,0.0
819182,0.0
819185,0.0
819189,0.0
819190,0.0
819195,0.0
819201,0.0
819208,0.0
819210,0.0
819215,0.0
819220,0.0
819228,0.0
819241,0.0
819246,0.0
819266,0.0
819267,0.0
819275,0.0
819311,0.0
819317,0.0
819321,0.0
819343,0.0
819352,0.0
819363,0.0
819395,0.0
819412,0.0
819413,0.0
819415,0.0
819416,0.0
819441,0.0
819454,0.0
819458,0.0
819478,0.0
819487,0.0
819489,0.0
819504,0.0
819511,0.0
819523,0.0
819525,0.0
819527,0.0
819550,0.0
819561,0.0
819587,0.0
819599,0.0
819612,0.0
819620,0.0
819637,0.0
819639,0.0
819645,0.0
819653,0.0
819665,0.0
819675,0.0
819681,0.0
819690,0.0
819693,0.0
819704,0.0
819708,0.0
819719,0.0
819738,0.0
819741,0.0
819753,0.0
819755,0.0
819764,0.0
819767,0.0
819775,0.0
819789,0.0
819807,0.0
819812,0.0
819819,0.0
819826,0.0
819851,0.0
819867,0.0
819897,0.0
819899,0.0
819902,0.0
819905,0.0
819913,0.0
819918,0.0
819925,0.0
819934,0.0
819950,0.0
819956,0.0
819959,0.0
819961,0.0
819974,0.0
819979,0.0
819980,0.0
819985,0.0
820009,0.0
820019,0.0
820022,0.0
820024,0.0
820025,0.0
820028,0.0
820033,0.0
820067,0.0
820080,0.0
820083,0.0
820091,0.0
820102,0.0
820119,0.0
820122,0.0
820123,0.0
820135,0.0
820138,0.0
820139,0.0
820141,0.0
820146,0.0
820151,0.0
820156,0.0
820182,0.0
820184,0.0
820188,0.0
820189,0.0
820191,0.0
824650,0.0
843013,0.0
843017,0.0
843369,0.0
843613,0.0
843617,0.0
843802,0.0
843850,0.0
843853,0.0
854881,0.0
870000,0.0
870007,0.0
870008,0.0
870009,0.0
870104,0.0
870105,1.0
870108,0.0
870309,0.0
870407,0.0
870409,0.0
870503,0.0
870504,0.0
870508,0.0
877149,0.0
877309,0.0
877369,0.0
888014,0.0
888017,1.0
888029,0.0
888031,0.0
888033,0.0
888034,0.0
888050,0.0
888061,0.0
888076,0.0
888079,0.0
888081,0.0
888087,0.0
888094,0.0
888097,0.0
888102,0.0
888112,0.0
888139,0.0
888158,0.0
888165,0.0
888179,0.0
888181,0.0
888184,0.0
888193,0.0
888194,0.0
888196,0.0
888207,1.0
888208,0.0
888216,0.0
888224,0.0
888226,0.0
888227,0.0
888228,0.0
888231,0.0
888240,0.0
888249,0.0
888262,0.0
888264,0.0
888265,0.0
888267,0.0
888272,0.0
888275,0.0
888276,0.0
888287,0.0
888293,0.0
888302,0.0
888310,0.0
888322,0.0
888332,0.0
888338,0.0
888356,0.0
888375,0.0
888388,0.0
888391,0.0
888408,0.0
888418,0.0
888424,0.0
888431,0.0
888435,0.0
888443,0.0
888457,0.0
888459,0.0
888463,0.0
888464,0.0
888481,0.0
888487,0.0
888488,0.0
888491,0.0
888503,0.0
888514,0.0
888528,0.0
888544,0.0
888546,0.0
888548,0.0
888553,0.0
888564,0.5
888567,0.0
888569,0.0
888590,0.0
888641,0.0
888646,0.0
888655,0.0
888678,0.0
888679,0.0
888701,1.0
888706,0.0
888707,0.0
888708,0.0
888720,1.0
888729,0.0
888752,0.0
888758,0.0
888760,1.0
888786,0.0
888787,0.0
888791,0.0
888794,0.0
888797,0.0
888831,0.0
888837,0.0
888839,0.0
888845,0.0
888851,0.0
888852,0.0
888866,0.0
888867,0.0
888881,0.0
888882,0.0
888889,0.0
888902,0.0
888914,0.0
888924,0.0
888928,0.0
888933,0.0
888942,0.0
888949,0.0
888955,0.0
888960,0.0
888961,0.0
888967,0.0
888971,0.0
888976,0.0
888990,0.0
900681,1.0
900688,0.0
909602,0.0
911121,0.0
911122,0.0
911136,0.0
911138,0.0
911146,0.0
911150,0.0
911157,0.0
911167,0.0
911194,0.0
916840,0.0
918838,0.0
934423,0.0
936002,0.0
936007,0.0
940043,0.0
940047,0.0
940049,0.0
940051,0.0
940058,0.0
944608,0.0
951201,0.0
951207,0.0
951208,0.0
951232,0.0
951234,0.0
951237,0.0
955591,0.0
955820,0.0
955843,0.0
955872,0.0
955878,0.0
955885,1.0
955886,0.0
955958,0.0
955975,0.0
955979,0.0
955981,0.0
960802,0.0
963404,0.0
963408,0.0
963409,0.0
964301,0.0
964307,0.0
964310,0.0
964313,1.0
964319,0.0
964328,0.0
964334,0.0
964336,0.0
964345,0.0
964350,0.0
964359,1.0
964369,0.0
964373,1.0
964374,1.0
964397,0.0
964398,0.0
968283,0.0
968289,0.0
976408,0.0
976409,0.0
980440,0.0
980614,1.0
985262,1.0
989612,0.0
989616,0.0
989622,0.0
989624,0.0
989630,0.0
989636,0.0
989652,0.0
989662,0.0
989664,0.0
989669,0.0
989675,0.0
989677,0.0
989684,0.0
989693,0.0
989696,0.0
990024,0.0
990031,0.0
990037,0.0
990039,0.0
990042,0.0
990063,0.0
990065,0.0
990075,0.0
990078,0.0
990090,0.0
990092,0.0
990096,0.0
990110,0.0
990112,0.0
990126,0.0
990128,0.0
990132,0.0
990158,0.0
990167,0.0
990169,0.0
990181,0.0
990186,0.0
990187,0.0
990191,0.0
990214,0.0
990223,0.0
990253,0.0
990259,0.0
990260,0.0
990267,0.0
