BIN,IssuingCountry,ChargebackFlag
100002,INDIA,0.0
100016,INDIA,0.0
100022,INDIA,0.0
100034,INDIA,0.0
100037,INDIA,0.0
100038,INDIA,0.0
100100,UNITED STATES,0.0
100120,UNITED STATES,0.0
100127,UNITED STATES,0.0
100142,UNITED STATES,0.0
100151,UNITED STATES,0.0
100156,UNITED STATES,0.0
100189,UNITED STATES,0.0
100192,UNITED STATES,0.0
100199,UNITED STATES,0.0
100526,UNITED STATES,0.0
100529,UNITED STATES,0.0
100530,UNITED STATES,0.0
100531,UNITED STATES,0.0
100534,UNITED STATES,0.0
100535,UNITED STATES,0.0
100536,UNITED STATES,0.0
100544,UNITED STATES,0.0
100552,UNITED STATES,0.0
100561,UNITED STATES,0.0
100572,UNITED STATES,0.0
100578,UNITED STATES,0.0
100582,UNITED STATES,0.0
100586,UNITED STATES,0.0
100588,UNITED STATES,0.0
100616,UNITED STATES,0.0
100626,UNITED STATES,0.0
100636,UNITED STATES,0.0
100651,UNITED STATES,0.0
100653,UNITED STATES,0.0
100672,UNITED STATES,0.0
100687,UNITED STATES,0.0
100689,UNITED STATES,0.0
101602,UNITED STATES,0.0
101607,UNITED STATES,0.0
101609,UNITED STATES,0.0
101624,UNITED STATES,0.0
101635,UNITED STATES,0.0
101645,UNITED STATES,0.0
101652,UNITED STATES,0.0
101654,UNITED STATES,0.0
101656,UNITED STATES,0.0
101678,UNITED STATES,0.0
103003,CHINA,0.0
103023,CHINA,0.0
103025,CHINA,0.0
103052,CHINA,0.0
103055,CHINA,0.0
103073,CHINA,0.0
103087,CHINA,1.0
103100,CHINA,0.0
103107,CHINA,0.0
103108,CHINA,0.0
103119,CHINA,0.0
103120,CHINA,0.0
103143,CHINA,0.0
103148,CHINA,0.0
103149,CHINA,1.0
103151,CHINA,1.0
103152,CHINA,0.0
103186,CHINA,0.0
103189,CHINA,0.0
103196,CHINA,0.0
103201,CHINA,0.0
103204,CHINA,0.0
103216,CHINA,1.0
103239,CHINA,0.0
103242,CHINA,0.0
103246,CHINA,0.0
103256,CHINA,0.0
103257,CHINA,0.0
103259,CHINA,0.0
103270,CHINA,0.0
103282,CHINA,0.0
103288,CHINA,0.0
103300,CHINA,0.0
103304,CHINA,0.0
103313,CHINA,0.0
103317,CHINA,0.0
103320,CHINA,0.0
103330,CHINA,0.0
103337,CHINA,0.0
103340,CHINA,0.0
103341,CHINA,0.0
103350,CHINA,0.0
103391,CHINA,0.0
103411,CHINA,0.0
103416,CHINA,0.0
103420,CHINA,0.0
103422,CHINA,0.0
103432,CHINA,0.0
103433,CHINA,0.0
103464,CHINA,0.0
103478,CHINA,0.0
103486,CHINA,0.0
103505,CHINA,0.0
103521,CHINA,0.0
103529,CHINA,0.0
103548,CHINA,0.0
103571,CHINA,0.0
103590,CHINA,0.0
103598,CHINA,0.0
103603,CHINA,0.0
103605,CHINA,0.0
103609,CHINA,0.0
103616,CHINA,0.0
103623,CHINA,0.0
103632,CHINA,0.0
103642,CHINA,0.0
103645,CHINA,0.0
103647,CHINA,0.0
103648,CHINA,0.0
103675,CHINA,0.0
103679,CHINA,0.0
103683,CHINA,0.0
103695,CHINA,0.0
103700,UNITED STATES,0.0
103735,UNITED STATES,0.0
103738,UNITED STATES,0.0
103753,UNITED STATES,0.0
103763,UNITED STATES,0.0
103769,UNITED STATES,0.0
103777,UNITED STATES,0.0
103779,UNITED STATES,0.0
103783,UNITED STATES,0.0
103788,UNITED STATES,0.0
103789,UNITED STATES,0.0
103791,UNITED STATES,0.0
103796,UNITED STATES,0.0
103799,UNITED STATES,0.0
103801,CHINA,0.0
103802,CHINA,0.0
103805,CHINA,0.0
103806,CHINA,0.0
103807,CHINA,0.0
103810,CHINA,0.0
103812,CHINA,0.0
103820,CHINA,0.0
103827,CHINA,0.0
103844,CHINA,0.0
103847,CHINA,0.0
103849,CHINA,0.0
103857,CHINA,0.0
103860,CHINA,0.0
103867,CHINA,0.0
103883,CHINA,0.0
103886,CHINA,0.0
103889,CHINA,0.0
103895,CHINA,0.0
103898,CHINA,0.0
103930,CHINA,0.0
103931,CHINA,0.0
103936,CHINA,0.0
103953,CHINA,0.0
103966,CHINA,0.0
103967,CHINA,0.0
103977,CHINA,0.0
103985,CHINA,0.0
103988,CHINA,0.0
103990,CHINA,0.0
103992,CHINA,0.0
103993,CHINA,0.0
103995,CHINA,0.0
108101,AUSTRALIA,0.0
108102,AUSTRALIA,0.0
108103,AUSTRALIA,0.0
108106,AUSTRALIA,0.0
108110,AUSTRALIA,0.0
108115,AUSTRALIA,0.0
108123,AUSTRALIA,0.0
108124,AUSTRALIA,1.0
108138,AUSTRALIA,0.0
108149,AUSTRALIA,0.0
108155,AUSTRALIA,0.0
108160,AUSTRALIA,0.0
108162,AUSTRALIA,0.0
108184,AUSTRALIA,0.0
108186,AUSTRALIA,0.0
108189,AUSTRALIA,0.0
108191,AUSTRALIA,0.0
108193,AUSTRALIA,0.0
108197,AUSTRALIA,0.0
111223,UNITED KINGDOM,0.0
111258,UNITED KINGDOM,0.0
111260,UNITED KINGDOM,0.0
111276,UNITED KINGDOM,0.0
111301,UNITED STATES,0.0
112502,UNITED KINGDOM,0.0
112514,UNITED KINGDOM,0.0
112520,UNITED KINGDOM,0.0
112523,UNITED KINGDOM,0.0
112548,UNITED KINGDOM,0.0
112565,UNITED KINGDOM,0.0
112577,UNITED KINGDOM,0.0
112579,UNITED KINGDOM,1.0
112707,BRAZIL,0.0
112713,BRAZIL,0.0
112720,BRAZIL,0.0
112727,BRAZIL,0.0
112756,BRAZIL,0.0
112758,BRAZIL,0.5
112763,BRAZIL,0.0
112771,BRAZIL,0.0
112786,BRAZIL,0.0
112793,BRAZIL,0.0
112798,BRAZIL,0.0
113135,JAPAN,0.0
113144,JAPAN,0.0
113152,JAPAN,0.0
113156,JAPAN,0.0
113168,JAPAN,0.0
113176,JAPAN,0.0
113182,JAPAN,0.0
113184,JAPAN,0.0
113903,MEXICO,0.0
113907,MEXICO,0.0
113908,MEXICO,0.0
113916,MEXICO,0.0
113935,MEXICO,0.0
113951,MEXICO,0.0
113952,MEXICO,0.0
113958,MEXICO,0.0
113984,MEXICO,0.0
113987,MEXICO,0.0
113995,MEXICO,0.0
116900,GERMANY,0.0
116904,GERMANY,0.0
116908,GERMANY,1.0
116921,GERMANY,0.0
116924,GERMANY,0.0
116930,GERMANY,0.0
116939,GERMANY,0.0
116952,GERMANY,0.0
116959,GERMANY,0.0
116963,GERMANY,0.0
116968,GERMANY,0.0
116971,GERMANY,0.0
117509,UNITED STATES,0.0
117542,UNITED STATES,0.0
117564,UNITED STATES,0.0
117570,UNITED STATES,0.0
117573,UNITED STATES,0.0
117575,UNITED STATES,0.0
117578,UNITED STATES,0.0
117580,UNITED STATES,0.0
117587,UNITED STATES,1.0
117598,UNITED STATES,0.0
118511,GERMANY,0.0
118512,GERMANY,0.0
118514,GERMANY,0.0
118530,GERMANY,0.0
118540,GERMANY,0.0
118541,GERMANY,0.0
118546,GERMANY,1.0
118549,GERMANY,0.0
118559,GERMANY,0.0
118571,GERMANY,0.0
118586,GERMANY,0.0
118589,GERMANY,0.0
118590,GERMANY,0.0
118595,GERMANY,0.0
122005,GERMANY,0.0
122007,GERMANY,0.0
122011,GERMANY,0.0
122026,GERMANY,0.0
122029,GERMANY,0.0
122051,GERMANY,0.0
122073,GERMANY,0.0
122078,GERMANY,0.0
122079,GERMANY,0.0
122081,GERMANY,0.0
122086,GERMANY,0.0
122087,GERMANY,0.0
122095,GERMANY,0.0
122096,GERMANY,0.0
122097,GERMANY,0.0
123231,MALAYSIA,0.0
123232,MALAYSIA,0.0
123249,MALAYSIA,0.0
123262,MALAYSIA,0.0
123283,MALAYSIA,0.0
123289,MALAYSIA,0.0
123401,CHINA,0.0
123404,CHINA,0.0
123410,CHINA,0.0
123411,CHINA,0.0
123422,CHINA,0.0
123423,CHINA,0.0
123425,CHINA,0.0
123436,CHINA,0.0
123438,CHINA,0.0
123441,CHINA,0.0
123446,CHINA,0.0
123450,CHINA,0.0
123474,CHINA,0.0
127201,SINGAPORE,0.0
127209,SINGAPORE,0.0
127227,SINGAPORE,0.0
127236,SINGAPORE,0.0
127240,SINGAPORE,0.0
127258,SINGAPORE,0.0
127261,SINGAPORE,0.0
127268,SINGAPORE,0.0
127270,SINGAPORE,0.0
127271,SINGAPORE,0.0
127272,SINGAPORE,0.0
127274,SINGAPORE,0.0
127287,SINGAPORE,0.0
127290,SINGAPORE,0.0
127500,FRANCE,0.0
127501,FRANCE,0.0
127511,FRANCE,0.0
127530,FRANCE,0.0
127531,FRANCE,0.0
127536,FRANCE,0.0
127538,FRANCE,0.0
127546,FRANCE,0.0
127547,FRANCE,0.0
127549,FRANCE,0.0
127550,FRANCE,0.0
127564,FRANCE,0.0
127565,FRANCE,0.0
127577,FRANCE,0.0
127583,FRANCE,0.0
127698,JAPAN,0.0
127809,UNITED STATES,0.0
127838,UNITED STATES,0.0
127843,UNITED STATES,0.0
127859,UNITED STATES,0.0
127861,UNITED STATES,0.0
127865,UNITED STATES,0.0
127873,UNITED STATES,0.0
127879,UNITED STATES,0.0
127887,UNITED STATES,0.0
127895,UNITED STATES,0.0
127896,UNITED STATES,0.0
127898,UNITED STATES,0.0
129005,UNITED STATES,0.0
129012,UNITED STATES,0.0
129022,UNITED STATES,0.0
129075,UNITED STATES,0.0
129092,UNITED STATES,0.0
129093,UNITED STATES,0.0
131840,UNITED STATES,0.0
132111,UNITED STATES,0.0
132117,UNITED STATES,0.0
132118,UNITED STATES,0.0
132143,UNITED STATES,0.0
132145,UNITED STATES,0.0
132146,UNITED STATES,0.0
132167,UNITED STATES,0.0
132169,UNITED STATES,0.0
132178,UNITED STATES,0.0
132194,UNITED STATES,0.0
132196,UNITED STATES,0.0
132199,UNITED STATES,0.0
133304,UNITED STATES,0.0
133307,UNITED STATES,0.0
133336,UNITED STATES,0.0
133338,UNITED STATES,0.0
133351,UNITED STATES,0.0
133352,UNITED STATES,0.0
133376,UNITED STATES,0.0
133399,UNITED STATES,0.0
134000,UNITED KINGDOM,0.0
140303,INDIA,0.0
140306,INDIA,0.0
140307,INDIA,0.0
140311,INDIA,0.0
140317,INDIA,0.0
140332,INDIA,0.0
140335,INDIA,0.0
140357,INDIA,0.0
140363,INDIA,0.0
140372,INDIA,0.0
140389,INDIA,0.0
140392,INDIA,0.0
140399,INDIA,0.0
151010,BRAZIL,0.0
152600,UNITED STATES,0.5
152616,UNITED STATES,0.0
152624,UNITED STATES,0.0
152625,UNITED STATES,0.0
152642,UNITED STATES,0.0
152645,UNITED STATES,0.0
152659,UNITED STATES,0.0
152665,UNITED STATES,0.0
152669,UNITED STATES,0.0
152671,UNITED STATES,0.0
152676,UNITED STATES,0.0
155608,UNITED STATES,0.0
155624,UNITED STATES,0.0
155631,UNITED STATES,0.0
155632,UNITED STATES,0.0
155636,UNITED STATES,0.0
155658,UNITED STATES,0.0
155674,UNITED STATES,0.0
155680,UNITED STATES,0.0
155683,UNITED STATES,0.0
155688,UNITED STATES,0.0
155692,UNITED STATES,0.0
155693,UNITED STATES,0.0
161113,UNITED STATES,0.0
161117,UNITED STATES,0.0
161134,UNITED STATES,0.0
161136,UNITED STATES,0.0
161139,UNITED STATES,0.0
161156,UNITED STATES,0.0
161158,UNITED STATES,0.0
161160,UNITED STATES,0.0
161170,UNITED STATES,0.0
161176,UNITED STATES,0.0
161181,UNITED STATES,0.0
161188,UNITED STATES,0.0
161189,UNITED STATES,0.0
161708,UNITED KINGDOM,0.0
161710,UNITED KINGDOM,0.0
161712,UNITED KINGDOM,0.0
161728,UNITED KINGDOM,0.0
161733,UNITED KINGDOM,0.0
161757,UNITED KINGDOM,0.0
161764,UNITED KINGDOM,0.0
161779,UNITED KINGDOM,0.0
161787,UNITED KINGDOM,0.0
178100,CHINA,0.0
178108,CHINA,0.0
178109,CHINA,0.0
178111,CHINA,0.0
178120,CHINA,0.0
178127,CHINA,0.0
178128,CHINA,0.0
178142,CHINA,0.0
178188,CHINA,0.0
178189,CHINA,0.0
180000,JAPAN,0.0
180003,JAPAN,0.0
180012,JAPAN,0.0
180018,JAPAN,0.0
180023,JAPAN,0.0
180040,JAPAN,0.0
180042,JAPAN,0.0
180050,JAPAN,0.0
180059,JAPAN,0.0
180060,JAPAN,0.0
180077,JAPAN,0.0
180086,JAPAN,0.0
180095,JAPAN,0.0
180098,JAPAN,0.0
181309,INDIA,0.0
181310,INDIA,0.0
181349,INDIA,0.0
181350,INDIA,0.0
181354,INDIA,0.0
181358,INDIA,0.0
181364,INDIA,0.0
181372,INDIA,0.0
181373,INDIA,1.0
181376,INDIA,0.0
181382,INDIA,0.0
181393,INDIA,0.0
181395,INDIA,0.0
192016,GERMANY,0.0
192021,GERMANY,0.0
192029,GERMANY,0.0
192030,GERMANY,0.0
192035,GERMANY,0.0
192041,GERMANY,0.0
192053,GERMANY,0.0
192070,GERMANY,0.0
192072,GERMANY,0.0
192080,GERMANY,0.0
192088,GERMANY,0.0
195706,AUSTRALIA,0.0
195708,AUSTRALIA,0.0
195730,AUSTRALIA,0.0
195743,AUSTRALIA,1.0
195750,AUSTRALIA,0.0
195752,AUSTRALIA,0.0
195771,AUSTRALIA,0.0
195793,AUSTRALIA,0.0
199902,CHINA,0.0
199906,CHINA,0.0
199907,CHINA,0.0
199915,CHINA,0.0
199930,CHINA,0.0
199942,CHINA,0.0
199957,CHINA,0.0
199958,CHINA,0.0
199965,CHINA,0.0
199967,CHINA,0.0
199970,CHINA,0.0
199978,CHINA,0.0
199980,CHINA,0.0
199986,CHINA,0.0
199992,CHINA,0.0
199994,CHINA,0.0
199995,CHINA,0.0
199997,CHINA,0.0
211383,UNITED STATES,0.0
220003,RUSSIAN FEDERATION,0.0
220009,RUSSIAN FEDERATION,0.0
220018,RUSSIAN FEDERATION,0.0
220020,RUSSIAN FEDERATION,0.0
220025,RUSSIAN FEDERATION,0.0
220031,RUSSIAN FEDERATION,0.0
220062,RUSSIAN FEDERATION,0.0
220075,RUSSIAN FEDERATION,0.0
220077,RUSSIAN FEDERATION,0.0
220079,RUSSIAN FEDERATION,0.0
220080,RUSSIAN FEDERATION,0.0
220093,RUSSIAN FEDERATION,0.0
220099,RUSSIAN FEDERATION,0.0
220112,RUSSIAN FEDERATION,0.0
220117,RUSSIAN FEDERATION,0.0
220122,RUSSIAN FEDERATION,1.0
220141,RUSSIAN FEDERATION,0.0
220147,RUSSIAN FEDERATION,0.0
220177,RUSSIAN FEDERATION,0.0
220183,RUSSIAN FEDERATION,0.0
220187,RUSSIAN FEDERATION,0.0
220203,RUSSIAN FEDERATION,1.0
220205,RUSSIAN FEDERATION,0.0
220224,RUSSIAN FEDERATION,0.0
220229,RUSSIAN FEDERATION,0.0
220240,RUSSIAN FEDERATION,0.0
220250,RUSSIAN FEDERATION,0.0
220262,RUSSIAN FEDERATION,0.0
220275,RUSSIAN FEDERATION,0.0
220285,RUSSIAN FEDERATION,0.0
220300,RUSSIAN FEDERATION,0.0
220303,RUSSIAN FEDERATION,0.0
220316,RUSSIAN FEDERATION,0.0
220324,RUSSIAN FEDERATION,0.0
220325,RUSSIAN FEDERATION,0.0
220333,RUSSIAN FEDERATION,0.0
220367,RUSSIAN FEDERATION,0.0
220372,RUSSIAN FEDERATION,0.0
220377,RUSSIAN FEDERATION,0.0
220392,RUSSIAN FEDERATION,0.0
220396,RUSSIAN FEDERATION,0.0
220398,RUSSIAN FEDERATION,0.0
220414,RUSSIAN FEDERATION,0.0
220417,RUSSIAN FEDERATION,0.0
220433,RUSSIAN FEDERATION,0.0
220437,RUSSIAN FEDERATION,0.0
220438,RUSSIAN FEDERATION,0.0
220446,RUSSIAN FEDERATION,0.0
220448,RUSSIAN FEDERATION,0.0
220453,RUSSIAN FEDERATION,0.0
220460,RUSSIAN FEDERATION,0.0
220469,RUSSIAN FEDERATION,0.0
220491,RUSSIAN FEDERATION,0.0
220544,PAKISTAN,0.0
222100,UNITED STATES,0.0
222647,UNITED KINGDOM,0.0
222668,MEXICO,0.0
222707,RUSSIAN FEDERATION,0.0
222711,INDIA,0.0
222737,RUSSIAN FEDERATION,0.0
222747,RUSSIAN FEDERATION,0.0
222752,KENYA,0.0
222767,RUSSIAN FEDERATION,0.0
222886,AUSTRALIA,0.0
222889,BRAZIL,0.0
222919,BRAZIL,0.0
222931,INDIA,0.0
222953,INDIA,0.0
222982,BRAZIL,0.0
223005,INDIA,0.0
223009,UNITED STATES,0.0
223032,BRAZIL,0.0
223035,BRAZIL,0.0
223062,BRAZIL,0.0
223064,BRAZIL,0.0
223116,BRAZIL,0.0
223126,BRAZIL,0.0
223127,BRAZIL,0.0
223213,BRAZIL,0.0
223254,BRAZIL,0.0
223257,BRAZIL,0.0
223315,BRAZIL,0.0
223407,BRAZIL,0.0
223408,INDIA,0.0
223413,BRAZIL,0.0
223423,BRAZIL,0.0
223435,BRAZIL,0.0
223447,BRAZIL,0.0
223461,BRAZIL,0.0
223462,BRAZIL,0.0
223465,SINGAPORE,0.0
223469,BRAZIL,0.0
223470,BRAZIL,0.0
223506,BRAZIL,0.0
223526,INDIA,0.0
223542,BRAZIL,0.0
223565,UNITED KINGDOM,0.0
223604,BRAZIL,0.0
229222,UNITED STATES,0.0
229242,UNITED STATES,0.0
229245,SINGAPORE,0.0
229246,SINGAPORE,0.0
230117,UNITED STATES,0.0
230133,UNITED STATES,0.0
230668,MEXICO,0.0
230692,BRAZIL,0.0
230848,MEXICO,0.0
230884,MEXICO,0.0
230903,MEXICO,0.0
230919,BRAZIL,0.0
230943,MEXICO,0.0
230948,MEXICO,0.0
230957,MEXICO,0.0
230969,MEXICO,0.0
230975,MEXICO,0.0
230978,MEXICO,0.0
230984,MEXICO,1.0
231022,BRAZIL,0.0
231032,BRAZIL,0.0
232016,INDIA,0.0
233059,BRAZIL,0.0
234025,BRAZIL,0.0
234041,BRAZIL,0.0
234054,BRAZIL,0.0
234067,BRAZIL,0.0
234073,BRAZIL,0.0
234076,BRAZIL,0.0
234102,UNITED STATES,0.0
234110,UNITED STATES,0.0
250008,MEXICO,0.0
250043,BRAZIL,0.0
250044,BRAZIL,0.0
250066,BRAZIL,1.0
265005,MEXICO,0.0
270334,RUSSIAN FEDERATION,1.0
271112,INDIA,0.0
271742,UNITED STATES,0.0
271796,UNITED STATES,0.0
271940,BRAZIL,0.0
276380,RUSSIAN FEDERATION,1.0
276880,RUSSIAN FEDERATION,0.0
300002,AUSTRALIA,0.0
300008,UNITED STATES,0.0
300016,UNITED STATES,0.0
300023,UNITED STATES,0.0
300045,UNITED STATES,0.0
300048,UNITED STATES,0.0
300051,UNITED STATES,0.0
300059,UNITED STATES,0.0
300070,UNITED STATES,0.0
300077,UNITED STATES,0.0
300082,UNITED STATES,0.0
300084,UNITED STATES,0.0
300088,UNITED STATES,0.0
300097,UNITED STATES,0.0
300100,JAPAN,0.0
300114,UNITED STATES,0.0
300120,UNITED STATES,0.0
300130,UNITED STATES,0.0
300142,UNITED STATES,0.0
300156,UNITED STATES,0.0
300167,UNITED STATES,0.5
300169,UNITED STATES,0.0
300173,UNITED STATES,0.0
300186,UNITED STATES,0.0
300189,UNITED STATES,0.0
300193,UNITED STATES,0.0
300207,UNITED STATES,0.0
300214,UNITED STATES,1.0
300227,UNITED STATES,0.0
300235,UNITED STATES,0.0
300238,UNITED STATES,0.0
300241,UNITED STATES,0.0
300242,UNITED STATES,0.0
300245,UNITED STATES,0.0
300246,UNITED STATES,0.0
300249,UNITED STATES,0.0
300253,UNITED STATES,0.0
300259,UNITED STATES,0.0
300263,UNITED STATES,0.0
300283,UNITED STATES,0.0
300302,UNITED STATES,0.0
300317,UNITED STATES,0.0
300342,UNITED STATES,0.0
300346,UNITED STATES,0.0
300352,UNITED STATES,0.0
300364,UNITED STATES,0.0
300375,UNITED STATES,0.0
300376,UNITED STATES,0.0
300379,UNITED STATES,1.0
300382,UNITED STATES,0.0
300395,UNITED STATES,0.0
300400,UNITED STATES,0.0
300406,UNITED STATES,0.0
300413,UNITED STATES,0.0
300436,UNITED STATES,0.0
300439,UNITED STATES,0.0
300442,UNITED STATES,1.0
300461,UNITED STATES,0.0
300472,BRAZIL,1.0
300477,UNITED STATES,0.0
300482,UNITED STATES,0.0
300492,UNITED STATES,0.0
300494,UNITED STATES,0.0
300504,UNITED STATES,0.0
300506,UNITED STATES,0.0
300508,UNITED STATES,0.0
300522,UNITED STATES,0.0
300524,UNITED STATES,0.0
300526,UNITED STATES,0.0
300530,UNITED STATES,0.0
300537,UNITED STATES,0.0
300538,ITALY,0.0
300540,UNITED STATES,0.0
300542,UNITED STATES,0.0
300543,UNITED STATES,0.0
300561,UNITED STATES,0.0
300584,UNITED STATES,0.0
300585,UNITED STATES,0.0
300587,UNITED STATES,0.0
300588,UNITED STATES,0.0
300666,UNITED STATES,0.0
300669,UNITED STATES,0.0
300671,UNITED STATES,0.0
300686,UNITED STATES,0.0
300689,UNITED STATES,1.0
300693,UNITED STATES,0.0
300704,UNITED STATES,0.0
300705,UNITED STATES,0.0
300707,UNITED STATES,0.0
300716,UNITED STATES,0.0
300720,UNITED STATES,0.0
300725,UNITED STATES,0.0
300727,UNITED STATES,0.0
300749,UNITED STATES,0.0
300768,UNITED STATES,0.0
300772,UNITED STATES,0.0
300797,UNITED STATES,0.0
300800,UNITED STATES,0.0
300816,UNITED STATES,0.0
300822,UNITED STATES,0.0
300825,UNITED STATES,0.0
300836,UNITED STATES,0.0
300842,UNITED STATES,0.0
300852,UNITED STATES,0.0
300874,UNITED STATES,0.0
300875,UNITED STATES,0.0
300879,UNITED STATES,0.0
300903,UNITED STATES,1.0
300918,UNITED STATES,0.0
300926,UNITED STATES,0.0
300932,UNITED STATES,0.0
300934,UNITED STATES,0.0
300940,UNITED STATES,0.0
300941,UNITED STATES,0.0
300945,UNITED STATES,0.0
300947,UNITED STATES,0.0
300953,UNITED STATES,0.0
300961,UNITED STATES,0.0
300963,UNITED STATES,1.0
300976,UNITED STATES,0.0
300981,UNITED STATES,0.0
300982,UNITED STATES,0.0
301004,UNITED STATES,0.0
301011,UNITED STATES,0.0
301014,UNITED STATES,0.0
301019,UNITED STATES,0.0
301023,UNITED STATES,0.0
301058,UNITED STATES,0.0
301066,UNITED STATES,0.0
301067,UNITED STATES,0.0
301069,UNITED STATES,0.0
301077,UNITED STATES,0.0
301082,UNITED STATES,0.0
301103,UNITED STATES,0.0
301112,UNITED STATES,0.0
301113,UNITED STATES,0.0
301123,UNITED STATES,0.0
301133,UNITED STATES,0.0
301135,UNITED STATES,0.0
301140,UNITED STATES,0.0
301149,UNITED STATES,0.0
301153,BRAZIL,0.0
301156,UNITED STATES,0.0
301186,UNITED STATES,0.0
301187,UNITED STATES,0.0
301213,UNITED KINGDOM,0.0
301221,UNITED STATES,0.0
301226,UNITED STATES,0.0
301228,UNITED STATES,0.0
301230,UNITED STATES,0.0
301233,UNITED STATES,0.0
301249,UNITED STATES,0.0
301250,UNITED STATES,0.0
301255,UNITED STATES,0.0
301282,UNITED STATES,0.0
301293,UNITED STATES,0.0
301295,UNITED STATES,0.0
301300,UNITED STATES,0.0
301301,UNITED STATES,0.0
301314,UNITED STATES,0.0
301318,UNITED STATES,0.0
301319,UNITED STATES,0.0
301327,UNITED STATES,0.0
301342,UNITED STATES,0.0
301359,UNITED STATES,0.0
301377,UNITED STATES,0.0
301385,UNITED STATES,0.0
301390,UNITED STATES,0.0
301394,UNITED STATES,0.0
301400,UNITED KINGDOM,0.0
301413,UNITED STATES,0.0
301415,UNITED STATES,0.0
301417,UNITED STATES,0.0
301426,UNITED STATES,1.0
301429,UNITED STATES,0.0
301447,UNITED STATES,0.0
301449,UNITED STATES,0.0
301455,UNITED STATES,0.0
301483,UNITED STATES,0.0
301506,UNITED STATES,0.0
301528,UNITED STATES,0.0
301533,UNITED STATES,0.0
301537,UNITED STATES,0.0
301544,UNITED STATES,0.0
301550,UNITED STATES,0.0
301573,UNITED STATES,0.0
301574,UNITED STATES,0.0
301576,UNITED STATES,0.0
301580,UNITED STATES,0.0
301596,UNITED STATES,0.0
301599,UNITED STATES,0.0
301601,UNITED STATES,0.0
301608,UNITED STATES,0.0
301614,UNITED STATES,0.0
301627,UNITED STATES,0.0
301655,UNITED STATES,0.0
301657,UNITED STATES,1.0
301658,UNITED STATES,0.0
301660,UNITED STATES,0.0
301675,UNITED STATES,0.0
301691,UNITED STATES,0.0
301697,UNITED STATES,0.0
301719,UNITED STATES,0.0
301730,UNITED STATES,0.0
301731,UNITED STATES,0.0
301754,UNITED STATES,0.0
301766,UNITED STATES,0.0
301797,UNITED STATES,0.0
301808,BRAZIL,0.0
301813,UNITED STATES,0.0
301839,UNITED STATES,0.0
301842,UNITED STATES,0.0
301844,UNITED STATES,0.0
301846,UNITED STATES,0.0
301860,UNITED STATES,0.0
301864,UNITED STATES,0.0
301867,UNITED STATES,0.0
301871,UNITED STATES,0.0
301876,UNITED STATES,0.0
301877,UNITED STATES,0.0
301892,UNITED STATES,0.0
301914,UNITED STATES,0.0
301928,UNITED STATES,0.0
301933,UNITED STATES,0.0
301936,UNITED STATES,0.0
301956,UNITED STATES,0.0
301966,UNITED STATES,0.0
301983,UNITED STATES,0.0
301984,UNITED STATES,0.0
301990,UNITED STATES,0.0
301992,UNITED STATES,0.0
301994,UNITED STATES,0.0
301998,UNITED STATES,0.0
302007,UNITED STATES,0.0
302010,UNITED STATES,0.0
302023,UNITED STATES,0.0
302038,UNITED STATES,0.0
302041,UNITED STATES,0.0
302050,UNITED STATES,0.0
302056,UNITED STATES,0.0
302057,BRAZIL,0.0
302058,UNITED STATES,0.0
302059,UNITED STATES,0.0
302062,UNITED STATES,0.0
302082,UNITED STATES,0.0
302083,UNITED STATES,0.0
302085,UNITED STATES,0.0
302086,UNITED STATES,0.0
302127,UNITED STATES,0.0
302129,UNITED STATES,0.0
302132,UNITED STATES,0.0
302147,UNITED STATES,0.0
302153,UNITED STATES,0.0
302162,UNITED STATES,0.0
302163,BRAZIL,0.0
302165,UNITED STATES,0.0
302170,UNITED STATES,0.0
302175,UNITED STATES,0.0
302177,UNITED STATES,0.0
302178,UNITED STATES,0.0
302181,UNITED STATES,0.0
302185,RUSSIAN FEDERATION,0.0
302205,UNITED STATES,0.0
302235,UNITED STATES,0.0
302237,UNITED STATES,0.0
302241,UNITED STATES,0.0
302242,UNITED STATES,0.0
302260,UNITED STATES,0.0
302271,UNITED STATES,0.0
302290,UNITED STATES,0.0
302298,UNITED STATES,0.0
302321,UNITED STATES,0.0
302331,UNITED STATES,0.0
302333,UNITED STATES,1.0
302336,UNITED STATES,0.0
302337,UNITED STATES,0.0
302341,UNITED STATES,0.0
302344,UNITED STATES,0.0
302345,UNITED STATES,0.0
302351,UNITED STATES,0.0
302361,UNITED STATES,0.0
302365,UNITED STATES,0.0
302376,UNITED STATES,0.0
302377,UNITED STATES,0.0
302388,UNITED STATES,0.0
302390,UNITED STATES,0.0
302394,UNITED STATES,0.0
302403,UNITED STATES,0.0
302429,UNITED STATES,0.0
302431,UNITED STATES,0.0
302435,UNITED STATES,0.0
302442,UNITED STATES,0.0
302460,UNITED STATES,0.0
302466,UNITED STATES,0.0
302478,UNITED STATES,0.0
302486,UNITED STATES,0.0
302488,UNITED STATES,0.0
302489,UNITED STATES,0.0
302503,UNITED STATES,0.0
302523,UNITED STATES,0.0
302536,UNITED STATES,0.0
302542,UNITED STATES,0.0
302569,UNITED STATES,0.0
302575,UNITED STATES,0.0
302576,UNITED STATES,0.0
302577,UNITED STATES,0.0
302580,UNITED STATES,0.0
302610,UNITED STATES,0.0
302621,UNITED STATES,0.0
302622,UNITED STATES,0.0
302633,UNITED STATES,0.0
302634,UNITED STATES,0.0
302637,UNITED STATES,0.0
302641,UNITED STATES,0.0
302648,UNITED STATES,0.0
302652,UNITED STATES,0.0
302659,UNITED STATES,0.0
302673,UNITED STATES,0.0
302676,UNITED STATES,0.0
302679,UNITED STATES,0.0
302686,UNITED STATES,1.0
302688,UNITED STATES,0.0
302691,UNITED STATES,0.0
302704,UNITED STATES,0.0
302727,UNITED STATES,0.0
302731,UNITED STATES,0.0
302742,UNITED STATES,0.0
302743,UNITED STATES,0.0
302751,UNITED STATES,0.0
302755,UNITED STATES,0.0
302760,UNITED STATES,0.0
302775,UNITED STATES,0.0
302788,UNITED STATES,0.0
302797,UNITED STATES,0.0
302800,UNITED STATES,0.0
302805,UNITED STATES,0.0
302818,UNITED STATES,0.0
302824,BRAZIL,0.0
302845,UNITED STATES,0.0
302850,UNITED STATES,0.0
302851,UNITED STATES,0.0
302858,UNITED STATES,0.0
302863,UNITED STATES,0.0
302869,UNITED STATES,0.0
302880,UNITED STATES,0.0
302884,UNITED STATES,0.0
302919,UNITED STATES,0.0
302930,UNITED STATES,0.0
302937,UNITED STATES,0.0
302938,UNITED STATES,0.0
302951,UNITED STATES,0.0
302956,UNITED STATES,0.0
302963,UNITED STATES,0.0
302970,UNITED STATES,0.0
302979,UNITED STATES,0.0
302981,UNITED STATES,0.0
302988,UNITED STATES,0.0
303004,UNITED STATES,0.0
303006,UNITED STATES,0.0
303023,UNITED STATES,0.0
303038,UNITED STATES,0.0
303050,UNITED STATES,0.0
303066,UNITED STATES,0.0
303068,UNITED STATES,0.0
303074,UNITED STATES,0.0
303089,UNITED STATES,0.0
303107,UNITED STATES,0.0
303112,UNITED STATES,0.0
303113,UNITED STATES,0.0
303120,UNITED STATES,0.0
303126,UNITED STATES,0.0
303139,UNITED STATES,0.0
303151,UNITED STATES,0.0
303154,UNITED STATES,0.0
303163,UNITED STATES,0.0
303186,UNITED STATES,0.0
303200,ITALY,0.0
303210,UNITED STATES,0.0
303216,UNITED STATES,0.0
303217,UNITED STATES,0.0
303246,UNITED STATES,0.0
303249,UNITED STATES,0.0
303281,UNITED STATES,0.0
303282,UNITED STATES,0.0
303290,UNITED STATES,0.0
303296,UNITED STATES,0.0
303297,UNITED STATES,0.0
303298,UNITED STATES,0.0
303299,UNITED STATES,0.0
303308,UNITED STATES,0.0
303313,UNITED STATES,0.0
303328,UNITED STATES,0.0
303340,UNITED STATES,0.0
303351,UNITED STATES,0.0
303373,UNITED STATES,0.0
303375,UNITED STATES,0.0
303384,UNITED STATES,0.0
303406,UNITED STATES,0.0
303407,UNITED STATES,0.0
303417,UNITED STATES,0.0
303423,UNITED STATES,0.0
303431,UNITED STATES,0.0
303432,UNITED STATES,0.0
303450,UNITED STATES,0.0
303451,UNITED STATES,0.0
303460,UNITED STATES,1.0
303463,UNITED STATES,0.0
303472,UNITED STATES,0.0
303475,UNITED STATES,0.0
303482,UNITED STATES,0.0
303489,UNITED STATES,0.0
303493,UNITED STATES,0.0
303517,UNITED STATES,0.0
303524,UNITED STATES,0.0
303540,UNITED STATES,0.0
303549,UNITED STATES,0.0
303554,UNITED STATES,0.0
303571,UNITED STATES,0.0
303575,UNITED STATES,0.0
303594,UNITED STATES,0.0
303595,UNITED STATES,0.0
303605,UNITED STATES,0.0
303613,UNITED STATES,0.0
303626,UNITED STATES,0.0
303629,UNITED STATES,0.0
303642,UNITED STATES,0.0
303644,UNITED STATES,0.0
303654,UNITED STATES,0.0
303679,UNITED STATES,0.0
303680,UNITED STATES,0.0
303686,UNITED STATES,0.0
303691,UNITED STATES,0.0
303701,UNITED STATES,0.0
303711,UNITED STATES,0.0
303712,UNITED STATES,0.0
303713,UNITED STATES,0.0
303716,UNITED STATES,0.0
303728,UNITED STATES,0.0
303730,UNITED STATES,0.0
303738,UNITED STATES,0.0
303741,UNITED STATES,0.0
303743,UNITED STATES,1.0
303755,UNITED STATES,0.0
303773,UNITED STATES,0.0
303783,UNITED STATES,0.0
303784,UNITED STATES,0.0
303794,UNITED STATES,1.0
303801,UNITED STATES,0.0
303804,UNITED STATES,0.0
303805,UNITED STATES,0.0
303811,UNITED STATES,0.0
303815,UNITED STATES,0.0
303817,UNITED STATES,0.0
303830,UNITED STATES,0.0
303832,UNITED STATES,0.0
303842,UNITED STATES,0.0
303845,UNITED STATES,0.0
303846,UNITED STATES,0.0
303862,UNITED STATES,0.0
303863,UNITED STATES,0.0
303878,UNITED STATES,0.0
303882,UNITED STATES,0.0
303890,UNITED STATES,0.0
303892,UNITED STATES,0.0
303903,UNITED STATES,0.0
303932,UNITED STATES,0.0
303935,UNITED STATES,0.0
303936,UNITED STATES,0.0
303939,UNITED STATES,0.0
303944,UNITED STATES,0.0
303947,UNITED STATES,0.0
303951,UNITED STATES,0.0
303954,UNITED STATES,0.0
303956,UNITED STATES,0.0
303967,UNITED STATES,0.0
303970,UNITED STATES,0.0
303974,UNITED STATES,0.0
303983,UNITED STATES,0.0
303993,UNITED STATES,0.0
303996,UNITED STATES,0.0
304007,UNITED STATES,0.0
304010,UNITED STATES,0.0
304013,UNITED STATES,0.0
304039,UNITED STATES,0.0
304083,UNITED STATES,0.0
304094,UNITED STATES,0.0
304110,UNITED STATES,0.0
304118,UNITED STATES,0.0
304122,UNITED STATES,0.0
304134,UNITED STATES,0.0
304143,UNITED STATES,0.0
304151,UNITED STATES,0.0
304173,UNITED STATES,0.5
304184,UNITED STATES,0.0
304193,UNITED STATES,0.0
304197,UNITED STATES,0.0
304199,UNITED STATES,0.0
304200,UNITED STATES,0.0
304206,UNITED STATES,0.0
304218,UNITED STATES,0.0
304222,UNITED STATES,0.0
304224,UNITED STATES,0.0
304228,UNITED STATES,0.0
304240,UNITED STATES,0.0
304242,UNITED STATES,0.0
304270,UNITED STATES,0.0
304281,UNITED STATES,0.0
304292,UNITED STATES,0.0
304297,UNITED STATES,0.0
304306,UNITED STATES,0.0
304307,UNITED STATES,0.0
304308,UNITED STATES,0.0
304312,UNITED STATES,0.0
304313,UNITED STATES,0.0
304315,UNITED STATES,0.0
304347,UNITED STATES,0.0
304354,UNITED STATES,0.0
304357,UNITED STATES,1.0
304363,UNITED STATES,0.0
304368,UNITED STATES,0.0
304381,UNITED STATES,0.0
304397,UNITED STATES,0.0
304405,UNITED STATES,0.0
304409,UNITED STATES,0.0
304434,UNITED STATES,0.0
304437,UNITED STATES,0.0
304438,UNITED STATES,0.0
304455,UNITED STATES,0.0
304456,UNITED STATES,0.0
304459,UNITED STATES,0.0
304463,UNITED STATES,0.0
304473,UNITED STATES,0.0
304476,UNITED STATES,0.0
304489,UNITED STATES,0.0
304502,UNITED STATES,0.0
304505,UNITED STATES,0.0
304510,UNITED STATES,0.0
304519,UNITED STATES,0.0
304529,UNITED STATES,0.0
304550,UNITED STATES,0.0
304553,UNITED STATES,0.0
304569,UNITED STATES,0.0
304586,UNITED STATES,0.0
304587,UNITED STATES,0.0
304593,UNITED STATES,0.0
304595,UNITED STATES,0.0
304598,UNITED STATES,0.0
304613,UNITED STATES,0.0
304624,UNITED STATES,0.0
304637,UNITED STATES,0.0
304640,UNITED STATES,0.0
304641,UNITED STATES,0.0
304644,UNITED STATES,0.0
304645,UNITED STATES,0.0
304652,UNITED STATES,0.0
304659,UNITED STATES,0.0
304661,UNITED STATES,0.0
304673,UNITED STATES,0.0
304675,UNITED STATES,0.0
304678,UNITED STATES,0.0
304686,UNITED STATES,0.0
304689,UNITED STATES,0.0
304692,UNITED STATES,0.0
304705,UNITED STATES,0.0
304710,UNITED STATES,0.0
304715,UNITED STATES,0.0
304736,UNITED STATES,0.0
304745,UNITED STATES,0.0
304757,UNITED STATES,0.0
304772,UNITED STATES,0.0
304774,ITALY,0.0
304776,UNITED STATES,0.0
304778,UNITED STATES,0.0
304780,UNITED STATES,0.0
304791,ITALY,0.0
304801,UNITED STATES,0.0
304817,UNITED STATES,0.0
304836,UNITED STATES,0.0
304843,UNITED STATES,0.0
304851,UNITED STATES,0.0
304868,UNITED STATES,0.0
304870,UNITED STATES,0.0
304872,UNITED STATES,0.0
304882,UNITED STATES,0.0
304886,UNITED STATES,0.0
304889,UNITED STATES,0.0
304902,UNITED STATES,0.0
304904,UNITED STATES,0.0
304909,UNITED STATES,0.0
304932,UNITED STATES,0.0
304935,UNITED STATES,0.0
304971,UNITED STATES,0.0
304979,UNITED STATES,0.0
304989,UNITED STATES,0.0
304999,INDIA,0.0
305000,UNITED STATES,0.0
305003,UNITED STATES,0.0
305006,UNITED STATES,0.0
305010,UNITED STATES,0.0
305011,UNITED STATES,0.0
305024,UNITED STATES,0.0
305034,UNITED STATES,0.0
305037,UNITED STATES,0.0
305049,UNITED STATES,0.0
305058,UNITED STATES,0.0
305064,UNITED STATES,0.0
305065,UNITED STATES,0.0
305066,UNITED STATES,0.0
305071,UNITED STATES,0.0
305074,UNITED STATES,0.0
305085,UNITED STATES,0.0
305101,UNITED STATES,0.0
305127,UNITED STATES,0.0
305128,UNITED STATES,0.0
305134,UNITED STATES,0.0
305137,UNITED STATES,0.0
305143,UNITED STATES,0.0
305148,UNITED STATES,0.0
305154,UNITED STATES,0.0
305162,UNITED STATES,0.0
305170,UNITED STATES,0.0
305181,UNITED STATES,0.0
305186,UNITED STATES,0.0
305191,UNITED STATES,0.0
305195,UNITED STATES,0.0
305208,UNITED STATES,0.0
305214,UNITED STATES,0.0
305235,UNITED STATES,0.0
305258,UNITED STATES,0.0
305263,UNITED STATES,0.0
305270,UNITED STATES,0.0
305276,UNITED STATES,0.0
305286,UNITED STATES,0.0
305294,UNITED STATES,0.0
305295,UNITED STATES,0.0
305300,UNITED STATES,0.0
305317,UNITED STATES,0.0
305329,UNITED STATES,0.0
305330,UNITED STATES,0.0
305332,UNITED STATES,1.0
305337,UNITED STATES,0.0
305341,UNITED STATES,0.0
305344,UNITED STATES,0.0
305359,UNITED STATES,0.0
305368,UNITED STATES,0.0
305380,UNITED STATES,0.0
305402,UNITED STATES,0.0
305410,UNITED STATES,0.0
305429,UNITED STATES,0.0
305470,UNITED STATES,0.0
305471,UNITED STATES,0.0
305473,UNITED STATES,0.0
305479,UNITED STATES,0.0
305482,BRAZIL,0.0
305487,UNITED STATES,0.0
305491,UNITED STATES,0.0
305503,UNITED STATES,0.0
305511,UNITED STATES,0.0
305514,UNITED STATES,0.0
305517,UNITED STATES,0.0
305521,UNITED STATES,0.0
305534,UNITED STATES,0.0
305539,UNITED STATES,0.0
305544,UNITED STATES,0.0
305552,UNITED STATES,0.0
305561,UNITED STATES,0.0
305574,UNITED STATES,0.0
305588,UNITED STATES,1.0
305596,UNITED STATES,0.0
305610,UNITED STATES,1.0
305617,UNITED STATES,0.0
305619,UNITED STATES,0.0
305629,UNITED STATES,0.0
305634,UNITED STATES,0.0
305638,UNITED STATES,0.0
305640,UNITED STATES,0.0
305663,UNITED STATES,0.0
305687,UNITED STATES,0.0
305690,UNITED STATES,0.0
305691,UNITED STATES,0.0
305698,UNITED STATES,0.0
305713,UNITED STATES,0.0
305727,UNITED STATES,0.0
305741,UNITED STATES,0.0
305743,UNITED STATES,0.0
305746,UNITED STATES,0.0
305747,UNITED STATES,1.0
305760,UNITED STATES,0.0
305761,UNITED STATES,0.0
305787,UNITED STATES,0.0
305788,UNITED STATES,0.0
305812,UNITED STATES,0.0
305820,UNITED STATES,0.0
305823,UNITED STATES,0.0
305825,UNITED STATES,0.0
305828,UNITED STATES,0.0
305829,UNITED STATES,0.0
305849,UNITED STATES,0.0
305851,UNITED STATES,0.0
305853,UNITED STATES,0.0
305858,UNITED STATES,0.0
305863,UNITED STATES,0.0
305868,UNITED STATES,0.0
305874,UNITED STATES,0.0
305894,UNITED STATES,0.0
305911,UNITED STATES,0.0
305921,UNITED STATES,0.0
305932,UNITED STATES,0.0
305939,UNITED STATES,0.0
305940,UNITED STATES,0.0
305942,UNITED STATES,0.0
305957,UNITED STATES,0.0
305959,UNITED STATES,0.0
305966,UNITED STATES,0.0
305978,UNITED STATES,0.0
305988,UNITED STATES,0.0
305991,UNITED STATES,0.0
306002,UNITED STATES,0.0
308806,JAPAN,0.0
308841,JAPAN,0.0
308859,JAPAN,0.0
308887,JAPAN,0.0
308891,JAPAN,0.0
308899,JAPAN,0.0
308916,JAPAN,0.0
308919,JAPAN,0.0
308945,JAPAN,0.0
308967,JAPAN,0.0
308990,JAPAN,0.0
308991,JAPAN,1.0
309008,JAPAN,0.0
309014,JAPAN,0.0
309016,JAPAN,0.0
309030,JAPAN,0.0
309033,JAPAN,0.0
309038,JAPAN,0.0
309039,JAPAN,0.0
309043,JAPAN,0.0
309044,JAPAN,0.0
309062,JAPAN,0.0
309065,JAPAN,0.0
309067,JAPAN,0.0
309068,JAPAN,0.0
309071,JAPAN,0.0
309081,JAPAN,0.0
309088,JAPAN,0.0
309102,JAPAN,0.0
309132,JAPAN,0.0
309154,JAPAN,0.0
309162,JAPAN,0.0
309169,JAPAN,0.0
309184,JAPAN,0.0
309187,JAPAN,0.0
309188,JAPAN,0.0
309193,JAPAN,0.0
309196,JAPAN,0.0
309198,JAPAN,0.0
309207,JAPAN,0.0
309209,JAPAN,0.0
309211,JAPAN,1.0
309218,JAPAN,0.0
309219,JAPAN,0.0
309225,JAPAN,0.0
309242,JAPAN,0.0
309247,JAPAN,0.0
309250,JAPAN,0.0
309256,JAPAN,0.0
309258,JAPAN,0.0
309271,JAPAN,0.0
309273,JAPAN,0.0
309274,JAPAN,0.0
309277,JAPAN,0.0
309282,JAPAN,0.0
309284,JAPAN,0.0
309292,JAPAN,0.0
309305,JAPAN,0.0
309307,JAPAN,0.0
309308,JAPAN,0.0
309309,JAPAN,1.0
309330,JAPAN,0.0
309333,JAPAN,0.0
309340,JAPAN,0.0
309341,JAPAN,0.0
309342,JAPAN,0.0
309353,JAPAN,0.0
309369,JAPAN,0.0
309372,JAPAN,0.0
309379,JAPAN,0.0
309380,JAPAN,0.0
309394,JAPAN,0.0
309402,JAPAN,0.0
309405,JAPAN,0.0
309407,JAPAN,1.0
309423,JAPAN,0.0
309427,JAPAN,0.0
309433,JAPAN,0.0
309445,JAPAN,0.0
309464,JAPAN,0.0
309479,JAPAN,0.0
309501,UNITED STATES,0.0
309503,UNITED STATES,0.0
309508,UNITED STATES,0.0
309513,UNITED STATES,0.0
309514,UNITED STATES,0.0
309535,UNITED STATES,0.0
309537,UNITED STATES,0.0
309538,UNITED STATES,0.0
309541,UNITED STATES,0.0
309552,UNITED STATES,0.0
309562,UNITED STATES,0.0
309568,UNITED STATES,0.0
309577,UNITED STATES,0.0
309597,UNITED STATES,0.0
309631,JAPAN,0.0
309636,JAPAN,0.0
309637,JAPAN,0.0
309648,JAPAN,0.0
309649,JAPAN,0.0
309688,JAPAN,0.0
309710,JAPAN,0.0
309712,JAPAN,0.0
309718,JAPAN,0.0
309723,JAPAN,0.0
309737,JAPAN,0.0
309740,JAPAN,0.0
309762,JAPAN,0.0
309787,JAPAN,0.0
309810,JAPAN,0.0
309827,JAPAN,0.0
309852,JAPAN,0.0
309863,JAPAN,0.0
309865,JAPAN,0.0
309871,JAPAN,0.0
309881,JAPAN,0.0
309883,JAPAN,0.0
309886,JAPAN,0.0
309920,JAPAN,0.0
309939,JAPAN,0.0
309941,JAPAN,0.0
309943,JAPAN,1.0
309952,JAPAN,0.0
309963,JAPAN,0.0
309968,JAPAN,0.0
309972,JAPAN,0.0
309982,JAPAN,0.0
309984,JAPAN,0.0
309992,JAPAN,0.0
309995,JAPAN,0.0
310023,JAPAN,0.0
310034,JAPAN,0.0
310036,JAPAN,0.0
310042,JAPAN,0.0
310068,JAPAN,0.0
310077,JAPAN,0.0
310080,JAPAN,0.0
310084,JAPAN,0.0
310130,JAPAN,0.0
310144,JAPAN,0.0
310157,JAPAN,0.0
310188,JAPAN,0.0
310194,JAPAN,0.0
310201,JAPAN,0.0
310202,JAPAN,0.0
310223,JAPAN,0.0
310239,JAPAN,0.0
310247,JAPAN,0.0
310276,JAPAN,0.0
310279,JAPAN,0.0
310283,JAPAN,0.0
310284,JAPAN,0.0
310289,JAPAN,0.0
310292,JAPAN,0.0
310296,JAPAN,0.0
310299,JAPAN,0.0
310417,UNITED STATES,0.0
311003,UNITED STATES,0.0
311017,UNITED STATES,0.0
311047,UNITED STATES,0.0
311071,UNITED STATES,0.0
311129,UNITED STATES,0.0
311200,JAPAN,0.0
311211,JAPAN,0.0
311218,JAPAN,0.0
311220,JAPAN,0.0
311222,JAPAN,0.0
311228,JAPAN,0.0
311255,JAPAN,0.0
311260,JAPAN,0.0
311272,JAPAN,0.0
311276,JAPAN,0.0
311278,JAPAN,0.0
311280,JAPAN,0.0
311296,JAPAN,0.0
311313,JAPAN,0.0
311331,JAPAN,0.0
311332,JAPAN,0.0
311343,JAPAN,0.0
311349,JAPAN,0.0
311350,JAPAN,0.0
311353,JAPAN,0.0
311358,JAPAN,0.0
311360,JAPAN,0.0
311362,JAPAN,0.0
311365,JAPAN,0.0
311367,JAPAN,0.0
311370,JAPAN,0.0
311373,JAPAN,1.0
311385,JAPAN,0.0
311389,JAPAN,1.0
311407,JAPAN,0.0
311420,JAPAN,0.0
311423,JAPAN,0.0
311430,JAPAN,0.0
311440,JAPAN,0.0
311444,JAPAN,0.5
311459,JAPAN,0.0
311461,JAPAN,0.0
311466,JAPAN,0.0
311473,JAPAN,0.0
311503,JAPAN,0.0
311511,JAPAN,0.0
311515,JAPAN,0.0
311517,JAPAN,0.0
311538,JAPAN,0.0
311551,JAPAN,0.0
311561,JAPAN,0.0
311589,JAPAN,0.0
311596,JAPAN,0.0
311604,JAPAN,0.0
311622,JAPAN,0.0
311643,JAPAN,0.0
311665,JAPAN,0.0
311666,JAPAN,0.0
311674,JAPAN,0.0
311676,JAPAN,1.0
311680,JAPAN,0.0
311683,JAPAN,0.0
311696,JAPAN,0.0
311698,JAPAN,0.0
311703,JAPAN,0.0
311706,JAPAN,0.0
311711,JAPAN,0.0
311712,JAPAN,0.0
311723,JAPAN,0.0
311729,JAPAN,0.0
311750,JAPAN,1.0
311758,JAPAN,0.0
311765,JAPAN,0.0
311766,JAPAN,0.0
311793,JAPAN,0.0
311807,JAPAN,0.0
311822,JAPAN,0.0
311829,JAPAN,0.0
311839,JAPAN,0.0
311854,JAPAN,0.0
311857,JAPAN,0.0
311859,JAPAN,0.0
311867,JAPAN,0.0
311872,JAPAN,0.0
311879,JAPAN,0.0
311891,JAPAN,0.0
311897,JAPAN,0.0
311903,JAPAN,0.0
311905,JAPAN,0.0
311906,JAPAN,0.0
311911,JAPAN,0.0
311921,JAPAN,0.0
311926,JAPAN,0.0
311928,JAPAN,0.0
311952,JAPAN,0.0
311954,JAPAN,0.0
311957,JAPAN,0.0
311967,JAPAN,0.0
311968,JAPAN,1.0
311970,JAPAN,0.0
311971,JAPAN,0.0
311979,JAPAN,0.0
311980,JAPAN,0.0
311998,JAPAN,0.0
312003,JAPAN,0.0
312012,JAPAN,0.0
312014,JAPAN,0.0
312031,JAPAN,0.0
312039,JAPAN,0.0
312045,JAPAN,0.0
312048,JAPAN,0.0
312049,JAPAN,0.0
312053,JAPAN,0.0
312057,JAPAN,1.0
312065,JAPAN,0.0
312067,JAPAN,0.0
312077,JAPAN,0.0
312088,JAPAN,0.0
312093,JAPAN,0.0
312099,JAPAN,0.0
313084,UNITED STATES,1.0
313181,UNITED STATES,0.0
313185,UNITED STATES,0.0
313187,UNITED STATES,0.0
313242,UNITED STATES,0.0
313277,UNITED STATES,0.0
313313,UNITED STATES,0.0
313316,UNITED STATES,0.0
313443,UNITED STATES,0.0
313458,UNITED STATES,0.0
313468,UNITED STATES,0.0
313470,UNITED STATES,0.0
313487,UNITED STATES,0.0
313521,UNITED STATES,1.0
313549,UNITED STATES,0.0
313593,UNITED STATES,0.0
313602,UNITED STATES,0.0
313641,UNITED STATES,0.0
313677,UNITED STATES,0.0
313678,UNITED STATES,0.0
313686,UNITED STATES,0.0
313687,UNITED STATES,0.0
313688,UNITED STATES,0.0
313734,UNITED STATES,0.0
313748,UNITED STATES,0.0
313749,UNITED STATES,0.0
313760,UNITED STATES,0.0
313766,UNITED STATES,0.0
313814,UNITED STATES,0.0
313822,UNITED STATES,0.0
313910,UNITED STATES,0.0
313911,UNITED STATES,0.0
313933,UNITED STATES,0.0
313935,UNITED STATES,0.0
313936,UNITED STATES,0.0
313939,UNITED STATES,0.0
313941,UNITED STATES,0.0
313944,UNITED STATES,0.0
313952,UNITED STATES,0.0
313966,UNITED STATES,0.0
313985,UNITED STATES,0.0
315029,UNITED STATES,0.0
315041,UNITED STATES,0.0
315065,UNITED STATES,0.0
315092,UNITED STATES,0.0
315100,UNITED STATES,0.0
315106,UNITED STATES,0.0
315107,UNITED STATES,0.0
315174,UNITED STATES,0.0
315178,UNITED STATES,0.0
315181,UNITED STATES,0.0
315182,UNITED STATES,0.0
315190,UNITED STATES,0.0
315195,UNITED STATES,0.0
315197,UNITED STATES,0.0
315297,UNITED STATES,0.0
315302,UNITED STATES,0.0
315322,UNITED STATES,0.0
315374,UNITED STATES,0.0
315376,UNITED STATES,0.0
315384,UNITED STATES,0.0
315387,UNITED STATES,0.0
315393,UNITED STATES,1.0
315418,UNITED STATES,0.0
315419,UNITED STATES,0.0
315422,UNITED STATES,0.0
315814,JAPAN,0.0
315821,JAPAN,0.0
315827,JAPAN,0.0
315839,JAPAN,0.0
315855,JAPAN,0.0
315856,JAPAN,0.0
315863,JAPAN,0.0
315884,JAPAN,0.0
315885,JAPAN,0.0
315891,JAPAN,0.0
315892,JAPAN,0.0
315900,JAPAN,0.0
315911,JAPAN,0.0
315912,JAPAN,0.0
315915,JAPAN,0.0
315918,JAPAN,0.0
315921,JAPAN,0.0
315926,JAPAN,0.0
315928,JAPAN,0.0
315942,JAPAN,0.0
315943,JAPAN,0.0
315950,JAPAN,0.0
315952,JAPAN,0.0
316025,UNITED STATES,0.0
316066,UNITED STATES,0.0
316070,UNITED STATES,0.0
316282,UNITED STATES,0.0
316309,UNITED STATES,0.0
316427,UNITED STATES,0.0
316510,UNITED STATES,0.0
316568,UNITED STATES,0.0
316578,UNITED STATES,0.0
316594,UNITED STATES,0.0
316621,UNITED STATES,0.0
316624,UNITED STATES,0.0
316627,UNITED STATES,0.0
316631,UNITED STATES,0.0
316673,UNITED STATES,1.0
316725,UNITED STATES,0.0
316726,UNITED STATES,1.0
316732,UNITED STATES,0.0
316760,UNITED STATES,1.0
316824,UNITED STATES,0.0
316834,UNITED STATES,0.0
316856,UNITED STATES,0.0
316892,UNITED STATES,0.0
316914,UNITED STATES,0.0
316932,UNITED STATES,0.0
316975,UNITED STATES,0.0
316994,UNITED STATES,0.0
317024,UNITED STATES,0.0
317047,UNITED STATES,0.0
317048,UNITED STATES,0.0
317065,UNITED STATES,0.0
318007,UNITED STATES,0.0
318039,UNITED STATES,0.0
318095,UNITED STATES,0.0
318184,UNITED STATES,0.0
318209,UNITED STATES,0.0
318357,UNITED STATES,0.0
318362,UNITED STATES,0.0
318394,UNITED STATES,0.0
318629,UNITED STATES,0.0
318641,UNITED STATES,0.0
318700,UNITED STATES,0.0
318804,UNITED STATES,0.0
318812,UNITED STATES,0.0
318950,UNITED STATES,0.0
319252,UNITED STATES,0.0
319298,UNITED STATES,0.0
319402,UNITED STATES,0.0
319448,UNITED STATES,0.0
319485,UNITED STATES,0.0
319613,UNITED STATES,0.0
319646,UNITED STATES,0.0
319670,UNITED STATES,0.0
319730,UNITED STATES,0.0
319756,UNITED STATES,0.0
319779,UNITED STATES,0.0
330103,CHINA,0.0
333700,JAPAN,0.0
333710,JAPAN,0.0
333733,JAPAN,0.0
333738,JAPAN,0.0
333740,JAPAN,0.0
333746,JAPAN,1.0
333755,JAPAN,0.5
333758,JAPAN,0.5
333787,JAPAN,0.0
333796,JAPAN,0.0
333805,JAPAN,0.0
333816,JAPAN,1.0
333834,JAPAN,0.0
333842,JAPAN,0.0
333848,JAPAN,0.0
333873,JAPAN,0.0
333879,JAPAN,0.0
333897,JAPAN,0.0
333898,JAPAN,1.0
333899,JAPAN,0.0
333904,JAPAN,0.0
333921,JAPAN,0.0
333926,JAPAN,0.0
333936,JAPAN,0.0
333938,JAPAN,0.0
333950,JAPAN,0.0
333954,JAPAN,0.0
333968,JAPAN,0.0
333970,JAPAN,0.0
333976,JAPAN,0.0
333985,JAPAN,0.0
333995,JAPAN,0.0
333997,JAPAN,0.0
334003,JAPAN,0.0
334004,JAPAN,0.0
334005,JAPAN,0.0
334010,JAPAN,0.0
334011,JAPAN,0.0
334012,JAPAN,0.0
334014,JAPAN,0.0
334017,JAPAN,0.0
334029,JAPAN,0.0
334031,JAPAN,0.0
334033,JAPAN,0.0
334043,JAPAN,0.0
334050,JAPAN,0.0
334058,JAPAN,0.0
334059,JAPAN,0.0
334076,JAPAN,0.0
334079,JAPAN,0.0
334081,JAPAN,0.0
334086,JAPAN,0.0
334091,JAPAN,0.0
334096,JAPAN,1.0
334105,JAPAN,0.0
334120,JAPAN,0.0
334122,JAPAN,0.0
334123,JAPAN,0.0
334142,JAPAN,0.0
334146,JAPAN,0.0
334147,JAPAN,0.0
334154,JAPAN,0.0
334157,JAPAN,0.0
334162,JAPAN,0.0
334183,JAPAN,0.0
334200,JAPAN,0.0
334216,JAPAN,0.0
334244,JAPAN,0.0
334252,JAPAN,0.0
334261,JAPAN,0.0
334282,JAPAN,0.0
334285,JAPAN,1.0
334289,JAPAN,0.0
334292,JAPAN,1.0
334317,JAPAN,0.0
334329,JAPAN,0.0
334340,JAPAN,0.0
334341,JAPAN,0.0
334356,JAPAN,0.0
334369,JAPAN,0.0
334375,JAPAN,0.0
334382,JAPAN,0.0
334391,JAPAN,0.0
334398,JAPAN,0.0
334406,JAPAN,0.0
334415,JAPAN,0.0
334417,JAPAN,0.0
334421,JAPAN,0.0
334457,JAPAN,0.0
334462,JAPAN,0.0
334495,JAPAN,0.0
334498,JAPAN,0.0
334500,JAPAN,0.0
334511,JAPAN,0.0
334518,JAPAN,0.0
334527,JAPAN,0.0
334535,JAPAN,0.0
334540,JAPAN,0.0
334543,JAPAN,0.0
334544,JAPAN,0.0
334555,JAPAN,0.0
334565,JAPAN,0.0
334568,JAPAN,0.0
334589,JAPAN,0.0
334604,JAPAN,0.0
334621,JAPAN,0.0
334661,JAPAN,0.0
334667,JAPAN,0.0
334675,JAPAN,0.0
334682,JAPAN,0.0
334683,JAPAN,0.0
334686,JAPAN,0.0
334691,JAPAN,0.0
334699,JAPAN,0.0
334703,JAPAN,0.0
334715,JAPAN,0.0
334725,JAPAN,0.0
334730,JAPAN,0.0
334737,JAPAN,0.0
334754,JAPAN,0.0
334759,JAPAN,0.0
334777,JAPAN,0.0
334778,JAPAN,0.0
334784,JAPAN,0.0
334794,JAPAN,0.0
334827,JAPAN,0.0
334830,JAPAN,0.0
334843,JAPAN,1.0
334848,JAPAN,0.0
334852,JAPAN,0.0
334858,JAPAN,0.0
334859,JAPAN,0.0
334861,JAPAN,0.0
334862,JAPAN,0.0
334880,JAPAN,0.0
334885,JAPAN,1.0
334896,JAPAN,0.0
334903,JAPAN,0.0
334912,JAPAN,0.0
334914,JAPAN,0.0
334919,JAPAN,0.0
334961,JAPAN,0.0
334962,JAPAN,0.0
334966,JAPAN,0.0
334967,JAPAN,0.0
334970,JAPAN,0.0
334973,JAPAN,0.0
334976,JAPAN,0.0
334998,JAPAN,0.0
334999,JAPAN,0.0
340005,UNITED STATES,0.0
340007,UNITED STATES,1.0
340017,UNITED STATES,0.0
340049,INDIA,0.0
340054,JAPAN,0.0
340068,UNITED STATES,0.0
340084,BELGIUM,1.0
340114,MEXICO,0.0
340135,MEXICO,0.0
340156,ITALY,0.0
340157,ITALY,0.0
340181,JAPAN,0.0
340185,JAPAN,0.0
340190,JAPAN,0.0
340198,JAPAN,0.0
340207,UNITED KINGDOM,0.0
340212,UNITED KINGDOM,0.0
340213,UNITED KINGDOM,0.0
340215,UNITED KINGDOM,0.0
340233,UNITED KINGDOM,0.0
340236,UNITED KINGDOM,0.0
340237,UNITED KINGDOM,0.0
340244,UNITED KINGDOM,0.0
340257,INDIA,0.0
340296,INDIA,0.0
340310,INDIA,0.0
340313,INDIA,0.0
340327,UNITED STATES,0.0
340330,UNITED STATES,0.0
340332,UNITED STATES,0.0
340345,UNITED STATES,0.0
340356,UNITED STATES,0.0
340365,UNITED STATES,0.0
340377,UNITED STATES,0.0
340379,UNITED STATES,0.0
340383,UNITED STATES,0.0
340391,UNITED STATES,0.0
340421,UNITED STATES,0.0
340450,UNITED STATES,0.0
340456,UNITED STATES,0.0
340460,UNITED STATES,0.0
340461,UNITED STATES,0.0
340464,UNITED STATES,0.0
340485,UNITED STATES,0.0
340499,INDIA,0.0
340503,INDIA,0.0
340508,INDIA,0.0
340509,BELGIUM,0.0
340558,UNITED STATES,0.0
340565,UNITED STATES,0.0
340572,UNITED STATES,0.0
340581,UNITED STATES,0.0
340606,UNITED STATES,0.0
340610,UNITED STATES,0.0
340627,UNITED STATES,0.0
340629,UNITED STATES,0.0
340666,UNITED STATES,0.0
340678,UNITED STATES,0.0
340689,UNITED STATES,0.0
340696,UNITED STATES,0.0
340706,UNITED STATES,0.0
340722,UNITED STATES,0.0
340734,UNITED STATES,0.0
340756,UNITED STATES,0.0
340783,UNITED STATES,0.0
340794,UNITED STATES,0.0
340799,UNITED STATES,0.0
340810,UNITED STATES,0.0
340820,UNITED STATES,0.0
340830,UNITED STATES,0.0
340837,UNITED STATES,1.0
340842,UNITED STATES,0.0
340863,UNITED STATES,0.0
340868,UNITED STATES,1.0
340875,UNITED STATES,0.0
340894,UNITED STATES,0.0
340896,UNITED STATES,0.0
340900,UNITED STATES,0.0
340903,UNITED STATES,0.0
340906,UNITED STATES,0.0
340909,UNITED STATES,0.0
340910,MALAYSIA,0.0
340932,UNITED STATES,0.0
340933,UNITED STATES,0.0
340947,UNITED STATES,0.0
340948,UNITED STATES,0.0
340959,UNITED STATES,0.0
340960,UNITED STATES,0.0
340997,UNITED STATES,0.0
341004,UNITED STATES,0.0
341005,UNITED STATES,0.0
341016,UNITED STATES,0.0
341030,UNITED STATES,0.0
341048,UNITED STATES,0.5
341065,UNITED STATES,0.0
341070,UNITED STATES,0.0
341087,UNITED STATES,0.0
341108,UNITED STATES,0.0
341110,UNITED STATES,0.0
341134,UNITED STATES,0.0
341136,UNITED STATES,0.0
341149,UNITED STATES,0.0
341155,UNITED STATES,0.0
341156,UNITED STATES,0.0
341163,UNITED STATES,0.0
341166,UNITED STATES,0.0
341182,UNITED STATES,0.0
341196,UNITED STATES,0.0
341198,UNITED STATES,0.0
341211,UNITED STATES,0.0
341212,UNITED STATES,0.0
341228,UNITED STATES,0.0
341232,UNITED STATES,0.0
341240,UNITED STATES,0.0
341248,UNITED STATES,0.0
341256,UNITED STATES,0.0
341257,UNITED STATES,1.0
341267,UNITED KINGDOM,0.0
341273,UNITED KINGDOM,0.0
341274,UNITED KINGDOM,0.0
341275,UNITED KINGDOM,0.0
341296,UNITED STATES,0.0
341297,UNITED STATES,0.0
341309,UNITED STATES,0.0
341335,UNITED STATES,0.0
341350,UNITED STATES,0.0
341359,UNITED STATES,1.0
341376,UNITED STATES,0.0
341377,UNITED STATES,0.0
341383,UNITED STATES,0.0
341392,UNITED STATES,0.0
341409,UNITED STATES,0.0
341416,UNITED STATES,0.0
341420,UNITED STATES,0.0
341428,UNITED STATES,0.0
341444,UNITED STATES,0.0
341445,UNITED STATES,0.0
341465,UNITED STATES,0.0
341467,UNITED STATES,0.0
341470,UNITED STATES,0.0
341474,UNITED STATES,0.0
341479,UNITED STATES,1.0
341485,UNITED STATES,0.0
341506,UNITED STATES,0.0
341536,UNITED STATES,0.0
341537,UNITED STATES,0.0
341552,UNITED STATES,0.0
341565,UNITED STATES,0.0
341568,UNITED STATES,0.0
341573,GERMANY,0.0
341578,UNITED STATES,0.0
341581,UNITED STATES,0.0
341589,UNITED STATES,0.0
341612,UNITED STATES,0.0
341634,UNITED STATES,0.0
341636,UNITED STATES,0.0
341641,UNITED STATES,0.0
341646,UNITED STATES,0.0
341648,UNITED STATES,0.0
341656,UNITED STATES,0.0
341658,UNITED STATES,0.0
341663,UNITED STATES,0.0
341664,UNITED STATES,0.0
341668,UNITED STATES,0.0
341674,UNITED STATES,0.0
341679,UNITED STATES,0.0
341696,UNITED STATES,0.0
341703,UNITED STATES,0.0
341710,UNITED STATES,0.0
341712,UNITED STATES,0.0
341714,UNITED STATES,0.0
341715,UNITED STATES,0.0
341734,UNITED STATES,0.0
341742,UNITED STATES,0.0
341748,UNITED STATES,0.0
341749,UNITED STATES,0.0
341757,UNITED STATES,0.0
341760,UNITED STATES,0.0
341769,UNITED STATES,0.0
341779,UNITED STATES,0.0
341780,UNITED STATES,0.0
341794,UNITED STATES,0.0
341804,UNITED STATES,0.0
341807,UNITED STATES,0.0
341815,UNITED STATES,0.0
341822,GERMANY,0.0
341824,UNITED STATES,0.0
341829,UNITED STATES,0.0
341831,UNITED STATES,0.0
341833,UNITED STATES,0.0
341834,UNITED STATES,0.0
341838,UNITED STATES,0.0
341842,UNITED STATES,0.5
341862,UNITED STATES,0.0
341864,UNITED STATES,0.0
341866,UNITED STATES,0.0
341868,UNITED STATES,0.0
341881,UNITED STATES,0.0
341896,UNITED STATES,0.0
341912,UNITED STATES,0.0
341913,UNITED STATES,0.0
341916,UNITED STATES,0.0
341928,UNITED STATES,0.0
341929,UNITED STATES,0.0
341940,UNITED STATES,0.0
341944,UNITED STATES,0.0
341949,UNITED STATES,0.0
341992,UNITED STATES,0.0
342002,UNITED STATES,0.0
342004,UNITED STATES,1.0
342007,UNITED STATES,0.0
342011,UNITED STATES,0.0
342026,UNITED STATES,0.0
342044,UNITED STATES,0.0
342045,UNITED STATES,0.0
342059,UNITED STATES,0.0
342060,UNITED STATES,0.0
342065,UNITED STATES,0.0
342072,UNITED STATES,0.0
342079,UNITED STATES,0.0
342082,UNITED STATES,0.0
342090,UNITED STATES,0.0
342096,UNITED STATES,0.0
342099,INDIA,0.0
342112,UNITED STATES,0.0
342116,UNITED STATES,0.0
342137,BRAZIL,0.0
342155,UNITED STATES,0.0
342160,UNITED STATES,0.0
342164,UNITED STATES,0.0
342187,UNITED STATES,0.0
342197,UNITED STATES,0.0
342207,UNITED STATES,0.0
342212,UNITED STATES,0.0
342221,UNITED STATES,0.0
342222,UNITED STATES,0.0
342231,UNITED STATES,0.0
342236,UNITED STATES,0.0
342250,UNITED STATES,0.0
342291,UNITED STATES,0.0
342292,UNITED STATES,0.0
342309,UNITED STATES,0.0
342319,UNITED STATES,0.0
342329,UNITED STATES,0.0
342345,UNITED STATES,0.0
342346,UNITED STATES,0.0
342350,UNITED STATES,1.0
342367,UNITED STATES,0.0
342387,UNITED STATES,0.0
342401,UNITED STATES,0.0
342402,UNITED STATES,0.0
342403,UNITED STATES,0.0
342412,UNITED STATES,0.0
342414,UNITED STATES,1.0
342416,UNITED STATES,0.0
342417,UNITED STATES,0.0
342437,UNITED STATES,0.0
342466,UNITED STATES,0.0
342470,UNITED STATES,0.0
342473,UNITED STATES,0.0
342478,UNITED STATES,0.0
342482,UNITED STATES,1.0
342486,UNITED STATES,0.0
342499,UNITED STATES,0.0
342508,UNITED STATES,0.0
342514,UNITED STATES,0.0
342515,UNITED STATES,0.0
342519,UNITED STATES,0.0
342523,UNITED STATES,0.0
342524,UNITED STATES,0.0
342525,UNITED STATES,0.0
342538,UNITED STATES,0.0
342590,UNITED STATES,0.0
342599,UNITED STATES,0.0
342606,UNITED STATES,0.0
342617,UNITED STATES,0.0
342626,UNITED STATES,0.0
342640,UNITED STATES,0.0
342644,UNITED STATES,0.0
342646,UNITED STATES,0.0
342653,UNITED STATES,0.0
342668,UNITED STATES,0.0
342669,UNITED STATES,0.0
342707,UNITED STATES,0.0
342725,UNITED STATES,0.0
342726,UNITED STATES,0.0
342735,UNITED STATES,0.0
342744,UNITED STATES,0.0
342746,UNITED STATES,0.0
342753,UNITED STATES,0.0
342758,UNITED STATES,0.0
342765,UNITED STATES,1.0
342774,UNITED STATES,1.0
342787,UNITED STATES,0.0
342801,UNITED STATES,0.0
342814,UNITED STATES,0.0
342815,UNITED STATES,0.0
342816,UNITED STATES,0.0
342822,UNITED STATES,0.0
342826,UNITED STATES,0.0
342837,UNITED STATES,0.0
342848,UNITED STATES,0.0
342849,UNITED STATES,0.0
342859,UNITED STATES,0.0
342870,UNITED STATES,0.0
342883,UNITED STATES,1.0
342894,UNITED STATES,0.0
342896,UNITED STATES,0.0
342904,UNITED STATES,0.0
342913,GERMANY,0.0
342917,UNITED STATES,0.0
342928,UNITED STATES,0.0
342932,UNITED STATES,0.0
342940,UNITED STATES,0.0
342943,UNITED STATES,0.0
342946,UNITED STATES,0.0
342947,UNITED STATES,0.0
342956,UNITED STATES,0.0
342968,UNITED STATES,0.0
342978,UNITED STATES,0.0
342993,UNITED STATES,0.0
342999,INDIA,1.0
343008,UNITED STATES,0.0
343047,UNITED STATES,0.0
343048,UNITED STATES,0.0
343052,UNITED STATES,0.0
343058,UNITED STATES,0.0
343071,UNITED STATES,0.0
343072,UNITED STATES,0.0
343079,UNITED STATES,0.0
343092,UNITED STATES,0.0
343093,UNITED STATES,0.0
343094,UNITED STATES,0.0
343119,UNITED STATES,1.0
343125,UNITED STATES,0.0
343126,UNITED STATES,0.0
343127,UNITED STATES,0.0
343130,PAKISTAN,0.0
343137,UNITED STATES,0.0
343140,UNITED STATES,0.0
343146,UNITED STATES,0.0
343159,UNITED STATES,0.0
343163,UNITED STATES,0.0
343166,UNITED STATES,0.0
343173,UNITED STATES,0.0
343178,UNITED STATES,0.0
343186,UNITED STATES,0.0
343188,UNITED STATES,0.0
343197,UNITED STATES,0.0
343203,UNITED STATES,0.0
343204,UNITED STATES,0.0
343206,UNITED STATES,0.0
343218,UNITED STATES,0.0
343223,UNITED STATES,0.0
343232,UNITED STATES,0.0
343249,UNITED STATES,0.0
343253,UNITED STATES,0.0
343258,UNITED STATES,0.0
343260,UNITED STATES,0.0
343271,UNITED STATES,0.0
343275,UNITED STATES,0.0
343290,UNITED STATES,0.0
343292,UNITED STATES,0.0
343299,UNITED STATES,0.0
343302,UNITED STATES,0.0
343306,UNITED STATES,0.0
343319,UNITED STATES,0.0
343321,UNITED STATES,0.0
343328,UNITED STATES,0.0
343329,UNITED STATES,0.0
343346,UNITED STATES,0.0
343347,UNITED STATES,0.0
343357,UNITED STATES,0.0
343372,UNITED STATES,0.0
343385,UNITED STATES,0.0
343403,UNITED STATES,0.0
343409,UNITED STATES,0.0
343427,UNITED STATES,0.0
343428,UNITED STATES,0.0
343429,UNITED STATES,0.0
343452,UNITED STATES,0.0
343455,UNITED STATES,0.0
343482,UNITED STATES,0.0
343496,UNITED STATES,0.0
343500,UNITED KINGDOM,0.0
343512,UNITED STATES,0.0
343513,UNITED STATES,0.0
343521,UNITED STATES,0.0
343526,UNITED STATES,0.0
343572,UNITED STATES,0.0
343585,UNITED STATES,0.0
343596,UNITED STATES,0.0
343611,UNITED STATES,0.0
343612,UNITED STATES,0.0
343617,UNITED STATES,0.0
343635,UNITED STATES,0.0
343645,UNITED STATES,0.0
343650,UNITED STATES,0.0
343666,UNITED STATES,0.0
343683,UNITED STATES,0.0
343687,UNITED STATES,0.0
343691,UNITED STATES,0.0
343697,UNITED STATES,0.0
343710,UNITED STATES,0.0
343732,UNITED STATES,0.0
343746,UNITED STATES,0.0
343752,UNITED STATES,0.0
343756,UNITED STATES,0.0
343758,UNITED STATES,0.0
343771,UNITED STATES,0.0
343801,UNITED STATES,0.0
343811,UNITED STATES,0.0
343825,UNITED STATES,0.0
343835,UNITED STATES,0.0
343866,UNITED STATES,0.0
343870,UNITED STATES,0.0
343874,UNITED STATES,0.0
343883,UNITED STATES,0.0
343885,UNITED STATES,0.0
343888,UNITED STATES,0.0
343892,UNITED STATES,0.0
343897,UNITED STATES,0.0
343905,UNITED STATES,0.0
343908,UNITED STATES,0.0
343914,UNITED STATES,0.0
343917,UNITED STATES,0.0
343926,UNITED STATES,0.0
343927,UNITED STATES,0.0
343950,UNITED STATES,0.0
343953,UNITED STATES,0.0
343976,UNITED STATES,0.0
343998,UNITED STATES,0.0
343999,INDIA,0.0
344002,UNITED STATES,0.0
344008,UNITED STATES,0.0
344009,UNITED STATES,0.0
344013,UNITED STATES,0.0
344015,UNITED STATES,0.0
344018,UNITED STATES,0.0
344022,UNITED STATES,0.0
344037,UNITED STATES,0.0
344055,UNITED STATES,0.0
344075,UNITED STATES,0.0
344083,UNITED STATES,0.0
344087,UNITED STATES,0.0
344089,UNITED STATES,0.0
344092,UNITED STATES,0.0
344095,UNITED STATES,0.0
344096,UNITED STATES,0.0
344103,UNITED STATES,0.0
344109,UNITED STATES,0.0
344119,UNITED STATES,0.0
344132,UNITED STATES,0.0
344156,UNITED STATES,0.0
344157,UNITED STATES,0.0
344162,UNITED STATES,0.0
344174,RUSSIAN FEDERATION,1.0
344184,UNITED STATES,0.0
344185,UNITED STATES,0.0
344195,UNITED STATES,0.0
344196,UNITED STATES,1.0
344212,UNITED STATES,0.0
344220,UNITED STATES,0.0
344226,UNITED STATES,0.0
344242,UNITED STATES,0.0
344264,UNITED STATES,0.0
344274,RUSSIAN FEDERATION,0.0
344276,UNITED STATES,0.0
344279,UNITED STATES,0.0
344281,UNITED STATES,0.0
344294,BRAZIL,0.0
344304,UNITED STATES,0.0
344305,UNITED STATES,0.0
344313,UNITED STATES,0.0
344314,UNITED STATES,1.0
344329,UNITED STATES,0.0
344330,UNITED STATES,1.0
344336,UNITED STATES,0.0
344349,UNITED STATES,0.0
344373,UNITED STATES,0.0
344380,UNITED STATES,0.0
344395,UNITED STATES,0.0
344396,UNITED STATES,0.0
344409,UNITED STATES,0.0
344410,UNITED STATES,0.0
344413,UNITED STATES,0.0
344418,UNITED STATES,0.0
344433,UNITED STATES,0.0
344434,UNITED STATES,0.0
344436,UNITED STATES,0.0
344439,UNITED STATES,0.0
344446,UNITED STATES,0.0
344447,UNITED STATES,1.0
344479,UNITED STATES,0.0
344494,UNITED STATES,0.0
344506,UNITED STATES,0.0
344549,UNITED STATES,0.0
344550,UNITED STATES,0.0
344565,UNITED STATES,0.0
344567,UNITED STATES,0.0
344576,BRAZIL,0.0
344583,UNITED STATES,0.0
344596,UNITED STATES,0.0
344608,UNITED STATES,0.0
344610,UNITED STATES,0.0
344615,UNITED STATES,0.0
344623,UNITED STATES,0.0
344625,UNITED STATES,0.0
344639,UNITED STATES,0.0
344647,UNITED STATES,0.0
344648,UNITED STATES,0.0
344650,UNITED STATES,0.0
344673,UNITED STATES,0.0
344676,UNITED STATES,0.0
344701,UNITED STATES,0.0
344708,UNITED STATES,0.0
344717,UNITED STATES,1.0
344734,UNITED STATES,0.0
344742,UNITED STATES,0.0
344744,UNITED STATES,0.0
344749,UNITED STATES,0.0
344767,UNITED STATES,0.0
344798,UNITED STATES,0.0
344803,UNITED STATES,0.0
344812,UNITED STATES,0.0
344820,UNITED STATES,0.0
344824,UNITED STATES,0.0
344829,UNITED STATES,0.0
344840,UNITED STATES,0.0
344844,UNITED STATES,0.0
344862,UNITED STATES,0.0
344865,JAPAN,0.0
344888,UNITED STATES,0.0
344894,UNITED STATES,0.0
344913,UNITED STATES,0.0
344924,UNITED STATES,0.0
344941,UNITED STATES,0.0
344942,UNITED STATES,0.0
344951,UNITED STATES,0.0
344955,UNITED STATES,0.0
344956,UNITED STATES,0.0
344959,UNITED STATES,0.0
344964,UNITED STATES,0.0
344972,UNITED STATES,0.0
344980,UNITED STATES,0.0
344990,GERMANY,1.0
345007,UNITED STATES,0.0
345016,UNITED STATES,0.0
345033,UNITED STATES,0.0
345044,UNITED STATES,0.0
345046,UNITED STATES,0.0
345049,UNITED STATES,0.0
345051,UNITED STATES,0.0
345059,UNITED STATES,0.0
345060,UNITED STATES,1.0
345067,UNITED STATES,0.0
345084,UNITED STATES,0.0
345090,UNITED STATES,0.0
345100,UNITED STATES,0.0
345102,UNITED STATES,0.0
345110,UNITED STATES,0.0
345112,UNITED STATES,0.0
345117,UNITED STATES,0.0
345152,UNITED STATES,0.0
345160,UNITED STATES,0.0
345166,UNITED STATES,0.0
345167,UNITED STATES,0.0
345169,UNITED STATES,0.0
345197,UNITED STATES,0.0
345198,UNITED STATES,0.0
345202,UNITED STATES,0.0
345214,UNITED STATES,0.0
345230,UNITED STATES,0.0
345232,UNITED STATES,0.0
345234,UNITED STATES,0.0
345245,UNITED STATES,0.0
345272,UNITED STATES,0.0
345278,UNITED STATES,0.0
345281,UNITED STATES,0.0
345293,UNITED STATES,0.0
345294,UNITED STATES,0.0
345304,UNITED STATES,0.0
345307,UNITED STATES,0.0
345308,UNITED STATES,0.0
345313,UNITED STATES,0.0
345315,UNITED STATES,0.0
345319,UNITED STATES,0.0
345323,UNITED STATES,0.0
345336,UNITED STATES,0.0
345341,UNITED STATES,1.0
345389,UNITED STATES,0.0
345400,UNITED STATES,0.0
345403,UNITED STATES,0.0
345404,UNITED STATES,0.0
345406,UNITED STATES,0.0
345414,UNITED STATES,0.0
345415,UNITED STATES,0.0
345417,UNITED STATES,0.0
345419,UNITED STATES,0.0
345420,UNITED STATES,0.0
345425,UNITED STATES,1.0
345427,UNITED STATES,0.0
345428,UNITED STATES,0.0
345446,UNITED STATES,0.0
345457,UNITED STATES,0.0
345467,UNITED STATES,0.0
345475,UNITED STATES,0.0
345476,UNITED STATES,0.0
345506,UNITED STATES,0.0
345516,UNITED STATES,0.0
345517,UNITED STATES,0.0
345521,UNITED STATES,0.0
345528,UNITED STATES,0.0
345540,UNITED STATES,1.0
345541,UNITED STATES,0.0
345545,UNITED STATES,0.0
345553,UNITED STATES,0.0
345555,UNITED STATES,0.0
345565,GERMANY,0.0
345567,UNITED STATES,0.0
345569,UNITED STATES,0.0
345570,UNITED STATES,0.0
345583,UNITED STATES,0.0
345701,UNITED STATES,0.0
345711,UNITED STATES,0.0
345714,UNITED STATES,0.0
345717,UNITED STATES,0.0
345748,UNITED STATES,0.0
345756,UNITED STATES,0.0
345758,UNITED STATES,0.0
345762,UNITED STATES,0.0
345766,UNITED STATES,0.0
345817,UNITED STATES,0.0
345822,UNITED STATES,0.0
345825,UNITED STATES,0.0
345833,UNITED STATES,0.0
345838,UNITED STATES,0.0
345844,UNITED STATES,0.0
345849,UNITED STATES,0.0
345851,UNITED STATES,0.0
345855,UNITED STATES,0.0
345860,UNITED STATES,0.0
345868,UNITED STATES,0.0
345873,UNITED STATES,0.0
345875,UNITED STATES,0.0
345890,GERMANY,0.0
345891,UNITED STATES,0.0
345894,UNITED STATES,0.0
345902,UNITED STATES,0.0
345906,UNITED STATES,0.0
345930,UNITED STATES,0.0
345954,UNITED STATES,0.0
345959,UNITED STATES,0.0
345961,UNITED STATES,0.0
345962,UNITED STATES,0.0
345976,UNITED STATES,0.0
345994,UNITED STATES,0.0
345996,UNITED STATES,0.0
345997,UNITED STATES,0.0
346010,UNITED STATES,0.0
346011,UNITED STATES,0.0
346012,UNITED STATES,0.0
346019,AUSTRALIA,0.0
346032,UNITED STATES,0.0
346033,UNITED STATES,0.0
346036,UNITED STATES,0.0
346039,UNITED STATES,0.0
346045,UNITED STATES,0.0
346052,UNITED STATES,0.0
346056,UNITED STATES,0.0
346059,UNITED STATES,0.0
346064,UNITED STATES,0.0
346069,UNITED STATES,0.0
346083,UNITED STATES,0.0
346093,UNITED STATES,0.0
346105,UNITED STATES,0.0
346106,UNITED STATES,0.0
346110,UNITED STATES,0.0
346119,UNITED STATES,0.0
346125,UNITED STATES,0.0
346133,UNITED STATES,0.0
346140,UNITED STATES,0.0
346142,UNITED STATES,0.0
346145,UNITED STATES,0.0
346159,UNITED STATES,0.0
346164,UNITED STATES,0.0
346165,UNITED STATES,1.0
346172,UNITED STATES,0.0
346183,UNITED STATES,0.0
346210,UNITED STATES,0.0
346211,UNITED STATES,0.0
346224,UNITED STATES,0.0
346232,UNITED STATES,0.0
346241,UNITED STATES,0.0
346264,UNITED STATES,0.0
346308,UNITED STATES,0.0
346319,UNITED STATES,0.0
346321,UNITED STATES,1.0
346328,UNITED STATES,0.0
346334,UNITED STATES,0.0
346342,UNITED STATES,0.0
346350,UNITED STATES,0.0
346351,UNITED STATES,0.0
346363,UNITED STATES,0.0
346381,UNITED STATES,0.0
346389,UNITED STATES,0.0
346397,UNITED STATES,0.0
346408,UNITED STATES,0.0
346409,UNITED STATES,0.0
346411,UNITED STATES,0.0
346426,UNITED STATES,0.0
346439,UNITED STATES,0.0
346443,UNITED STATES,0.0
346446,BRAZIL,0.0
346450,UNITED STATES,0.0
346462,UNITED STATES,0.0
346468,BRAZIL,0.0
346479,UNITED STATES,0.0
346481,UNITED STATES,0.0
346487,BRAZIL,0.0
346489,UNITED STATES,0.0
346496,UNITED STATES,0.0
346504,UNITED STATES,0.0
346506,UNITED STATES,0.0
346508,UNITED STATES,0.0
346514,UNITED STATES,0.0
346518,UNITED STATES,0.0
346534,UNITED STATES,0.0
346542,UNITED STATES,0.0
346547,UNITED STATES,0.0
346552,BRAZIL,0.0
346557,UNITED STATES,0.0
346558,UNITED STATES,0.0
346563,UNITED STATES,0.0
346566,UNITED STATES,0.0
346567,UNITED STATES,0.0
346571,UNITED STATES,0.0
346574,UNITED STATES,0.0
346575,UNITED STATES,0.0
346577,UNITED STATES,0.0
346584,UNITED STATES,0.0
346595,UNITED STATES,0.0
346597,UNITED STATES,0.0
346602,BRAZIL,0.0
346607,UNITED STATES,0.0
346608,UNITED STATES,0.0
346629,UNITED STATES,0.0
346632,UNITED STATES,0.0
346658,UNITED STATES,0.0
346666,UNITED STATES,0.0
346698,UNITED STATES,0.0
346702,UNITED STATES,0.0
346705,UNITED STATES,0.0
346708,UNITED STATES,0.0
346712,UNITED STATES,0.0
346715,UNITED STATES,0.0
346721,UNITED STATES,0.0
346731,UNITED STATES,0.0
346754,UNITED STATES,0.0
346766,UNITED STATES,0.0
346772,UNITED STATES,0.0
346778,UNITED STATES,0.0
346807,UNITED STATES,0.0
346811,UNITED STATES,0.0
346815,UNITED STATES,0.0
346817,UNITED STATES,0.0
346829,UNITED KINGDOM,0.0
346833,UNITED STATES,0.0
346839,UNITED STATES,0.0
346840,UNITED STATES,0.0
346842,UNITED STATES,0.0
346844,UNITED STATES,0.0
346847,UNITED STATES,0.0
346851,UNITED STATES,0.0
346858,UNITED STATES,0.0
346859,UNITED STATES,0.0
346863,UNITED STATES,0.0
346864,UNITED STATES,0.0
346896,UNITED STATES,0.0
346904,UNITED STATES,0.0
346921,UNITED STATES,0.0
346931,UNITED STATES,0.0
346935,UNITED STATES,0.0
346937,UNITED STATES,0.0
346944,UNITED STATES,0.0
346946,UNITED STATES,0.0
346956,UNITED STATES,0.0
346958,UNITED STATES,0.0
346959,UNITED STATES,0.0
346965,UNITED STATES,0.0
346966,UNITED STATES,0.0
346979,UNITED STATES,0.0
346985,UNITED STATES,0.0
346988,UNITED STATES,0.0
346990,UNITED STATES,0.0
346998,UNITED STATES,0.0
347012,UNITED STATES,0.0
347019,UNITED STATES,0.0
347030,UNITED STATES,0.0
347034,UNITED STATES,0.0
347037,UNITED STATES,0.0
347038,UNITED STATES,0.0
347049,UNITED STATES,0.0
347050,UNITED STATES,0.0
347088,UNITED STATES,0.0
347092,UNITED STATES,0.0
347098,UNITED STATES,0.0
347118,UNITED STATES,0.0
347127,UNITED STATES,0.0
347134,UNITED STATES,0.0
347141,UNITED STATES,0.0
347148,UNITED STATES,0.0
347154,UNITED STATES,0.0
347169,UNITED STATES,0.0
347176,UNITED STATES,0.0
347185,UNITED STATES,0.0
347200,UNITED STATES,0.0
347201,UNITED STATES,0.0
347204,UNITED STATES,0.0
347207,UNITED STATES,0.0
347215,UNITED STATES,0.0
347218,UNITED STATES,0.0
347221,UNITED STATES,0.0
347226,UNITED STATES,0.0
347228,UNITED STATES,0.0
347249,UNITED STATES,0.0
347271,UNITED STATES,0.0
347275,UNITED STATES,0.0
347279,UNITED STATES,0.0
347294,UNITED STATES,0.0
347298,UNITED STATES,0.0
347313,UNITED STATES,0.0
347322,UNITED STATES,0.0
347326,UNITED STATES,0.0
347330,UNITED STATES,0.0
347331,UNITED STATES,0.0
347335,UNITED STATES,0.0
347341,UNITED STATES,0.0
347346,UNITED STATES,0.0
347357,UNITED STATES,0.0
347373,UNITED STATES,0.0
347380,UNITED STATES,0.0
347383,UNITED STATES,0.0
347384,UNITED STATES,0.0
347392,UNITED STATES,0.0
347393,UNITED STATES,0.0
347395,UNITED STATES,0.0
347403,UNITED STATES,0.0
347415,UNITED STATES,0.0
347422,UNITED STATES,0.0
347424,UNITED STATES,0.0
347442,UNITED STATES,0.0
347453,UNITED STATES,0.0
347459,UNITED STATES,0.0
347476,UNITED STATES,0.0
347493,UNITED STATES,0.0
347509,UNITED STATES,0.0
347520,UNITED STATES,0.0
347524,UNITED STATES,0.0
347537,UNITED STATES,0.0
347538,UNITED STATES,0.0
347555,UNITED STATES,0.0
347556,UNITED STATES,0.0
347568,UNITED STATES,0.0
347573,UNITED STATES,0.0
347603,UNITED STATES,0.0
347623,UNITED STATES,0.0
347628,UNITED STATES,0.0
347634,UNITED STATES,0.0
347648,UNITED STATES,0.0
347654,UNITED STATES,0.0
347664,UNITED STATES,0.0
347670,UNITED STATES,0.0
347675,UNITED STATES,0.0
347676,GERMANY,0.0
347684,UNITED STATES,0.0
347689,UNITED STATES,0.0
347700,UNITED STATES,0.0
347738,UNITED STATES,0.0
347745,UNITED STATES,0.0
347750,UNITED STATES,0.0
347767,UNITED STATES,0.0
347772,UNITED STATES,0.0
347780,UNITED STATES,0.0
347791,UNITED STATES,0.0
347796,UNITED STATES,0.0
347800,UNITED STATES,0.0
347823,UNITED STATES,0.0
347831,UNITED STATES,0.0
347835,UNITED STATES,0.0
347860,UNITED STATES,0.0
347862,UNITED STATES,0.0
347887,UNITED STATES,0.0
347892,UNITED STATES,0.0
347901,UNITED STATES,0.0
347905,UNITED STATES,0.0
347910,UNITED STATES,0.0
347917,UNITED STATES,0.0
347922,UNITED STATES,0.0
347923,UNITED STATES,0.0
347926,UNITED STATES,0.0
347931,UNITED STATES,0.0
347947,UNITED STATES,0.0
347956,UNITED STATES,0.0
347958,UNITED STATES,0.0
347964,KENYA,0.0
347965,UNITED STATES,0.0
347978,UNITED STATES,1.0
347989,UNITED STATES,0.0
347996,UNITED STATES,0.0
347999,INDIA,0.0
348004,UNITED STATES,0.0
348010,UNITED STATES,0.0
348040,UNITED STATES,0.0
348043,UNITED STATES,0.0
348052,UNITED STATES,0.0
348055,UNITED STATES,0.0
348060,UNITED STATES,0.0
348063,UNITED STATES,1.0
348070,UNITED STATES,0.0
348075,UNITED STATES,0.0
348087,UNITED STATES,0.0
348092,UNITED STATES,0.0
348103,UNITED STATES,0.0
348104,UNITED STATES,0.0
348136,UNITED STATES,0.0
348160,UNITED STATES,0.0
348166,UNITED STATES,0.0
348169,UNITED STATES,0.0
348173,UNITED STATES,0.0
348177,UNITED STATES,0.0
348189,UNITED STATES,0.0
348223,UNITED STATES,0.0
348231,UNITED STATES,0.0
348244,UNITED STATES,0.0
348245,UNITED STATES,0.0
348248,UNITED STATES,0.0
348256,UNITED STATES,0.0
348258,UNITED STATES,0.0
348259,UNITED STATES,0.0
348278,UNITED STATES,0.0
348285,UNITED STATES,0.0
348288,UNITED STATES,0.0
348295,UNITED STATES,1.0
348318,UNITED STATES,0.0
348323,UNITED STATES,0.0
348327,UNITED STATES,0.0
348330,UNITED STATES,0.0
348331,UNITED STATES,0.0
348336,UNITED STATES,0.0
348349,UNITED STATES,0.0
348356,UNITED STATES,0.0
348364,UNITED STATES,0.0
348370,UNITED STATES,0.0
348373,UNITED STATES,0.0
348386,UNITED STATES,0.0
348398,UNITED STATES,0.0
348404,UNITED STATES,0.0
348424,UNITED STATES,0.0
348454,UNITED STATES,0.0
348456,UNITED STATES,0.0
348470,UNITED STATES,0.0
348480,UNITED STATES,0.0
348481,UNITED STATES,0.0
348487,UNITED STATES,0.0
348503,UNITED STATES,0.0
348508,UNITED STATES,0.0
348527,UNITED STATES,0.0
348528,UNITED STATES,0.0
348533,UNITED STATES,0.0
348550,UNITED STATES,0.0
348556,UNITED STATES,0.0
348559,UNITED STATES,0.0
348563,UNITED STATES,0.0
348585,UNITED STATES,0.0
348602,UNITED STATES,0.0
348613,UNITED STATES,0.0
348615,UNITED STATES,0.0
348620,UNITED STATES,0.0
348622,UNITED STATES,0.0
348633,UNITED STATES,0.0
348640,UNITED STATES,0.0
348643,UNITED STATES,0.0
348658,UNITED STATES,0.0
348660,UNITED STATES,1.0
348664,UNITED STATES,0.0
348672,UNITED STATES,0.0
348677,UNITED STATES,0.0
348679,UNITED STATES,0.0
348697,UNITED STATES,1.0
348702,UNITED STATES,0.0
348717,UNITED STATES,0.0
348745,UNITED STATES,0.0
348753,UNITED STATES,0.0
348754,UNITED STATES,0.0
348755,UNITED STATES,0.0
348761,UNITED STATES,0.0
348762,UNITED STATES,0.0
348763,UNITED STATES,0.0
348772,UNITED STATES,0.0
348775,UNITED STATES,0.0
348786,UNITED STATES,0.0
348789,UNITED STATES,0.0
348790,MEXICO,0.0
348791,UNITED STATES,0.0
348792,UNITED STATES,0.0
348793,UNITED STATES,0.0
348808,UNITED STATES,0.0
348815,UNITED STATES,0.0
348823,UNITED STATES,0.0
348825,UNITED STATES,0.0
348853,UNITED STATES,0.0
348867,UNITED STATES,0.0
348872,UNITED STATES,0.0
348873,UNITED STATES,0.0
348889,UNITED STATES,0.0
348895,UNITED STATES,0.0
348904,UNITED STATES,0.0
348906,UNITED STATES,0.0
348914,UNITED STATES,0.0
348920,UNITED STATES,0.0
348937,UNITED STATES,0.0
348938,UNITED STATES,0.0
348944,UNITED STATES,0.0
348968,UNITED STATES,0.0
348973,UNITED STATES,0.0
348997,UNITED STATES,0.0
349004,UNITED STATES,0.0
349012,UNITED STATES,0.0
349016,UNITED STATES,0.0
349031,UNITED STATES,0.0
349035,UNITED STATES,0.0
349046,UNITED STATES,0.0
349048,UNITED STATES,0.0
349050,UNITED STATES,0.0
349052,UNITED STATES,0.0
349062,UNITED STATES,0.0
349072,UNITED STATES,0.0
349074,UNITED STATES,0.0
349086,UNITED STATES,0.0
349117,UNITED STATES,0.0
349142,UNITED STATES,0.0
349145,UNITED STATES,0.0
349158,UNITED STATES,0.0
349178,UNITED STATES,0.0
349181,UNITED STATES,0.0
349189,UNITED STATES,0.0
349190,UNITED STATES,0.0
349194,UNITED STATES,0.0
349201,UNITED STATES,0.0
349217,UNITED STATES,0.0
349224,UNITED STATES,0.0
349225,GERMANY,0.0
349243,UNITED STATES,0.0
349255,UNITED STATES,0.0
349266,UNITED STATES,0.0
349275,UNITED STATES,0.0
349289,UNITED STATES,0.0
349304,UNITED STATES,0.0
349319,UNITED STATES,0.0
349324,UNITED STATES,0.0
349327,UNITED STATES,0.0
349330,UNITED STATES,0.0
349334,UNITED STATES,0.0
349337,UNITED STATES,0.0
349339,UNITED STATES,0.0
349362,UNITED STATES,0.0
349375,UNITED STATES,0.0
349384,UNITED STATES,0.0
349390,UNITED STATES,0.0
349421,UNITED STATES,0.0
349436,UNITED STATES,0.0
349438,UNITED STATES,0.0
349439,UNITED STATES,1.0
349440,UNITED STATES,0.0
349443,UNITED STATES,0.0
349465,UNITED STATES,0.0
349470,UNITED STATES,0.0
349471,UNITED STATES,0.0
349479,UNITED STATES,0.0
349481,UNITED STATES,0.0
349490,UNITED STATES,0.0
349491,UNITED STATES,0.0
349507,UNITED STATES,0.0
349511,UNITED STATES,1.0
349531,UNITED STATES,0.0
349539,UNITED STATES,0.0
349566,UNITED STATES,0.0
349569,UNITED STATES,0.0
349575,UNITED STATES,0.0
349591,UNITED STATES,0.0
349603,UNITED STATES,0.0
349609,UNITED STATES,0.0
349623,UNITED STATES,0.0
349651,UNITED STATES,0.0
349652,UNITED STATES,0.0
349655,UNITED STATES,0.0
349658,UNITED STATES,0.0
349659,UNITED STATES,1.0
349662,UNITED STATES,0.0
349663,UNITED STATES,0.0
349666,UNITED STATES,0.0
349676,UNITED STATES,0.0
349704,BELGIUM,1.0
349713,UNITED STATES,0.0
349715,UNITED STATES,0.0
349717,UNITED STATES,0.0
349719,UNITED STATES,0.0
349728,UNITED STATES,0.0
349742,UNITED STATES,0.0
349767,UNITED STATES,0.0
349774,UNITED STATES,0.0
349786,UNITED STATES,0.0
349801,UNITED STATES,0.0
349804,MEXICO,0.0
349813,UNITED STATES,0.0
349818,UNITED STATES,0.0
349826,UNITED STATES,0.0
349829,UNITED STATES,0.0
349852,UNITED STATES,0.0
349856,UNITED STATES,0.0
349873,UNITED STATES,1.0
349883,UNITED STATES,0.0
349886,UNITED STATES,0.0
349888,UNITED STATES,0.0
349907,UNITED STATES,0.0
349909,UNITED STATES,0.0
349917,UNITED STATES,0.0
349926,UNITED STATES,0.0
349956,UNITED KINGDOM,0.0
349974,UNITED STATES,0.0
349994,UNITED STATES,0.0
350149,UNITED STATES,0.0
351263,RUSSIAN FEDERATION,0.0
351510,UNITED STATES,0.0
351651,GERMANY,0.0
352036,CHINA,0.0
352096,CHINA,0.0
352350,AUSTRALIA,0.0
352391,UNITED KINGDOM,0.0
352608,CHINA,0.0
352800,JAPAN,0.0
352811,JAPAN,0.0
352817,JAPAN,0.0
352833,JAPAN,0.0
352843,JAPAN,0.0
352846,JAPAN,0.0
352858,JAPAN,0.0
352863,JAPAN,0.0
352864,JAPAN,1.0
352865,JAPAN,0.0
352867,JAPAN,0.0
352868,JAPAN,0.0
352901,JAPAN,0.0
352914,JAPAN,0.0
352916,JAPAN,0.0
352926,JAPAN,0.0
352943,JAPAN,0.0
352956,JAPAN,0.0
352962,JAPAN,0.0
352968,JAPAN,0.0
352996,JAPAN,0.0
352999,JAPAN,0.0
353000,JAPAN,0.0
353002,JAPAN,0.0
353024,JAPAN,0.0
353025,JAPAN,0.0
353033,JAPAN,0.0
353040,JAPAN,0.0
353050,JAPAN,0.0
353052,JAPAN,0.0
353056,JAPAN,0.0
353057,JAPAN,0.0
353058,JAPAN,0.0
353059,JAPAN,0.0
353068,JAPAN,0.0
353074,JAPAN,0.0
353088,JAPAN,0.0
353111,JAPAN,0.0
353114,JAPAN,0.0
353124,JAPAN,0.0
353157,JAPAN,1.0
353163,JAPAN,0.0
353168,JAPAN,0.0
353180,JAPAN,0.0
353189,JAPAN,0.0
353190,JAPAN,0.0
353196,JAPAN,0.0
353200,JAPAN,0.0
353202,JAPAN,0.0
353221,JAPAN,1.0
353223,JAPAN,0.0
353224,JAPAN,0.0
353229,JAPAN,0.0
353234,JAPAN,0.0
353239,JAPAN,0.0
353242,JAPAN,0.0
353247,JAPAN,0.0
353276,JAPAN,0.0
353280,JAPAN,0.0
353313,JAPAN,0.0
353316,JAPAN,0.0
353323,JAPAN,0.0
353329,JAPAN,0.0
353347,JAPAN,0.0
353361,JAPAN,0.0
353371,JAPAN,0.0
353372,JAPAN,0.0
353384,JAPAN,0.0
353385,JAPAN,0.0
353386,JAPAN,0.0
353389,JAPAN,0.0
353396,JAPAN,0.0
353399,JAPAN,0.0
353404,JAPAN,0.0
353415,JAPAN,0.0
353424,JAPAN,0.0
353436,JAPAN,0.0
353437,JAPAN,0.0
353453,JAPAN,0.0
353464,JAPAN,0.0
353468,JAPAN,0.0
353475,JAPAN,0.0
353494,JAPAN,0.0
353504,JAPAN,0.0
353505,JAPAN,0.0
353510,JAPAN,0.0
353518,JAPAN,0.0
353528,JAPAN,0.0
353530,JAPAN,1.0
353533,JAPAN,0.0
353545,JAPAN,0.0
353551,JAPAN,0.0
353555,JAPAN,0.0
353572,JAPAN,0.0
353573,JAPAN,0.0
353576,JAPAN,0.0
353584,JAPAN,0.0
353590,JAPAN,0.0
353618,INDIA,0.0
353619,INDIA,0.0
353620,INDIA,0.0
353624,INDIA,0.0
353629,INDIA,0.0
353655,INDIA,0.0
353683,INDIA,0.0
353685,INDIA,0.0
353698,INDIA,0.0
353700,INDIA,0.0
353715,INDIA,0.0
353718,INDIA,0.0
353725,INDIA,0.0
353730,INDIA,0.0
353754,INDIA,0.0
353770,INDIA,0.0
353780,INDIA,0.0
353791,INDIA,0.0
353810,INDIA,0.0
353818,INDIA,0.0
353829,INDIA,0.0
353839,INDIA,0.0
353843,INDIA,0.0
353875,INDIA,0.0
353878,INDIA,0.0
353881,INDIA,0.0
353888,INDIA,0.0
353901,INDIA,0.0
353919,INDIA,0.0
353924,INDIA,0.0
353932,INDIA,0.0
353938,INDIA,0.0
353953,INDIA,0.0
353965,INDIA,0.0
353973,INDIA,1.0
353974,INDIA,0.0
353984,INDIA,0.0
353990,INDIA,0.0
354007,JAPAN,0.0
354018,JAPAN,0.0
354019,JAPAN,0.0
354020,JAPAN,0.0
354021,JAPAN,0.0
354026,JAPAN,0.0
354028,JAPAN,0.0
354031,JAPAN,0.0
354033,JAPAN,0.0
354035,JAPAN,0.0
354041,JAPAN,0.0
354066,JAPAN,0.0
354073,JAPAN,0.0
354078,JAPAN,0.0
354085,JAPAN,0.0
354090,JAPAN,0.0
354095,JAPAN,0.0
354097,JAPAN,0.0
354106,JAPAN,0.0
354114,JAPAN,0.5
354123,JAPAN,0.0
354127,JAPAN,0.0
354133,JAPAN,0.0
354142,JAPAN,0.0
354146,JAPAN,0.0
354158,JAPAN,0.0
354161,JAPAN,0.0
354171,JAPAN,0.0
354177,JAPAN,0.0
354182,JAPAN,0.0
354188,JAPAN,0.0
354190,JAPAN,0.0
354201,JAPAN,1.0
354209,JAPAN,0.0
354211,JAPAN,0.0
354216,JAPAN,0.0
354235,JAPAN,0.0
354243,JAPAN,0.0
354269,JAPAN,0.0
354275,JAPAN,1.0
354277,JAPAN,0.0
354289,JAPAN,0.0
354293,JAPAN,0.0
354297,JAPAN,0.0
354306,JAPAN,0.0
354318,JAPAN,0.0
354329,JAPAN,0.0
354344,JAPAN,0.0
354351,JAPAN,0.0
354361,JAPAN,0.0
354389,JAPAN,0.0
354394,JAPAN,0.0
354395,JAPAN,0.0
354400,JAPAN,0.0
354454,JAPAN,1.0
354501,JAPAN,0.0
354508,JAPAN,0.0
354536,JAPAN,0.0
354547,JAPAN,0.0
354574,JAPAN,0.0
354585,JAPAN,0.0
354593,JAPAN,0.0
354608,JAPAN,0.0
354633,JAPAN,0.0
354638,JAPAN,0.0
354662,JAPAN,0.0
354670,JAPAN,0.5
354683,JAPAN,0.0
354695,JAPAN,0.0
354697,JAPAN,0.0
354704,JAPAN,0.0
354711,JAPAN,0.0
354713,JAPAN,0.0
354722,JAPAN,0.0
354736,JAPAN,0.0
354743,JAPAN,0.0
354746,JAPAN,0.0
354748,JAPAN,0.0
354756,JAPAN,0.0
354763,JAPAN,0.0
354768,JAPAN,0.0
354783,JAPAN,0.0
354784,JAPAN,0.0
354785,JAPAN,0.0
354790,JAPAN,0.0
354822,JAPAN,0.0
354829,JAPAN,0.0
354835,JAPAN,0.0
354836,JAPAN,0.0
354850,JAPAN,0.0
354854,JAPAN,0.0
354859,JAPAN,0.0
354873,JAPAN,0.0
354874,JAPAN,0.0
354885,JAPAN,0.0
354892,JAPAN,0.0
354893,JAPAN,0.0
354895,JAPAN,0.0
354903,JAPAN,0.0
354930,JAPAN,0.0
354938,JAPAN,0.0
354958,JAPAN,0.0
354960,JAPAN,0.0
354969,JAPAN,0.0
354975,JAPAN,0.0
354976,JAPAN,0.0
354992,JAPAN,0.0
354995,JAPAN,0.0
354997,JAPAN,0.0
354999,JAPAN,0.0
355003,JAPAN,0.0
355005,JAPAN,0.0
355010,JAPAN,0.0
355016,JAPAN,0.0
355020,JAPAN,0.0
355028,JAPAN,0.0
355039,JAPAN,0.0
355045,JAPAN,0.0
355049,JAPAN,0.0
355076,JAPAN,0.0
355088,JAPAN,0.0
355095,JAPAN,0.0
355105,JAPAN,0.0
355107,JAPAN,0.0
355122,JAPAN,0.0
355133,JAPAN,0.0
355150,JAPAN,0.0
355168,JAPAN,0.0
355169,JAPAN,0.0
355172,JAPAN,0.0
355176,JAPAN,0.0
355182,JAPAN,0.0
355189,JAPAN,0.0
355196,JAPAN,0.0
355202,JAPAN,0.0
355212,JAPAN,0.0
355215,JAPAN,0.0
355216,JAPAN,0.0
355237,JAPAN,0.0
355247,JAPAN,0.0
355251,JAPAN,0.0
355253,JAPAN,0.0
355258,JAPAN,0.0
355265,JAPAN,0.0
355275,JAPAN,0.0
355291,JAPAN,0.0
355292,JAPAN,0.0
355312,JAPAN,0.0
355330,JAPAN,1.0
355337,JAPAN,1.0
355348,JAPAN,0.0
355382,JAPAN,0.0
355389,JAPAN,0.0
355396,JAPAN,0.0
355397,JAPAN,0.0
355399,JAPAN,0.0
355409,JAPAN,0.0
355412,JAPAN,0.0
355417,JAPAN,0.0
355426,JAPAN,0.0
355427,JAPAN,0.0
355432,JAPAN,0.0
355444,JAPAN,0.0
355448,JAPAN,0.0
355457,JAPAN,1.0
355461,JAPAN,0.0
355476,JAPAN,0.0
355483,JAPAN,0.0
355484,JAPAN,0.0
355491,JAPAN,0.0
355502,JAPAN,0.0
355508,JAPAN,0.0
355510,JAPAN,0.0
355530,JAPAN,0.0
355533,JAPAN,0.0
355545,JAPAN,0.0
355546,JAPAN,0.0
355547,JAPAN,0.0
355554,JAPAN,0.0
355570,JAPAN,0.0
355571,JAPAN,0.0
355581,JAPAN,0.0
355595,JAPAN,0.0
355596,JAPAN,0.0
355604,JAPAN,0.0
355629,JAPAN,0.0
355640,JAPAN,0.0
355645,JAPAN,0.0
355646,JAPAN,0.0
355649,JAPAN,0.0
355651,JAPAN,0.0
355660,JAPAN,0.0
355665,JAPAN,1.0
355667,JAPAN,0.0
355679,JAPAN,0.0
355681,JAPAN,0.0
355685,JAPAN,0.0
355690,JAPAN,0.0
355692,JAPAN,0.0
355695,JAPAN,0.0
355697,JAPAN,0.0
355703,JAPAN,0.0
355705,JAPAN,0.0
355720,JAPAN,0.0
355725,JAPAN,0.0
355731,JAPAN,0.0
355733,JAPAN,0.0
355739,JAPAN,0.0
355748,JAPAN,0.0
355756,JAPAN,0.0
355768,JAPAN,0.0
355770,JAPAN,0.0
355773,JAPAN,0.0
355782,JAPAN,0.0
355787,JAPAN,0.0
355794,JAPAN,0.0
355802,JAPAN,0.0
355810,JAPAN,0.0
355814,JAPAN,0.0
355850,JAPAN,0.5
355852,JAPAN,0.0
355861,JAPAN,0.0
355906,JAPAN,0.0
355907,JAPAN,0.0
355910,JAPAN,0.0
355916,JAPAN,0.0
355936,JAPAN,0.0
355942,JAPAN,0.0
355956,JAPAN,0.0
355958,JAPAN,0.0
355991,JAPAN,0.0
356004,JAPAN,0.0
356013,JAPAN,0.0
356014,JAPAN,0.0
356030,JAPAN,0.0
356035,JAPAN,0.0
356038,JAPAN,0.0
356046,JAPAN,0.0
356060,JAPAN,0.0
356101,INDIA,0.0
356104,INDIA,1.0
356105,INDIA,0.0
356108,INDIA,0.0
356112,INDIA,0.0
356137,INDIA,0.0
356141,INDIA,0.0
356144,INDIA,0.0
356149,INDIA,0.0
356151,INDIA,0.0
356153,INDIA,1.0
356177,INDIA,0.0
356185,INDIA,0.0
356188,INDIA,0.0
356196,INDIA,0.0
356199,INDIA,0.0
356216,JAPAN,0.0
356243,SINGAPORE,0.0
356250,JAPAN,1.0
356265,JAPAN,0.0
356300,JAPAN,0.0
356301,JAPAN,0.0
356313,JAPAN,0.0
356318,JAPAN,0.0
356319,JAPAN,0.0
356366,JAPAN,0.0
356372,JAPAN,0.0
356387,JAPAN,0.0
356391,CHINA,0.0
356398,CHINA,0.0
356410,JAPAN,0.0
356429,JAPAN,0.0
356439,JAPAN,0.0
356466,RUSSIAN FEDERATION,0.0
356475,JAPAN,0.0
356491,JAPAN,0.0
356502,JAPAN,0.0
356528,JAPAN,0.0
356529,JAPAN,0.0
356541,JAPAN,0.0
356546,RUSSIAN FEDERATION,0.0
356555,JAPAN,0.0
356603,JAPAN,1.0
356631,JAPAN,0.0
356637,JAPAN,0.0
356646,JAPAN,0.0
356664,JAPAN,0.0
356767,JAPAN,0.0
356783,JAPAN,0.0
356819,CHINA,0.0
356834,CHINA,0.0
356836,JAPAN,0.0
356842,JAPAN,0.0
356859,CHINA,0.0
356861,JAPAN,0.0
356868,CHINA,0.0
356869,CHINA,0.0
356873,JAPAN,0.0
356898,CHINA,0.0
356919,JAPAN,0.0
356940,JAPAN,0.0
356956,JAPAN,0.0
356983,JAPAN,0.0
356985,JAPAN,0.0
356988,JAPAN,0.0
356991,JAPAN,0.0
356993,JAPAN,0.0
356995,JAPAN,0.0
357013,JAPAN,0.0
357035,JAPAN,0.0
357038,JAPAN,0.0
357046,JAPAN,0.0
357054,JAPAN,0.0
357061,JAPAN,0.0
357082,JAPAN,0.0
357091,JAPAN,0.0
357092,JAPAN,0.0
357107,JAPAN,0.0
357141,JAPAN,0.0
357146,JAPAN,0.0
357165,JAPAN,0.0
357172,JAPAN,0.0
357178,JAPAN,1.0
357186,JAPAN,0.0
357212,JAPAN,0.0
357214,JAPAN,0.0
357230,JAPAN,0.0
357237,JAPAN,0.0
357241,JAPAN,0.0
357243,JAPAN,0.0
357270,JAPAN,0.0
357272,JAPAN,0.0
357283,JAPAN,0.0
357287,JAPAN,0.0
357291,JAPAN,0.0
357309,JAPAN,0.0
357328,JAPAN,0.0
357343,JAPAN,0.0
357345,JAPAN,0.0
357352,JAPAN,0.0
357380,JAPAN,0.0
357388,JAPAN,0.0
357393,JAPAN,0.0
357416,JAPAN,0.0
357417,JAPAN,0.0
357419,JAPAN,0.0
357421,JAPAN,0.0
357434,JAPAN,0.0
357440,JAPAN,0.0
357444,JAPAN,0.0
357446,JAPAN,0.0
357469,JAPAN,0.0
357477,JAPAN,0.0
357485,JAPAN,0.0
357487,JAPAN,0.0
357495,JAPAN,0.0
357514,JAPAN,0.0
357535,JAPAN,0.0
357543,JAPAN,0.0
357551,JAPAN,0.0
357569,JAPAN,0.0
357578,JAPAN,0.0
357593,JAPAN,0.0
357599,JAPAN,0.0
357602,JAPAN,0.0
357609,JAPAN,0.0
357613,JAPAN,0.0
357619,JAPAN,0.0
357622,JAPAN,0.0
357625,JAPAN,0.0
357626,JAPAN,0.0
357632,JAPAN,0.0
357637,JAPAN,0.0
357639,JAPAN,0.0
357659,JAPAN,0.0
357663,JAPAN,0.0
357665,JAPAN,0.0
357666,JAPAN,0.0
357668,JAPAN,0.0
357677,JAPAN,0.0
357679,JAPAN,0.0
357681,JAPAN,0.0
357697,JAPAN,0.0
357699,JAPAN,0.0
357704,RUSSIAN FEDERATION,0.0
357718,PAKISTAN,0.0
357719,JAPAN,0.0
357725,JAPAN,0.0
357727,JAPAN,0.0
357771,JAPAN,0.0
357777,RUSSIAN FEDERATION,0.0
357784,JAPAN,0.0
357791,JAPAN,0.0
357803,JAPAN,0.0
357816,JAPAN,0.0
357821,JAPAN,0.0
357842,JAPAN,1.0
357860,JAPAN,0.0
357862,JAPAN,0.0
357869,JAPAN,0.0
357872,JAPAN,0.0
357875,JAPAN,0.0
357895,JAPAN,0.0
357922,JAPAN,0.0
357923,JAPAN,0.0
357931,JAPAN,0.0
357936,JAPAN,0.0
357958,JAPAN,0.0
357962,JAPAN,0.0
357970,JAPAN,0.0
357971,JAPAN,0.0
357977,JAPAN,0.0
357979,JAPAN,0.0
357982,JAPAN,0.0
357986,JAPAN,0.0
357988,JAPAN,0.0
357997,JAPAN,0.0
358000,JAPAN,1.0
358002,JAPAN,0.0
358003,JAPAN,0.0
358005,JAPAN,0.0
358018,JAPAN,0.0
358020,JAPAN,0.0
358030,JAPAN,0.0
358043,JAPAN,0.0
358082,JAPAN,0.0
358094,JAPAN,0.0
358101,JAPAN,0.0
358102,JAPAN,0.0
358110,JAPAN,0.0
358114,JAPAN,0.0
358122,JAPAN,0.0
358125,JAPAN,0.0
358127,JAPAN,0.0
358132,JAPAN,0.0
358146,JAPAN,0.0
358159,JAPAN,0.0
358162,JAPAN,0.0
358168,JAPAN,0.0
358175,JAPAN,0.0
358202,JAPAN,0.0
358213,JAPAN,0.0
358219,JAPAN,0.0
358226,JAPAN,0.0
358242,JAPAN,0.0
358243,JAPAN,0.0
358244,JAPAN,0.0
358245,JAPAN,0.0
358272,JAPAN,0.0
358274,JAPAN,0.0
358280,JAPAN,0.0
358285,JAPAN,0.0
358286,JAPAN,0.0
358322,JAPAN,0.0
358328,JAPAN,0.0
358330,JAPAN,0.0
358340,JAPAN,0.0
358351,JAPAN,0.0
358357,JAPAN,0.0
358359,JAPAN,0.0
358375,JAPAN,0.0
358382,JAPAN,0.0
358390,JAPAN,0.0
358403,JAPAN,0.0
358405,JAPAN,0.0
358417,JAPAN,0.0
358439,JAPAN,0.0
358443,JAPAN,0.0
358451,JAPAN,0.0
358457,JAPAN,0.0
358459,JAPAN,0.0
358465,JAPAN,0.0
358467,JAPAN,0.0
358478,JAPAN,0.0
358480,JAPAN,0.0
358498,JAPAN,0.0
358505,JAPAN,0.0
358517,JAPAN,0.0
358528,JAPAN,0.0
358537,JAPAN,0.0
358543,JAPAN,0.0
358545,JAPAN,0.0
358561,JAPAN,0.0
358563,JAPAN,0.0
358581,JAPAN,0.0
358590,JAPAN,0.0
358625,JAPAN,0.0
358647,JAPAN,0.0
358657,JAPAN,0.0
358663,JAPAN,0.0
358676,JAPAN,0.0
358685,JAPAN,0.0
358691,JAPAN,0.0
358722,JAPAN,0.0
358742,JAPAN,0.0
358757,JAPAN,0.0
358782,JAPAN,0.0
358796,JAPAN,0.0
358800,JAPAN,1.0
358818,JAPAN,0.0
358827,JAPAN,0.0
358853,JAPAN,0.0
358860,JAPAN,0.0
358871,JAPAN,0.0
358888,JAPAN,0.0
358894,JAPAN,0.0
358895,JAPAN,0.0
358915,JAPAN,0.0
358920,JAPAN,0.0
358927,JAPAN,0.0
358928,JAPAN,0.0
358941,JAPAN,0.0
358951,JAPAN,0.0
358954,JAPAN,0.0
358974,JAPAN,0.0
358978,JAPAN,0.0
358984,JAPAN,0.0
358986,JAPAN,0.0
359348,UNITED STATES,0.0
359595,CHINA,0.0
359663,JAPAN,0.0
359900,MEXICO,0.0
359980,ITALY,0.0
360004,SINGAPORE,0.0
360017,MALAYSIA,0.0
360024,SINGAPORE,0.0
360040,ITALY,0.0
360051,UNITED KINGDOM,0.0
360080,GERMANY,0.0
360087,MALAYSIA,0.0
360120,AUSTRALIA,0.0
360156,SINGAPORE,0.0
360157,SINGAPORE,0.0
360189,UNITED STATES,0.0
360251,BELGIUM,0.0
360252,BELGIUM,0.0
360257,BELGIUM,0.0
360258,BELGIUM,0.0
360268,AUSTRALIA,0.0
360285,AUSTRALIA,0.0
360287,AUSTRALIA,0.0
360290,AUSTRALIA,0.0
360331,MALAYSIA,0.0
360366,SINGAPORE,0.0
360370,SINGAPORE,0.0
360377,SINGAPORE,0.0
360379,SINGAPORE,0.0
360393,SINGAPORE,0.0
360394,SINGAPORE,0.0
360419,SINGAPORE,0.0
360421,SINGAPORE,1.0
360426,SINGAPORE,0.0
360430,SINGAPORE,0.0
360441,SINGAPORE,0.0
360485,MALAYSIA,1.0
360486,MALAYSIA,0.0
360515,AUSTRALIA,0.0
360526,AUSTRALIA,0.0
360532,AUSTRALIA,0.0
360554,UNITED STATES,0.0
360561,UNITED STATES,0.0
360568,UNITED STATES,0.0
360570,UNITED STATES,0.0
360573,UNITED STATES,0.0
360583,UNITED STATES,0.0
360636,UNITED STATES,0.0
360641,UNITED STATES,0.0
360664,UNITED STATES,0.0
360669,UNITED STATES,0.0
360677,UNITED STATES,1.0
360720,MALAYSIA,0.0
360721,MALAYSIA,0.0
360726,MALAYSIA,0.0
360765,INDIA,0.0
360776,RUSSIAN FEDERATION,0.0
360788,UNITED KINGDOM,0.0
360791,UNITED KINGDOM,0.0
360826,INDIA,0.0
360828,INDIA,0.0
360997,ITALY,0.0
361012,INDIA,0.0
361013,AUSTRALIA,0.0
361015,UNITED STATES,0.0
361022,UNITED STATES,0.0
361037,UNITED STATES,0.0
361039,INDIA,0.0
361043,UNITED STATES,0.0
361051,UNITED STATES,0.0
361052,UNITED STATES,0.0
361056,UNITED STATES,0.0
361063,INDIA,0.0
361066,INDIA,0.0
361076,INDIA,0.0
361089,UNITED STATES,0.0
361094,UNITED STATES,0.0
361106,UNITED STATES,0.0
361110,UNITED STATES,0.0
361112,UNITED STATES,0.0
361113,UNITED STATES,0.0
361135,INDIA,0.0
361137,INDIA,0.0
361165,ITALY,0.0
361193,UNITED KINGDOM,0.0
361222,SINGAPORE,0.0
361254,GERMANY,0.0
361260,UNITED STATES,0.0
361277,INDIA,0.0
361280,INDIA,0.0
361293,UNITED STATES,0.0
361304,FRANCE,0.0
361306,FRANCE,0.0
361313,AUSTRALIA,0.0
361314,AUSTRALIA,0.0
361315,AUSTRALIA,0.0
361347,UNITED STATES,0.0
361403,ITALY,1.0
361424,PAKISTAN,0.0
361425,PAKISTAN,0.0
361427,PAKISTAN,0.0
361434,UNITED KINGDOM,0.0
361438,UNITED KINGDOM,0.0
361457,MEXICO,0.0
361534,UNITED STATES,0.0
361535,UNITED STATES,0.0
361538,SINGAPORE,0.0
361544,SINGAPORE,0.0
361573,INDIA,0.0
361578,INDIA,0.0
361704,AUSTRALIA,0.0
361732,AUSTRALIA,0.0
361733,AUSTRALIA,0.0
361758,AUSTRALIA,0.0
361768,AUSTRALIA,0.0
361780,SINGAPORE,0.0
361783,SINGAPORE,0.0
361784,SINGAPORE,0.0
361804,ITALY,0.0
361806,ITALY,0.0
361824,MALAYSIA,0.0
361833,ITALY,0.0
361888,SINGAPORE,0.0
361909,UNITED STATES,0.0
361922,UNITED STATES,0.0
361936,UNITED STATES,0.0
361938,UNITED STATES,1.0
361939,UNITED STATES,0.0
361947,UNITED STATES,0.0
361956,UNITED STATES,0.0
361972,UNITED STATES,0.0
361983,UNITED STATES,0.0
361985,UNITED STATES,0.0
361987,UNITED STATES,0.0
361989,UNITED STATES,0.0
361999,ITALY,0.0
362004,BRAZIL,0.0
362018,BRAZIL,0.0
362020,BRAZIL,0.0
362036,BRAZIL,0.0
362100,BRAZIL,0.0
362111,BRAZIL,0.0
362125,BRAZIL,0.0
362137,BRAZIL,0.0
362140,BRAZIL,0.0
362147,UNITED STATES,0.0
362148,BRAZIL,0.0
362149,BRAZIL,0.0
362156,UNITED STATES,0.0
362160,UNITED STATES,0.0
362167,UNITED STATES,0.0
362169,UNITED STATES,0.0
362183,BRAZIL,0.0
362185,UNITED STATES,0.0
362186,UNITED STATES,0.0
362198,UNITED STATES,0.0
362203,BRAZIL,0.0
362213,BRAZIL,1.0
362214,BRAZIL,0.0
362222,BRAZIL,0.0
362224,BRAZIL,0.0
362227,BRAZIL,0.0
362232,BRAZIL,0.0
362237,BRAZIL,0.0
362246,BRAZIL,0.0
362249,BRAZIL,0.0
362275,BRAZIL,0.5
362283,BRAZIL,0.0
362284,BRAZIL,0.0
362286,BRAZIL,0.0
362290,BRAZIL,0.0
362292,BRAZIL,0.0
362317,ITALY,0.0
362355,SINGAPORE,0.0
362362,BELGIUM,0.0
362363,BELGIUM,0.0
362367,UNITED KINGDOM,0.0
362372,BRAZIL,0.0
362373,BRAZIL,0.0
362378,BRAZIL,1.0
362386,BRAZIL,0.0
362391,UNITED STATES,0.0
362443,UNITED STATES,0.0
362450,UNITED STATES,0.0
362454,UNITED STATES,0.0
362460,UNITED STATES,0.0
362473,UNITED STATES,0.0
362478,UNITED STATES,0.0
362479,UNITED STATES,0.0
362481,UNITED STATES,0.0
362484,UNITED STATES,0.0
362488,UNITED STATES,0.0
362509,UNITED KINGDOM,0.0
362520,UNITED KINGDOM,0.0
362525,UNITED KINGDOM,0.0
362531,UNITED KINGDOM,0.0
362537,UNITED KINGDOM,0.0
362539,UNITED KINGDOM,0.0
362540,UNITED KINGDOM,0.0
362547,UNITED KINGDOM,0.0
362556,BELGIUM,0.0
362575,UNITED STATES,0.0
362581,UNITED STATES,0.0
362584,UNITED STATES,0.0
362588,UNITED STATES,0.0
362590,UNITED STATES,0.0
362598,UNITED STATES,0.0
362641,UNITED STATES,0.0
362643,UNITED STATES,0.0
362646,UNITED STATES,0.0
362650,UNITED STATES,0.0
362655,UNITED STATES,0.0
362660,UNITED STATES,0.0
362664,UNITED STATES,0.0
362676,UNITED STATES,0.0
362691,UNITED STATES,0.0
362694,UNITED STATES,0.0
362700,UNITED STATES,0.0
362706,UNITED STATES,0.0
362712,UNITED STATES,0.0
362722,UNITED STATES,0.0
362736,UNITED STATES,0.0
362737,UNITED STATES,0.0
362738,UNITED STATES,0.0
362739,JAPAN,0.0
362754,UNITED STATES,0.0
362756,BRAZIL,0.0
362761,UNITED STATES,0.0
362778,UNITED STATES,0.0
362782,UNITED STATES,0.0
362785,UNITED STATES,0.0
362791,UNITED STATES,0.0
362793,UNITED STATES,0.0
362820,UNITED STATES,0.0
362822,UNITED STATES,0.0
362831,UNITED STATES,0.0
362835,UNITED STATES,0.0
362843,UNITED STATES,0.0
362844,UNITED STATES,0.0
362852,UNITED STATES,0.0
362867,UNITED STATES,0.0
362869,UNITED STATES,0.0
362878,UNITED STATES,0.0
362890,UNITED STATES,0.0
362897,UNITED STATES,0.0
362902,UNITED STATES,0.0
362906,UNITED STATES,0.0
362923,UNITED STATES,0.0
362930,UNITED STATES,0.0
362933,UNITED STATES,0.0
362935,UNITED STATES,0.0
362943,UNITED STATES,0.0
362944,UNITED STATES,0.0
362945,UNITED STATES,0.0
362947,UNITED STATES,0.0
362953,UNITED STATES,0.0
362954,UNITED STATES,0.0
362975,UNITED STATES,0.0
362977,UNITED STATES,0.0
362984,UNITED STATES,0.0
362988,UNITED STATES,0.0
363010,UNITED STATES,0.0
363011,UNITED STATES,1.0
363012,UNITED STATES,0.0
363026,UNITED STATES,0.0
363038,UNITED STATES,0.0
363041,UNITED STATES,0.0
363051,UNITED STATES,0.0
363055,UNITED STATES,0.0
363056,UNITED STATES,0.0
363075,UNITED STATES,0.0
363078,UNITED STATES,0.0
363082,UNITED STATES,0.0
363095,UNITED STATES,0.0
363099,UNITED STATES,0.0
363104,UNITED STATES,0.0
363105,UNITED STATES,0.0
363125,UNITED STATES,0.0
363131,UNITED STATES,0.0
363147,UNITED STATES,0.0
363153,UNITED STATES,1.0
363159,UNITED STATES,0.0
363165,UNITED STATES,0.5
363170,RUSSIAN FEDERATION,0.0
363174,UNITED STATES,0.0
363175,UNITED STATES,0.0
363180,UNITED STATES,0.0
363186,UNITED STATES,0.0
363203,UNITED STATES,0.0
363218,UNITED STATES,0.0
363235,UNITED STATES,0.0
363245,UNITED STATES,1.0
363248,BRAZIL,0.5
363257,UNITED STATES,0.0
363259,UNITED STATES,0.0
363264,UNITED STATES,1.0
363265,UNITED STATES,0.0
363271,UNITED STATES,0.0
363274,UNITED STATES,0.0
363280,UNITED STATES,0.0
363282,UNITED STATES,0.0
363344,UNITED STATES,0.0
363506,SINGAPORE,0.0
363511,SINGAPORE,0.0
363519,SINGAPORE,0.0
363524,SINGAPORE,0.0
363525,SINGAPORE,0.0
363526,SINGAPORE,0.0
363536,SINGAPORE,0.0
363537,SINGAPORE,0.0
363548,SINGAPORE,0.0
363552,SINGAPORE,0.0
363561,SINGAPORE,0.0
363566,SINGAPORE,0.0
363568,SINGAPORE,0.0
363572,SINGAPORE,0.0
363580,SINGAPORE,0.0
363589,SINGAPORE,0.0
363606,UNITED STATES,0.0
363636,UNITED STATES,0.0
363640,UNITED STATES,0.0
363654,UNITED STATES,0.0
363682,UNITED STATES,0.0
363703,UNITED STATES,0.0
363710,UNITED STATES,0.0
363711,UNITED STATES,0.0
363714,UNITED STATES,0.0
363719,UNITED STATES,0.0
363721,UNITED STATES,0.0
363736,UNITED STATES,0.0
363737,UNITED STATES,0.0
363740,UNITED STATES,0.0
363747,UNITED STATES,0.0
363750,UNITED STATES,0.0
363752,UNITED STATES,0.0
363760,UNITED STATES,0.0
363765,UNITED STATES,0.0
363775,UNITED STATES,0.0
363778,UNITED STATES,0.0
363792,UNITED STATES,0.0
363802,UNITED STATES,0.0
363808,UNITED STATES,0.0
363811,UNITED STATES,0.0
363814,UNITED STATES,0.0
363818,UNITED STATES,0.0
363828,UNITED STATES,0.0
363833,UNITED STATES,0.0
363837,UNITED STATES,0.0
363856,UNITED STATES,0.0
363900,UNITED STATES,0.0
363906,UNITED STATES,0.0
363917,UNITED STATES,0.0
363934,UNITED STATES,0.0
363939,UNITED STATES,0.0
363941,UNITED STATES,0.0
363945,UNITED STATES,1.0
363951,UNITED STATES,0.0
363954,UNITED STATES,0.0
363960,UNITED STATES,0.0
363967,UNITED STATES,0.0
363970,UNITED STATES,0.0
363978,UNITED STATES,0.0
363979,UNITED STATES,1.0
363990,BRAZIL,0.0
363998,UNITED STATES,0.0
364021,UNITED KINGDOM,0.0
364044,UNITED KINGDOM,0.0
364046,UNITED KINGDOM,0.0
364073,UNITED KINGDOM,0.0
364085,ITALY,0.0
364121,ITALY,0.0
364123,ITALY,0.0
364150,ITALY,0.0
364156,AUSTRALIA,0.0
364160,AUSTRALIA,0.0
364193,UNITED KINGDOM,0.0
364224,UNITED KINGDOM,1.0
364280,MALAYSIA,0.0
364296,ITALY,0.0
364323,UNITED KINGDOM,0.0
364355,AUSTRALIA,0.0
364368,AUSTRALIA,0.0
364419,SINGAPORE,0.0
364481,UNITED STATES,0.0
364495,SINGAPORE,0.0
364501,UNITED KINGDOM,0.0
364502,UNITED KINGDOM,0.0
364506,UNITED KINGDOM,0.0
364533,UNITED KINGDOM,0.0
364557,MALAYSIA,0.0
364559,MALAYSIA,0.0
364617,GERMANY,0.0
364660,BELGIUM,0.0
364661,BELGIUM,0.0
364723,ITALY,0.0
364735,AUSTRALIA,1.0
364745,AUSTRALIA,0.0
364749,AUSTRALIA,0.0
364750,ITALY,0.0
364753,ITALY,0.0
364755,ITALY,0.0
364757,ITALY,0.0
364822,UNITED KINGDOM,0.0
364832,UNITED STATES,0.0
364861,ITALY,0.0
364863,ITALY,0.0
364866,ITALY,1.0
364867,ITALY,0.0
364895,UNITED STATES,0.0
364899,UNITED STATES,0.0
364907,BRAZIL,1.0
364916,BRAZIL,0.0
364926,UNITED STATES,0.0
364935,UNITED STATES,0.0
364953,UNITED STATES,0.0
364965,UNITED STATES,0.0
364968,UNITED STATES,0.0
364970,BRAZIL,0.0
364989,UNITED STATES,0.0
364990,UNITED STATES,0.0
364994,UNITED STATES,0.0
365007,AUSTRALIA,0.0
365008,AUSTRALIA,0.0
365018,AUSTRALIA,0.0
365020,AUSTRALIA,0.0
365032,AUSTRALIA,0.0
365039,MALAYSIA,0.0
365042,MALAYSIA,0.0
365063,UNITED STATES,0.0
365068,UNITED STATES,1.0
365077,UNITED STATES,0.0
365084,UNITED STATES,0.0
365086,UNITED STATES,0.0
365087,UNITED STATES,0.0
365088,UNITED STATES,0.0
365089,UNITED STATES,0.0
365091,UNITED STATES,0.0
365099,UNITED STATES,0.0
365103,UNITED STATES,0.0
365209,PAKISTAN,1.0
365259,UNITED STATES,0.0
365261,UNITED STATES,0.0
365263,UNITED STATES,0.0
365269,UNITED STATES,0.0
365275,UNITED STATES,0.0
365278,UNITED STATES,0.0
365293,UNITED STATES,0.0
365294,UNITED STATES,0.0
365319,BRAZIL,0.0
365323,BRAZIL,0.0
365398,UNITED STATES,0.0
365417,KENYA,0.0
365436,BRAZIL,0.0
365438,BRAZIL,0.0
365445,BRAZIL,0.0
365447,BRAZIL,0.0
365510,INDIA,0.0
365557,UNITED STATES,0.0
365597,INDIA,0.0
365635,KENYA,0.0
365676,UNITED STATES,0.0
365683,UNITED STATES,0.0
365685,UNITED STATES,0.0
365695,UNITED STATES,0.0
365728,UNITED STATES,0.0
365745,UNITED STATES,0.0
365758,UNITED STATES,0.0
365763,UNITED STATES,0.0
365764,UNITED STATES,0.0
365765,UNITED STATES,0.0
365776,UNITED STATES,0.0
365779,UNITED STATES,0.0
365781,UNITED STATES,0.0
365784,UNITED STATES,0.0
365798,UNITED STATES,0.0
365805,UNITED STATES,0.0
365816,UNITED STATES,0.0
365819,UNITED STATES,1.0
365823,UNITED STATES,0.0
365824,UNITED STATES,0.0
365834,UNITED STATES,0.0
365843,UNITED STATES,0.0
365863,UNITED STATES,0.0
365864,UNITED STATES,0.0
365875,UNITED STATES,0.0
365885,UNITED STATES,0.0
365892,UNITED STATES,0.0
365901,BRAZIL,0.0
365925,UNITED STATES,0.0
365927,UNITED STATES,0.0
365930,UNITED STATES,0.0
365951,UNITED STATES,0.0
365966,UNITED STATES,0.0
365969,UNITED STATES,1.0
365972,UNITED STATES,0.0
365984,GERMANY,0.0
365991,UNITED STATES,0.0
366008,JAPAN,0.0
366010,JAPAN,0.0
366011,JAPAN,0.0
366042,JAPAN,0.0
366050,JAPAN,0.0
366060,JAPAN,0.0
366071,JAPAN,0.0
366078,JAPAN,0.0
366127,JAPAN,0.0
366135,JAPAN,0.0
366145,JAPAN,0.0
366152,JAPAN,0.0
366157,JAPAN,0.0
366161,JAPAN,0.0
366179,JAPAN,0.0
366181,JAPAN,0.0
366187,JAPAN,0.0
366198,JAPAN,0.0
366204,JAPAN,0.0
366207,JAPAN,0.0
366208,JAPAN,0.0
366210,JAPAN,0.0
366211,JAPAN,0.0
366219,JAPAN,0.0
366231,JAPAN,0.0
366234,JAPAN,0.0
366235,JAPAN,0.0
366239,JAPAN,0.0
366255,JAPAN,0.0
366263,JAPAN,0.0
366274,JAPAN,1.0
366285,JAPAN,0.0
366289,JAPAN,0.0
366294,JAPAN,0.0
366303,JAPAN,0.0
366306,JAPAN,0.0
366317,JAPAN,0.0
366329,JAPAN,0.0
366331,JAPAN,0.0
366347,JAPAN,0.0
366359,JAPAN,0.0
366368,JAPAN,0.0
366369,JAPAN,0.0
366373,JAPAN,0.0
366377,JAPAN,0.0
366382,JAPAN,0.0
366416,JAPAN,0.0
366422,JAPAN,0.0
366426,JAPAN,0.0
366427,JAPAN,0.0
366428,JAPAN,0.0
366439,JAPAN,0.0
366447,JAPAN,0.0
366448,JAPAN,0.0
366461,JAPAN,0.0
366477,JAPAN,0.0
366495,JAPAN,1.0
366499,JAPAN,0.0
366500,JAPAN,0.0
366514,JAPAN,0.0
366522,JAPAN,0.0
366524,JAPAN,0.0
366526,JAPAN,0.0
366539,JAPAN,0.0
366551,JAPAN,0.0
366571,JAPAN,0.0
366572,JAPAN,0.0
366586,JAPAN,1.0
366590,JAPAN,1.0
366592,JAPAN,0.0
366595,JAPAN,0.0
366596,JAPAN,0.0
366604,JAPAN,0.0
366610,JAPAN,0.0
366620,JAPAN,0.0
366621,JAPAN,0.0
366628,JAPAN,0.0
366631,JAPAN,1.0
366633,JAPAN,0.0
366639,JAPAN,0.0
366647,JAPAN,0.0
366666,JAPAN,0.0
366669,JAPAN,0.0
366677,JAPAN,0.0
366678,JAPAN,0.0
366682,JAPAN,0.0
366692,JAPAN,0.0
366701,JAPAN,0.0
366707,JAPAN,0.0
366716,JAPAN,0.0
366721,JAPAN,0.0
366724,JAPAN,0.0
366732,JAPAN,0.0
366734,JAPAN,0.0
366739,JAPAN,0.0
366741,JAPAN,0.0
366742,JAPAN,0.0
366748,JAPAN,0.0
366757,JAPAN,0.0
366768,JAPAN,0.0
366770,JAPAN,0.0
366786,JAPAN,0.0
366803,JAPAN,0.0
366807,JAPAN,0.0
366821,JAPAN,0.0
366831,JAPAN,0.0
366843,JAPAN,0.0
366852,JAPAN,0.0
366871,JAPAN,0.0
366886,JAPAN,0.0
366906,JAPAN,0.0
366912,JAPAN,0.0
366921,JAPAN,0.0
366928,JAPAN,0.0
366934,JAPAN,0.0
366959,JAPAN,0.0
366961,JAPAN,0.0
366968,JAPAN,0.0
366976,JAPAN,0.0
366990,JAPAN,0.0
367023,ITALY,0.0
367030,ITALY,0.0
367049,ITALY,0.0
367053,ITALY,0.0
367062,INDIA,0.0
367065,INDIA,0.0
367067,INDIA,1.0
367093,INDIA,0.0
367096,INDIA,0.0
367131,UNITED STATES,0.0
367133,UNITED STATES,0.0
367144,UNITED STATES,0.0
367149,UNITED STATES,0.0
367155,UNITED STATES,0.0
367160,UNITED STATES,0.0
367168,UNITED STATES,0.0
367169,UNITED STATES,0.0
367182,UNITED STATES,0.0
367185,UNITED STATES,0.0
367188,UNITED STATES,0.0
367228,UNITED STATES,0.0
367249,UNITED STATES,0.0
367250,UNITED STATES,0.0
367270,UNITED STATES,0.0
367271,UNITED STATES,0.0
367273,UNITED STATES,0.0
367294,UNITED STATES,0.0
367295,UNITED STATES,0.0
367309,UNITED STATES,0.0
367322,UNITED STATES,1.0
367325,UNITED STATES,0.0
367330,UNITED STATES,0.0
367339,UNITED STATES,0.0
367347,UNITED STATES,0.0
367355,UNITED STATES,0.0
367356,UNITED STATES,0.0
367362,UNITED STATES,0.0
367381,UNITED STATES,0.0
367387,UNITED STATES,0.0
367392,UNITED STATES,0.0
367394,UNITED STATES,0.0
367402,UNITED STATES,0.0
367410,UNITED STATES,0.5
367414,UNITED STATES,0.0
367421,UNITED STATES,0.0
367452,UNITED STATES,0.0
367458,UNITED STATES,0.0
367476,UNITED STATES,0.0
367478,UNITED STATES,0.0
367483,UNITED STATES,0.0
367490,UNITED STATES,0.0
367520,UNITED STATES,1.0
367533,UNITED STATES,0.0
367536,UNITED STATES,0.0
367542,UNITED STATES,0.0
367552,UNITED STATES,0.0
367557,UNITED STATES,0.0
367559,UNITED STATES,0.0
367563,UNITED STATES,0.0
367584,UNITED STATES,0.0
367590,UNITED STATES,0.0
367599,UNITED STATES,0.0
367600,UNITED STATES,0.0
367607,UNITED STATES,0.0
367610,UNITED STATES,0.0
367613,UNITED STATES,0.0
367618,UNITED STATES,0.0
367655,UNITED STATES,0.0
367668,UNITED STATES,0.0
367669,UNITED STATES,1.0
367687,UNITED STATES,0.0
367697,UNITED STATES,0.0
367698,UNITED STATES,0.0
367699,UNITED STATES,0.0
367723,UNITED STATES,0.0
367746,UNITED STATES,0.0
367758,UNITED STATES,0.0
367764,UNITED STATES,0.0
367768,UNITED STATES,0.0
367788,UNITED STATES,1.0
367798,UNITED STATES,0.0
367804,UNITED STATES,0.0
367813,UNITED STATES,0.0
367817,UNITED STATES,0.0
367825,UNITED STATES,0.0
367839,UNITED STATES,0.0
367842,UNITED STATES,0.0
367843,UNITED STATES,0.0
367844,UNITED STATES,0.0
367845,BRAZIL,0.0
367851,UNITED STATES,0.0
367853,UNITED STATES,0.0
367854,UNITED STATES,0.0
367889,UNITED STATES,0.0
367907,UNITED STATES,0.0
367910,UNITED STATES,0.0
367913,UNITED STATES,0.0
367915,UNITED STATES,0.0
367918,UNITED STATES,0.0
367931,UNITED STATES,0.0
367933,UNITED STATES,0.0
367938,BRAZIL,0.0
367957,UNITED STATES,0.0
367958,UNITED STATES,0.0
367962,UNITED STATES,0.0
367969,UNITED STATES,0.0
367977,UNITED STATES,0.0
368011,UNITED STATES,0.0
368014,UNITED STATES,0.0
368015,UNITED STATES,1.0
368020,UNITED STATES,0.0
368032,UNITED STATES,0.0
368036,UNITED STATES,0.0
368053,UNITED STATES,0.0
368057,UNITED STATES,0.0
368094,UNITED STATES,0.0
368115,UNITED STATES,0.0
368126,UNITED STATES,0.0
368130,UNITED STATES,0.0
368133,UNITED STATES,0.0
368134,BRAZIL,0.0
368137,UNITED STATES,0.0
368138,UNITED STATES,0.0
368143,UNITED STATES,0.0
368157,UNITED STATES,1.0
368163,UNITED STATES,0.0
368184,UNITED STATES,0.0
368195,UNITED STATES,0.0
368196,UNITED STATES,0.0
368203,UNITED STATES,0.0
368212,UNITED STATES,0.0
368215,UNITED STATES,0.0
368239,UNITED STATES,0.0
368249,UNITED STATES,0.0
368264,UNITED STATES,0.0
368274,UNITED STATES,0.0
368283,UNITED STATES,0.0
368292,UNITED STATES,0.0
368305,UNITED STATES,0.0
368306,UNITED STATES,0.0
368327,UNITED STATES,0.0
368331,UNITED STATES,0.0
368337,UNITED STATES,0.0
368344,UNITED STATES,0.0
368353,UNITED STATES,0.0
368357,INDIA,0.0
368364,UNITED STATES,0.0
368366,UNITED STATES,1.0
368398,UNITED STATES,0.0
368417,UNITED STATES,0.0
368420,UNITED STATES,0.0
368427,UNITED STATES,1.0
368430,UNITED STATES,0.0
368432,UNITED STATES,1.0
368443,UNITED STATES,0.0
368460,UNITED STATES,1.0
368466,UNITED STATES,0.0
368473,UNITED STATES,0.0
368475,UNITED STATES,0.0
368476,UNITED STATES,0.0
368478,UNITED STATES,0.0
368487,UNITED STATES,0.0
368498,UNITED STATES,0.0
368515,UNITED STATES,0.0
368553,UNITED STATES,0.0
368557,UNITED STATES,0.0
368561,UNITED STATES,0.0
368572,UNITED STATES,0.0
368575,UNITED STATES,0.0
368592,UNITED STATES,0.0
368593,UNITED STATES,0.0
368598,UNITED STATES,0.0
368603,UNITED STATES,0.0
368617,UNITED STATES,0.0
368626,UNITED STATES,0.0
368639,UNITED STATES,0.0
368657,UNITED STATES,0.0
368660,UNITED STATES,0.0
368678,UNITED STATES,0.0
368685,UNITED STATES,0.0
368689,UNITED STATES,0.0
368712,UNITED STATES,0.0
368721,UNITED STATES,0.0
368742,UNITED STATES,0.0
368748,UNITED STATES,0.0
368750,UNITED STATES,0.0
368755,UNITED STATES,0.0
368761,UNITED STATES,0.0
368771,UNITED STATES,0.0
368789,UNITED STATES,0.0
368793,UNITED STATES,0.0
368798,UNITED STATES,0.0
368815,UNITED STATES,0.0
368816,UNITED STATES,0.0
368817,UNITED STATES,0.0
368829,UNITED STATES,0.0
368830,UNITED STATES,0.0
368836,UNITED STATES,0.0
368844,UNITED STATES,0.0
368846,UNITED STATES,0.0
368861,UNITED STATES,0.0
368866,UNITED STATES,0.0
368891,UNITED STATES,0.0
368892,UNITED STATES,0.0
368897,UNITED STATES,0.0
368900,BRAZIL,0.0
368917,UNITED STATES,0.0
368918,UNITED STATES,0.0
368924,UNITED STATES,0.0
368927,UNITED STATES,0.0
368930,UNITED STATES,1.0
368950,UNITED STATES,0.0
368952,UNITED STATES,0.0
368957,UNITED STATES,0.0
368975,UNITED STATES,0.0
368978,UNITED STATES,0.0
368992,UNITED STATES,0.0
368995,UNITED STATES,0.0
368997,UNITED STATES,0.0
369021,JAPAN,0.0
369034,JAPAN,0.0
369045,JAPAN,0.0
369048,JAPAN,0.0
369049,JAPAN,0.0
369052,JAPAN,0.0
369063,JAPAN,0.0
369067,JAPAN,0.0
369068,JAPAN,1.0
369091,JAPAN,0.0
369095,JAPAN,0.0
369106,JAPAN,0.0
369121,JAPAN,0.0
369133,JAPAN,0.0
369153,JAPAN,0.0
369157,JAPAN,0.0
369175,JAPAN,0.0
369180,JAPAN,0.0
369191,JAPAN,0.0
369199,JAPAN,0.0
369201,BRAZIL,0.0
369202,BRAZIL,0.0
369216,UNITED STATES,0.0
369223,UNITED STATES,0.0
369225,UNITED KINGDOM,0.0
369227,UNITED STATES,0.0
369234,BRAZIL,0.0
369243,UNITED STATES,0.0
369262,UNITED STATES,0.0
369266,UNITED STATES,0.0
369270,UNITED STATES,0.0
369290,UNITED STATES,0.0
369292,UNITED STATES,0.0
369304,UNITED STATES,0.0
369322,UNITED STATES,0.0
369335,UNITED STATES,0.0
369339,BRAZIL,0.0
369350,UNITED STATES,0.0
369353,UNITED STATES,0.0
369357,UNITED STATES,0.0
369366,UNITED STATES,0.0
369370,UNITED STATES,0.0
369375,UNITED STATES,1.0
369385,CHINA,0.0
369391,UNITED STATES,0.0
369406,JAPAN,0.0
369412,JAPAN,0.0
369424,JAPAN,1.0
369437,JAPAN,0.0
369452,JAPAN,0.0
369462,JAPAN,0.0
369466,JAPAN,0.0
369477,JAPAN,0.0
369486,JAPAN,0.0
369488,JAPAN,0.0
369499,JAPAN,0.0
369515,JAPAN,0.0
369521,JAPAN,0.0
369528,JAPAN,0.0
369539,JAPAN,0.0
369549,JAPAN,0.0
369551,JAPAN,0.0
369571,JAPAN,0.0
369572,JAPAN,0.0
369580,JAPAN,0.0
369583,JAPAN,0.0
369600,BRAZIL,0.0
369605,BRAZIL,0.0
369619,ITALY,0.0
369626,UNITED STATES,0.0
369656,CHINA,0.0
369657,UNITED STATES,0.0
369672,UNITED STATES,0.0
369678,UNITED STATES,0.0
369679,UNITED STATES,0.0
369703,UNITED STATES,0.0
369704,UNITED STATES,0.0
369705,UNITED STATES,0.0
369711,UNITED STATES,0.0
369741,UNITED STATES,0.0
369759,UNITED STATES,0.0
369765,UNITED STATES,0.0
369796,UNITED STATES,0.0
369801,UNITED STATES,0.0
369816,UNITED STATES,0.0
369827,UNITED STATES,0.0
369841,UNITED STATES,0.0
369850,UNITED STATES,0.0
369861,UNITED STATES,0.0
369864,UNITED STATES,0.0
369878,UNITED STATES,0.0
369882,UNITED STATES,0.0
369895,UNITED STATES,0.0
369909,UNITED STATES,0.0
369912,UNITED STATES,0.0
369914,UNITED STATES,0.0
369930,UNITED STATES,0.0
369970,UNITED STATES,0.0
369972,UNITED STATES,0.0
369975,UNITED STATES,0.0
369988,UNITED STATES,0.0
369992,UNITED STATES,0.0
369999,UNITED STATES,0.0
370004,BRAZIL,0.0
370006,UNITED STATES,0.0
370069,UNITED STATES,0.0
370072,UNITED STATES,0.0
370096,UNITED STATES,0.0
370101,UNITED STATES,0.0
370109,BELGIUM,0.0
370112,UNITED STATES,0.0
370115,UNITED STATES,0.0
370119,UNITED STATES,1.0
370122,UNITED STATES,0.0
370131,UNITED STATES,0.0
370154,UNITED STATES,1.0
370164,UNITED STATES,0.0
370173,UNITED STATES,0.0
370196,UNITED STATES,0.0
370201,UNITED STATES,0.0
370221,BRAZIL,0.0
370225,BRAZIL,0.0
370235,UNITED STATES,0.0
370273,UNITED STATES,0.0
370290,UNITED STATES,0.0
370296,UNITED STATES,0.0
370317,UNITED STATES,0.0
370341,INDIA,0.0
370343,UNITED STATES,0.0
370345,CHINA,0.0
370346,UNITED STATES,0.0
370360,UNITED STATES,0.0
370368,UNITED STATES,0.0
370369,UNITED STATES,0.0
370371,UNITED STATES,0.0
370373,UNITED STATES,0.0
370378,UNITED STATES,0.0
370387,UNITED STATES,0.0
370394,UNITED STATES,0.0
370401,UNITED STATES,0.0
370415,UNITED STATES,0.0
370421,UNITED STATES,0.0
370430,UNITED STATES,0.0
370432,UNITED STATES,0.0
370437,UNITED STATES,0.0
370451,UNITED STATES,0.0
370472,UNITED STATES,0.0
370483,UNITED STATES,0.0
370503,CHINA,0.0
370510,CHINA,0.0
370513,CHINA,0.0
370516,CHINA,0.0
370535,CHINA,0.0
370538,CHINA,0.0
370540,CHINA,0.0
370562,CHINA,0.0
370576,CHINA,0.0
370598,UNITED STATES,0.0
370602,UNITED STATES,0.0
370603,UNITED STATES,0.0
370610,UNITED STATES,0.0
370645,UNITED STATES,0.0
370669,UNITED STATES,0.0
370681,UNITED STATES,0.0
370683,UNITED STATES,0.0
370695,UNITED STATES,0.0
370703,MEXICO,0.0
370719,MEXICO,0.0
370721,MEXICO,0.0
370722,MEXICO,0.0
370726,MEXICO,0.0
370727,MEXICO,0.0
370759,MEXICO,1.0
370771,MEXICO,0.0
370792,MEXICO,0.0
370800,UNITED STATES,0.0
370817,UNITED STATES,0.0
370818,UNITED STATES,0.0
370826,UNITED STATES,0.0
370827,UNITED STATES,0.0
370833,UNITED STATES,0.0
370867,UNITED STATES,0.0
370878,UNITED STATES,0.0
370896,UNITED STATES,0.0
370898,UNITED STATES,0.0
370937,UNITED STATES,0.0
370983,UNITED STATES,0.0
370987,INDIA,1.0
371027,UNITED STATES,0.0
371028,UNITED STATES,0.0
371038,UNITED STATES,0.0
371055,UNITED STATES,0.0
371071,UNITED STATES,0.0
371077,UNITED STATES,0.0
371084,UNITED STATES,0.5
371106,UNITED STATES,0.0
371108,UNITED STATES,0.0
371113,UNITED STATES,0.0
371124,UNITED STATES,0.0
371131,UNITED STATES,0.0
371135,UNITED STATES,0.0
371142,UNITED STATES,0.0
371144,UNITED STATES,0.0
371146,UNITED STATES,0.0
371160,UNITED STATES,0.0
371166,UNITED STATES,0.0
371170,UNITED STATES,0.0
371172,UNITED STATES,0.0
371177,UNITED STATES,0.0
371179,UNITED STATES,0.0
371180,UNITED STATES,0.0
371183,UNITED STATES,0.0
371184,UNITED STATES,0.0
371185,UNITED STATES,0.0
371189,UNITED STATES,0.0
371193,UNITED STATES,0.0
371198,UNITED STATES,0.0
371208,UNITED STATES,0.0
371210,UNITED STATES,0.0
371220,UNITED STATES,0.0
371236,UNITED STATES,0.0
371246,UNITED STATES,0.0
371261,UNITED STATES,0.0
371268,UNITED STATES,0.0
371269,UNITED STATES,0.0
371275,UNITED STATES,0.0
371281,UNITED STATES,0.0
371283,UNITED STATES,0.0
371286,UNITED STATES,0.0
371322,UNITED STATES,0.0
371326,UNITED STATES,0.0
371327,UNITED STATES,0.0
371328,UNITED STATES,0.0
371332,UNITED STATES,0.0
371347,UNITED STATES,0.0
371361,UNITED STATES,0.0
371363,UNITED STATES,0.0
371364,UNITED STATES,0.0
371387,UNITED STATES,0.0
371400,UNITED STATES,0.0
371412,UNITED STATES,0.0
371417,UNITED STATES,0.0
371426,UNITED STATES,0.0
371439,UNITED STATES,0.0
371441,UNITED STATES,0.0
371448,UNITED STATES,0.0
371449,UNITED STATES,0.0
371450,UNITED STATES,0.0
371451,UNITED STATES,0.0
371453,UNITED STATES,0.0
371457,UNITED STATES,0.0
371461,UNITED STATES,0.0
371472,UNITED STATES,0.0
371477,UNITED STATES,0.0
371487,UNITED STATES,0.0
371489,UNITED STATES,0.0
371490,UNITED STATES,0.0
371491,UNITED STATES,0.0
371501,UNITED STATES,0.0
371502,UNITED STATES,0.0
371509,UNITED STATES,0.0
371510,UNITED STATES,0.0
371514,UNITED STATES,0.0
371517,UNITED STATES,0.0
371519,UNITED STATES,0.0
371522,UNITED STATES,0.0
371547,UNITED STATES,0.0
371553,UNITED STATES,0.0
371566,UNITED STATES,0.0
371571,UNITED STATES,0.0
371574,UNITED STATES,0.0
371577,UNITED STATES,0.0
371578,UNITED STATES,0.0
371581,UNITED STATES,1.0
371589,UNITED STATES,1.0
371592,UNITED STATES,0.0
371602,UNITED STATES,0.0
371612,UNITED STATES,0.0
371616,UNITED STATES,0.0
371629,UNITED STATES,0.0
371637,UNITED STATES,0.0
371642,UNITED STATES,0.0
371643,UNITED STATES,0.0
371646,UNITED STATES,0.0
371654,UNITED STATES,0.0
371656,UNITED STATES,0.0
371658,UNITED STATES,0.0
371682,UNITED STATES,0.0
371683,UNITED STATES,0.0
371684,UNITED STATES,0.0
371689,UNITED STATES,0.0
371691,BELGIUM,0.0
371699,UNITED STATES,0.0
371705,UNITED STATES,0.0
371707,UNITED STATES,0.0
371709,UNITED STATES,0.0
371731,UNITED STATES,0.0
371738,UNITED STATES,0.0
371742,UNITED STATES,0.0
371759,UNITED STATES,1.0
371781,UNITED KINGDOM,0.0
371797,UNITED STATES,0.0
371803,UNITED STATES,0.0
371804,UNITED STATES,0.0
371806,UNITED STATES,0.0
371808,UNITED STATES,0.0
371815,UNITED STATES,0.0
371823,UNITED STATES,0.0
371837,UNITED STATES,0.0
371839,UNITED STATES,0.0
371847,UNITED STATES,0.0
371858,UNITED STATES,0.0
371874,UNITED STATES,0.0
371887,UNITED STATES,0.0
371892,UNITED STATES,0.0
371897,UNITED STATES,0.0
371910,UNITED STATES,0.0
371925,UNITED STATES,0.0
371929,UNITED STATES,0.0
371930,UNITED STATES,0.0
371951,UNITED STATES,0.0
371955,UNITED STATES,0.0
371999,UNITED STATES,0.0
372026,UNITED STATES,0.0
372030,UNITED STATES,0.0
372033,UNITED STATES,0.0
372037,UNITED STATES,0.0
372039,UNITED STATES,0.0
372051,UNITED STATES,1.0
372061,UNITED STATES,0.0
372063,UNITED STATES,0.0
372068,UNITED STATES,0.0
372083,UNITED STATES,0.0
372084,UNITED STATES,0.0
372088,UNITED STATES,0.0
372090,UNITED STATES,0.0
372098,UNITED STATES,0.0
372126,UNITED STATES,0.0
372140,UNITED STATES,0.0
372144,UNITED STATES,0.0
372159,UNITED STATES,0.0
372161,UNITED STATES,0.0
372164,UNITED STATES,0.0
372179,UNITED STATES,0.0
372184,UNITED STATES,0.0
372190,UNITED STATES,0.0
372197,UNITED STATES,0.0
372204,UNITED STATES,0.0
372215,UNITED STATES,0.0
372232,UNITED STATES,0.0
372248,UNITED STATES,0.0
372252,UNITED STATES,0.0
372260,UNITED STATES,0.0
372282,UNITED STATES,0.0
372311,UNITED STATES,1.0
372318,UNITED STATES,0.0
372355,UNITED STATES,0.0
372364,UNITED STATES,0.0
372366,UNITED STATES,0.0
372381,GERMANY,0.0
372384,ITALY,0.0
372390,UNITED STATES,0.0
372391,UNITED STATES,0.0
372396,UNITED STATES,0.0
372403,UNITED STATES,0.0
372407,UNITED STATES,0.0
372418,UNITED STATES,0.0
372425,UNITED STATES,0.0
372427,UNITED STATES,0.0
372432,UNITED STATES,0.0
372434,UNITED STATES,0.0
372440,UNITED STATES,0.0
372474,UNITED STATES,0.0
372501,UNITED STATES,0.0
372504,UNITED STATES,0.0
372518,UNITED STATES,0.0
372522,UNITED STATES,0.0
372529,UNITED STATES,0.0
372535,UNITED STATES,0.0
372537,UNITED STATES,0.0
372548,UNITED STATES,0.0
372551,UNITED STATES,0.0
372553,UNITED STATES,0.0
372568,UNITED STATES,0.0
372569,UNITED STATES,0.0
372572,UNITED STATES,0.0
372575,UNITED STATES,0.0
372581,UNITED STATES,1.0
372582,UNITED STATES,0.0
372587,UNITED STATES,0.0
372589,UNITED STATES,0.0
372591,UNITED STATES,0.0
372597,UNITED STATES,0.0
372598,UNITED STATES,0.0
372613,UNITED STATES,0.0
372640,UNITED STATES,0.0
372646,UNITED STATES,0.0
372649,UNITED STATES,0.0
372656,UNITED STATES,0.0
372675,UNITED STATES,0.0
372695,UNITED STATES,0.0
372725,UNITED STATES,0.0
372762,UNITED STATES,0.0
372763,UNITED STATES,0.0
372780,UNITED STATES,0.0
372787,UNITED STATES,0.0
372799,UNITED STATES,0.0
372808,UNITED STATES,0.0
372814,UNITED STATES,0.0
372828,UNITED STATES,0.0
372830,UNITED STATES,0.0
372832,UNITED STATES,0.0
372849,UNITED STATES,0.0
372851,UNITED STATES,0.0
372861,UNITED STATES,0.0
372870,UNITED STATES,0.0
372873,UNITED STATES,0.0
372883,UNITED STATES,0.0
372884,UNITED STATES,0.0
372886,UNITED STATES,0.0
372898,UNITED STATES,0.0
372904,UNITED STATES,0.0
372905,UNITED STATES,0.0
372908,UNITED STATES,1.0
372912,UNITED STATES,0.0
372923,UNITED STATES,0.0
372927,UNITED STATES,0.0
372937,UNITED STATES,0.0
372951,UNITED STATES,0.0
372961,UNITED STATES,0.0
372965,UNITED STATES,0.0
372979,UNITED STATES,0.0
372983,UNITED STATES,0.0
372986,UNITED STATES,0.0
372990,UNITED STATES,0.0
372994,UNITED STATES,0.0
373006,INDIA,0.0
373021,UNITED STATES,0.0
373042,UNITED STATES,0.0
373043,UNITED STATES,0.0
373051,UNITED STATES,0.0
373068,UNITED STATES,0.0
373081,UNITED STATES,0.0
373086,UNITED STATES,0.0
373090,UNITED STATES,0.0
373097,UNITED STATES,0.0
373115,UNITED STATES,0.0
373116,UNITED STATES,0.0
373125,UNITED STATES,0.0
373128,UNITED STATES,0.0
373131,UNITED STATES,0.0
373134,UNITED STATES,0.0
373135,UNITED STATES,0.0
373138,UNITED STATES,0.0
373149,UNITED STATES,0.0
373152,UNITED STATES,0.0
373155,UNITED STATES,0.0
373177,UNITED STATES,0.0
373189,UNITED STATES,0.0
373190,UNITED STATES,0.0
373192,UNITED STATES,0.0
373206,UNITED STATES,0.0
373213,UNITED STATES,0.0
373218,UNITED STATES,0.0
373222,UNITED STATES,0.0
373231,UNITED STATES,1.0
373362,UNITED STATES,0.0
373400,UNITED STATES,0.0
373401,UNITED STATES,0.0
373407,UNITED STATES,0.0
373408,UNITED STATES,0.0
373409,UNITED STATES,0.0
373418,UNITED STATES,0.0
373421,UNITED STATES,0.0
373434,UNITED STATES,0.0
373446,UNITED STATES,0.0
373456,UNITED STATES,0.0
373462,UNITED STATES,0.0
373466,UNITED STATES,0.0
373470,UNITED STATES,0.0
373477,UNITED STATES,0.0
373478,UNITED STATES,0.0
373490,UNITED STATES,1.0
373498,UNITED STATES,0.0
373652,UNITED STATES,0.0
373663,UNITED STATES,0.0
373664,UNITED STATES,0.0
373667,UNITED STATES,0.0
373687,UNITED STATES,0.0
373712,UNITED STATES,0.0
373714,UNITED STATES,0.0
373719,UNITED STATES,0.0
373721,UNITED STATES,0.0
373724,UNITED STATES,0.0
373728,UNITED STATES,0.0
373730,UNITED STATES,0.0
373741,UNITED STATES,0.0
373762,UNITED STATES,0.0
373804,UNITED STATES,0.0
373820,UNITED STATES,0.0
373825,UNITED STATES,0.0
373845,UNITED STATES,0.0
373863,UNITED STATES,0.0
373865,UNITED STATES,0.0
373873,UNITED STATES,0.0
373885,UNITED STATES,0.0
373891,UNITED STATES,0.0
373902,UNITED STATES,0.0
373905,UNITED STATES,0.0
373908,UNITED STATES,0.0
373914,UNITED STATES,0.0
373923,UNITED STATES,0.0
373941,UNITED STATES,0.0
373944,UNITED STATES,0.0
373945,UNITED STATES,0.0
373958,UNITED STATES,0.0
373968,UNITED STATES,1.0
373969,UNITED STATES,0.0
373973,UNITED STATES,0.0
373974,UNITED STATES,0.0
373991,UNITED STATES,0.0
374007,MEXICO,0.0
374077,MEXICO,0.0
374102,BELGIUM,0.0
374113,BELGIUM,0.0
374114,BELGIUM,0.0
374118,BELGIUM,0.0
374119,BELGIUM,0.0
374140,BELGIUM,0.0
374168,BELGIUM,0.0
374187,BELGIUM,0.0
374206,UNITED KINGDOM,0.0
374209,UNITED KINGDOM,0.0
374215,UNITED KINGDOM,0.0
374218,UNITED KINGDOM,0.0
374223,UNITED KINGDOM,0.0
374226,UNITED KINGDOM,0.0
374234,UNITED KINGDOM,0.0
374239,UNITED KINGDOM,0.0
374240,UNITED KINGDOM,1.0
374251,UNITED KINGDOM,0.0
374254,UNITED KINGDOM,0.0
374259,UNITED KINGDOM,0.0
374273,UNITED KINGDOM,0.0
374279,UNITED KINGDOM,0.0
374301,UNITED STATES,0.0
374328,UNITED STATES,0.0
374336,UNITED STATES,0.0
374339,UNITED STATES,0.0
374342,UNITED STATES,0.0
374347,UNITED STATES,1.0
374351,UNITED STATES,0.0
374353,UNITED STATES,0.0
374359,UNITED STATES,0.0
374393,UNITED KINGDOM,0.0
374414,INDIA,0.0
374432,INDIA,0.0
374444,UNITED STATES,0.0
374453,UNITED STATES,0.0
374454,UNITED STATES,0.0
374465,INDIA,0.0
374473,INDIA,0.0
374504,UNITED KINGDOM,0.0
374506,UNITED KINGDOM,0.0
374522,UNITED KINGDOM,0.0
374537,UNITED KINGDOM,0.0
374538,UNITED KINGDOM,0.0
374552,UNITED KINGDOM,0.0
374582,UNITED KINGDOM,0.0
374588,UNITED KINGDOM,1.0
374595,UNITED KINGDOM,0.0
374597,UNITED KINGDOM,0.0
374599,UNITED KINGDOM,0.0
374600,UNITED KINGDOM,0.0
374623,FRANCE,0.0
374627,FRANCE,0.0
374639,UNITED STATES,0.0
374661,GERMANY,0.0
374673,ITALY,0.0
374677,ITALY,0.0
374682,JAPAN,0.0
374691,UNITED KINGDOM,0.0
374726,UNITED KINGDOM,0.0
374755,SINGAPORE,0.0
374761,BRAZIL,0.0
374763,BRAZIL,0.0
374764,BRAZIL,0.0
374773,BRAZIL,0.0
374774,BRAZIL,0.0
374775,BRAZIL,1.0
374783,INDIA,0.0
374788,UNITED KINGDOM,0.0
374849,INDIA,0.0
374865,UNITED STATES,0.0
374900,FRANCE,0.0
374901,FRANCE,1.0
374926,FRANCE,0.0
374928,FRANCE,0.0
374934,FRANCE,0.0
374944,FRANCE,1.0
374947,FRANCE,0.0
374980,FRANCE,0.0
375003,GERMANY,0.0
375004,GERMANY,0.0
375006,GERMANY,0.0
375008,GERMANY,0.0
375012,GERMANY,0.0
375015,GERMANY,0.0
375016,GERMANY,0.0
375024,GERMANY,0.0
375027,GERMANY,0.0
375042,GERMANY,0.0
375043,GERMANY,0.0
375048,GERMANY,0.0
375050,GERMANY,0.0
375051,GERMANY,0.0
375072,GERMANY,0.0
375078,GERMANY,0.0
375083,GERMANY,0.0
375084,GERMANY,0.0
375111,UNITED STATES,0.0
375115,BELGIUM,0.0
375122,RUSSIAN FEDERATION,0.0
375135,BRAZIL,0.0
375138,BRAZIL,0.0
375143,UNITED KINGDOM,0.0
375150,UNITED STATES,0.0
375184,UNITED STATES,0.0
375203,ITALY,0.0
375207,ITALY,0.0
375211,ITALY,0.0
375218,ITALY,0.0
375219,ITALY,0.0
375223,ITALY,0.0
375235,ITALY,0.0
375248,ITALY,0.0
375249,ITALY,0.0
375287,ITALY,0.0
375291,ITALY,0.0
375504,UNITED STATES,0.0
375508,UNITED STATES,0.0
375540,FRANCE,0.0
375545,UNITED STATES,0.0
376012,AUSTRALIA,0.0
376018,INDIA,0.0
376019,AUSTRALIA,0.5
376022,AUSTRALIA,1.0
376029,AUSTRALIA,0.0
376043,AUSTRALIA,0.0
376044,AUSTRALIA,0.0
376048,AUSTRALIA,0.0
376052,AUSTRALIA,0.0
376056,AUSTRALIA,0.0
376062,AUSTRALIA,0.0
376067,AUSTRALIA,0.0
376069,AUSTRALIA,0.0
376090,AUSTRALIA,0.0
376105,JAPAN,0.0
376126,JAPAN,0.0
376143,JAPAN,0.0
376165,JAPAN,0.0
376176,JAPAN,0.0
376185,JAPAN,0.0
376193,JAPAN,0.0
376210,SINGAPORE,1.0
376223,SINGAPORE,0.0
376228,SINGAPORE,0.0
376237,MALAYSIA,0.0
376242,MALAYSIA,1.0
376243,MALAYSIA,0.0
376280,MALAYSIA,0.0
376284,MALAYSIA,0.0
376287,MALAYSIA,0.0
376421,BRAZIL,0.0
376423,BRAZIL,0.0
376434,BRAZIL,0.0
376444,BRAZIL,0.0
376462,BRAZIL,0.0
376478,BRAZIL,0.0
376484,BRAZIL,0.0
376489,BRAZIL,0.0
376493,BRAZIL,0.0
376494,BRAZIL,0.0
376499,BRAZIL,0.0
376513,JAPAN,0.0
376525,BRAZIL,1.0
376527,BRAZIL,0.0
376530,BRAZIL,0.0
376531,BRAZIL,0.0
376534,INDIA,0.0
376543,BRAZIL,0.0
376544,MEXICO,0.0
376551,BRAZIL,0.0
376564,MEXICO,1.0
376578,MEXICO,0.0
376590,MEXICO,0.0
376593,MEXICO,0.0
376594,MEXICO,0.0
376601,BRAZIL,0.0
376625,BRAZIL,0.0
376649,MEXICO,0.0
376663,MEXICO,0.0
376677,MEXICO,0.0
376699,MEXICO,0.0
376706,MEXICO,0.0
376720,MEXICO,0.0
376734,UNITED STATES,0.0
376744,UNITED STATES,0.0
376747,UNITED STATES,0.0
376755,UNITED STATES,0.0
376760,UNITED STATES,0.0
376763,UNITED STATES,0.0
376764,UNITED STATES,0.0
376778,UNITED STATES,0.0
376786,UNITED STATES,0.0
376790,UNITED STATES,0.0
376812,BRAZIL,0.0
376815,BRAZIL,0.0
376837,BRAZIL,0.0
376845,BRAZIL,0.0
376850,BRAZIL,1.0
376862,MEXICO,0.0
376893,BRAZIL,0.0
376905,INDIA,0.0
376933,INDIA,0.0
376962,INDIA,0.0
376967,INDIA,0.0
376994,INDIA,0.0
376999,INDIA,0.0
377050,UNITED KINGDOM,0.0
377052,UNITED KINGDOM,0.0
377062,UNITED KINGDOM,0.0
377133,UNITED KINGDOM,0.0
377150,INDIA,0.0
377155,CHINA,0.0
377181,RUSSIAN FEDERATION,0.0
377185,CHINA,0.0
377207,UNITED STATES,0.0
377208,UNITED STATES,0.0
377213,UNITED STATES,0.0
377221,UNITED STATES,0.0
377234,UNITED STATES,0.0
377252,UNITED STATES,0.0
377271,UNITED STATES,0.0
377278,UNITED STATES,0.0
377283,UNITED STATES,0.0
377288,UNITED STATES,0.0
377291,UNITED STATES,0.0
377292,UNITED STATES,0.0
377306,AUSTRALIA,0.0
377321,FRANCE,0.0
377340,AUSTRALIA,0.0
377342,AUSTRALIA,0.0
377359,SINGAPORE,0.0
377367,AUSTRALIA,0.0
377370,UNITED STATES,0.0
377373,UNITED STATES,0.0
377385,UNITED KINGDOM,0.0
377462,UNITED STATES,0.0
377464,UNITED STATES,0.0
377466,UNITED STATES,0.0
377652,MEXICO,0.0
377659,CHINA,0.0
377687,UNITED KINGDOM,0.0
377745,AUSTRALIA,0.0
377748,AUSTRALIA,1.0
377763,AUSTRALIA,0.0
377783,JAPAN,0.0
377837,AUSTRALIA,0.0
377849,AUSTRALIA,0.0
377906,SINGAPORE,1.0
377909,MALAYSIA,0.0
377954,AUSTRALIA,0.0
377965,MALAYSIA,0.0
377972,UNITED STATES,0.0
377974,AUSTRALIA,1.0
377977,AUSTRALIA,0.0
377984,UNITED STATES,0.0
378000,UNITED STATES,0.0
378001,UNITED STATES,0.0
378013,UNITED STATES,0.0
378020,UNITED STATES,0.0
378033,UNITED STATES,0.0
378044,UNITED STATES,0.0
378052,UNITED STATES,0.0
378058,UNITED STATES,0.0
378061,UNITED STATES,0.0
378062,UNITED STATES,0.0
378063,UNITED STATES,0.0
378065,UNITED STATES,0.0
378084,UNITED STATES,0.0
378086,UNITED STATES,0.0
378093,UNITED STATES,0.0
378100,UNITED STATES,0.0
378103,UNITED STATES,0.0
378107,UNITED STATES,0.0
378114,UNITED STATES,0.0
378122,UNITED STATES,0.0
378127,UNITED STATES,0.0
378135,UNITED STATES,0.0
378136,UNITED STATES,0.0
378137,UNITED STATES,0.0
378145,UNITED STATES,0.0
378156,UNITED STATES,0.0
378157,UNITED STATES,0.0
378158,UNITED STATES,0.0
378163,UNITED STATES,0.0
378175,UNITED STATES,0.0
378179,UNITED STATES,1.0
378181,UNITED STATES,0.0
378196,UNITED STATES,0.0
378197,UNITED STATES,0.0
378205,UNITED STATES,0.0
378220,UNITED STATES,0.0
378242,UNITED STATES,0.0
378248,UNITED STATES,0.0
378265,UNITED STATES,0.0
378275,UNITED STATES,0.0
378279,UNITED STATES,0.0
378302,UNITED STATES,0.0
378306,UNITED STATES,0.0
378307,UNITED STATES,0.0
378317,UNITED STATES,0.0
378321,UNITED STATES,0.0
378323,UNITED STATES,0.0
378337,UNITED STATES,0.0
378338,UNITED STATES,0.0
378339,UNITED STATES,0.0
378342,UNITED STATES,0.0
378343,UNITED STATES,0.0
378348,UNITED STATES,0.0
378385,UNITED STATES,0.0
378386,UNITED STATES,0.0
378400,UNITED STATES,0.0
378407,UNITED STATES,0.0
378409,UNITED STATES,0.0
378421,UNITED STATES,0.0
378432,UNITED STATES,1.0
378435,UNITED STATES,0.0
378437,UNITED STATES,0.0
378441,UNITED STATES,0.0
378447,UNITED STATES,0.0
378462,UNITED STATES,0.0
378464,UNITED STATES,0.0
378467,UNITED STATES,0.0
378484,UNITED STATES,0.0
378485,UNITED STATES,0.0
378486,UNITED STATES,0.0
378488,UNITED STATES,0.0
378513,UNITED STATES,0.0
378529,UNITED STATES,0.0
378538,UNITED STATES,0.0
378540,UNITED STATES,0.0
378556,UNITED STATES,0.0
378557,UNITED STATES,0.0
378570,UNITED STATES,0.0
378574,UNITED STATES,0.0
378589,UNITED STATES,0.0
378596,UNITED STATES,0.0
378601,UNITED STATES,0.0
378618,UNITED STATES,0.0
378629,UNITED STATES,0.0
378639,UNITED STATES,0.0
378645,UNITED STATES,0.0
378657,UNITED STATES,0.0
378663,UNITED STATES,0.0
378679,UNITED STATES,0.0
378684,UNITED STATES,0.0
378692,UNITED STATES,0.0
378693,UNITED STATES,0.0
378695,UNITED STATES,0.0
378703,UNITED STATES,0.0
378705,UNITED STATES,0.0
378706,UNITED STATES,0.0
378722,UNITED STATES,0.0
378725,UNITED STATES,0.0
378729,UNITED STATES,0.0
378730,UNITED STATES,0.0
378739,UNITED STATES,0.0
378741,UNITED STATES,0.0
378743,UNITED STATES,0.0
378745,UNITED STATES,0.0
378746,UNITED STATES,0.0
378748,UNITED STATES,0.0
378778,UNITED STATES,0.0
378779,UNITED STATES,0.0
378787,UNITED STATES,0.0
378814,UNITED STATES,0.0
378818,UNITED STATES,0.0
378820,UNITED STATES,0.0
378830,UNITED STATES,0.0
378832,UNITED STATES,0.0
378834,UNITED STATES,0.0
378835,UNITED STATES,0.0
378843,UNITED STATES,0.0
378861,UNITED STATES,0.0
378866,UNITED STATES,0.0
378868,UNITED STATES,0.0
378890,UNITED STATES,0.0
378895,UNITED STATES,0.0
378904,UNITED STATES,0.0
378908,UNITED STATES,0.0
378916,UNITED STATES,0.0
378917,UNITED STATES,0.0
378925,UNITED STATES,0.0
378932,UNITED STATES,0.0
378939,UNITED STATES,0.0
378941,UNITED STATES,0.0
378943,UNITED STATES,0.0
378947,UNITED STATES,0.0
378950,UNITED STATES,0.0
378956,UNITED STATES,0.0
378957,UNITED STATES,0.0
378961,UNITED STATES,0.0
378963,UNITED STATES,0.0
378970,UNITED STATES,0.0
378984,UNITED STATES,0.0
378990,UNITED STATES,0.0
379001,UNITED STATES,0.0
379015,UNITED STATES,0.0
379022,UNITED KINGDOM,0.0
379023,UNITED KINGDOM,0.0
379027,UNITED STATES,0.0
379035,UNITED STATES,0.0
379039,UNITED STATES,0.0
379041,BELGIUM,0.0
379049,BELGIUM,0.0
379100,UNITED KINGDOM,0.0
379143,UNITED STATES,0.0
379144,UNITED STATES,0.0
379148,UNITED KINGDOM,0.0
379152,UNITED KINGDOM,0.0
379154,UNITED KINGDOM,0.0
379161,UNITED KINGDOM,0.0
379170,UNITED KINGDOM,0.0
379179,UNITED KINGDOM,0.0
379186,MALAYSIA,0.0
379189,BELGIUM,0.0
379211,UNITED STATES,0.0
379217,UNITED STATES,0.0
379218,UNITED STATES,0.0
379227,AUSTRALIA,0.0
379238,UNITED STATES,0.0
379253,UNITED STATES,0.0
379255,UNITED STATES,0.0
379258,UNITED STATES,0.0
379274,UNITED STATES,0.0
379275,UNITED STATES,0.0
379282,UNITED STATES,0.0
379284,UNITED STATES,0.0
379295,UNITED STATES,0.0
379298,UNITED STATES,0.0
379302,UNITED STATES,0.0
379338,UNITED STATES,0.0
379339,INDIA,0.0
379358,UNITED STATES,0.0
379374,UNITED STATES,0.0
379377,JAPAN,0.0
379378,JAPAN,0.0
379382,JAPAN,0.0
379398,UNITED STATES,0.0
379416,UNITED STATES,0.0
379419,UNITED STATES,0.0
379420,UNITED STATES,0.0
379426,UNITED STATES,0.0
379428,UNITED STATES,0.0
379440,UNITED STATES,0.0
379441,UNITED STATES,0.0
379453,UNITED STATES,0.0
379458,UNITED STATES,0.0
379462,UNITED STATES,0.0
379481,UNITED STATES,0.0
379488,UNITED STATES,1.0
379503,UNITED STATES,0.0
379504,UNITED STATES,0.0
379505,GERMANY,1.0
379506,UNITED KINGDOM,0.0
379519,AUSTRALIA,0.0
379544,UNITED STATES,0.0
379547,UNITED STATES,0.0
379574,UNITED STATES,0.0
379594,UNITED STATES,0.0
379598,UNITED STATES,0.0
379600,UNITED STATES,0.0
379601,UNITED STATES,0.0
379616,UNITED STATES,0.0
379623,UNITED STATES,0.0
379653,UNITED STATES,0.0
379656,UNITED STATES,0.0
379663,UNITED STATES,0.0
379671,UNITED STATES,0.0
379672,UNITED STATES,0.0
379693,UNITED STATES,0.0
379696,UNITED STATES,0.0
379697,UNITED STATES,0.0
379704,UNITED STATES,0.0
379708,UNITED STATES,0.0
379728,UNITED STATES,0.0
379732,UNITED STATES,0.0
379733,UNITED STATES,0.0
379743,UNITED STATES,0.0
379746,UNITED STATES,0.0
379747,UNITED STATES,0.0
379749,UNITED STATES,0.0
379762,UNITED STATES,0.0
379768,UNITED STATES,1.0
379771,UNITED STATES,0.0
379790,UNITED STATES,0.0
379800,UNITED STATES,0.0
379861,INDIA,0.0
379863,INDIA,0.0
379871,INDIA,0.0
379886,AUSTRALIA,0.0
379914,INDIA,0.0
379942,UNITED STATES,0.0
379943,UNITED STATES,1.0
379947,INDIA,1.0
379954,AUSTRALIA,0.0
379956,AUSTRALIA,0.0
379967,BRAZIL,0.0
379973,CHINA,0.0
379988,UNITED STATES,0.0
380005,UNITED STATES,0.0
380009,UNITED STATES,0.0
380011,UNITED STATES,0.0
380012,UNITED STATES,0.0
380030,UNITED STATES,0.0
380037,UNITED STATES,0.0
380040,UNITED STATES,0.0
380054,RUSSIAN FEDERATION,0.0
380060,UNITED STATES,0.0
380062,UNITED STATES,0.0
380063,UNITED STATES,0.0
380066,UNITED STATES,0.0
380071,UNITED STATES,0.0
380087,UNITED STATES,0.0
380089,INDIA,0.0
380109,UNITED STATES,0.0
380120,UNITED STATES,0.0
380123,UNITED STATES,0.0
380137,UNITED STATES,0.0
380141,UNITED STATES,0.0
380181,UNITED STATES,0.0
380188,UNITED STATES,0.0
380195,UNITED STATES,0.0
380198,UNITED STATES,0.5
380222,UNITED STATES,0.0
380240,UNITED STATES,0.0
380244,UNITED STATES,0.0
380245,UNITED STATES,0.0
380246,UNITED STATES,0.0
380267,UNITED STATES,0.0
380286,UNITED STATES,0.0
380288,UNITED STATES,0.0
380296,UNITED STATES,0.0
380308,UNITED STATES,0.0
380311,UNITED STATES,0.0
380323,UNITED STATES,0.0
380341,UNITED STATES,0.0
380345,UNITED STATES,0.0
380351,UNITED STATES,0.0
380361,UNITED STATES,1.0
380363,UNITED STATES,0.0
380368,UNITED STATES,0.0
380374,UNITED STATES,0.0
380381,UNITED STATES,0.0
380406,UNITED STATES,0.0
380408,UNITED STATES,0.0
380421,UNITED STATES,0.0
380422,UNITED STATES,0.0
380432,UNITED STATES,0.0
380433,UNITED STATES,0.0
380447,UNITED STATES,0.0
380448,UNITED STATES,0.0
380452,UNITED STATES,0.0
380454,UNITED STATES,0.0
380463,UNITED STATES,0.0
380474,UNITED STATES,0.0
380486,UNITED STATES,1.0
380498,UNITED STATES,0.0
380500,UNITED STATES,0.0
380519,UNITED STATES,0.0
380520,UNITED STATES,0.0
380535,UNITED STATES,0.0
380541,UNITED STATES,0.0
380545,UNITED STATES,0.0
380553,UNITED STATES,0.0
380588,UNITED STATES,0.0
380605,UNITED STATES,0.0
380637,UNITED STATES,0.0
380644,UNITED STATES,0.0
380646,UNITED STATES,0.0
380677,UNITED STATES,0.0
380679,UNITED STATES,0.0
380681,UNITED STATES,0.0
380691,UNITED STATES,0.0
380703,UNITED STATES,0.0
380710,UNITED STATES,0.0
380712,UNITED STATES,0.0
380722,UNITED STATES,0.0
380748,UNITED STATES,0.0
380763,UNITED STATES,0.0
380765,UNITED STATES,0.0
380771,UNITED STATES,1.0
380784,UNITED STATES,0.0
380786,UNITED STATES,0.0
380807,UNITED STATES,0.0
380808,UNITED STATES,0.0
380809,UNITED STATES,0.0
380812,UNITED STATES,0.0
380817,UNITED STATES,0.0
380840,UNITED STATES,0.0
380841,UNITED STATES,0.0
380851,UNITED STATES,1.0
380863,UNITED STATES,0.0
380867,UNITED STATES,0.0
380871,UNITED STATES,0.0
380881,UNITED STATES,0.0
380884,UNITED STATES,0.0
380886,UNITED STATES,0.0
380893,UNITED STATES,0.0
380918,UNITED STATES,0.0
380929,UNITED STATES,0.0
380930,UNITED STATES,0.0
380945,UNITED STATES,0.0
380953,UNITED STATES,0.0
380961,UNITED STATES,0.0
380984,UNITED STATES,0.0
381006,UNITED STATES,0.0
381018,UNITED STATES,0.0
381019,UNITED STATES,0.0
381023,UNITED STATES,0.0
381029,UNITED STATES,0.0
381031,UNITED STATES,0.0
381041,UNITED STATES,0.0
381042,UNITED STATES,0.0
381043,UNITED STATES,0.0
381046,UNITED STATES,0.0
381064,UNITED STATES,0.0
381074,UNITED STATES,0.0
381090,UNITED STATES,0.0
381097,UNITED STATES,0.0
381099,UNITED STATES,0.0
381112,UNITED STATES,0.0
381123,UNITED STATES,0.0
381132,UNITED STATES,0.0
381144,UNITED STATES,0.0
381148,UNITED STATES,0.0
381151,UNITED STATES,0.0
381157,UNITED STATES,0.0
381162,UNITED STATES,0.0
381163,UNITED STATES,0.0
381166,UNITED STATES,0.0
381170,UNITED STATES,0.0
381172,UNITED STATES,0.0
381177,UNITED STATES,0.0
381183,UNITED STATES,0.0
381191,UNITED STATES,0.0
381196,UNITED STATES,0.0
381209,UNITED STATES,0.0
381213,UNITED STATES,0.0
381228,UNITED STATES,0.0
381231,UNITED STATES,0.0
381239,UNITED STATES,0.0
381243,UNITED STATES,0.0
381247,UNITED STATES,0.0
381248,UNITED STATES,0.0
381261,UNITED STATES,0.0
381264,UNITED STATES,0.0
381276,UNITED STATES,0.0
381279,UNITED STATES,0.0
381294,UNITED STATES,0.0
381313,UNITED STATES,0.0
381323,UNITED STATES,0.0
381325,UNITED STATES,0.0
381328,UNITED STATES,0.0
381329,UNITED STATES,1.0
381337,UNITED STATES,0.0
381348,UNITED STATES,0.0
381350,UNITED STATES,1.0
381367,UNITED STATES,0.0
381383,UNITED STATES,0.0
381389,UNITED STATES,0.0
381391,UNITED STATES,0.0
381392,UNITED STATES,0.0
381395,UNITED STATES,0.0
381406,UNITED STATES,0.0
381407,UNITED STATES,0.0
381410,UNITED STATES,0.0
381416,UNITED STATES,0.0
381429,UNITED STATES,0.0
381444,UNITED STATES,0.5
381447,UNITED STATES,0.0
381469,UNITED STATES,0.0
381541,UNITED STATES,0.0
381547,UNITED STATES,0.0
381551,UNITED STATES,0.0
381552,UNITED STATES,1.0
381560,UNITED STATES,0.0
381563,UNITED STATES,0.0
381576,UNITED STATES,0.0
381584,UNITED STATES,0.0
381586,UNITED STATES,0.0
381589,UNITED STATES,0.0
381597,UNITED STATES,0.0
381607,UNITED STATES,0.0
381620,UNITED STATES,0.0
381621,UNITED STATES,0.0
381624,UNITED STATES,0.0
381635,UNITED STATES,1.0
381643,UNITED STATES,0.0
381663,UNITED STATES,0.0
381685,UNITED STATES,0.0
381688,UNITED STATES,0.0
381721,UNITED STATES,0.0
381723,UNITED STATES,0.0
381727,UNITED STATES,0.0
381732,UNITED STATES,1.0
381734,UNITED STATES,0.0
381742,UNITED STATES,0.0
381747,UNITED STATES,0.0
381759,UNITED STATES,0.0
381764,UNITED STATES,1.0
381766,UNITED STATES,0.0
381776,UNITED STATES,0.0
381797,UNITED STATES,0.0
381808,UNITED STATES,0.0
381812,UNITED STATES,0.0
381813,UNITED STATES,0.0
381816,UNITED STATES,0.0
381821,UNITED STATES,0.0
381832,UNITED STATES,0.0
381837,UNITED STATES,0.0
381843,UNITED STATES,0.0
381847,UNITED STATES,0.0
381857,UNITED STATES,0.0
381859,UNITED STATES,0.0
381863,UNITED STATES,0.0
381872,UNITED STATES,0.0
381878,UNITED STATES,0.0
381882,UNITED STATES,0.0
381886,UNITED STATES,0.0
381904,UNITED STATES,0.0
381919,UNITED STATES,0.0
381930,UNITED STATES,0.0
381937,UNITED STATES,0.0
381940,UNITED STATES,0.0
381954,UNITED STATES,0.0
381959,UNITED STATES,0.0
381968,UNITED STATES,0.0
381970,UNITED STATES,0.0
381973,UNITED STATES,0.0
381976,UNITED STATES,0.0
381997,UNITED STATES,0.0
381999,INDIA,0.0
382000,UNITED STATES,0.0
382008,UNITED STATES,0.0
382012,UNITED STATES,0.0
382023,UNITED STATES,0.0
382031,UNITED STATES,0.0
382041,UNITED STATES,0.0
382047,UNITED STATES,0.0
382064,UNITED STATES,0.0
382078,UNITED STATES,0.0
382097,UNITED STATES,0.0
382107,UNITED STATES,0.0
382114,UNITED STATES,0.0
382116,UNITED STATES,0.0
382121,UNITED STATES,0.0
382126,UNITED STATES,0.0
382136,UNITED STATES,0.0
382139,UNITED STATES,0.0
382146,UNITED STATES,0.0
382147,UNITED STATES,0.0
382148,UNITED STATES,0.0
382161,UNITED STATES,0.0
382167,UNITED STATES,0.0
382185,UNITED STATES,0.0
382196,UNITED STATES,0.0
382201,UNITED STATES,1.0
382206,UNITED STATES,0.0
382210,UNITED STATES,0.0
382216,UNITED STATES,0.0
382221,UNITED STATES,0.0
382225,UNITED STATES,0.0
382229,UNITED STATES,1.0
382236,UNITED STATES,0.0
382237,UNITED STATES,0.0
382249,UNITED STATES,0.0
382257,UNITED STATES,0.0
382263,UNITED STATES,0.0
382267,UNITED STATES,0.0
382271,UNITED STATES,0.0
382275,UNITED STATES,0.0
382286,UNITED STATES,0.0
382287,UNITED STATES,0.0
382297,UNITED STATES,0.0
382298,UNITED STATES,0.0
382301,UNITED STATES,0.0
382312,UNITED STATES,0.0
382326,UNITED STATES,0.0
382327,UNITED STATES,0.0
382330,UNITED STATES,0.0
382333,UNITED STATES,0.0
382339,UNITED STATES,0.0
382341,UNITED STATES,0.0
382347,UNITED STATES,0.0
382363,UNITED STATES,0.0
382388,UNITED STATES,0.0
382390,UNITED STATES,0.0
382395,UNITED STATES,0.0
382404,UNITED STATES,0.0
382431,UNITED STATES,0.0
382445,UNITED STATES,0.0
382449,UNITED STATES,0.0
382454,UNITED STATES,0.0
382459,UNITED STATES,0.0
382461,UNITED STATES,0.0
382464,UNITED STATES,0.0
382477,UNITED STATES,0.0
382480,UNITED STATES,0.0
382482,UNITED STATES,0.0
382491,UNITED STATES,0.0
382500,UNITED STATES,0.0
382505,UNITED STATES,0.0
382511,UNITED STATES,0.0
382516,UNITED STATES,0.0
382522,UNITED STATES,0.0
382525,UNITED STATES,0.0
382532,UNITED STATES,0.0
382534,UNITED STATES,0.0
382540,UNITED STATES,0.0
382542,UNITED STATES,0.0
382560,UNITED STATES,0.0
382566,UNITED STATES,0.0
382573,UNITED STATES,0.0
382576,UNITED STATES,0.0
382577,UNITED STATES,0.0
382579,UNITED STATES,0.0
382596,UNITED STATES,0.0
382597,UNITED STATES,0.0
382599,UNITED STATES,0.0
382606,UNITED STATES,0.0
382635,UNITED STATES,0.0
382656,UNITED STATES,0.0
382671,UNITED STATES,0.0
382685,UNITED STATES,0.0
382686,UNITED STATES,0.0
382701,UNITED STATES,0.0
382705,UNITED STATES,0.0
382712,UNITED STATES,0.0
382720,UNITED STATES,0.0
382733,UNITED STATES,0.0
382740,UNITED STATES,0.0
382749,UNITED STATES,0.0
382753,UNITED STATES,0.0
382762,UNITED STATES,1.0
382766,UNITED STATES,0.0
382773,ITALY,0.0
382806,UNITED STATES,0.0
382819,UNITED STATES,0.0
382837,UNITED STATES,0.0
382841,UNITED STATES,0.0
382851,UNITED STATES,0.0
382852,UNITED STATES,0.0
382863,UNITED STATES,0.0
382869,UNITED STATES,0.0
382891,UNITED STATES,0.0
382892,UNITED STATES,0.0
382896,UNITED STATES,0.0
382901,UNITED STATES,0.0
382919,UNITED STATES,0.0
382927,UNITED STATES,0.0
382941,UNITED STATES,0.0
382952,UNITED STATES,0.0
382953,UNITED STATES,0.0
382962,UNITED STATES,0.0
382969,UNITED STATES,0.0
382971,UNITED STATES,0.0
382980,ITALY,0.0
382989,UNITED STATES,0.0
382997,UNITED STATES,0.0
383004,UNITED STATES,0.0
383039,UNITED STATES,0.0
383041,UNITED STATES,0.0
383055,UNITED STATES,0.0
383062,UNITED STATES,0.0
383073,UNITED STATES,0.0
383079,UNITED STATES,0.0
383081,UNITED STATES,0.0
383091,UNITED STATES,0.0
383094,UNITED STATES,0.0
383095,UNITED STATES,0.0
383115,UNITED STATES,0.0
383123,UNITED STATES,0.0
383135,UNITED STATES,0.0
383138,UNITED STATES,0.0
383140,UNITED STATES,0.0
383157,UNITED STATES,0.0
383163,UNITED STATES,0.0
383170,UNITED STATES,0.0
383178,UNITED STATES,0.0
383190,UNITED STATES,0.0
383193,UNITED STATES,0.0
383196,UNITED STATES,0.0
383202,UNITED STATES,0.0
383214,UNITED STATES,0.0
383231,UNITED STATES,0.0
383245,UNITED STATES,0.0
383253,UNITED STATES,0.0
383266,UNITED STATES,0.0
383269,UNITED STATES,0.0
383270,UNITED STATES,0.0
383274,UNITED STATES,0.0
383278,UNITED STATES,0.0
383281,UNITED STATES,0.0
383284,UNITED STATES,0.0
383285,UNITED STATES,0.0
383300,UNITED STATES,0.0
383301,UNITED STATES,0.5
383310,UNITED STATES,0.0
383311,UNITED STATES,0.0
383313,UNITED STATES,0.0
383347,UNITED STATES,0.0
383350,UNITED STATES,0.0
383360,UNITED STATES,0.0
383383,UNITED STATES,1.0
383395,UNITED STATES,0.0
383397,UNITED STATES,0.0
383402,UNITED STATES,0.0
383408,UNITED STATES,0.0
383420,UNITED STATES,0.0
383421,UNITED STATES,0.0
383426,UNITED STATES,0.0
383433,UNITED STATES,0.0
383461,UNITED STATES,0.0
383472,UNITED STATES,1.0
383482,UNITED STATES,0.0
383483,UNITED STATES,0.0
383492,UNITED STATES,0.0
383505,UNITED STATES,0.0
383513,UNITED STATES,0.0
383527,UNITED STATES,0.0
383531,UNITED STATES,0.0
383548,UNITED STATES,0.0
383557,UNITED STATES,0.0
383567,UNITED STATES,0.0
383569,UNITED STATES,0.0
383581,UNITED STATES,0.0
383582,UNITED STATES,0.0
383600,UNITED STATES,0.0
383615,UNITED STATES,1.0
383641,UNITED STATES,0.0
383643,UNITED STATES,0.0
383648,UNITED STATES,0.0
383653,UNITED STATES,0.0
383669,UNITED STATES,1.0
383671,UNITED STATES,0.0
383675,UNITED STATES,0.0
383686,UNITED STATES,0.0
383692,UNITED STATES,0.0
383696,UNITED STATES,0.0
383713,UNITED STATES,0.0
383745,UNITED STATES,0.0
383758,RUSSIAN FEDERATION,0.0
383761,UNITED STATES,0.0
383766,UNITED STATES,0.0
383770,UNITED STATES,0.0
383784,UNITED STATES,0.0
383786,UNITED STATES,0.0
383815,UNITED STATES,0.0
383816,UNITED STATES,0.0
383822,UNITED STATES,0.0
383830,UNITED STATES,0.0
383833,UNITED STATES,0.0
383838,UNITED STATES,0.0
383842,UNITED STATES,0.0
383847,UNITED STATES,0.0
383862,UNITED STATES,0.0
383876,UNITED STATES,0.0
383879,UNITED STATES,0.0
383900,UNITED STATES,0.0
383901,UNITED STATES,0.0
383910,UNITED STATES,0.0
383920,UNITED STATES,0.0
383923,UNITED STATES,0.0
383924,UNITED STATES,0.0
383959,UNITED STATES,0.0
383961,UNITED STATES,0.0
383969,UNITED STATES,0.0
383982,UNITED STATES,0.0
383986,UNITED STATES,0.0
383996,UNITED STATES,0.0
383997,UNITED STATES,0.0
384001,UNITED STATES,1.0
384012,UNITED STATES,0.0
384027,UNITED STATES,0.0
384043,UNITED STATES,0.0
384048,UNITED STATES,0.0
384052,UNITED STATES,0.0
384055,UNITED STATES,0.0
384088,UNITED STATES,0.0
384095,UNITED STATES,0.0
384099,UNITED STATES,0.0
384118,UNITED STATES,0.0
384139,UNITED STATES,0.0
384144,UNITED STATES,0.0
384158,UNITED STATES,0.0
384165,UNITED STATES,0.0
384166,UNITED STATES,0.0
384183,UNITED STATES,0.0
384193,UNITED STATES,0.0
384212,UNITED STATES,0.0
384214,UNITED STATES,0.0
384215,UNITED STATES,0.0
384217,UNITED STATES,0.0
384218,UNITED STATES,0.0
384220,UNITED STATES,1.0
384227,UNITED STATES,0.0
384234,UNITED STATES,0.0
384244,UNITED STATES,0.0
384245,UNITED STATES,0.0
384261,UNITED STATES,0.0
384274,UNITED STATES,0.0
384275,UNITED STATES,0.0
384291,UNITED STATES,0.0
384292,UNITED STATES,0.0
384315,UNITED STATES,0.0
384318,UNITED STATES,0.0
384329,UNITED STATES,0.0
384330,UNITED STATES,0.0
384335,UNITED STATES,0.0
384341,UNITED STATES,0.0
384349,UNITED STATES,0.0
384354,UNITED STATES,0.0
384367,UNITED STATES,0.0
384380,UNITED STATES,0.0
384383,UNITED STATES,0.0
384386,UNITED STATES,0.0
384390,UNITED STATES,0.0
384407,UNITED STATES,0.0
384408,UNITED STATES,0.0
384409,UNITED STATES,0.0
384426,UNITED STATES,0.0
384430,BRAZIL,0.0
384438,UNITED STATES,0.0
384441,UNITED STATES,0.0
384448,UNITED STATES,0.0
384452,UNITED STATES,0.0
384454,UNITED STATES,0.0
384459,UNITED STATES,0.0
384464,UNITED STATES,0.0
384469,UNITED STATES,0.0
384472,UNITED STATES,0.0
384485,UNITED STATES,0.0
384510,UNITED STATES,0.0
384511,UNITED STATES,0.0
384538,UNITED STATES,0.0
384540,UNITED STATES,0.0
384550,UNITED STATES,0.0
384553,UNITED STATES,0.0
384565,UNITED STATES,0.0
384586,UNITED STATES,1.0
384607,UNITED STATES,0.0
384612,UNITED STATES,0.0
384620,UNITED STATES,0.0
384627,UNITED STATES,0.0
384629,UNITED STATES,0.0
384645,UNITED STATES,0.0
384646,UNITED STATES,0.0
384662,UNITED STATES,0.0
384676,UNITED STATES,0.0
384678,UNITED STATES,0.0
384681,UNITED STATES,0.0
384698,UNITED STATES,0.0
384701,UNITED STATES,0.0
384715,UNITED STATES,0.0
384719,UNITED STATES,0.0
384727,UNITED STATES,0.0
384728,UNITED STATES,0.0
384731,UNITED STATES,0.0
384736,UNITED STATES,0.0
384755,UNITED STATES,0.0
384758,UNITED STATES,0.0
384763,UNITED STATES,0.0
384771,UNITED STATES,0.0
384773,UNITED STATES,1.0
384774,UNITED STATES,0.0
384811,UNITED STATES,0.0
384818,UNITED STATES,0.0
384821,UNITED STATES,0.0
384825,UNITED STATES,0.0
384837,UNITED STATES,0.0
384854,UNITED STATES,0.0
384865,UNITED STATES,0.0
384869,UNITED STATES,0.0
384871,UNITED STATES,0.0
384888,UNITED STATES,0.0
384891,UNITED STATES,0.0
384895,UNITED STATES,0.0
384909,UNITED STATES,0.0
384925,UNITED STATES,0.0
384932,UNITED STATES,0.0
384937,UNITED STATES,0.0
384939,UNITED STATES,0.0
384941,UNITED STATES,0.0
384950,UNITED STATES,0.0
384962,UNITED STATES,1.0
384976,UNITED STATES,0.0
384989,UNITED STATES,0.0
384991,UNITED STATES,0.0
384992,UNITED STATES,0.0
384994,UNITED STATES,0.0
384995,UNITED STATES,0.0
385026,RUSSIAN FEDERATION,0.0
385032,UNITED STATES,0.0
385047,UNITED STATES,0.0
385053,UNITED STATES,0.0
385057,UNITED STATES,0.0
385061,UNITED STATES,0.0
385081,UNITED STATES,0.0
385087,UNITED STATES,0.0
385124,UNITED STATES,0.0
385127,UNITED STATES,0.0
385145,UNITED STATES,0.0
385153,BRAZIL,0.0
385165,UNITED STATES,0.0
385166,UNITED STATES,0.0
385168,UNITED STATES,0.0
385172,UNITED STATES,0.0
385185,UNITED STATES,0.0
385191,UNITED STATES,0.0
385211,UNITED STATES,0.0
385223,UNITED STATES,0.0
385224,UNITED STATES,0.0
385225,UNITED STATES,0.0
385239,UNITED STATES,0.0
385245,UNITED STATES,1.0
385277,UNITED STATES,0.0
385286,UNITED STATES,0.0
385293,UNITED STATES,0.0
385320,UNITED STATES,0.0
385322,UNITED STATES,0.0
385342,UNITED STATES,0.0
385351,UNITED STATES,0.0
385357,UNITED STATES,0.0
385361,UNITED STATES,0.0
385363,UNITED STATES,0.0
385371,UNITED STATES,0.0
385381,UNITED STATES,0.0
385388,UNITED STATES,0.0
385389,UNITED STATES,0.0
385397,UNITED STATES,0.0
385404,UNITED STATES,0.0
385405,UNITED STATES,0.0
385418,UNITED STATES,0.0
385422,UNITED STATES,0.0
385445,UNITED STATES,0.0
385464,UNITED STATES,0.0
385481,UNITED STATES,0.0
385483,UNITED STATES,0.0
385485,UNITED STATES,0.0
385497,UNITED STATES,0.0
385519,UNITED STATES,0.0
385525,UNITED STATES,0.0
385534,UNITED STATES,0.0
385541,UNITED STATES,0.0
385543,UNITED STATES,0.0
385545,UNITED STATES,0.0
385566,UNITED STATES,0.0
385596,UNITED STATES,0.0
385607,UNITED STATES,0.0
385613,UNITED STATES,0.0
385616,UNITED STATES,0.0
385618,UNITED STATES,0.0
385625,UNITED STATES,0.0
385634,UNITED STATES,0.0
385639,UNITED STATES,0.0
385649,UNITED STATES,0.0
385655,UNITED STATES,0.0
385668,UNITED STATES,0.0
385671,UNITED STATES,0.0
385720,UNITED STATES,0.0
385728,UNITED STATES,0.0
385733,UNITED STATES,0.0
385746,UNITED STATES,0.0
385748,UNITED STATES,0.0
385755,UNITED STATES,0.0
385757,UNITED STATES,0.0
385766,UNITED STATES,0.0
385767,UNITED STATES,0.0
385778,UNITED STATES,0.0
385784,UNITED STATES,0.0
385789,UNITED STATES,0.0
385804,UNITED STATES,0.0
385808,UNITED STATES,0.0
385827,UNITED STATES,0.0
385830,UNITED STATES,0.0
385833,UNITED STATES,0.0
385835,UNITED STATES,0.0
385839,UNITED STATES,0.0
385843,UNITED STATES,0.0
385849,UNITED STATES,0.0
385900,UNITED STATES,0.0
385908,UNITED STATES,0.0
385910,UNITED STATES,0.0
385914,UNITED STATES,0.0
385915,UNITED STATES,0.0
385922,UNITED STATES,0.0
385925,UNITED STATES,0.0
385953,UNITED STATES,1.0
385958,UNITED STATES,0.0
385965,UNITED STATES,0.0
385966,UNITED STATES,0.0
385982,UNITED STATES,0.0
385984,UNITED STATES,0.0
385987,FRANCE,0.0
385994,UNITED STATES,0.0
386007,UNITED STATES,0.0
386010,UNITED STATES,1.0
386013,UNITED STATES,0.0
386020,UNITED STATES,0.0
386021,UNITED STATES,0.0
386023,UNITED STATES,0.0
386031,UNITED STATES,0.0
386043,UNITED STATES,0.5
386050,UNITED STATES,0.0
386066,UNITED STATES,0.0
386080,BRAZIL,0.0
386082,UNITED STATES,1.0
386086,UNITED STATES,0.0
386087,UNITED STATES,0.0
386094,UNITED STATES,0.0
386101,UNITED STATES,0.0
386102,UNITED STATES,0.0
386109,UNITED STATES,0.0
386118,UNITED STATES,0.0
386132,UNITED STATES,0.0
386134,UNITED STATES,0.0
386144,UNITED STATES,0.0
386152,UNITED STATES,0.0
386169,UNITED STATES,0.0
386172,BRAZIL,0.0
386182,UNITED STATES,1.0
386187,UNITED STATES,0.0
386201,UNITED STATES,0.0
386205,UNITED STATES,0.0
386223,UNITED STATES,0.0
386228,UNITED STATES,0.0
386247,UNITED STATES,0.0
386252,UNITED STATES,0.0
386259,UNITED STATES,0.0
386260,UNITED STATES,0.0
386261,UNITED STATES,0.0
386270,UNITED STATES,0.0
386272,UNITED STATES,0.0
386276,UNITED STATES,0.0
386281,UNITED STATES,0.0
386283,UNITED STATES,0.0
386293,UNITED STATES,0.0
386308,UNITED STATES,0.0
386320,UNITED STATES,0.0
386322,UNITED STATES,0.0
386330,UNITED STATES,0.0
386333,UNITED STATES,0.0
386338,UNITED STATES,0.0
386366,UNITED STATES,0.0
386374,UNITED STATES,1.0
386387,UNITED STATES,0.0
386402,UNITED STATES,0.0
386406,UNITED STATES,0.0
386418,UNITED STATES,0.0
386428,UNITED STATES,0.0
386431,UNITED STATES,0.0
386444,UNITED STATES,0.0
386450,UNITED STATES,0.0
386462,UNITED STATES,0.0
386464,UNITED STATES,0.0
386469,UNITED STATES,0.0
386471,UNITED STATES,0.0
386476,UNITED STATES,0.0
386495,UNITED STATES,0.0
386501,UNITED STATES,0.0
386505,UNITED STATES,0.0
386509,UNITED STATES,0.0
386511,UNITED STATES,0.0
386515,UNITED STATES,1.0
386524,UNITED STATES,0.0
386532,UNITED STATES,0.0
386549,UNITED STATES,1.0
386573,UNITED STATES,0.0
386586,UNITED STATES,0.0
386589,UNITED STATES,0.0
386596,UNITED STATES,0.0
386635,UNITED STATES,0.0
386637,UNITED STATES,1.0
386640,UNITED STATES,0.0
386649,UNITED STATES,0.0
386661,UNITED STATES,0.0
386663,UNITED STATES,0.0
386680,UNITED STATES,0.0
386692,UNITED STATES,0.0
386719,UNITED STATES,0.0
386734,UNITED STATES,0.0
386742,UNITED STATES,0.0
386743,UNITED STATES,0.0
386751,UNITED STATES,0.0
386754,UNITED STATES,0.0
386762,UNITED STATES,0.0
386770,UNITED STATES,0.0
386794,UNITED STATES,0.0
386798,UNITED STATES,0.0
386811,UNITED STATES,0.0
386812,UNITED STATES,0.0
386823,UNITED STATES,0.0
386824,UNITED STATES,0.0
386832,UNITED STATES,0.0
386837,UNITED STATES,0.0
386853,UNITED STATES,0.0
386857,UNITED STATES,0.0
386878,UNITED STATES,0.0
386884,UNITED STATES,0.0
386892,UNITED STATES,0.0
386900,UNITED STATES,0.0
386902,UNITED STATES,0.0
386914,UNITED STATES,0.0
386915,UNITED STATES,0.0
386917,UNITED STATES,0.0
386939,UNITED STATES,0.0
386955,UNITED STATES,0.0
386959,UNITED STATES,0.0
386965,UNITED STATES,0.0
386979,UNITED STATES,0.0
386981,UNITED STATES,0.0
386986,UNITED STATES,0.0
386991,UNITED STATES,0.0
387008,UNITED STATES,0.0
387012,UNITED STATES,0.0
387027,UNITED STATES,0.0
387034,UNITED STATES,0.0
387035,UNITED STATES,0.0
387062,UNITED STATES,0.0
387071,UNITED STATES,0.0
387079,UNITED STATES,0.0
387084,UNITED STATES,0.0
387086,UNITED STATES,0.0
387096,UNITED STATES,0.0
387100,UNITED STATES,0.0
387102,UNITED STATES,0.0
387106,UNITED STATES,0.0
387109,UNITED STATES,0.0
387113,UNITED STATES,0.0
387144,UNITED STATES,0.0
387150,UNITED STATES,0.0
387151,UNITED STATES,0.0
387153,UNITED STATES,0.0
387156,UNITED STATES,0.0
387161,UNITED STATES,0.0
387180,UNITED STATES,0.0
387181,UNITED STATES,0.0
387182,UNITED STATES,0.0
387185,UNITED STATES,0.0
387190,UNITED STATES,0.0
387215,UNITED STATES,0.0
387223,UNITED STATES,0.0
387236,UNITED STATES,0.0
387240,UNITED STATES,0.0
387253,UNITED STATES,0.0
387274,UNITED STATES,0.0
387277,UNITED STATES,1.0
387290,UNITED STATES,0.0
387304,UNITED STATES,0.0
387316,UNITED STATES,0.0
387317,UNITED STATES,0.0
387318,UNITED STATES,1.0
387320,UNITED STATES,0.0
387331,UNITED STATES,0.0
387336,UNITED STATES,0.0
387337,UNITED STATES,0.0
387341,UNITED STATES,0.0
387347,UNITED STATES,0.0
387348,UNITED STATES,0.0
387351,UNITED STATES,0.0
387356,UNITED STATES,0.0
387359,UNITED STATES,0.0
387362,UNITED STATES,0.0
387377,UNITED STATES,0.0
387393,UNITED STATES,0.0
387397,UNITED STATES,0.0
387402,UNITED STATES,0.0
387405,UNITED STATES,0.0
387410,UNITED STATES,0.0
387411,UNITED STATES,0.0
387431,UNITED STATES,0.0
387437,UNITED STATES,0.0
387438,UNITED STATES,0.0
387440,UNITED STATES,0.0
387451,UNITED STATES,0.0
387456,UNITED STATES,0.0
387458,UNITED STATES,0.0
387472,UNITED STATES,0.0
387490,UNITED STATES,0.0
387491,UNITED STATES,0.0
387505,UNITED STATES,0.0
387509,UNITED STATES,1.0
387524,UNITED STATES,0.0
387558,UNITED STATES,1.0
387560,UNITED STATES,0.0
387568,UNITED STATES,0.0
387571,UNITED STATES,0.0
387579,UNITED STATES,0.0
387588,UNITED STATES,0.0
387596,UNITED STATES,0.0
387601,UNITED KINGDOM,0.0
387603,UNITED STATES,0.0
387604,UNITED STATES,0.0
387611,UNITED STATES,0.0
387634,UNITED STATES,0.0
387635,UNITED STATES,0.0
387637,UNITED STATES,0.0
387648,UNITED STATES,0.0
387653,UNITED STATES,0.0
387661,UNITED STATES,0.0
387666,UNITED STATES,0.0
387675,UNITED STATES,0.0
387679,UNITED STATES,0.0
387694,UNITED STATES,0.0
387718,UNITED STATES,0.0
387724,UNITED STATES,0.0
387728,UNITED STATES,0.0
387734,UNITED STATES,0.0
387739,UNITED STATES,0.0
387741,UNITED STATES,0.0
387745,UNITED STATES,0.0
387764,UNITED STATES,0.0
387767,UNITED STATES,0.0
387775,UNITED STATES,0.0
387782,UNITED STATES,0.0
387795,UNITED STATES,0.0
387823,UNITED STATES,0.0
387828,UNITED STATES,0.0
387840,UNITED STATES,0.0
387851,UNITED STATES,0.0
387856,UNITED STATES,0.0
387873,UNITED STATES,0.0
387882,UNITED STATES,0.0
387891,UNITED STATES,0.0
387893,UNITED STATES,0.0
387905,UNITED STATES,1.0
387908,UNITED STATES,0.0
387925,UNITED STATES,0.0
387935,UNITED STATES,0.0
387943,UNITED STATES,0.0
387952,UNITED STATES,0.0
387961,UNITED STATES,0.0
387983,UNITED STATES,0.0
387986,UNITED STATES,0.0
387988,UNITED STATES,0.0
387996,UNITED STATES,0.0
388000,UNITED STATES,0.0
388002,UNITED STATES,0.0
388012,UNITED STATES,0.0
388026,UNITED STATES,0.0
388028,UNITED STATES,0.0
388034,UNITED STATES,0.0
388040,UNITED STATES,0.0
388062,UNITED STATES,0.0
388090,UNITED STATES,0.0
388093,UNITED STATES,0.0
388095,UNITED STATES,0.0
388103,UNITED STATES,0.0
388106,BRAZIL,0.0
388107,UNITED STATES,0.0
388112,UNITED STATES,0.0
388120,UNITED STATES,0.0
388131,UNITED STATES,0.0
388135,UNITED STATES,1.0
388136,UNITED STATES,0.0
388154,UNITED STATES,0.0
388158,UNITED STATES,0.0
388161,UNITED STATES,0.0
388164,UNITED STATES,0.0
388189,UNITED STATES,0.0
388191,UNITED STATES,0.0
388213,UNITED STATES,0.0
388223,UNITED STATES,0.0
388232,UNITED STATES,0.0
388241,UNITED STATES,0.0
388252,UNITED STATES,0.0
388279,UNITED STATES,0.0
388283,UNITED STATES,0.0
388287,UNITED STATES,0.0
388291,UNITED STATES,0.0
388300,UNITED STATES,0.0
388304,UNITED STATES,0.0
388305,UNITED STATES,0.0
388306,UNITED STATES,0.0
388311,UNITED STATES,0.0
388314,UNITED STATES,0.0
388316,UNITED STATES,0.0
388336,UNITED STATES,0.0
388340,UNITED STATES,0.0
388341,UNITED STATES,0.0
388350,UNITED STATES,0.0
388369,UNITED STATES,0.0
388370,UNITED STATES,0.0
388378,UNITED STATES,0.0
388380,BRAZIL,0.0
388391,UNITED STATES,0.0
388392,UNITED STATES,0.0
388395,UNITED STATES,0.0
388414,UNITED STATES,0.0
388424,UNITED STATES,0.0
388428,UNITED STATES,0.0
388429,CHINA,0.0
388435,UNITED STATES,0.0
388439,UNITED STATES,0.0
388440,UNITED STATES,0.0
388441,UNITED STATES,0.0
388445,UNITED STATES,0.0
388453,UNITED STATES,0.0
388460,UNITED STATES,0.0
388468,UNITED STATES,0.0
388488,UNITED STATES,0.0
388503,UNITED STATES,0.0
388507,RUSSIAN FEDERATION,0.0
388519,UNITED STATES,0.0
388544,UNITED STATES,0.0
388551,UNITED STATES,0.5
388554,BRAZIL,0.0
388555,UNITED STATES,0.0
388559,UNITED STATES,0.0
388568,UNITED STATES,0.0
388569,UNITED STATES,0.0
388572,UNITED STATES,0.0
388583,UNITED STATES,0.0
388617,UNITED STATES,0.0
388630,UNITED STATES,0.0
388632,UNITED STATES,0.0
388636,UNITED STATES,0.0
388646,UNITED STATES,0.0
388681,BRAZIL,0.0
388687,UNITED STATES,0.0
388694,UNITED STATES,0.0
388698,UNITED STATES,0.0
388710,UNITED STATES,0.0
388721,UNITED STATES,0.0
388739,UNITED STATES,0.0
388745,UNITED STATES,0.0
388752,UNITED STATES,0.0
388756,UNITED STATES,0.0
388788,UNITED STATES,0.0
388794,UNITED STATES,0.0
388797,PAKISTAN,0.0
388803,UNITED STATES,0.0
388809,UNITED STATES,0.0
388815,UNITED STATES,0.0
388817,UNITED STATES,0.0
388837,UNITED STATES,0.0
388839,UNITED STATES,0.0
388848,UNITED STATES,0.0
388851,UNITED STATES,0.0
388857,UNITED STATES,0.0
388863,UNITED STATES,0.0
388875,UNITED STATES,0.0
388880,UNITED STATES,0.0
388883,UNITED STATES,0.0
388895,UNITED STATES,0.0
388911,UNITED STATES,0.0
388942,UNITED STATES,0.0
388946,UNITED STATES,0.0
388959,UNITED STATES,0.0
388964,UNITED STATES,0.0
388982,UNITED STATES,0.0
388984,UNITED STATES,0.0
388993,UNITED STATES,0.0
388998,UNITED STATES,0.0
388999,BRAZIL,0.0
389005,UNITED STATES,0.0
389011,UNITED STATES,0.0
389017,UNITED STATES,0.0
389021,UNITED STATES,0.0
389046,UNITED STATES,0.0
389047,UNITED STATES,0.0
389049,UNITED STATES,0.0
389052,UNITED STATES,0.0
389054,UNITED STATES,0.0
389064,UNITED STATES,0.0
389066,UNITED STATES,0.0
389067,UNITED STATES,0.0
389072,UNITED STATES,0.0
389074,UNITED STATES,0.0
389084,UNITED STATES,0.0
389095,UNITED STATES,0.0
389109,UNITED STATES,0.0
389110,UNITED STATES,0.0
389139,UNITED STATES,0.0
389140,UNITED STATES,0.0
389153,UNITED STATES,0.0
389175,UNITED STATES,0.0
389189,UNITED STATES,0.0
389192,UNITED STATES,0.0
389194,UNITED STATES,0.0
389210,UNITED STATES,0.0
389230,UNITED STATES,0.0
389241,UNITED STATES,0.0
389264,UNITED STATES,0.0
389266,UNITED STATES,0.0
389288,UNITED STATES,0.0
389291,UNITED STATES,0.0
389296,UNITED STATES,0.0
389297,UNITED STATES,0.0
389301,UNITED STATES,1.0
389314,UNITED STATES,0.0
389316,UNITED STATES,0.0
389324,UNITED STATES,0.0
389330,UNITED STATES,0.0
389332,UNITED STATES,0.0
389335,UNITED STATES,0.0
389355,UNITED STATES,0.0
389358,UNITED STATES,0.0
389360,UNITED STATES,0.0
389366,UNITED STATES,0.0
389371,UNITED STATES,0.0
389375,UNITED STATES,0.0
389390,UNITED STATES,0.0
389413,UNITED STATES,0.0
389445,UNITED STATES,0.0
389449,UNITED STATES,0.0
389457,UNITED STATES,0.0
389476,UNITED STATES,0.0
389477,UNITED STATES,0.0
389494,UNITED STATES,0.0
389506,UNITED STATES,0.0
389531,UNITED STATES,0.0
389542,UNITED STATES,0.0
389548,UNITED STATES,0.0
389560,UNITED STATES,0.0
389572,UNITED STATES,0.0
389586,UNITED STATES,0.0
389593,UNITED STATES,0.0
389608,UNITED STATES,0.0
389609,UNITED STATES,0.0
389613,UNITED STATES,0.0
389615,UNITED STATES,0.0
389626,UNITED STATES,0.0
389630,UNITED STATES,0.0
389636,UNITED STATES,0.0
389661,UNITED STATES,0.0
389677,UNITED STATES,0.0
389678,UNITED STATES,0.0
389686,UNITED STATES,0.0
389693,UNITED STATES,0.0
389720,UNITED STATES,0.0
389736,UNITED STATES,0.0
389744,UNITED STATES,0.0
389750,UNITED STATES,0.0
389754,UNITED STATES,0.0
389762,UNITED STATES,0.0
389770,UNITED STATES,0.0
389771,UNITED STATES,0.0
389776,UNITED STATES,0.0
389796,UNITED STATES,0.0
389798,UNITED STATES,0.0
389801,UNITED STATES,0.0
389806,UNITED STATES,0.0
389807,UNITED STATES,0.0
389822,UNITED STATES,0.0
389826,UNITED STATES,0.0
389830,UNITED STATES,0.0
389835,UNITED STATES,0.0
389844,UNITED STATES,0.0
389855,UNITED STATES,0.0
389873,UNITED STATES,0.0
389877,UNITED STATES,0.0
389889,UNITED STATES,0.0
389906,UNITED STATES,0.0
389911,UNITED STATES,0.0
389912,UNITED STATES,0.0
389913,UNITED STATES,0.0
389914,UNITED STATES,0.0
389916,UNITED STATES,0.0
389930,UNITED STATES,0.0
389934,UNITED STATES,0.0
389949,UNITED STATES,0.0
389984,UNITED STATES,1.0
390005,UNITED STATES,1.0
390011,UNITED STATES,0.0
390034,UNITED STATES,0.0
390035,UNITED STATES,0.0
390046,UNITED STATES,0.0
390063,UNITED STATES,0.0
390066,UNITED STATES,0.0
390093,UNITED STATES,0.0
390096,UNITED STATES,0.0
390098,UNITED STATES,0.0
390100,UNITED STATES,0.0
390113,UNITED STATES,0.0
390121,UNITED STATES,0.0
390134,UNITED STATES,1.0
390143,UNITED STATES,0.0
390152,UNITED STATES,0.0
390165,UNITED STATES,0.0
390180,UNITED STATES,0.0
390182,UNITED STATES,0.0
390184,UNITED STATES,0.0
390187,UNITED STATES,0.0
390188,UNITED STATES,0.0
390196,UNITED STATES,0.0
390204,UNITED STATES,0.0
390216,UNITED STATES,0.0
390220,UNITED STATES,0.0
390255,UNITED STATES,0.0
390264,UNITED STATES,0.0
390273,UNITED STATES,0.0
390274,UNITED STATES,0.0
390277,UNITED STATES,0.0
390285,UNITED STATES,0.0
390295,UNITED STATES,0.0
390296,UNITED STATES,0.0
390297,UNITED STATES,0.0
390298,UNITED STATES,0.0
390303,UNITED STATES,0.0
390312,UNITED STATES,0.0
390314,UNITED STATES,0.0
390315,UNITED STATES,0.0
390324,UNITED STATES,0.0
390326,UNITED STATES,0.0
390327,UNITED STATES,0.0
390340,UNITED STATES,0.0
390348,UNITED STATES,0.0
390369,UNITED STATES,0.0
390370,UNITED STATES,0.0
390373,UNITED STATES,0.0
390387,UNITED STATES,0.0
390393,UNITED STATES,0.0
390400,UNITED STATES,0.0
390404,UNITED STATES,0.0
390413,UNITED STATES,0.0
390423,UNITED STATES,0.0
390424,UNITED STATES,0.0
390425,UNITED STATES,0.0
390427,UNITED STATES,0.0
390432,UNITED STATES,0.0
390450,UNITED STATES,0.0
390459,UNITED STATES,0.0
390473,UNITED STATES,0.0
390500,UNITED STATES,0.0
390502,UNITED STATES,0.0
390504,UNITED STATES,0.0
390516,UNITED STATES,0.0
390535,UNITED STATES,0.0
390538,UNITED STATES,0.0
390541,UNITED STATES,0.0
390543,UNITED STATES,0.0
390545,UNITED STATES,0.0
390546,UNITED STATES,0.0
390555,UNITED STATES,0.0
390557,UNITED STATES,0.0
390562,UNITED STATES,0.0
390590,UNITED STATES,0.0
390593,UNITED STATES,0.0
390616,UNITED STATES,0.0
390624,UNITED STATES,1.0
390625,UNITED STATES,0.0
390629,UNITED STATES,0.0
390632,UNITED STATES,0.0
390642,UNITED STATES,0.0
390648,UNITED STATES,0.0
390700,UNITED STATES,0.0
390705,UNITED STATES,0.0
390708,UNITED STATES,0.0
390711,UNITED STATES,0.0
390736,UNITED STATES,0.0
390739,UNITED STATES,0.0
390754,UNITED STATES,0.0
390758,UNITED STATES,0.0
390775,UNITED STATES,0.0
390783,UNITED STATES,0.0
390789,UNITED STATES,0.0
390794,UNITED STATES,0.0
390802,UNITED STATES,0.0
390805,UNITED STATES,0.0
390818,UNITED STATES,0.0
390825,UNITED STATES,0.0
390830,UNITED STATES,0.0
390837,UNITED STATES,0.0
390843,UNITED STATES,0.0
390849,UNITED STATES,0.0
390858,UNITED STATES,0.0
390868,UNITED STATES,0.0
390881,UNITED STATES,0.0
390886,UNITED STATES,0.0
390887,UNITED STATES,0.0
390889,UNITED STATES,0.0
390896,UNITED STATES,0.0
390899,UNITED STATES,0.0
390939,UNITED STATES,1.0
390946,UNITED STATES,0.0
390951,UNITED STATES,0.0
390968,UNITED STATES,0.0
390974,UNITED STATES,0.0
390984,UNITED STATES,0.0
391003,UNITED STATES,0.0
391010,UNITED STATES,0.0
391059,UNITED STATES,0.0
391066,UNITED STATES,0.0
391067,UNITED STATES,0.0
391075,UNITED STATES,0.0
391077,UNITED STATES,0.0
391078,UNITED STATES,0.0
391080,UNITED STATES,0.0
391081,UNITED STATES,0.0
391085,UNITED STATES,0.0
391112,UNITED STATES,0.0
391128,UNITED STATES,0.0
391135,UNITED STATES,0.0
391142,UNITED STATES,0.0
391166,UNITED STATES,0.0
391185,UNITED STATES,0.0
391193,UNITED STATES,0.0
391201,UNITED STATES,0.0
391212,UNITED STATES,0.0
391243,UNITED STATES,0.0
391255,UNITED STATES,0.0
391262,UNITED STATES,0.0
391285,UNITED STATES,1.0
391288,UNITED STATES,0.0
391289,UNITED STATES,0.0
391300,UNITED STATES,0.0
391304,UNITED STATES,0.0
391315,UNITED STATES,0.0
391330,UNITED STATES,0.0
391333,UNITED STATES,0.0
391342,UNITED STATES,0.0
391367,UNITED STATES,0.0
391369,UNITED STATES,0.0
391377,UNITED STATES,0.0
391381,UNITED STATES,0.0
391385,UNITED STATES,0.0
391389,UNITED STATES,1.0
391417,UNITED STATES,0.0
391420,UNITED STATES,0.0
391444,UNITED STATES,0.0
391451,UNITED STATES,0.0
391452,UNITED STATES,0.0
391462,UNITED STATES,0.0
391466,UNITED STATES,0.0
391477,UNITED STATES,0.0
391479,UNITED STATES,0.0
391481,UNITED STATES,0.0
391482,UNITED STATES,0.0
391499,UNITED STATES,0.0
391503,UNITED STATES,0.0
391512,UNITED STATES,0.0
391514,UNITED STATES,0.0
391519,UNITED STATES,0.0
391521,UNITED STATES,0.0
391529,UNITED STATES,0.0
391530,UNITED STATES,1.0
391540,UNITED STATES,0.0
391543,UNITED STATES,0.0
391549,UNITED STATES,0.0
391550,UNITED STATES,0.0
391551,UNITED STATES,0.0
391556,UNITED STATES,0.0
391563,UNITED STATES,0.0
391578,UNITED STATES,0.0
391583,UNITED STATES,0.0
391592,UNITED STATES,0.0
391606,UNITED STATES,0.0
391610,UNITED STATES,0.0
391639,UNITED STATES,0.0
391641,UNITED STATES,0.0
391644,UNITED STATES,0.0
391646,UNITED STATES,0.0
391654,UNITED STATES,0.0
391659,UNITED STATES,0.0
391675,UNITED STATES,0.0
391689,UNITED STATES,0.0
391690,UNITED STATES,0.0
391694,UNITED STATES,0.0
391698,UNITED STATES,0.0
391699,UNITED STATES,0.0
391703,UNITED STATES,0.0
391714,UNITED STATES,0.0
391715,UNITED STATES,0.0
391724,UNITED STATES,0.0
391742,UNITED STATES,0.0
391746,UNITED STATES,0.0
391750,UNITED STATES,0.0
391761,UNITED STATES,0.0
391774,UNITED STATES,0.0
391785,UNITED STATES,0.0
391809,UNITED STATES,0.0
391835,UNITED STATES,0.0
391843,UNITED STATES,0.0
391847,UNITED STATES,0.0
391849,UNITED STATES,0.0
391853,UNITED STATES,0.0
391870,UNITED STATES,0.0
391882,UNITED STATES,0.0
391906,UNITED STATES,0.0
391907,UNITED STATES,0.0
391920,UNITED STATES,0.0
391924,UNITED STATES,0.0
391940,UNITED STATES,0.0
391941,UNITED STATES,0.0
391942,UNITED STATES,0.0
391943,UNITED STATES,0.0
391950,UNITED STATES,0.0
391971,UNITED STATES,0.0
391991,UNITED STATES,0.0
391996,UNITED STATES,0.0
392002,UNITED STATES,0.0
392006,UNITED STATES,0.0
392014,UNITED STATES,0.0
392016,UNITED STATES,0.0
392023,UNITED STATES,0.0
392055,UNITED STATES,0.0
392085,UNITED STATES,0.0
392093,UNITED STATES,0.0
392097,UNITED STATES,0.0
392099,UNITED STATES,0.0
392101,UNITED STATES,0.0
392125,UNITED STATES,0.0
392126,UNITED STATES,0.0
392129,UNITED STATES,0.0
392135,UNITED STATES,0.0
392136,UNITED STATES,0.0
392145,UNITED STATES,0.0
392146,UNITED STATES,0.0
392148,UNITED STATES,0.0
392158,UNITED STATES,0.0
392170,UNITED STATES,0.0
392190,UNITED STATES,0.0
392196,UNITED STATES,0.0
392208,UNITED STATES,0.0
392216,UNITED STATES,0.0
392218,UNITED STATES,0.0
392221,UNITED STATES,0.0
392224,UNITED STATES,0.0
392236,UNITED STATES,0.0
392243,UNITED STATES,0.0
392245,UNITED STATES,0.0
392247,UNITED STATES,0.0
392253,UNITED STATES,0.0
392259,UNITED STATES,0.0
392283,UNITED STATES,0.0
392290,UNITED STATES,0.0
392303,UNITED STATES,0.0
392321,UNITED STATES,0.0
392327,UNITED STATES,0.0
392335,UNITED STATES,0.0
392358,UNITED STATES,1.0
392367,UNITED STATES,0.0
392369,UNITED STATES,0.0
392383,UNITED STATES,0.0
392388,UNITED STATES,0.0
392401,UNITED STATES,0.0
392421,UNITED STATES,0.0
392424,UNITED STATES,0.0
392425,UNITED STATES,0.0
392436,UNITED STATES,0.0
392455,UNITED STATES,0.0
392467,UNITED STATES,0.0
392470,UNITED STATES,0.0
392483,UNITED STATES,0.0
392510,UNITED STATES,0.0
392523,UNITED STATES,0.0
392524,UNITED STATES,0.0
392530,UNITED STATES,0.0
392535,UNITED STATES,0.0
392536,UNITED STATES,0.0
392541,UNITED STATES,0.0
392542,UNITED STATES,0.0
392544,UNITED STATES,0.0
392549,UNITED STATES,0.0
392553,UNITED STATES,0.0
392555,UNITED STATES,0.0
392556,UNITED STATES,0.0
392572,UNITED STATES,0.0
392580,UNITED STATES,0.0
392589,UNITED STATES,0.0
392608,UNITED STATES,1.0
392614,UNITED STATES,0.0
392618,UNITED STATES,0.0
392626,UNITED STATES,0.0
392629,UNITED STATES,0.0
392631,UNITED STATES,0.0
392638,UNITED STATES,0.0
392641,UNITED STATES,0.0
392646,UNITED STATES,0.0
392674,UNITED STATES,1.0
392682,UNITED STATES,0.0
392683,UNITED STATES,0.0
392685,UNITED STATES,0.0
392694,UNITED STATES,0.0
392695,UNITED STATES,0.0
392702,UNITED STATES,0.0
392705,UNITED STATES,0.0
392710,UNITED STATES,0.0
392711,UNITED STATES,0.0
392723,UNITED STATES,0.0
392724,UNITED STATES,0.0
392729,UNITED STATES,0.0
392739,UNITED STATES,0.0
392740,UNITED STATES,0.0
392741,UNITED STATES,0.0
392757,UNITED STATES,0.0
392758,UNITED STATES,0.0
392775,UNITED STATES,0.0
392781,UNITED STATES,0.0
392782,UNITED STATES,0.0
392788,UNITED STATES,0.0
392801,UNITED STATES,0.0
392830,UNITED STATES,0.0
392842,UNITED STATES,0.0
392851,UNITED STATES,0.0
392863,UNITED STATES,0.0
392868,UNITED STATES,0.0
392878,UNITED STATES,1.0
392880,UNITED STATES,0.0
392915,UNITED STATES,0.0
392928,UNITED STATES,0.0
392941,UNITED STATES,0.0
392964,UNITED STATES,0.0
392972,UNITED STATES,0.0
392980,UNITED STATES,1.0
392981,UNITED STATES,0.0
392993,UNITED STATES,0.0
393021,UNITED STATES,0.0
393025,UNITED STATES,0.0
393029,UNITED STATES,0.0
393039,UNITED STATES,0.0
393045,UNITED STATES,0.0
393054,UNITED STATES,0.0
393096,UNITED STATES,0.0
393099,UNITED STATES,0.0
393113,UNITED STATES,0.0
393122,UNITED STATES,0.0
393123,UNITED STATES,0.0
393126,UNITED STATES,0.0
393130,UNITED STATES,0.0
393136,UNITED STATES,0.0
393140,UNITED STATES,0.0
393144,UNITED STATES,0.0
393145,UNITED STATES,0.0
393149,UNITED STATES,0.0
393161,UNITED STATES,0.0
393162,UNITED STATES,0.0
393174,UNITED STATES,0.0
393177,UNITED STATES,0.0
393202,UNITED STATES,0.0
393212,UNITED STATES,0.0
393225,UNITED STATES,0.0
393229,UNITED STATES,0.0
393233,UNITED STATES,0.0
393239,UNITED STATES,0.0
393241,UNITED STATES,0.0
393243,UNITED STATES,0.0
393249,UNITED STATES,0.0
393278,UNITED STATES,0.0
393297,UNITED STATES,0.0
393300,UNITED STATES,0.0
393304,UNITED STATES,0.0
393309,UNITED STATES,0.0
393312,UNITED STATES,0.0
393318,UNITED STATES,0.0
393322,UNITED STATES,0.0
393329,UNITED STATES,0.0
393337,UNITED STATES,0.0
393340,UNITED STATES,0.0
393347,UNITED STATES,0.0
393387,UNITED STATES,0.0
393399,UNITED STATES,0.0
393401,UNITED STATES,0.0
393411,UNITED STATES,0.0
393435,UNITED STATES,0.0
393436,UNITED STATES,0.0
393439,UNITED STATES,0.0
393442,UNITED STATES,1.0
393443,UNITED STATES,0.0
393455,UNITED STATES,0.0
393457,UNITED STATES,0.0
393462,UNITED STATES,0.0
393465,UNITED STATES,0.0
393487,UNITED STATES,0.0
393496,UNITED STATES,0.0
393516,UNITED STATES,1.0
393534,UNITED STATES,1.0
393545,UNITED STATES,0.0
393557,UNITED STATES,0.0
393570,UNITED STATES,0.0
393589,UNITED STATES,0.0
393598,UNITED STATES,0.0
393604,UNITED STATES,0.0
393643,UNITED STATES,0.0
393651,UNITED STATES,0.0
393659,UNITED STATES,0.0
393685,UNITED STATES,0.0
393698,UNITED STATES,0.0
393716,UNITED STATES,0.0
393717,UNITED STATES,0.0
393720,UNITED STATES,0.0
393725,UNITED STATES,0.0
393727,UNITED STATES,0.0
393735,UNITED STATES,0.0
393738,UNITED STATES,0.0
393740,UNITED STATES,0.0
393747,UNITED STATES,0.0
393749,UNITED STATES,0.0
393754,UNITED STATES,0.0
393758,UNITED STATES,0.0
393768,UNITED STATES,0.0
393774,UNITED STATES,0.0
393780,UNITED STATES,0.0
393782,UNITED STATES,0.0
393787,UNITED STATES,0.0
393788,UNITED STATES,0.0
393794,UNITED STATES,0.0
393817,UNITED STATES,0.5
393818,UNITED STATES,0.0
393823,UNITED STATES,0.0
393835,UNITED STATES,0.0
393853,UNITED STATES,0.0
393863,UNITED STATES,0.0
393866,UNITED STATES,0.0
393873,UNITED STATES,0.0
393880,UNITED STATES,0.0
393884,UNITED STATES,0.0
393887,UNITED STATES,0.0
393903,UNITED STATES,0.0
393907,UNITED STATES,0.0
393911,UNITED STATES,0.0
393917,UNITED STATES,0.0
393923,UNITED STATES,0.0
393946,UNITED STATES,0.0
393958,UNITED STATES,0.0
393960,UNITED STATES,1.0
393969,UNITED STATES,0.0
393975,UNITED STATES,0.0
393979,UNITED STATES,0.0
393996,UNITED STATES,0.0
393997,UNITED STATES,0.0
393999,UNITED STATES,0.0
394018,UNITED STATES,0.0
394025,UNITED STATES,0.0
394043,UNITED STATES,0.0
394044,UNITED STATES,0.0
394061,UNITED STATES,0.0
394064,UNITED STATES,0.0
394080,UNITED STATES,0.0
394095,UNITED STATES,0.0
394097,UNITED STATES,0.0
394100,UNITED STATES,0.0
394111,UNITED STATES,0.0
394112,UNITED STATES,0.0
394117,UNITED STATES,0.0
394121,UNITED STATES,0.0
394133,UNITED STATES,0.0
394139,UNITED STATES,0.0
394141,UNITED STATES,0.0
394142,UNITED STATES,0.0
394143,UNITED STATES,0.0
394147,UNITED STATES,0.0
394151,UNITED STATES,0.0
394157,UNITED STATES,0.0
394161,UNITED STATES,0.0
394173,UNITED STATES,0.0
394187,UNITED STATES,0.0
394190,UNITED STATES,0.0
394199,UNITED STATES,0.0
394213,UNITED STATES,0.0
394221,UNITED STATES,0.0
394236,UNITED STATES,0.0
394237,UNITED STATES,0.0
394242,UNITED STATES,0.0
394245,UNITED STATES,0.0
394246,UNITED STATES,0.0
394249,UNITED STATES,0.0
394254,UNITED STATES,0.0
394260,UNITED STATES,0.0
394264,UNITED STATES,0.0
394276,UNITED STATES,1.0
394287,UNITED STATES,0.0
394289,UNITED STATES,0.0
394300,UNITED STATES,0.0
394302,UNITED STATES,0.0
394308,UNITED STATES,0.0
394312,UNITED STATES,0.0
394316,UNITED STATES,0.0
394317,UNITED STATES,0.0
394318,UNITED STATES,0.0
394320,UNITED STATES,0.5
394339,UNITED STATES,0.0
394340,UNITED STATES,0.0
394347,UNITED STATES,0.0
394370,UNITED STATES,0.0
394374,UNITED STATES,0.0
394376,UNITED STATES,0.5
394394,UNITED STATES,0.0
394413,UNITED STATES,0.0
394417,UNITED STATES,0.0
394433,UNITED STATES,0.0
394435,UNITED STATES,0.0
394450,UNITED STATES,0.0
394460,UNITED STATES,0.0
394474,UNITED STATES,0.0
394486,UNITED STATES,0.0
394491,UNITED STATES,0.0
394500,UNITED STATES,0.0
394511,UNITED STATES,0.0
394512,UNITED STATES,0.0
394517,UNITED STATES,0.0
394534,UNITED STATES,0.0
394546,UNITED STATES,0.0
394550,UNITED STATES,0.0
394562,UNITED STATES,0.0
394563,UNITED STATES,0.0
394567,UNITED STATES,0.0
394569,UNITED STATES,0.0
394570,UNITED STATES,0.0
394573,UNITED STATES,0.0
394577,UNITED STATES,0.0
394582,UNITED STATES,0.0
394603,UNITED STATES,0.0
394608,UNITED STATES,0.0
394631,UNITED STATES,0.0
394645,UNITED STATES,0.0
394652,UNITED STATES,0.0
394654,UNITED STATES,0.0
394666,UNITED STATES,0.0
394669,UNITED STATES,0.0
394674,UNITED STATES,0.0
394679,UNITED STATES,0.0
394680,UNITED STATES,0.0
394683,UNITED STATES,0.0
394690,UNITED STATES,0.0
394702,UNITED STATES,0.0
394721,UNITED STATES,0.0
394742,UNITED STATES,0.0
394743,UNITED STATES,0.0
394745,UNITED STATES,0.0
394747,UNITED STATES,0.0
394762,UNITED STATES,0.0
394768,UNITED STATES,0.0
394771,UNITED STATES,0.0
394778,UNITED STATES,0.0
394788,UNITED STATES,0.0
394792,UNITED STATES,0.0
394800,UNITED STATES,0.0
394803,UNITED STATES,0.0
394806,UNITED STATES,0.0
394818,UNITED STATES,0.0
394824,UNITED STATES,0.0
394840,UNITED STATES,0.0
394843,UNITED STATES,0.0
394858,UNITED STATES,0.0
394860,UNITED STATES,0.0
394876,UNITED STATES,0.0
394893,UNITED STATES,0.5
394899,UNITED STATES,0.0
394906,UNITED STATES,0.0
394908,UNITED STATES,0.0
394918,UNITED STATES,0.0
394921,UNITED STATES,0.0
394924,UNITED STATES,0.0
394930,UNITED STATES,0.0
394952,UNITED STATES,0.0
394953,UNITED STATES,0.0
394995,UNITED STATES,0.0
394999,UNITED STATES,0.0
395010,UNITED STATES,0.0
395012,UNITED STATES,0.0
395013,UNITED STATES,0.0
395015,UNITED STATES,0.0
395056,UNITED STATES,0.0
395059,UNITED STATES,1.0
395060,UNITED STATES,0.0
395061,UNITED STATES,0.0
395063,UNITED STATES,0.0
395066,UNITED STATES,0.0
395072,UNITED STATES,0.0
395076,UNITED STATES,0.0
395130,UNITED STATES,0.0
395134,UNITED STATES,1.0
395149,UNITED STATES,0.0
395162,UNITED STATES,1.0
395167,UNITED STATES,0.0
395170,UNITED STATES,0.0
395179,UNITED STATES,0.0
395189,UNITED STATES,0.0
395207,UNITED STATES,0.0
395224,UNITED STATES,1.0
395225,UNITED STATES,0.0
395230,UNITED STATES,0.0
395231,UNITED STATES,0.0
395236,UNITED STATES,1.0
395246,UNITED STATES,0.0
395247,UNITED STATES,0.0
395252,UNITED STATES,0.0
395259,UNITED STATES,0.0
395261,UNITED STATES,0.0
395266,UNITED STATES,0.0
395267,UNITED STATES,0.0
395272,UNITED STATES,0.0
395274,UNITED STATES,0.0
395282,UNITED STATES,0.0
395283,UNITED STATES,0.0
395286,UNITED STATES,0.0
395293,UNITED STATES,0.0
395302,UNITED STATES,0.0
395317,UNITED STATES,0.0
395321,UNITED STATES,0.0
395323,UNITED STATES,0.0
395343,UNITED STATES,0.0
395344,UNITED STATES,0.0
395354,UNITED STATES,0.0
395357,UNITED STATES,0.0
395363,UNITED STATES,1.0
395368,UNITED STATES,0.0
395373,UNITED STATES,0.0
395374,UNITED STATES,0.0
395381,UNITED STATES,0.0
395395,UNITED STATES,0.0
395400,UNITED STATES,0.0
395401,UNITED STATES,0.0
395423,UNITED STATES,0.0
395430,UNITED STATES,0.0
395434,UNITED STATES,0.0
395450,UNITED STATES,0.0
395457,UNITED STATES,0.0
395473,UNITED STATES,0.0
395476,UNITED STATES,0.0
395480,UNITED STATES,0.0
395491,UNITED STATES,0.0
395509,UNITED STATES,0.0
395511,UNITED STATES,0.0
395519,UNITED STATES,0.0
395536,UNITED STATES,0.0
395538,UNITED STATES,0.0
395541,UNITED STATES,0.0
395553,UNITED STATES,0.0
395558,UNITED STATES,0.0
395570,UNITED STATES,0.0
395575,UNITED STATES,0.0
395579,UNITED STATES,0.0
395586,UNITED STATES,1.0
395600,UNITED STATES,0.0
395602,UNITED STATES,0.0
395606,UNITED STATES,0.0
395622,UNITED STATES,0.5
395643,UNITED STATES,0.0
395652,UNITED STATES,0.0
395675,UNITED STATES,0.0
395682,UNITED STATES,0.0
395685,UNITED STATES,0.0
395695,UNITED STATES,0.0
395696,UNITED STATES,0.0
395699,UNITED STATES,0.0
395701,UNITED STATES,0.0
395725,UNITED STATES,0.0
395741,UNITED STATES,0.0
395751,UNITED STATES,0.0
395758,UNITED STATES,0.0
395760,UNITED STATES,0.0
395761,UNITED STATES,0.0
395798,UNITED STATES,1.0
395812,UNITED STATES,0.0
395822,UNITED STATES,0.0
395828,UNITED STATES,0.0
395830,UNITED STATES,0.0
395838,UNITED STATES,0.0
395864,UNITED STATES,0.0
395868,UNITED STATES,0.0
395875,UNITED STATES,0.0
395879,UNITED STATES,0.0
395888,UNITED STATES,0.0
395898,UNITED STATES,0.0
395911,UNITED STATES,0.0
395914,UNITED STATES,0.0
395924,UNITED STATES,0.0
395935,UNITED STATES,0.0
395958,UNITED STATES,0.0
395961,UNITED STATES,0.0
395969,UNITED STATES,0.0
395979,UNITED STATES,0.0
395999,UNITED STATES,0.0
396018,UNITED STATES,0.0
396023,UNITED STATES,0.0
396024,UNITED STATES,0.0
396028,UNITED STATES,0.0
396033,UNITED STATES,0.0
396056,UNITED STATES,0.0
396060,UNITED STATES,0.0
396069,UNITED STATES,0.0
396075,UNITED STATES,0.0
396087,UNITED STATES,0.0
396096,UNITED STATES,0.0
396110,UNITED STATES,0.0
396118,UNITED STATES,0.0
396120,UNITED STATES,0.0
396123,UNITED STATES,0.0
396137,UNITED STATES,0.0
396143,UNITED STATES,0.0
396150,UNITED STATES,0.0
396156,UNITED STATES,0.0
396157,UNITED STATES,0.0
396161,UNITED STATES,0.0
396170,UNITED STATES,0.0
396171,UNITED STATES,0.0
396183,UNITED STATES,0.0
396187,UNITED STATES,0.0
396217,UNITED STATES,0.0
396244,UNITED STATES,0.0
396258,UNITED STATES,0.0
396259,UNITED STATES,0.0
396263,UNITED STATES,0.0
396264,UNITED STATES,0.0
396287,UNITED STATES,0.0
396293,UNITED STATES,0.0
396314,UNITED STATES,0.0
396321,UNITED STATES,0.0
396328,UNITED STATES,0.0
396329,UNITED STATES,0.0
396331,UNITED STATES,0.0
396338,UNITED STATES,0.0
396347,UNITED STATES,0.0
396381,UNITED STATES,0.0
396397,UNITED STATES,0.0
396401,UNITED STATES,0.0
396424,UNITED STATES,0.0
396439,UNITED STATES,0.0
396459,UNITED STATES,0.0
396461,UNITED STATES,0.0
396464,UNITED STATES,0.0
396466,UNITED STATES,0.0
396476,UNITED STATES,1.0
396480,UNITED STATES,0.0
396489,UNITED STATES,0.0
396491,UNITED STATES,0.0
396513,UNITED STATES,0.0
396514,UNITED STATES,0.0
396516,UNITED STATES,0.0
396541,UNITED STATES,0.0
396551,UNITED STATES,0.0
396567,UNITED STATES,0.0
396570,UNITED STATES,0.0
396573,UNITED STATES,0.0
396579,UNITED STATES,1.0
396588,UNITED STATES,0.0
396596,UNITED STATES,0.0
396597,UNITED STATES,0.0
396607,UNITED STATES,0.0
396631,UNITED STATES,0.0
396660,UNITED STATES,0.0
396665,UNITED STATES,0.0
396673,UNITED STATES,0.0
396695,UNITED STATES,0.0
396720,UNITED STATES,0.0
396721,UNITED STATES,0.0
396725,UNITED STATES,0.0
396730,UNITED STATES,0.0
396732,UNITED STATES,0.0
396769,UNITED STATES,0.0
396770,UNITED STATES,0.0
396777,UNITED STATES,0.0
396798,UNITED STATES,0.0
396805,UNITED STATES,0.0
396806,UNITED STATES,0.0
396815,UNITED STATES,0.0
396823,UNITED STATES,0.0
396824,UNITED STATES,0.0
396828,UNITED STATES,0.0
396836,UNITED STATES,0.0
396837,UNITED STATES,0.0
396840,UNITED STATES,0.0
396842,UNITED STATES,0.0
396860,UNITED STATES,0.0
396866,UNITED STATES,0.0
396879,UNITED STATES,0.0
396889,UNITED STATES,0.0
396890,UNITED STATES,0.0
396906,UNITED STATES,0.0
396915,UNITED STATES,0.0
396918,UNITED STATES,0.0
396921,UNITED STATES,0.0
396930,UNITED STATES,0.0
396940,UNITED STATES,0.0
396943,UNITED STATES,0.0
396949,UNITED STATES,0.0
396953,UNITED STATES,0.0
396955,UNITED STATES,0.0
396959,UNITED STATES,0.0
396960,UNITED STATES,0.0
396978,UNITED STATES,0.0
396982,UNITED STATES,0.0
396997,UNITED STATES,0.0
397002,UNITED STATES,0.0
397004,UNITED STATES,0.0
397008,UNITED STATES,0.0
397013,UNITED STATES,0.0
397026,UNITED STATES,0.0
397043,UNITED STATES,0.0
397055,UNITED STATES,0.0
397069,UNITED STATES,0.0
397072,UNITED STATES,0.0
397076,UNITED STATES,0.0
397078,UNITED STATES,0.0
397093,UNITED STATES,0.0
397109,UNITED STATES,0.0
397114,UNITED STATES,0.0
397121,UNITED STATES,0.0
397126,UNITED STATES,0.0
397129,UNITED STATES,0.0
397148,UNITED STATES,0.0
397154,UNITED STATES,0.0
397168,UNITED STATES,0.0
397175,UNITED STATES,0.0
397179,UNITED STATES,0.0
397184,UNITED STATES,0.0
397200,UNITED STATES,0.0
397201,UNITED STATES,0.0
397202,UNITED STATES,0.0
397208,UNITED STATES,0.0
397218,UNITED STATES,0.0
397230,UNITED STATES,0.0
397231,UNITED STATES,0.0
397243,UNITED STATES,0.0
397246,UNITED STATES,0.0
397250,UNITED STATES,1.0
397252,UNITED STATES,0.0
397262,UNITED STATES,0.0
397266,UNITED STATES,0.0
397286,UNITED STATES,0.0
397290,UNITED STATES,0.0
397298,UNITED STATES,0.0
397310,UNITED STATES,0.0
397326,UNITED STATES,0.0
397346,UNITED STATES,0.0
397349,UNITED STATES,0.0
397374,UNITED STATES,0.0
397381,UNITED STATES,0.0
397382,UNITED STATES,0.0
397385,UNITED STATES,0.0
397391,UNITED STATES,0.0
397392,UNITED STATES,0.0
397396,UNITED STATES,0.0
397400,UNITED STATES,0.0
397403,UNITED STATES,0.0
397415,UNITED STATES,0.5
397429,UNITED STATES,0.0
397431,UNITED STATES,0.0
397434,UNITED STATES,0.0
397444,UNITED STATES,0.0
397446,UNITED STATES,0.0
397464,UNITED STATES,0.0
397476,UNITED STATES,0.0
397483,UNITED STATES,0.0
397493,UNITED STATES,0.0
397496,UNITED STATES,0.0
397502,UNITED STATES,0.0
397514,UNITED STATES,0.0
397538,UNITED STATES,0.0
397552,UNITED STATES,0.0
397561,UNITED STATES,0.0
397563,UNITED STATES,0.0
397571,UNITED STATES,0.0
397607,UNITED STATES,0.0
397627,UNITED STATES,0.0
397634,UNITED STATES,0.0
397638,UNITED STATES,0.0
397640,UNITED STATES,0.0
397650,UNITED STATES,0.0
397668,UNITED STATES,0.0
397675,UNITED STATES,0.0
397686,UNITED STATES,0.0
397687,UNITED STATES,0.0
397695,UNITED STATES,0.0
397698,UNITED STATES,0.0
397707,UNITED STATES,0.0
397735,UNITED STATES,0.0
397748,UNITED STATES,0.0
397750,UNITED STATES,0.0
397763,UNITED STATES,0.0
397773,UNITED STATES,0.0
397797,UNITED STATES,0.0
397802,UNITED STATES,0.0
397808,UNITED STATES,0.0
397813,UNITED STATES,0.0
397818,UNITED STATES,0.0
397829,UNITED STATES,0.0
397852,UNITED STATES,0.0
397853,UNITED STATES,0.0
397863,UNITED STATES,0.0
397879,UNITED STATES,0.0
397881,UNITED STATES,0.0
397882,UNITED STATES,0.0
397883,UNITED STATES,0.0
397901,UNITED STATES,0.0
397932,UNITED STATES,0.0
397934,UNITED STATES,0.0
397948,UNITED STATES,0.0
397966,UNITED STATES,0.0
397988,UNITED STATES,0.0
397991,UNITED STATES,0.0
398009,UNITED STATES,0.0
398021,UNITED STATES,0.0
398022,UNITED STATES,0.0
398046,UNITED STATES,0.0
398065,UNITED STATES,0.0
398069,UNITED STATES,1.0
398081,UNITED STATES,0.0
398084,UNITED STATES,0.0
398086,UNITED STATES,0.0
398102,UNITED STATES,0.0
398122,UNITED STATES,0.0
398126,UNITED STATES,0.0
398133,UNITED STATES,0.0
398152,UNITED STATES,0.0
398164,UNITED STATES,0.0
398172,UNITED STATES,0.0
398177,UNITED STATES,1.0
398184,UNITED STATES,0.0
398204,UNITED STATES,0.0
398206,UNITED STATES,0.0
398224,UNITED STATES,0.0
398226,UNITED STATES,0.0
398275,UNITED STATES,0.0
398292,UNITED STATES,0.0
398319,UNITED STATES,0.0
398361,UNITED STATES,0.0
398370,UNITED STATES,0.0
398386,UNITED STATES,0.0
398397,UNITED STATES,0.0
398399,UNITED STATES,0.0
398400,UNITED STATES,0.0
398402,UNITED STATES,1.0
398429,UNITED STATES,0.0
398430,UNITED STATES,0.0
398434,UNITED STATES,0.0
398436,UNITED STATES,0.0
398441,UNITED STATES,0.0
398443,UNITED STATES,0.0
398467,UNITED STATES,0.0
398470,UNITED STATES,0.0
398473,UNITED STATES,0.0
398478,UNITED STATES,0.0
398493,UNITED STATES,0.0
398497,UNITED STATES,0.0
398498,UNITED STATES,0.0
398510,UNITED STATES,0.0
398511,UNITED STATES,0.0
398520,UNITED STATES,0.0
398532,UNITED STATES,0.0
398536,UNITED STATES,0.0
398539,UNITED STATES,0.0
398542,UNITED STATES,0.0
398546,UNITED STATES,0.0
398551,UNITED STATES,0.0
398554,UNITED STATES,0.0
398575,UNITED STATES,0.0
398585,UNITED STATES,0.0
398586,UNITED STATES,0.0
398588,UNITED STATES,0.0
398590,UNITED STATES,0.0
398595,UNITED STATES,0.0
398599,UNITED STATES,0.0
398600,UNITED STATES,0.0
398602,UNITED STATES,0.0
398613,UNITED STATES,0.0
398622,UNITED STATES,0.0
398631,UNITED STATES,0.0
398644,UNITED STATES,0.0
398675,UNITED STATES,0.0
398692,UNITED STATES,0.0
398694,UNITED STATES,0.0
398702,UNITED STATES,0.0
398705,UNITED STATES,0.0
398713,UNITED STATES,0.0
398730,UNITED STATES,0.0
398735,UNITED STATES,0.0
398741,UNITED STATES,0.0
398743,UNITED STATES,0.0
398744,UNITED STATES,0.0
398751,UNITED STATES,0.0
398757,UNITED STATES,0.0
398791,UNITED STATES,0.0
398805,UNITED STATES,0.0
398809,UNITED STATES,0.0
398843,UNITED STATES,0.0
398860,UNITED STATES,0.0
398867,UNITED STATES,0.0
398882,UNITED STATES,0.0
398884,UNITED STATES,0.0
398909,UNITED STATES,0.0
398911,UNITED STATES,0.0
398912,UNITED STATES,0.0
398937,UNITED STATES,0.0
398966,UNITED STATES,0.0
398968,UNITED STATES,0.0
398974,UNITED STATES,0.0
398993,UNITED STATES,0.0
398996,UNITED STATES,0.0
398999,UNITED STATES,0.0
399045,UNITED STATES,0.0
399054,UNITED STATES,0.0
399063,UNITED STATES,0.0
399072,UNITED STATES,0.0
399082,UNITED STATES,0.0
399096,UNITED STATES,0.0
399100,UNITED STATES,0.0
399104,UNITED STATES,0.0
399117,UNITED STATES,0.0
399153,UNITED STATES,0.0
399158,UNITED STATES,0.0
399172,UNITED STATES,0.0
399190,UNITED STATES,0.0
399194,UNITED STATES,0.0
399196,UNITED STATES,0.0
399199,UNITED STATES,0.0
399206,UNITED STATES,0.0
399207,UNITED STATES,0.0
399219,UNITED STATES,0.0
399235,UNITED STATES,0.0
399243,UNITED STATES,0.0
399251,UNITED STATES,0.0
399274,UNITED STATES,0.0
399281,UNITED STATES,0.0
399282,UNITED STATES,0.0
399284,UNITED STATES,0.0
399288,UNITED STATES,0.0
399289,UNITED STATES,0.0
399296,UNITED STATES,0.0
399305,UNITED STATES,0.0
399309,UNITED STATES,0.0
399319,UNITED STATES,0.0
399327,UNITED STATES,0.0
399331,UNITED STATES,0.0
399333,UNITED STATES,0.0
399358,UNITED STATES,1.0
399361,UNITED STATES,0.0
399382,UNITED STATES,0.0
399383,UNITED STATES,0.0
399410,UNITED STATES,0.0
399426,UNITED STATES,0.0
399441,UNITED STATES,0.0
399456,UNITED STATES,0.0
399466,UNITED STATES,0.0
399479,UNITED STATES,0.0
399480,UNITED STATES,0.0
399487,UNITED STATES,0.0
399513,UNITED STATES,0.0
399545,UNITED STATES,0.0
399547,UNITED STATES,0.0
399549,UNITED STATES,0.0
399555,UNITED STATES,0.0
399556,UNITED STATES,0.0
399578,UNITED STATES,0.0
399581,UNITED STATES,0.0
399584,UNITED STATES,0.0
399590,UNITED STATES,0.0
399598,UNITED STATES,0.0
399601,UNITED STATES,0.0
399628,UNITED STATES,0.0
399629,UNITED STATES,0.0
399657,UNITED STATES,0.0
399672,UNITED STATES,0.0
399676,UNITED STATES,0.0
399688,UNITED STATES,0.0
399689,UNITED STATES,0.0
399705,UNITED STATES,0.0
399709,UNITED STATES,0.0
399711,UNITED STATES,0.0
399714,UNITED STATES,0.0
399720,UNITED STATES,0.0
399731,UNITED STATES,0.0
399734,UNITED STATES,0.0
399739,UNITED STATES,0.0
399748,UNITED STATES,0.0
399751,UNITED STATES,0.0
399752,UNITED STATES,0.0
399756,UNITED STATES,0.0
399767,UNITED STATES,0.0
399778,UNITED STATES,0.0
399785,UNITED STATES,1.0
399818,UNITED STATES,0.0
399821,UNITED STATES,0.0
399824,UNITED STATES,0.0
399833,UNITED STATES,0.0
399840,UNITED STATES,0.0
399846,UNITED STATES,0.0
399855,UNITED STATES,0.0
399856,UNITED STATES,0.0
399888,UNITED STATES,0.0
399891,UNITED STATES,0.0
399892,UNITED STATES,0.0
399897,UNITED STATES,0.0
399900,UNITED STATES,0.0
399929,UNITED STATES,0.0
399933,UNITED STATES,0.0
399943,UNITED STATES,0.0
399949,UNITED STATES,0.0
399971,UNITED STATES,0.0
399972,UNITED STATES,0.0
399976,UNITED STATES,0.0
399988,UNITED STATES,0.0
400002,UNITED STATES,0.0
400004,UNITED STATES,0.0
400005,UNITED STATES,0.0
400021,UNITED STATES,0.0
400025,UNITED STATES,0.0
400034,INDIA,0.0
400036,INDIA,0.0
400042,INDIA,0.0
400062,UNITED STATES,0.0
400063,UNITED STATES,0.5
400069,MALAYSIA,0.0
400084,UNITED STATES,1.0
400120,UNITED STATES,0.0
400125,UNITED STATES,0.0
400134,UNITED STATES,0.0
400151,UNITED STATES,0.0
400166,UNITED STATES,0.0
400168,BRAZIL,0.0
400175,UNITED STATES,0.0
400177,UNITED STATES,0.0
400183,UNITED STATES,0.0
400186,UNITED STATES,0.0
400196,BRAZIL,0.0
400197,UNITED STATES,0.0
400209,UNITED STATES,0.0
400224,UNITED STATES,0.0
400226,UNITED STATES,0.0
400230,AUSTRALIA,0.0
400237,UNITED STATES,0.0
400255,UNITED STATES,0.0
400262,UNITED STATES,0.0
400263,UNITED STATES,0.0
400280,UNITED STATES,0.0
400283,UNITED STATES,0.0
400285,UNITED STATES,0.0
400295,UNITED STATES,0.0
400311,ITALY,0.0
400325,ITALY,0.0
400326,JAPAN,0.0
400332,ITALY,0.0
400334,ITALY,0.0
400342,UNITED STATES,0.0
400368,UNITED STATES,0.0
400380,UNITED STATES,0.0
400382,UNITED STATES,0.0
400388,UNITED STATES,0.0
400391,UNITED STATES,0.0
400401,UNITED STATES,0.0
400403,UNITED STATES,0.0
400416,UNITED STATES,0.0
400432,UNITED STATES,0.0
400443,MEXICO,0.0
400445,UNITED STATES,0.0
400454,BRAZIL,0.0
400455,BRAZIL,0.0
400460,UNITED STATES,0.0
400473,BRAZIL,0.0
400500,UNITED STATES,0.0
400501,UNITED STATES,0.0
400515,CHINA,0.0
400526,UNITED STATES,1.0
400527,UNITED STATES,1.0
400554,UNITED STATES,0.0
400560,UNITED STATES,0.0
400578,CHINA,0.0
400600,UNITED STATES,0.0
400614,UNITED STATES,0.0
400618,UNITED STATES,0.0
400626,UNITED KINGDOM,0.0
400637,BRAZIL,0.0
400645,BRAZIL,0.0
400658,UNITED STATES,0.0
400721,UNITED STATES,0.0
400737,UNITED STATES,0.0
400753,UNITED STATES,0.0
400764,UNITED STATES,0.0
400779,UNITED STATES,0.0
400784,UNITED STATES,0.0
400819,MEXICO,0.0
400867,UNITED STATES,0.0
400870,UNITED STATES,0.0
400873,UNITED STATES,0.0
400878,UNITED STATES,0.0
400903,SINGAPORE,0.0
400966,UNITED STATES,0.0
400972,UNITED STATES,0.0
401050,UNITED STATES,0.0
401055,UNITED STATES,0.0
401102,UNITED STATES,0.0
401116,UNITED STATES,0.0
401118,UNITED STATES,0.0
401121,UNITED STATES,0.0
401125,UNITED STATES,0.0
401141,UNITED STATES,0.0
401146,BRAZIL,0.0
401153,UNITED STATES,0.0
401169,UNITED STATES,0.0
401179,BRAZIL,0.0
401185,UNITED STATES,0.0
401187,UNITED STATES,0.0
401195,UNITED STATES,0.0
401246,UNITED STATES,0.0
401257,UNITED STATES,0.0
401271,UNITED STATES,0.0
401277,UNITED STATES,0.0
401279,UNITED STATES,0.0
401284,UNITED STATES,0.0
401303,UNITED STATES,0.0
401331,UNITED STATES,0.0
401347,INDIA,0.0
401372,UNITED STATES,0.0
401373,UNITED STATES,0.0
401386,UNITED STATES,0.0
401389,UNITED STATES,0.0
401396,UNITED STATES,0.0
401408,UNITED STATES,0.0
401410,UNITED STATES,0.0
401420,UNITED STATES,1.0
401434,UNITED STATES,0.0
401439,UNITED STATES,0.0
401448,UNITED STATES,0.0
401458,UNITED STATES,0.0
401466,UNITED STATES,0.0
401473,UNITED STATES,0.0
401488,UNITED STATES,0.0
401495,UNITED STATES,0.0
401496,UNITED STATES,0.0
401514,UNITED STATES,0.0
401523,UNITED STATES,0.0
401529,UNITED STATES,0.0
401530,UNITED KINGDOM,0.0
401540,UNITED STATES,0.0
401553,BRAZIL,0.0
401558,GERMANY,1.0
401563,BRAZIL,0.0
401566,MEXICO,0.0
401578,INDIA,0.0
401582,UNITED STATES,0.0
401613,INDIA,0.0
401615,UNITED STATES,0.0
401638,UNITED STATES,0.0
401646,INDIA,1.0
401657,UNITED STATES,0.0
401679,UNITED STATES,0.0
401687,UNITED STATES,0.0
401695,UNITED STATES,0.0
401701,UNITED STATES,0.0
401711,INDIA,1.0
401721,UNITED STATES,0.0
401723,UNITED STATES,0.0
401756,UNITED STATES,0.0
401782,UNITED STATES,0.0
401783,UNITED STATES,0.0
401794,UNITED STATES,0.0
401804,UNITED STATES,0.0
401810,ITALY,0.0
401826,UNITED STATES,0.0
401841,UNITED STATES,0.0
401860,INDIA,0.0
401875,ITALY,0.0
401892,UNITED STATES,0.0
401913,UNITED KINGDOM,0.0
401954,UNITED STATES,0.0
401963,UNITED STATES,0.0
401967,UNITED STATES,0.0
401974,UNITED STATES,0.0
401980,CHINA,0.0
401981,UNITED STATES,0.0
402006,RUSSIAN FEDERATION,0.0
402009,UNITED STATES,0.0
402042,ITALY,0.0
402043,ITALY,0.0
402052,UNITED STATES,0.0
402065,UNITED STATES,0.0
402076,UNITED STATES,0.0
402084,UNITED STATES,0.0
402095,UNITED STATES,0.0
402138,UNITED STATES,0.0
402149,UNITED STATES,0.0
402158,UNITED STATES,0.0
402184,UNITED STATES,0.0
402198,UNITED STATES,0.0
402201,UNITED STATES,0.0
402203,UNITED STATES,0.0
402206,UNITED STATES,0.0
402239,UNITED STATES,0.0
402248,UNITED STATES,0.0
402250,UNITED STATES,0.0
402258,UNITED STATES,0.0
402264,UNITED STATES,0.0
402290,ITALY,0.0
402296,UNITED STATES,0.0
402298,UNITED STATES,0.0
402305,UNITED STATES,0.0
402312,RUSSIAN FEDERATION,0.0
402313,RUSSIAN FEDERATION,0.0
402319,UNITED STATES,0.0
402344,UNITED STATES,0.0
402360,ITALY,0.0
402394,RUSSIAN FEDERATION,0.0
402398,UNITED KINGDOM,0.0
402406,UNITED STATES,0.0
402421,UNITED STATES,0.0
402422,UNITED STATES,0.0
402444,UNITED STATES,0.0
402447,UNITED STATES,0.0
402497,UNITED STATES,0.0
402500,MALAYSIA,0.0
402521,UNITED KINGDOM,0.0
402536,KENYA,0.0
402547,ITALY,0.0
402549,RUSSIAN FEDERATION,0.0
402575,UNITED STATES,0.0
402576,UNITED STATES,0.0
402602,UNITED STATES,0.0
402648,UNITED STATES,0.0
402658,CHINA,0.0
402670,INDIA,1.0
402691,UNITED STATES,0.0
402692,UNITED STATES,0.0
402700,UNITED STATES,0.0
402702,BRAZIL,0.0
402709,UNITED STATES,0.0
402712,UNITED STATES,0.0
402731,UKRAINE,0.0
402743,INDIA,0.0
402744,INDIA,0.0
402827,UNITED STATES,0.0
402831,UNITED STATES,0.0
402833,UNITED STATES,0.0
402846,UNITED STATES,0.0
402853,INDIA,0.0
402863,UNITED STATES,0.0
402869,UNITED STATES,0.0
402883,UNITED STATES,0.0
402897,UNITED STATES,0.0
402906,UNITED STATES,0.0
402907,BRAZIL,0.0
402909,RUSSIAN FEDERATION,1.0
402922,RUSSIAN FEDERATION,0.0
402926,UNITED STATES,0.0
402931,UNITED STATES,0.0
402949,RUSSIAN FEDERATION,0.0
402961,UKRAINE,0.0
402963,INDIA,0.0
402964,UKRAINE,0.0
402971,UNITED STATES,0.0
402994,RUSSIAN FEDERATION,0.0
403032,ITALY,0.0
403037,UNITED STATES,0.0
403042,UNITED STATES,0.0
403060,UNITED STATES,0.0
403065,UNITED STATES,0.0
403075,UNITED STATES,0.0
403084,UNITED STATES,0.0
403091,RUSSIAN FEDERATION,0.0
403102,UNITED STATES,0.0
403120,UNITED STATES,0.0
403129,UNITED STATES,0.0
403137,UNITED STATES,0.0
403146,UNITED STATES,0.0
403171,UNITED STATES,0.0
403176,UNITED STATES,0.0
403197,UNITED STATES,0.0
403205,UNITED STATES,0.0
403221,UNITED STATES,0.0
403233,UNITED STATES,0.0
403236,BRAZIL,1.0
403275,UNITED STATES,0.0
403291,UNITED STATES,0.0
403300,UNITED STATES,0.0
403301,UNITED STATES,0.0
403316,BRAZIL,0.0
403339,BRAZIL,0.0
403355,BRAZIL,0.0
403379,CHINA,0.0
403388,CHINA,0.0
403392,CHINA,0.0
403398,INDIA,0.0
403400,UNITED STATES,0.0
403433,UNITED STATES,0.0
403441,UNITED STATES,0.0
403443,UNITED STATES,0.0
403451,UNITED STATES,0.0
403463,UNITED STATES,0.0
403466,UNITED STATES,0.0
403482,UNITED STATES,0.0
403487,UNITED STATES,0.0
403534,BRAZIL,0.0
403568,UNITED STATES,0.0
403572,GERMANY,0.0
403618,SINGAPORE,0.0
403631,UNITED STATES,0.0
403635,UNITED STATES,0.0
403644,UNITED STATES,0.0
403645,UNITED STATES,0.0
403648,UNITED STATES,0.0
403654,UNITED STATES,0.0
403661,UNITED STATES,0.0
403676,RUSSIAN FEDERATION,0.0
403710,UNITED STATES,0.0
403724,UNITED STATES,0.0
403739,UNITED STATES,1.0
403744,UNITED STATES,0.0
403748,INDIA,0.0
403749,INDIA,0.0
403768,UNITED STATES,0.0
403770,UNITED STATES,0.0
403775,CHINA,0.0
403798,UNITED STATES,0.0
403805,RUSSIAN FEDERATION,0.0
403829,RUSSIAN FEDERATION,0.0
403835,UNITED STATES,0.0
403843,RUSSIAN FEDERATION,0.0
403844,UNITED STATES,0.0
403870,UNITED STATES,0.0
403874,RUSSIAN FEDERATION,0.0
403875,INDIA,0.0
403896,RUSSIAN FEDERATION,0.0
403900,UNITED STATES,0.0
403910,UNITED STATES,0.0
403920,UNITED STATES,0.0
403932,UNITED STATES,0.0
403934,UNITED STATES,0.0
403937,INDIA,0.0
403959,UNITED STATES,0.0
403971,UNITED STATES,0.0
403986,UNITED STATES,0.0
403989,UNITED STATES,0.0
404000,BRAZIL,0.0
404010,UNITED STATES,1.0
404038,UNITED STATES,0.0
404044,UNITED STATES,0.0
404055,UNITED STATES,1.0
404067,UNITED STATES,0.0
404078,UNITED STATES,0.0
404079,BRAZIL,0.0
404080,UNITED STATES,0.0
404085,UNITED STATES,0.0
404089,UNITED STATES,0.0
404158,CHINA,0.0
404163,GERMANY,0.0
404197,RUSSIAN FEDERATION,0.0
404201,UNITED STATES,0.0
404221,UNITED STATES,0.0
404222,UNITED STATES,0.0
404233,UNITED STATES,1.0
404235,UNITED STATES,0.0
404241,INDIA,0.0
404251,ITALY,0.0
404262,UKRAINE,0.0
404267,RUSSIAN FEDERATION,0.0
404268,RUSSIAN FEDERATION,0.0
404273,UNITED STATES,0.0
404285,UNITED STATES,0.0
404335,UNITED STATES,0.0
404345,UNITED STATES,0.0
404364,UNITED STATES,0.0
404396,UNITED STATES,0.0
404401,UNITED STATES,0.0
404413,UNITED STATES,0.0
404423,UNITED STATES,0.3333333333333333
404461,UNITED STATES,0.0
404513,UNITED STATES,0.0
404531,UNITED STATES,0.0
404533,UNITED STATES,0.0
404537,UNITED STATES,0.0
404540,UNITED STATES,0.0
404546,GERMANY,0.0
404554,UNITED STATES,0.0
404579,UNITED STATES,0.0
404580,UNITED STATES,0.0
404583,UNITED KINGDOM,0.0
404602,UNITED STATES,0.0
404606,UNITED STATES,0.0
404608,UNITED STATES,0.0
404614,UNITED STATES,0.0
404616,UNITED STATES,0.0
404617,UNITED STATES,0.0
404624,UNITED STATES,0.0
404626,UNITED STATES,0.0
404627,UNITED STATES,0.0
404641,UNITED STATES,0.0
404657,UNITED STATES,0.0
404661,UNITED STATES,0.0
404666,UNITED STATES,0.0
404667,RUSSIAN FEDERATION,0.0
404671,UNITED STATES,0.0
404673,UNITED STATES,0.0
404677,UNITED STATES,0.0
404699,UNITED STATES,0.0
404717,UNITED STATES,0.0
404731,UNITED STATES,0.0
404757,RUSSIAN FEDERATION,0.0
404814,UNITED STATES,0.0
404869,BRAZIL,1.0
404879,UKRAINE,0.0
404940,AUSTRALIA,0.0
404946,JAPAN,0.0
404954,UNITED STATES,0.0
404955,UNITED STATES,0.0
404970,UNITED KINGDOM,0.0
404974,UNITED STATES,0.0
404999,UNITED STATES,0.0
405008,UNITED STATES,0.0
405018,UNITED STATES,0.0
405023,INDIA,0.0
405041,UNITED STATES,0.0
405047,UNITED STATES,0.0
405065,RUSSIAN FEDERATION,0.0
405067,MEXICO,0.0
405074,UNITED STATES,0.0
405083,UNITED STATES,0.0
405096,UNITED STATES,0.0
405098,UNITED STATES,0.0
405111,UNITED STATES,1.0
405126,UNITED STATES,0.0
405139,UNITED STATES,0.0
405141,UNITED STATES,0.0
405154,UNITED STATES,0.0
405265,INDIA,0.0
405279,UNITED STATES,0.0
405289,UNITED STATES,0.0
405291,UNITED STATES,0.0
405297,UNITED STATES,0.0
405300,UNITED STATES,0.0
405336,UNITED STATES,0.0
405359,UNITED STATES,0.0
405381,UNITED STATES,0.0
405403,UNITED STATES,0.0
405411,UNITED STATES,0.0
405418,UNITED STATES,0.0
405429,UNITED STATES,0.0
405458,UNITED STATES,0.0
405493,PAKISTAN,1.0
405495,UNITED STATES,0.0
405501,UNITED STATES,0.0
405507,UNITED STATES,0.0
405548,UNITED STATES,0.0
405558,UNITED STATES,0.0
405560,UNITED STATES,0.0
405562,UNITED STATES,0.0
405567,UNITED STATES,0.0
405569,UNITED STATES,0.0
405591,BRAZIL,0.0
405606,UNITED KINGDOM,0.0
405610,UNITED STATES,0.0
405669,RUSSIAN FEDERATION,1.0
405687,FRANCE,0.0
405713,UNITED STATES,0.0
405722,UNITED STATES,0.0
405732,UNITED STATES,0.0
405733,UNITED STATES,0.0
405736,GERMANY,0.0
405767,UNITED STATES,0.0
405805,UNITED STATES,0.0
405830,UNITED STATES,0.0
405855,RUSSIAN FEDERATION,0.0
405863,UNITED STATES,0.0
405869,RUSSIAN FEDERATION,0.0
405883,BRAZIL,0.0
405903,PAKISTAN,0.0
405942,FRANCE,0.0
405943,FRANCE,0.0
405956,UNITED STATES,0.0
405981,BRAZIL,0.0
406000,UNITED STATES,0.0
406003,UNITED STATES,0.0
406010,UNITED STATES,0.0
406013,UNITED STATES,0.0
406030,UNITED STATES,0.0
406042,UNITED STATES,0.0
406047,UNITED STATES,0.3333333333333333
406049,UNITED STATES,0.0
406072,UNITED STATES,0.0
406075,UNITED STATES,0.0
406140,RUSSIAN FEDERATION,0.0
406150,RUSSIAN FEDERATION,0.0
406155,BRAZIL,0.0
406201,UNITED STATES,0.0
406202,UNITED STATES,0.0
406228,INDIA,0.0
406248,RUSSIAN FEDERATION,0.0
406273,AUSTRALIA,0.0
406279,ITALY,0.0
406314,ITALY,0.0
406317,UNITED STATES,0.0
406339,AUSTRALIA,0.0
406352,UNITED STATES,0.0
406363,UNITED STATES,0.0
406395,UNITED STATES,0.0
406411,UNITED STATES,0.0
406442,RUSSIAN FEDERATION,1.0
406463,SINGAPORE,0.0
406465,BRAZIL,0.0
406504,UNITED STATES,0.0
406513,UNITED STATES,0.0
406527,UNITED STATES,0.0
406534,UNITED STATES,0.0
406535,UNITED STATES,0.0
406545,UNITED STATES,0.0
406548,UNITED STATES,0.0
406551,UNITED STATES,0.0
406553,UNITED STATES,0.0
406563,FRANCE,0.0
406568,FRANCE,0.0
406582,UNITED STATES,0.0
406592,UNITED STATES,0.0
406629,UNITED STATES,0.0
406635,UNITED STATES,0.0
406639,UNITED STATES,0.0
406643,UNITED STATES,0.0
406648,UNITED STATES,0.0
406672,UNITED STATES,0.0
406693,UNITED STATES,0.0
406710,ITALY,0.0
406738,UNITED STATES,0.0
406759,UKRAINE,0.0
406782,CHINA,0.0
406790,SINGAPORE,0.0
406796,UNITED STATES,0.0
406813,UNITED STATES,0.0
406815,UNITED STATES,0.0
406818,UNITED STATES,0.0
406819,UNITED STATES,0.0
406820,UNITED STATES,0.0
406821,UNITED STATES,0.0
406822,UNITED STATES,0.0
406837,UNITED STATES,0.0
406844,UNITED STATES,0.0
406846,UNITED STATES,0.0
406848,UNITED STATES,0.0
406852,UNITED STATES,0.0
406905,KENYA,0.0
406972,UNITED STATES,0.0
406973,UNITED STATES,0.0
406980,RUSSIAN FEDERATION,0.0
406989,UKRAINE,0.0
407000,UNITED STATES,0.0
407001,UNITED STATES,0.0
407004,UNITED STATES,0.0
407011,UNITED STATES,0.0
407025,UNITED STATES,0.0
407032,UNITED STATES,0.0
407040,UNITED STATES,0.0
407046,UNITED STATES,0.0
407074,UNITED STATES,0.0
407077,UNITED STATES,0.0
407098,UNITED STATES,0.0
407104,UNITED STATES,0.0
407141,UNITED STATES,0.0
407143,UNITED STATES,0.0
407151,UNITED STATES,0.0
407158,UNITED STATES,0.0
407161,UNITED STATES,0.0
407181,UNITED STATES,0.0
407184,UNITED STATES,0.0
407194,UNITED STATES,0.0
407202,UNITED STATES,0.0
407204,UNITED STATES,0.0
407225,UNITED STATES,0.0
407235,BRAZIL,0.0
407250,UNITED STATES,0.0
407255,UNITED STATES,0.0
407272,UNITED STATES,1.0
407279,UNITED STATES,0.0
407285,UNITED STATES,0.0
407311,UNITED STATES,0.0
407337,UNITED STATES,0.0
407340,UNITED STATES,0.0
407350,UNITED STATES,0.0
407352,INDIA,0.0
407384,UNITED STATES,0.0
407402,GERMANY,0.0
407413,KENYA,0.0
407414,BRAZIL,0.0
407430,UNITED STATES,0.0
407435,UKRAINE,0.0
407484,INDIA,0.0
407485,UNITED STATES,0.0
407504,UNITED STATES,0.0
407508,UNITED STATES,0.5
407515,UNITED STATES,0.0
407519,UNITED STATES,0.0
407529,UNITED STATES,0.0
407550,UNITED STATES,0.0
407553,UNITED STATES,0.0
407563,UNITED STATES,0.0
407564,RUSSIAN FEDERATION,0.0
407611,UNITED STATES,0.0
407624,UNITED STATES,0.0
407638,UNITED STATES,1.0
407649,UNITED STATES,0.0
407651,INDIA,0.0
407652,INDIA,0.0
407707,UNITED STATES,0.0
407741,KENYA,0.0
407756,UNITED STATES,0.0
407759,UNITED STATES,0.0
407771,INDIA,0.0
407783,UNITED STATES,0.0
407784,UNITED STATES,0.0
407793,UNITED STATES,0.0
407801,BRAZIL,0.0
407809,UNITED STATES,0.0
407827,UNITED STATES,0.0
407834,BRAZIL,0.0
407868,UNITED STATES,0.0
407889,UNITED STATES,0.0
407892,UNITED STATES,0.0
407893,UNITED STATES,0.0
407895,UNITED STATES,0.0
407906,UNITED KINGDOM,0.0
407934,GERMANY,0.0
407936,UNITED STATES,0.0
407940,UNITED STATES,0.0
407960,UNITED STATES,0.0
407970,UNITED STATES,0.0
408022,UNITED STATES,0.0
408031,UNITED STATES,0.0
408037,UNITED STATES,0.0
408041,UNITED STATES,0.0
408052,UNITED STATES,0.0
408056,RUSSIAN FEDERATION,0.0
408086,UNITED STATES,0.0
408120,UNITED STATES,0.0
408126,UNITED STATES,0.0
408131,UNITED STATES,0.0
408133,UNITED STATES,0.0
408138,ITALY,0.0
408160,UNITED STATES,0.0
408196,UNITED STATES,0.0
408211,RUSSIAN FEDERATION,0.0
408215,RUSSIAN FEDERATION,0.0
408243,UNITED STATES,0.0
408251,GERMANY,0.0
408291,FRANCE,0.0
408336,UNITED STATES,0.0
408367,UNITED KINGDOM,0.0
408374,UNITED STATES,0.0
408381,BRAZIL,0.0
408395,RUSSIAN FEDERATION,0.0
408397,RUSSIAN FEDERATION,1.0
408398,UNITED STATES,0.0
408410,SINGAPORE,0.0
408427,UNITED STATES,1.0
408446,RUSSIAN FEDERATION,0.0
408501,UNITED STATES,0.0
408521,UNITED STATES,0.0
408524,UNITED STATES,0.0
408525,UNITED STATES,0.0
408537,UNITED STATES,0.0
408538,UNITED STATES,0.0
408599,UNITED STATES,1.0
408600,UNITED STATES,0.0
408604,UNITED STATES,0.0
408621,UNITED STATES,0.0
408631,UNITED STATES,0.0
408646,UNITED STATES,0.0
408647,UNITED STATES,0.0
408649,UNITED STATES,0.0
408674,UNITED STATES,0.0
408677,UNITED STATES,0.0
408688,UNITED STATES,0.0
408746,UNITED STATES,0.0
408747,UNITED STATES,0.0
408779,UNITED STATES,0.0
408789,UNITED STATES,0.0
408791,UNITED STATES,0.0
408814,UNITED STATES,0.0
408822,UNITED STATES,0.0
408839,UNITED STATES,0.0
408843,UNITED STATES,0.0
408845,UNITED STATES,0.0
408851,UNITED STATES,0.0
408870,UNITED STATES,0.0
408894,UNITED STATES,0.0
408897,UNITED STATES,0.0
408913,UNITED STATES,0.0
408921,UNITED STATES,0.0
408924,UNITED STATES,0.0
408930,UNITED STATES,0.0
408974,UNITED STATES,0.0
408982,INDIA,0.0
408989,SINGAPORE,0.0
408992,UNITED STATES,0.0
408994,INDIA,0.0
409001,UNITED STATES,0.0
409003,UNITED STATES,0.0
409030,INDIA,0.0
409033,UNITED STATES,0.0
409051,UNITED STATES,0.0
409060,BRAZIL,0.0
409073,UNITED STATES,0.0
409095,UNITED STATES,0.0
409099,UNITED STATES,0.0
409105,UNITED STATES,0.0
409117,UNITED STATES,0.0
409135,UNITED STATES,0.0
409157,UNITED STATES,0.0
409162,RUSSIAN FEDERATION,0.0
409166,BRAZIL,0.0
409176,CHINA,0.0
409241,UNITED STATES,0.0
409245,UNITED STATES,0.0
409250,UNITED STATES,0.0
409263,UNITED STATES,0.0
409274,UNITED STATES,0.0
409281,BRAZIL,0.0
409288,UNITED STATES,0.0
409290,UNITED STATES,0.0
409296,UNITED STATES,0.0
409310,UNITED STATES,0.0
409341,AUSTRALIA,0.0
409347,KENYA,0.0
409358,JAPAN,0.0
409394,RUSSIAN FEDERATION,0.0
409452,UNITED STATES,0.0
409463,UNITED STATES,0.0
409471,UNITED STATES,0.0
409473,UNITED STATES,0.0
409491,UNITED STATES,0.0
409494,UNITED STATES,0.0
409497,UNITED STATES,0.0
409501,JAPAN,0.0
409511,JAPAN,0.0
409513,INDIA,0.0
409516,UNITED STATES,0.0
409523,BRAZIL,0.0
409536,UNITED STATES,0.0
409537,UNITED STATES,0.0
409558,UNITED STATES,0.0
409561,UNITED STATES,0.0
409565,UNITED STATES,0.0
409589,UNITED STATES,0.0
409591,UNITED STATES,0.0
409598,UNITED STATES,0.0
409609,UNITED STATES,0.0
409617,RUSSIAN FEDERATION,0.0
409650,UKRAINE,0.0
409669,CHINA,0.0
409714,JAPAN,0.0
409727,BRAZIL,0.0
409756,RUSSIAN FEDERATION,0.0
409790,UNITED STATES,1.0
409803,UNITED STATES,0.0
409816,UNITED STATES,0.0
409817,UNITED STATES,0.0
409818,UNITED STATES,0.0
409830,UNITED STATES,0.0
409832,UNITED STATES,0.0
409853,UNITED STATES,0.0
409889,UNITED STATES,0.0
409890,UNITED STATES,0.0
409900,UNITED STATES,0.0
409916,UNITED STATES,0.0
409919,UNITED STATES,0.0
409929,ITALY,0.0
409930,ITALY,0.0
409955,UNITED STATES,0.0
409962,UNITED STATES,0.0
409981,UNITED STATES,0.0
409987,UNITED STATES,0.0
409997,UNITED STATES,0.0
410020,UNITED STATES,0.0
410039,UNITED STATES,0.0
410054,UNITED STATES,0.0
410055,BRAZIL,0.0
410069,UNITED STATES,0.0
410077,UNITED STATES,0.0
410086,RUSSIAN FEDERATION,0.0
410106,UNITED STATES,0.0
410126,BRAZIL,0.0
410163,UNITED STATES,0.0
410166,RUSSIAN FEDERATION,0.0
410196,UNITED STATES,0.0
410230,RUSSIAN FEDERATION,0.0
410240,UNITED STATES,0.0
410245,UKRAINE,0.0
410264,UNITED STATES,0.0
410274,UNITED STATES,0.0
410281,UNITED STATES,0.5
410290,UNITED STATES,0.0
410295,UNITED STATES,0.0
410304,UNITED STATES,0.0
410381,UNITED STATES,0.0
410403,GERMANY,0.0
410405,UNITED STATES,0.0
410421,UNITED STATES,0.0
410424,BRAZIL,0.0
410432,UNITED STATES,0.0
410433,UNITED STATES,0.0
410441,UNITED STATES,0.0
410475,UNITED STATES,0.0
410478,UNITED STATES,0.0
410479,UNITED STATES,0.0
410487,UNITED STATES,0.0
410492,UNITED STATES,0.0
410552,UNITED KINGDOM,0.0
410563,RUSSIAN FEDERATION,0.0
410598,UNITED STATES,0.0
410602,UNITED STATES,0.0
410610,UNITED KINGDOM,0.0
410637,UNITED STATES,0.0
410639,UNITED STATES,0.0
410656,RUSSIAN FEDERATION,0.0
410663,UNITED STATES,0.0
410670,UNITED STATES,0.0
410676,UNITED STATES,0.0
410716,BRAZIL,0.0
410730,RUSSIAN FEDERATION,0.0
410739,KENYA,0.0
410763,UNITED STATES,0.0
410776,UNITED STATES,0.0
410796,UNITED STATES,0.0
410809,UNITED STATES,0.0
410810,UNITED STATES,0.0
410812,UNITED STATES,0.0
410820,UNITED STATES,0.0
410827,UNITED STATES,0.0
410833,UNITED STATES,0.0
410837,UNITED STATES,0.0
410838,UNITED STATES,0.0
410840,UNITED STATES,0.0
410842,UNITED STATES,0.0
410905,UNITED STATES,0.0
410938,UNITED STATES,0.0
410942,UNITED STATES,0.0
410943,UNITED STATES,0.0
410947,UNITED STATES,0.0
410966,UNITED STATES,0.0
410970,UNITED KINGDOM,0.0
410983,UNITED STATES,0.0
411034,UNITED STATES,0.0
411065,UNITED STATES,0.0
411066,UNITED STATES,0.0
411085,BRAZIL,0.0
411089,UNITED STATES,0.0
411170,UNITED STATES,0.0
411187,UKRAINE,1.0
411188,UKRAINE,0.0
411196,BRAZIL,1.0
411220,UNITED STATES,0.0
411224,UNITED STATES,0.0
411247,UNITED STATES,0.0
411249,UNITED STATES,0.0
411267,UNITED STATES,0.0
411285,UNITED STATES,0.0
411308,UNITED STATES,0.0
411333,UNITED STATES,0.0
411339,UNITED STATES,0.0
411348,UNITED STATES,1.0
411355,UNITED STATES,0.0
411362,UNITED STATES,0.0
411363,UNITED STATES,0.0
411365,UNITED STATES,0.0
411366,UNITED STATES,0.0
411390,UNITED STATES,0.0
411401,UNITED STATES,0.0
411414,UNITED STATES,0.0
411422,UNITED STATES,0.0
411430,UNITED STATES,0.0
411438,UNITED STATES,0.0
411442,UNITED STATES,0.0
411443,UNITED STATES,0.0
411476,UNITED STATES,0.0
411481,UNITED STATES,0.0
411490,UNITED STATES,0.0
411529,UNITED STATES,0.0
411535,UNITED STATES,0.0
411538,UNITED STATES,0.0
411543,UNITED STATES,0.0
411545,UNITED STATES,0.0
411560,UNITED STATES,0.0
411572,UNITED STATES,0.0
411576,UNITED STATES,0.0
411578,UNITED STATES,0.0
411586,UNITED STATES,0.0
411594,UNITED STATES,0.0
411605,UNITED STATES,0.0
411625,RUSSIAN FEDERATION,0.0
411641,RUSSIAN FEDERATION,0.0
411649,RUSSIAN FEDERATION,1.0
411650,RUSSIAN FEDERATION,0.0
411656,INDIA,0.0
411672,RUSSIAN FEDERATION,0.0
411687,RUSSIAN FEDERATION,0.0
411690,RUSSIAN FEDERATION,0.0
411705,UNITED STATES,0.0
411706,UNITED STATES,0.0
411717,RUSSIAN FEDERATION,0.0
411770,UNITED STATES,0.0
411788,ITALY,0.0
411789,ITALY,0.0
411811,UNITED STATES,0.0
411818,UNITED STATES,0.0
411859,UNITED STATES,0.0
411877,UNITED STATES,0.0
411899,UNITED STATES,0.0
411911,SINGAPORE,0.0
411938,RUSSIAN FEDERATION,0.0
411946,UKRAINE,0.0
411948,UKRAINE,0.0
411959,UKRAINE,0.0
411966,RUSSIAN FEDERATION,0.0
411974,UNITED STATES,0.0
411980,UNITED STATES,0.0
412024,UNITED STATES,0.0
412048,UNITED STATES,0.0
412064,UNITED STATES,0.0
412070,UNITED STATES,0.0
412074,UNITED STATES,0.0
412095,UNITED STATES,0.0
412114,UNITED STATES,0.0
412119,UNITED STATES,0.0
412123,UNITED STATES,0.0
412146,UNITED STATES,0.0
412164,UNITED STATES,0.0
412165,UNITED STATES,0.0
412174,UNITED STATES,0.0
412180,UNITED STATES,0.0
412197,UNITED STATES,1.0
412198,UNITED STATES,0.0
412206,UNITED STATES,0.0
412208,UNITED STATES,0.0
412225,UNITED STATES,0.0
412244,UNITED STATES,0.0
412249,UNITED KINGDOM,0.0
412261,UNITED STATES,0.0
412291,UNITED STATES,0.0
412297,UNITED STATES,0.0
412302,BELGIUM,0.0
412303,UNITED STATES,0.0
412315,UNITED STATES,0.0
412393,UNITED STATES,0.0
412410,UNITED STATES,0.0
412411,UNITED STATES,0.0
412428,UNITED STATES,0.0
412447,UNITED STATES,0.0
412450,UNITED STATES,0.0
412454,UNITED STATES,0.0
412471,UNITED STATES,0.0
412476,RUSSIAN FEDERATION,0.0
412521,FRANCE,0.0
412522,FRANCE,1.0
412523,FRANCE,0.0
412547,RUSSIAN FEDERATION,0.0
412561,YEMEN,0.0
412584,RUSSIAN FEDERATION,0.0
412609,UNITED STATES,0.0
412646,UNITED STATES,0.0
412655,UNITED STATES,0.0
412659,UNITED STATES,0.0
412668,UNITED STATES,0.0
412685,UNITED STATES,0.0
412709,UNITED STATES,0.0
412724,UNITED STATES,0.0
412738,UNITED STATES,0.0
412790,CHINA,0.0
412804,UNITED STATES,0.0
412815,UNITED STATES,0.0
412830,UNITED STATES,0.0
412853,UNITED STATES,0.0
412860,UNITED STATES,1.0
412868,UNITED STATES,0.0
412883,UNITED STATES,0.0
412909,UNITED STATES,0.0
412942,UNITED STATES,0.0
412949,GERMANY,0.0
412958,UNITED STATES,0.0
412959,UNITED STATES,0.0
412973,UNITED STATES,0.0
412982,UNITED STATES,0.0
412985,UNITED KINGDOM,0.0
413035,UNITED STATES,0.0
413040,UNITED STATES,0.0
413042,UNITED STATES,0.0
413051,UKRAINE,0.0
413057,UNITED STATES,0.0
413063,UNITED STATES,0.0
413077,UNITED STATES,0.0
413083,UNITED STATES,0.0
413110,UNITED STATES,0.0
413120,UNITED STATES,0.0
413122,UNITED STATES,0.0
413123,UNITED STATES,0.0
413138,UNITED STATES,0.0
413157,UNITED STATES,0.0
413166,RUSSIAN FEDERATION,0.0
413203,RUSSIAN FEDERATION,0.0
413228,RUSSIAN FEDERATION,0.0
413229,RUSSIAN FEDERATION,0.0
413244,UNITED STATES,0.5
413247,UNITED STATES,0.0
413256,UNITED STATES,0.0
413259,UNITED STATES,0.0
413269,UNITED STATES,0.0
413276,RUSSIAN FEDERATION,0.0
413285,UKRAINE,0.0
413288,RUSSIAN FEDERATION,0.0
413300,AUSTRALIA,0.0
413303,AUSTRALIA,0.0
413311,UNITED STATES,0.0
413318,UNITED STATES,0.0
413321,AUSTRALIA,0.0
413351,UNITED STATES,0.0
413365,UNITED STATES,0.0
413400,UNITED STATES,0.0
413403,UNITED STATES,0.0
413408,BRAZIL,0.0
413409,BRAZIL,0.0
413452,UNITED STATES,0.0
413458,UNITED STATES,0.0
413478,UNITED STATES,0.0
413495,UNITED STATES,0.0
413499,UNITED STATES,0.0
413507,UNITED STATES,0.0
413529,FRANCE,1.0
413533,FRANCE,0.0
413539,FRANCE,0.0
413556,UNITED STATES,0.0
413576,UNITED STATES,0.0
413647,UNITED STATES,0.0
413648,UNITED STATES,0.0
413658,UNITED STATES,0.5
413665,UNITED STATES,0.0
413676,UNITED STATES,0.0
413693,UNITED STATES,0.0
413711,UNITED STATES,0.0
413732,SINGAPORE,0.0
413737,UNITED STATES,0.0
413739,UNITED STATES,0.0
413752,UNITED STATES,0.0
413759,UNITED STATES,0.0
413769,UNITED STATES,0.0
413779,UNITED STATES,0.0
413790,UNITED STATES,0.0
413795,UNITED STATES,0.0
413805,UNITED STATES,0.0
413806,UNITED STATES,0.0
413813,UNITED STATES,0.0
413830,UNITED STATES,0.0
413848,UNITED STATES,0.0
413850,FRANCE,0.0
413869,UNITED STATES,0.0
413879,RUSSIAN FEDERATION,0.0
413898,BRAZIL,0.0
413901,UNITED STATES,0.0
413906,UNITED STATES,0.0
413927,UNITED STATES,0.0
413956,UNITED STATES,0.0
413970,UNITED STATES,0.0
413991,UNITED STATES,0.0
414016,UNITED STATES,0.0
414017,UNITED STATES,0.0
414019,UNITED KINGDOM,0.0
414038,UNITED STATES,0.0
414059,UNITED STATES,0.0
414066,UNITED STATES,0.0
414078,UNITED STATES,0.0
414083,UNITED STATES,0.0
414094,UNITED STATES,0.0
414115,UNITED STATES,0.0
414137,UNITED STATES,0.0
414138,CHINA,0.0
414143,UNITED STATES,0.0
414168,INDIA,0.0
414185,UNITED STATES,0.0
414194,UNITED STATES,0.0
414197,BRAZIL,0.0
414198,UNITED STATES,0.0
414208,UNITED STATES,0.0
414209,UNITED STATES,0.0
414212,UNITED STATES,0.0
414219,UNITED STATES,0.0
414222,UNITED STATES,0.0
414232,UNITED STATES,0.0
414237,UNITED STATES,0.0
414241,UNITED STATES,0.0
414249,UNITED STATES,0.0
414254,UNITED STATES,0.0
414314,UNITED STATES,0.0
414325,UNITED STATES,0.0
414333,UNITED STATES,0.0
414354,UNITED STATES,0.0
414356,UNITED STATES,0.0
414364,UNITED STATES,0.0
414396,UNITED STATES,0.0
414413,UNITED STATES,0.0
414414,UNITED STATES,0.0
414430,UNITED STATES,0.0
414432,UNITED STATES,0.0
414438,UNITED STATES,0.0
414441,UNITED STATES,0.0
414451,BRAZIL,0.0
414468,UNITED STATES,0.0
414483,UNITED STATES,0.0
414488,UNITED STATES,0.0
414493,UNITED STATES,0.0
414498,UNITED STATES,0.0
414502,RUSSIAN FEDERATION,0.0
414506,BRAZIL,0.0
414511,UNITED STATES,0.0
414516,UNITED STATES,0.0
414539,UNITED STATES,0.0
414545,UNITED STATES,1.0
414553,UNITED STATES,0.0
414562,UNITED STATES,0.0
414573,UNITED STATES,0.0
414578,UNITED STATES,0.0
414581,UNITED STATES,0.0
414585,UNITED STATES,0.0
414603,UNITED STATES,0.0
414607,UNITED STATES,0.0
414614,UNITED STATES,0.0
414630,UKRAINE,0.0
414654,UNITED STATES,0.0
414675,UNITED STATES,0.0
414682,UNITED STATES,0.0
414683,UNITED STATES,0.0
414698,RUSSIAN FEDERATION,0.0
414699,RUSSIAN FEDERATION,0.0
414705,UNITED STATES,0.0
414717,UNITED STATES,0.0
414719,UNITED STATES,0.0
414723,UNITED STATES,0.0
414726,AUSTRALIA,0.0
414729,UNITED STATES,0.0
414742,UNITED STATES,0.0
414746,SINGAPORE,0.0
414800,UNITED STATES,0.0
414813,UNITED STATES,0.0
414831,UNITED KINGDOM,0.0
414844,UNITED STATES,0.0
414861,UNITED STATES,0.0
414869,UNITED STATES,0.0
414876,INDIA,0.0
414878,UNITED STATES,0.0
414898,UNITED STATES,0.0
414903,GERMANY,0.0
414908,GERMANY,0.0
414913,GERMANY,0.0
414914,GERMANY,0.0
414917,UNITED STATES,0.0
414920,UNITED STATES,0.0
414923,UNITED STATES,0.0
414928,UNITED STATES,0.0
414954,UNITED STATES,0.0
414973,UNITED STATES,0.0
414976,UNITED STATES,0.0
414994,UNITED STATES,0.0
414997,UNITED STATES,0.0
415058,FRANCE,0.0
415082,UNITED STATES,0.0
415100,UNITED STATES,0.0
415103,UNITED STATES,0.0
415105,UNITED STATES,0.0
415120,UNITED STATES,0.0
415123,UNITED STATES,0.0
415143,UNITED STATES,0.0
415153,UNITED STATES,0.0
415187,UNITED STATES,0.0
415200,UNITED STATES,0.0
415207,UNITED STATES,0.0
415235,UNITED STATES,0.0
415236,UNITED STATES,0.0
415241,UNITED STATES,0.0
415274,BRAZIL,0.0
415290,UNITED STATES,0.0
415319,UNITED STATES,0.0
415334,UNITED STATES,0.0
415335,UNITED STATES,0.0
415343,UNITED STATES,0.0
415346,UNITED STATES,0.0
415376,UNITED STATES,0.0
415385,RUSSIAN FEDERATION,0.0
415392,UNITED STATES,0.0
415398,UNITED STATES,0.0
415399,UNITED STATES,0.0
415451,UNITED STATES,0.0
415472,GERMANY,0.0
415482,RUSSIAN FEDERATION,0.0
415504,UNITED STATES,0.0
415510,UNITED STATES,0.0
415520,UNITED STATES,0.0
415531,UNITED STATES,0.0
415543,UNITED STATES,0.0
415557,UNITED STATES,0.0
415571,MEXICO,0.0
415572,UNITED STATES,0.0
415577,UNITED STATES,0.0
415578,UNITED STATES,0.0
415591,UNITED STATES,0.0
415595,UNITED STATES,0.0
415608,UNITED STATES,0.0
415612,UNITED STATES,0.0
415613,UNITED STATES,0.0
415630,UNITED STATES,0.0
415637,UNITED STATES,1.0
415638,UNITED STATES,0.0
415676,UNITED STATES,0.0
415719,UNITED STATES,0.0
415727,UNITED STATES,0.0
415737,UNITED STATES,0.0
415740,UNITED STATES,0.0
415766,UNITED STATES,0.0
415770,UNITED STATES,0.0
415781,UNITED STATES,0.0
415791,UNITED STATES,0.0
415804,UNITED STATES,0.0
415805,UNITED STATES,0.0
415806,UNITED STATES,0.0
415807,UNITED STATES,0.0
415824,UNITED STATES,0.0
415828,UNITED STATES,0.0
415833,UNITED STATES,0.0
415838,UNITED STATES,0.0
415852,UNITED STATES,0.0
415855,UNITED STATES,0.0
415892,UNITED STATES,0.0
415902,UNITED STATES,0.0
415911,UNITED STATES,0.0
415912,UNITED STATES,0.0
415944,BRAZIL,0.0
415960,UNITED KINGDOM,0.0
415962,UNITED STATES,0.0
416009,UNITED STATES,0.0
416010,JAPAN,0.0
416013,UNITED KINGDOM,0.0
416056,UNITED STATES,0.0
416057,UNITED STATES,0.0
416073,UNITED STATES,0.0
416078,JAPAN,0.0
416090,GERMANY,0.0
416096,UNITED STATES,0.0
416100,UNITED STATES,0.0
416102,UNITED STATES,0.0
416104,UNITED STATES,0.0
416109,UNITED STATES,0.0
416131,UNITED STATES,0.0
416134,UNITED STATES,0.0
416147,UNITED STATES,0.0
416148,UNITED STATES,0.0
416167,UNITED STATES,0.0
416169,UNITED STATES,0.0
416172,UNITED STATES,0.0
416176,UNITED STATES,0.0
416255,UNITED STATES,0.0
416262,UNITED STATES,0.0
416270,UNITED STATES,0.0
416272,UNITED STATES,1.0
416279,UNITED STATES,0.0
416364,ITALY,0.0
416377,ITALY,0.0
416397,UNITED STATES,0.0
416399,UNITED STATES,0.0
416419,UNITED STATES,0.0
416441,RUSSIAN FEDERATION,1.0
416469,UNITED STATES,0.0
416476,UNITED STATES,0.0
416479,UNITED STATES,0.0
416489,UNITED STATES,0.0
416492,INDIA,0.0
416500,UNITED STATES,0.0
416505,INDIA,0.0
416517,UNITED STATES,0.0
416518,UNITED STATES,0.0
416542,UNITED KINGDOM,0.0
416556,UNITED KINGDOM,0.0
416557,UNITED STATES,0.0
416577,UNITED STATES,0.0
416587,UNITED STATES,0.0
416591,UNITED STATES,0.0
416592,UNITED STATES,0.0
416594,UNITED STATES,0.0
416633,UNITED STATES,0.0
416656,UKRAINE,0.0
416665,UNITED STATES,0.0
416705,KENYA,0.0
416708,RUSSIAN FEDERATION,0.0
416709,RUSSIAN FEDERATION,0.0
416711,UNITED STATES,0.0
416729,UNITED STATES,0.0
416741,RUSSIAN FEDERATION,0.0
416763,BRAZIL,0.0
416775,UNITED STATES,0.0
416807,UNITED STATES,0.0
416814,UNITED STATES,0.0
416815,UNITED STATES,0.0
416862,UNITED STATES,0.0
416863,UNITED STATES,0.0
416865,UNITED STATES,0.0
416883,UNITED STATES,0.0
416889,UNITED STATES,0.0
416890,UNITED STATES,0.0
416894,UNITED STATES,0.0
416906,UNITED STATES,0.0
416907,UNITED STATES,0.0
416930,UNITED STATES,0.0
416934,UNITED STATES,0.0
416938,UNITED STATES,0.0
416984,RUSSIAN FEDERATION,0.0
416995,UNITED STATES,0.0
417008,UNITED STATES,0.0
417014,UNITED STATES,0.0
417018,UNITED STATES,0.0
417068,UNITED STATES,0.0
417080,UNITED STATES,0.0
417106,UNITED STATES,0.0
417130,UNITED STATES,0.0
417143,UNITED STATES,0.0
417174,FRANCE,0.0
417178,UNITED STATES,0.0
417226,RUSSIAN FEDERATION,1.0
417355,UKRAINE,0.0
417360,KENYA,0.0
417361,KENYA,0.0
417402,BRAZIL,0.0
417407,UNITED KINGDOM,0.0
417417,UNITED KINGDOM,0.0
417418,UNITED KINGDOM,0.0
417420,UNITED KINGDOM,0.0
417422,UNITED KINGDOM,0.0
417593,UNITED STATES,0.0
417602,UNITED STATES,0.0
417604,UNITED STATES,0.0
417607,UNITED STATES,0.0
417691,UNITED STATES,0.0
417699,AUSTRALIA,0.0
417721,GERMANY,0.0
417791,UNITED STATES,0.0
417796,UNITED STATES,0.0
417836,UNITED STATES,0.0
417867,RUSSIAN FEDERATION,0.0
417895,SINGAPORE,0.0
417912,UNITED KINGDOM,0.0
417915,UNITED STATES,0.0
417925,UNITED STATES,0.0
417930,UNITED STATES,0.0
417932,UNITED STATES,0.0
417939,UNITED STATES,0.0
417943,INDIA,0.0
417982,UNITED STATES,0.0
417998,BRAZIL,0.0
418002,UNITED STATES,0.0
418003,UNITED STATES,0.0
418006,UNITED STATES,0.0
418017,UNITED STATES,0.0
418019,UNITED STATES,0.0
418022,UNITED STATES,0.0
418024,UNITED STATES,0.0
418052,BRAZIL,0.0
418058,UNITED STATES,0.0
418072,BRAZIL,0.0
418089,RUSSIAN FEDERATION,0.0
418111,UNITED STATES,0.0
418132,UNITED STATES,0.0
418137,UNITED STATES,0.0
418144,UNITED STATES,0.0
418150,UNITED STATES,0.0
418172,UNITED STATES,0.0
418174,INDIA,0.0
418184,UNITED STATES,0.0
418190,UNITED STATES,0.0
418205,UNITED STATES,0.0
418213,UNITED STATES,0.0
418225,UNITED STATES,0.0
418229,MALAYSIA,0.0
418257,UNITED STATES,0.0
418260,RUSSIAN FEDERATION,0.0
418268,CHINA,0.0
418272,UNITED STATES,0.0
418289,UNITED STATES,0.0
418294,UNITED STATES,0.5
418311,UNITED STATES,0.0
418315,UNITED STATES,0.0
418360,YEMEN,0.0
418363,RUSSIAN FEDERATION,0.0
418365,RUSSIAN FEDERATION,0.0
418367,RUSSIAN FEDERATION,0.0
418423,UNITED STATES,0.0
418426,UNITED STATES,0.0
418439,UNITED STATES,0.0
418447,UNITED STATES,0.0
418462,UNITED STATES,0.0
418483,UNITED STATES,0.0
418496,UNITED STATES,0.0
418498,UNITED STATES,0.0
418506,UNITED STATES,0.0
418522,UNITED STATES,0.0
418530,UNITED STATES,0.0
418532,UNITED STATES,0.0
418543,UNITED STATES,0.0
418553,UNITED STATES,0.0
418557,UNITED STATES,0.0
418569,UNITED STATES,0.0
418586,UNITED STATES,0.0
418590,MALAYSIA,0.0
418595,JAPAN,0.0
418596,MALAYSIA,0.0
418622,UNITED STATES,0.0
418624,UNITED STATES,0.0
418632,UNITED STATES,0.0
418640,UNITED STATES,0.0
418659,UNITED STATES,0.0
418678,ITALY,0.0
418698,UNITED STATES,0.0
418701,UNITED STATES,0.0
418706,UNITED STATES,0.0
418707,UNITED STATES,0.0
418731,UKRAINE,0.0
418765,UNITED STATES,0.0
418776,UNITED STATES,0.0
418784,UNITED STATES,0.0
418789,UNITED STATES,0.0
418792,PAKISTAN,0.0
418799,INDIA,0.0
418806,UNITED STATES,0.0
418813,UNITED STATES,0.0
418851,ITALY,0.0
418869,RUSSIAN FEDERATION,0.0
418873,RUSSIAN FEDERATION,0.0
418877,UNITED STATES,0.0
418885,UNITED STATES,0.0
418893,RUSSIAN FEDERATION,0.0
418908,RUSSIAN FEDERATION,0.0
418928,MEXICO,0.0
418939,UNITED STATES,0.0
418943,UNITED STATES,0.0
418946,UNITED STATES,0.0
418978,UNITED STATES,0.0
419027,UNITED STATES,0.0
419033,UNITED STATES,0.0
419036,UNITED STATES,0.0
419045,UNITED STATES,0.0
419064,UNITED STATES,0.0
419069,UNITED STATES,0.0
419086,UNITED STATES,0.0
419090,UNITED STATES,0.0
419093,UNITED STATES,0.0
419097,UNITED STATES,0.0
419100,UNITED STATES,1.0
419114,UNITED STATES,0.0
419126,UNITED STATES,0.0
419132,BRAZIL,0.0
419134,UNITED STATES,0.0
419154,UNITED STATES,0.0
419156,RUSSIAN FEDERATION,0.0
419201,UNITED STATES,0.0
419209,UNITED STATES,0.0
419246,UNITED STATES,0.0
419316,UKRAINE,0.0
419318,UNITED STATES,0.0
419346,ITALY,0.0
419350,RUSSIAN FEDERATION,0.0
419356,RUSSIAN FEDERATION,0.0
419406,UNITED STATES,0.0
419408,UNITED STATES,0.0
419427,UNITED STATES,0.0
419440,UNITED STATES,0.0
419447,UNITED STATES,0.0
419456,UNITED STATES,0.0
419474,UNITED STATES,0.0
419476,UNITED STATES,0.0
419482,UNITED STATES,0.0
419484,UNITED STATES,0.0
419500,UNITED STATES,0.0
419534,RUSSIAN FEDERATION,0.0
419540,RUSSIAN FEDERATION,0.0
419555,UNITED STATES,0.0
419562,UNITED STATES,0.0
419598,BRAZIL,0.0
419604,UNITED STATES,0.0
419609,RUSSIAN FEDERATION,0.0
419624,BRAZIL,0.0
419630,UNITED STATES,0.0
419640,UKRAINE,0.0
419655,UKRAINE,0.0
419717,UNITED STATES,0.0
419734,UNITED STATES,0.0
419736,UNITED STATES,0.0
419737,UNITED STATES,0.0
419738,AUSTRALIA,0.0
419753,UNITED STATES,0.0
419774,UNITED KINGDOM,0.0
419784,UNITED STATES,0.0
419811,UKRAINE,0.0
419815,UKRAINE,0.0
419836,UKRAINE,0.0
419848,UNITED STATES,0.0
419866,UNITED STATES,0.0
419878,RUSSIAN FEDERATION,0.0
419879,RUSSIAN FEDERATION,0.0
419880,UNITED STATES,0.0
419899,UNITED STATES,0.0
419971,MALAYSIA,0.0
420002,UNITED STATES,0.0
420009,UNITED STATES,0.0
420018,UNITED STATES,0.0
420021,UNITED STATES,0.0
420023,UNITED STATES,0.0
420024,UNITED STATES,0.0
420031,UNITED STATES,0.0
420040,UNITED STATES,0.0
420044,UNITED STATES,0.0
420051,UNITED STATES,0.0
420074,AUSTRALIA,0.0
420086,UNITED STATES,0.0
420088,INDIA,0.0
420089,UNITED STATES,0.0
420091,UNITED STATES,0.0
420094,UNITED STATES,0.0
420097,UNITED STATES,0.0
420098,UNITED STATES,0.0
420125,INDIA,0.0
420134,INDIA,0.0
420146,UNITED STATES,0.0
420153,UNITED STATES,0.0
420201,UNITED STATES,0.0
420202,UNITED STATES,0.0
420207,UNITED STATES,0.0
420228,UNITED STATES,0.0
420248,UNITED STATES,0.0
420263,UNITED STATES,0.0
420270,UNITED STATES,0.0
420285,UNITED STATES,0.0
420291,UNITED STATES,0.0
420295,UNITED STATES,0.0
420339,BRAZIL,0.0
420402,UNITED STATES,0.0
420423,UNITED STATES,0.0
420427,UNITED STATES,0.0
420441,UNITED STATES,0.0
420479,UNITED STATES,0.0
420491,UNITED STATES,0.0
420530,JAPAN,0.0
420576,UNITED STATES,0.0
420593,UNITED STATES,0.0
420621,UNITED STATES,0.0
420627,UNITED STATES,0.0
420633,UNITED STATES,0.0
420686,UNITED STATES,0.0
420688,CHINA,0.0
420689,UNITED STATES,0.0
420706,UNITED STATES,0.0
420710,INDIA,0.0
420737,UNITED STATES,0.0
420763,UNITED STATES,0.0
420771,RUSSIAN FEDERATION,0.0
420789,UNITED STATES,0.0
420875,BRAZIL,0.0
420878,GERMANY,0.0
420879,GERMANY,0.0
420904,INDIA,0.0
420906,UNITED STATES,0.0
420913,UNITED STATES,0.0
420917,UNITED STATES,0.0
420921,UNITED STATES,0.5
420922,UNITED STATES,0.0
420928,UNITED STATES,0.0
420930,UNITED STATES,0.0
420945,UNITED STATES,1.0
420950,UNITED STATES,0.0
420953,UNITED STATES,0.0
420961,UNITED STATES,0.0
420983,UNITED STATES,0.0
420995,UNITED STATES,0.0
421017,MEXICO,0.0
421041,UNITED STATES,0.0
421045,INDIA,0.0
421054,UNITED STATES,0.0
421072,UNITED STATES,0.0
421075,UNITED STATES,0.0
421115,UKRAINE,0.0
421121,KENYA,0.0
421148,RUSSIAN FEDERATION,0.0
421162,UNITED STATES,0.0
421163,UNITED STATES,0.0
421170,RUSSIAN FEDERATION,0.0
421176,RUSSIAN FEDERATION,0.0
421207,UNITED STATES,0.0
421214,UNITED STATES,0.0
421227,UNITED STATES,1.0
421235,UNITED STATES,0.0
421237,UNITED STATES,0.0
421249,UNITED STATES,0.0
421258,UNITED STATES,1.0
421288,UNITED STATES,0.0
421299,UNITED STATES,0.0
421314,INDIA,0.0
421316,MEXICO,0.0
421321,INDIA,0.0
421362,CHINA,0.0
421369,UNITED STATES,0.0
421380,INDIA,0.0
421395,INDIA,0.0
421399,BRAZIL,1.0
421419,INDIA,0.0
421461,PAKISTAN,0.0
421462,PAKISTAN,0.0
421466,INDIA,0.0
421485,PAKISTAN,0.0
421512,BRAZIL,0.0
421555,UNITED STATES,0.0
421601,INDIA,0.0
421616,JAPAN,0.0
421628,INDIA,0.0
421631,RUSSIAN FEDERATION,0.0
421645,MALAYSIA,0.0
421649,JAPAN,0.0
421663,GERMANY,0.0
421702,UNITED STATES,0.0
421704,UNITED STATES,0.0
421713,UNITED STATES,0.0
421717,UNITED STATES,0.0
421720,UNITED STATES,0.0
421735,UNITED STATES,0.0
421768,INDIA,0.0
421783,UNITED STATES,0.0
421794,UNITED STATES,0.0
421797,UNITED STATES,0.0
421815,UNITED STATES,0.0
421824,BRAZIL,0.0
421830,UNITED STATES,0.0
421866,BRAZIL,0.0
421869,CHINA,0.0
421871,CHINA,0.0
421873,CHINA,0.0
421893,UNITED KINGDOM,0.0
421895,UNITED KINGDOM,0.0
421898,UNITED STATES,0.0
421916,UNITED STATES,0.0
421959,BRAZIL,0.0
421960,BRAZIL,1.0
421965,BRAZIL,0.0
421994,UNITED STATES,0.0
421997,JAPAN,0.0
422021,UNITED STATES,1.0
422030,UNITED STATES,0.0
422086,BRAZIL,0.0
422097,RUSSIAN FEDERATION,0.0
422133,RUSSIAN FEDERATION,0.0
422167,BRAZIL,0.0
422247,BELGIUM,0.0
422277,UNITED STATES,0.0
422294,UNITED STATES,0.0
422295,UNITED STATES,0.0
422312,UKRAINE,0.0
422313,UNITED STATES,0.0
422346,UNITED STATES,0.0
422365,UNITED STATES,0.0
422380,UNITED STATES,0.0
422383,UNITED STATES,0.0
422386,UNITED STATES,0.5
422402,UNITED STATES,0.0
422404,UNITED STATES,0.0
422422,UNITED STATES,0.5
422429,UNITED STATES,0.0
422445,UNITED STATES,0.0
422448,UNITED STATES,1.0
422457,UNITED STATES,0.0
422467,UNITED STATES,0.0
422470,UNITED STATES,0.0
422473,UNITED STATES,1.0
422482,UNITED STATES,0.0
422483,UNITED STATES,0.0
422486,UNITED STATES,0.0
422502,UNITED STATES,0.0
422506,UNITED STATES,0.0
422509,UNITED STATES,0.0
422528,BRAZIL,1.0
422534,UNITED STATES,0.0
422535,UNITED STATES,0.0
422552,UNITED STATES,0.0
422553,UNITED STATES,0.0
422556,UNITED STATES,0.0
422583,JAPAN,0.0
422593,UNITED STATES,0.0
422620,UNITED STATES,0.0
422635,UNITED STATES,0.0
422648,UNITED STATES,0.0
422682,RUSSIAN FEDERATION,0.0
422684,RUSSIAN FEDERATION,0.0
422690,UNITED STATES,0.0
422762,UNITED STATES,0.0
422765,UNITED STATES,0.0
422768,UNITED STATES,0.0
422797,UNITED STATES,0.0
422798,UNITED STATES,1.0
422815,RUSSIAN FEDERATION,0.0
422848,UNITED STATES,0.0
422885,GERMANY,0.0
422891,UNITED STATES,0.0
422903,UNITED STATES,0.0
422927,UNITED STATES,0.0
422928,UNITED STATES,0.0
422930,UNITED STATES,0.0
422935,UNITED STATES,0.0
422955,UNITED STATES,0.0
422956,UNITED STATES,0.0
422957,UNITED STATES,0.0
422988,UNITED STATES,0.0
422994,UNITED STATES,0.0
423012,UNITED STATES,0.0
423028,UNITED STATES,0.0
423060,UNITED KINGDOM,0.0
423063,UNITED KINGDOM,0.0
423093,UNITED STATES,0.0
423094,UNITED STATES,0.0
423101,KENYA,0.0
423112,UNITED STATES,0.0
423123,UNITED STATES,0.0
423137,UNITED STATES,0.0
423143,UNITED STATES,0.0
423165,UNITED STATES,0.0
423183,UNITED STATES,0.0
423193,UNITED STATES,0.0
423204,UNITED STATES,1.0
423222,UNITED STATES,0.0
423226,INDIA,0.0
423227,INDIA,1.0
423242,UNITED STATES,0.0
423250,UNITED STATES,0.0
423288,UNITED STATES,0.0
423297,UKRAINE,0.0
423299,UNITED STATES,0.0
423312,ITALY,0.0
423320,UNITED STATES,0.0
423344,UNITED STATES,0.0
423348,INDIA,0.0
423349,UNITED STATES,0.0
423378,UNITED STATES,0.0
423429,MEXICO,0.0
423453,UNITED STATES,0.0
423485,ITALY,0.0
423500,UNITED STATES,0.0
423517,UNITED STATES,0.0
423520,UNITED STATES,0.0
423532,UNITED STATES,0.0
423538,UNITED STATES,0.0
423543,UNITED STATES,0.0
423547,UNITED STATES,1.0
423558,UNITED STATES,0.0
423560,UNITED STATES,0.0
423592,UNITED STATES,0.0
423597,UNITED STATES,0.0
423600,UNITED STATES,0.0
423625,UNITED STATES,0.0
423641,UNITED STATES,0.0
423651,UNITED STATES,0.0
423660,UNITED STATES,0.0
423686,BELGIUM,0.0
423693,UNITED STATES,0.0
423694,UNITED STATES,0.0
423721,UNITED STATES,0.0
423730,UNITED STATES,0.0
423732,UNITED STATES,0.0
423762,UNITED STATES,0.0
423768,UNITED STATES,0.0
423779,UNITED STATES,0.0
423816,UNITED STATES,1.0
423822,UNITED STATES,0.0
423831,UNITED STATES,0.0
423835,UNITED STATES,0.0
423855,UNITED STATES,0.0
423879,UNITED STATES,0.0
423884,UNITED STATES,0.0
423905,UNITED STATES,0.0
423934,KENYA,0.0
423935,AUSTRALIA,0.0
423953,AUSTRALIA,0.0
423957,UNITED STATES,0.0
423967,UNITED STATES,1.0
423970,AUSTRALIA,0.0
423972,UNITED STATES,0.0
423979,UNITED STATES,0.0
423983,AUSTRALIA,0.0
424001,UNITED STATES,0.0
424014,UNITED STATES,0.0
424016,UNITED STATES,0.0
424025,UNITED STATES,0.0
424028,UNITED STATES,0.0
424039,UNITED STATES,0.0
424049,UNITED STATES,0.0
424064,UNITED STATES,0.0
424070,INDIA,0.0
424073,UNITED STATES,0.0
424074,UNITED STATES,0.0
424098,INDIA,0.0
424113,RUSSIAN FEDERATION,0.0
424120,UNITED STATES,0.0
424145,KENYA,0.0
424146,UNITED STATES,0.0
424148,UNITED STATES,0.0
424163,UNITED STATES,1.0
424164,UNITED STATES,0.0
424166,UNITED STATES,0.0
424188,UNITED STATES,0.0
424240,UNITED STATES,0.0
424242,UNITED KINGDOM,0.0
424301,UNITED STATES,0.0
424322,UNITED STATES,1.0
424329,UNITED KINGDOM,0.0
424355,UNITED STATES,0.0
424388,UNITED STATES,0.0
424415,JAPAN,0.0
424425,UNITED STATES,0.0
424429,UNITED STATES,0.0
424452,UNITED STATES,0.0
424459,UNITED STATES,0.0
424481,RUSSIAN FEDERATION,0.3333333333333333
424483,RUSSIAN FEDERATION,0.0
424485,KENYA,1.0
424495,UNITED KINGDOM,0.0
424497,UNITED KINGDOM,0.0
424506,UNITED STATES,0.0
424513,UNITED STATES,0.0
424527,RUSSIAN FEDERATION,0.0
424528,RUSSIAN FEDERATION,0.0
424539,RUSSIAN FEDERATION,0.0
424540,RUSSIAN FEDERATION,0.0
424593,UNITED STATES,0.0
424596,UNITED STATES,0.0
424609,UNITED STATES,0.0
424610,UNITED STATES,0.0
424615,UNITED STATES,0.0
424622,UNITED STATES,0.0
424648,UNITED STATES,0.0
424653,UNITED STATES,0.0
424676,UNITED STATES,0.0
424683,UNITED STATES,0.0
424724,UNITED STATES,0.0
424739,UNITED STATES,0.0
424747,UNITED STATES,0.0
424816,UNITED STATES,0.0
424822,UNITED STATES,0.0
424831,UNITED STATES,0.0
424840,UNITED STATES,0.0
424845,UNITED STATES,0.0
424857,UNITED STATES,0.0
424858,INDIA,0.0
424862,UNITED STATES,0.0
424874,INDIA,0.0
424876,INDIA,0.0
424883,INDIA,0.0
424890,INDIA,0.0
424914,GERMANY,0.0
424920,UNITED STATES,0.0
424963,UNITED KINGDOM,0.0
424983,UNITED STATES,1.0
424990,INDIA,0.0
425000,UNITED STATES,0.0
425001,UNITED STATES,0.0
425007,UNITED STATES,0.0
425016,UNITED STATES,0.0
425024,UNITED STATES,0.0
425029,UNITED STATES,0.0
425030,JAPAN,0.0
425035,UNITED STATES,0.0
425036,UNITED STATES,0.0
425041,UNITED STATES,0.0
425053,UNITED STATES,0.0
425056,UNITED STATES,0.0
425072,UNITED STATES,0.0
425074,UNITED STATES,0.0
425081,UNITED STATES,0.0
425101,UNITED STATES,0.5
425112,UNITED STATES,0.0
425123,UNITED STATES,0.0
425138,UNITED STATES,0.0
425143,UNITED STATES,0.0
425145,UNITED STATES,0.0
425150,UNITED STATES,0.0
425160,UNITED STATES,0.0
425170,RUSSIAN FEDERATION,0.0
425171,JAPAN,0.0
425189,UNITED STATES,0.0
425190,UNITED STATES,0.0
425192,UNITED STATES,0.0
425218,UNITED STATES,0.0
425222,UNITED STATES,0.0
425233,UNITED STATES,0.0
425235,UNITED STATES,0.0
425236,UNITED STATES,0.0
425253,UNITED STATES,0.0
425260,UNITED STATES,0.0
425265,UNITED STATES,0.0
425278,UNITED STATES,0.0
425288,UNITED STATES,0.0
425296,UNITED STATES,0.0
425297,UNITED STATES,0.0
425308,UNITED STATES,0.0
425317,UNITED STATES,0.0
425319,UNITED STATES,0.0
425337,UNITED STATES,0.0
425361,UNITED STATES,0.0
425362,UNITED STATES,0.5
425364,UNITED STATES,0.0
425365,UNITED STATES,0.0
425367,UNITED STATES,0.0
425387,JAPAN,0.0
425433,UNITED STATES,0.0
425437,UNITED STATES,0.0
425446,SINGAPORE,0.0
425453,UNITED STATES,1.0
425468,UNITED STATES,1.0
425489,UNITED STATES,0.0
425490,UNITED STATES,0.0
425491,UNITED STATES,0.0
425496,JAPAN,0.0
425500,UNITED STATES,0.0
425511,UNITED KINGDOM,0.0
425513,UNITED KINGDOM,0.0
425522,UNITED STATES,0.0
425548,UNITED STATES,0.0
425559,UNITED STATES,0.0
425572,UNITED STATES,0.0
425576,JAPAN,0.0
425586,UNITED STATES,0.0
425609,RUSSIAN FEDERATION,0.0
425612,UNITED STATES,0.0
425615,UNITED STATES,0.0
425642,UNITED STATES,0.0
425645,UNITED STATES,0.0
425647,UNITED STATES,0.0
425662,UNITED STATES,0.0
425674,MEXICO,0.0
425679,UNITED STATES,0.0
425712,BELGIUM,0.0
425716,GERMANY,0.0
425749,UNITED KINGDOM,0.0
425754,UNITED STATES,0.0
425756,UNITED STATES,0.0
425758,UNITED STATES,0.0
425761,UNITED STATES,0.0
425773,UNITED STATES,0.0
425810,UNITED STATES,0.0
425813,RUSSIAN FEDERATION,0.0
425815,RUSSIAN FEDERATION,0.0
425820,UNITED STATES,0.0
425842,UNITED STATES,1.0
425855,UNITED STATES,0.0
425861,UNITED STATES,0.0
425874,RUSSIAN FEDERATION,0.0
425909,UNITED STATES,1.0
425917,UNITED STATES,0.0
425918,UNITED STATES,0.0
425919,UNITED STATES,0.0
425952,UNITED STATES,0.0
426009,UNITED STATES,0.0
426015,INDIA,0.0
426031,BRAZIL,0.0
426042,BRAZIL,0.0
426049,UKRAINE,0.0
426052,UNITED STATES,0.0
426054,BRAZIL,0.0
426077,RUSSIAN FEDERATION,0.0
426109,UNITED STATES,0.0
426139,UKRAINE,0.0
426143,UNITED STATES,0.0
426152,UNITED STATES,0.0
426178,UNITED STATES,0.0
426187,UNITED STATES,0.0
426193,UNITED STATES,0.0
426225,UNITED STATES,0.0
426244,UNITED STATES,0.0
426246,UNITED STATES,0.0
426249,UNITED STATES,0.0
426255,UNITED STATES,0.0
426260,UNITED STATES,0.0
426278,UNITED STATES,1.0
426282,MEXICO,0.0
426283,MEXICO,0.0
426290,UNITED STATES,0.0
426308,UNITED STATES,0.0
426326,UNITED KINGDOM,0.0
426331,UNITED KINGDOM,0.0
426341,UNITED STATES,0.0
426380,UNITED STATES,0.0
426393,UNITED KINGDOM,0.0
426400,UNITED STATES,0.0
426412,UNITED STATES,0.0
426430,UNITED STATES,0.0
426438,UNITED STATES,0.0
426441,UNITED STATES,0.0
426448,UNITED STATES,0.0
426468,UNITED STATES,0.0
426475,UNITED STATES,0.0
426486,UNITED STATES,0.0
426491,UNITED STATES,0.0
426495,UNITED STATES,0.0
426507,UNITED STATES,0.0
426519,UNITED STATES,0.0
426542,UNITED STATES,0.0
426556,AUSTRALIA,0.0
426558,AUSTRALIA,0.0
426592,JAPAN,1.0
426593,JAPAN,0.0
426617,UNITED STATES,0.0
426620,UNITED STATES,0.0
426623,UNITED STATES,0.0
426625,UNITED STATES,0.0
426634,UNITED STATES,0.0
426636,UNITED STATES,0.0
426657,UNITED STATES,0.0
426659,UNITED STATES,0.0
426665,JAPAN,0.0
426667,BRAZIL,0.0
426677,JAPAN,0.0
426682,JAPAN,0.0
426685,UNITED STATES,0.0
426687,UNITED STATES,0.0
426694,UNITED STATES,0.0
426701,UNITED STATES,0.0
426704,UNITED STATES,0.0
426709,UNITED STATES,0.0
426710,UNITED STATES,0.0
426714,UNITED STATES,0.0
426716,UNITED STATES,0.0
426720,UNITED STATES,0.0
426721,UNITED STATES,0.0
426722,UNITED STATES,0.0
426723,UNITED STATES,0.0
426756,UNITED STATES,0.0
426760,BRAZIL,0.0
426765,UNITED STATES,0.0
426767,UNITED STATES,0.0
426768,UNITED STATES,0.0
426774,UNITED STATES,0.0
426781,UNITED STATES,0.0
426782,UNITED STATES,0.0
426844,RUSSIAN FEDERATION,0.0
426857,RUSSIAN FEDERATION,0.0
426921,UNITED STATES,0.0
426922,JAPAN,0.0
426937,UNITED STATES,0.0
426954,UNITED STATES,0.0
426956,UNITED STATES,0.0
426957,UNITED STATES,0.0
426965,UNITED STATES,0.0
426972,UNITED STATES,0.0
426981,UNITED STATES,0.0
426999,UNITED STATES,0.0
427006,UNITED STATES,0.0
427026,UNITED STATES,0.0
427061,UNITED STATES,0.0
427070,UNITED STATES,0.0
427074,UNITED STATES,0.0
427079,UNITED STATES,0.0
427095,UNITED STATES,0.0
427096,UNITED STATES,0.0
427107,UNITED STATES,0.0
427108,UNITED STATES,0.0
427115,UNITED STATES,0.0
427132,UNITED STATES,0.0
427138,UNITED STATES,0.0
427139,UNITED STATES,0.0
427147,UNITED STATES,0.0
427148,UNITED STATES,0.0
427164,BRAZIL,0.0
427211,RUSSIAN FEDERATION,0.0
427218,UKRAINE,0.0
427231,UNITED STATES,0.0
427242,RUSSIAN FEDERATION,0.0
427247,RUSSIAN FEDERATION,0.0
427251,UNITED STATES,0.0
427268,UNITED STATES,0.0
427269,UNITED STATES,0.0
427270,UNITED STATES,0.0
427293,ITALY,0.0
427316,GERMANY,0.0
427387,GERMANY,0.0
427393,GERMANY,0.0
427413,RUSSIAN FEDERATION,0.0
427421,INDIA,0.0
427426,RUSSIAN FEDERATION,0.0
427435,MEXICO,0.0
427450,RUSSIAN FEDERATION,0.0
427451,RUSSIAN FEDERATION,0.0
427460,RUSSIAN FEDERATION,0.0
427472,RUSSIAN FEDERATION,0.0
427482,UNITED STATES,0.0
427484,UNITED STATES,0.0
427489,UNITED STATES,0.0
427491,RUSSIAN FEDERATION,0.0
427492,UNITED STATES,0.0
427496,UNITED STATES,0.0
427501,UNITED STATES,0.0
427507,UNITED STATES,0.0
427517,UNITED STATES,0.0
427530,UNITED STATES,0.0
427553,UNITED STATES,0.0
427556,UNITED STATES,0.0
427573,JAPAN,0.0
427576,JAPAN,0.0
427580,UNITED STATES,0.0
427587,UNITED STATES,0.0
427589,UNITED STATES,0.0
427591,UNITED STATES,0.0
427594,JAPAN,0.0
427605,RUSSIAN FEDERATION,0.0
427623,UNITED STATES,0.0
427631,RUSSIAN FEDERATION,0.0
427661,RUSSIAN FEDERATION,0.0
427663,RUSSIAN FEDERATION,0.0
427676,RUSSIAN FEDERATION,0.0
427689,RUSSIAN FEDERATION,0.0
427693,SINGAPORE,0.0
427742,GERMANY,0.0
427801,UNITED STATES,0.0
427804,UNITED STATES,0.0
427805,UNITED STATES,0.0
427826,YEMEN,0.0
427844,RUSSIAN FEDERATION,0.0
427862,UNITED STATES,0.0
427890,UNITED STATES,0.0
427892,UNITED STATES,0.0
427893,UNITED STATES,0.0
427904,RUSSIAN FEDERATION,0.0
427906,RUSSIAN FEDERATION,0.0
427909,RUSSIAN FEDERATION,0.0
427943,RUSSIAN FEDERATION,0.0
427944,RUSSIAN FEDERATION,0.0
427966,RUSSIAN FEDERATION,0.0
427967,RUSSIAN FEDERATION,0.0
427968,RUSSIAN FEDERATION,0.0
427969,RUSSIAN FEDERATION,0.0
427978,RUSSIAN FEDERATION,0.0
427987,RUSSIAN FEDERATION,0.0
427990,RUSSIAN FEDERATION,0.0
427993,RUSSIAN FEDERATION,0.0
427997,BRAZIL,0.0
428002,UNITED STATES,0.0
428017,UNITED STATES,0.0
428024,UNITED STATES,0.0
428037,UNITED STATES,0.0
428039,UNITED STATES,0.0
428051,RUSSIAN FEDERATION,0.0
428069,UKRAINE,0.0
428071,UKRAINE,0.0
428091,INDIA,0.0
428095,INDIA,0.0
428098,INDIA,0.0
428102,INDIA,0.0
428177,RUSSIAN FEDERATION,0.0
428181,UKRAINE,0.0
428182,UKRAINE,0.0
428200,UNITED STATES,0.0
428204,AUSTRALIA,0.0
428214,UNITED STATES,0.0
428216,UNITED STATES,0.0
428218,UNITED STATES,0.0
428247,RUSSIAN FEDERATION,0.0
428249,RUSSIAN FEDERATION,0.0
428265,UNITED STATES,0.0
428266,RUSSIAN FEDERATION,0.0
428289,RUSSIAN FEDERATION,0.0
428294,UNITED STATES,0.0
428295,UNITED STATES,0.0
428296,UNITED STATES,0.0
428297,UNITED STATES,0.0
428316,JAPAN,0.0
428367,BRAZIL,0.0
428406,UNITED STATES,0.0
428424,SINGAPORE,0.0
428425,SINGAPORE,0.0
428458,CHINA,0.0
428561,UNITED STATES,0.0
428575,MEXICO,0.0
428598,UNITED STATES,0.0
428605,RUSSIAN FEDERATION,0.0
428619,UNITED STATES,0.0
428627,INDIA,0.0
428637,UKRAINE,0.0
428638,PAKISTAN,0.0
428647,UNITED STATES,0.0
428658,UNITED STATES,0.0
428707,UNITED STATES,0.0
428733,UNITED STATES,0.0
428741,UNITED STATES,0.0
428762,UNITED STATES,1.0
428769,UNITED STATES,0.0
428780,UNITED STATES,0.0
428787,UNITED STATES,0.0
428794,UNITED STATES,0.0
428796,UNITED STATES,0.0
428815,UNITED STATES,0.0
428821,UNITED STATES,0.5
428838,UNITED STATES,0.0
428843,UNITED STATES,0.0
428844,UNITED STATES,0.0
428845,UNITED STATES,0.0
428849,UNITED STATES,0.0
428854,UNITED STATES,0.0
428861,UNITED STATES,0.0
428863,UNITED STATES,1.0
428870,UNITED STATES,0.0
428875,UNITED STATES,0.0
428881,UNITED STATES,0.0
428882,UNITED STATES,0.0
428884,UNITED STATES,0.0
428886,UNITED STATES,0.0
428888,UNITED STATES,0.0
428889,UNITED STATES,0.0
428897,UNITED STATES,1.0
428910,SINGAPORE,0.0
428917,UNITED STATES,0.0
428923,PAKISTAN,0.0
428924,PAKISTAN,0.0
428933,UNITED STATES,0.0
428937,UNITED STATES,0.0
428938,UNITED STATES,0.0
428952,UNITED STATES,0.0
428970,UNITED STATES,0.0
429023,UNITED STATES,0.0
429053,RUSSIAN FEDERATION,0.0
429080,UNITED STATES,0.0
429120,UNITED STATES,0.0
429124,UNITED STATES,0.0
429131,UNITED STATES,0.0
429139,UNITED STATES,0.0
429142,UNITED STATES,0.0
429146,JAPAN,0.0
429149,UNITED STATES,0.0
429154,UNITED STATES,0.0
429196,RUSSIAN FEDERATION,0.0
429201,UNITED STATES,0.0
429216,UNITED STATES,0.0
429217,UNITED STATES,0.0
429226,UNITED STATES,0.0
429227,UNITED STATES,0.0
429229,UNITED STATES,0.0
429234,UNITED STATES,0.0
429245,UNITED STATES,0.0
429248,INDIA,0.0
429254,UNITED STATES,0.0
429262,UNITED STATES,0.0
429280,UNITED STATES,0.0
429289,UNITED STATES,0.0
429291,UNITED STATES,0.0
429299,UNITED STATES,0.0
429305,UNITED STATES,0.0
429309,UNITED STATES,0.0
429314,JAPAN,0.0
429342,UNITED STATES,0.0
429346,UNITED STATES,0.0
429351,UNITED STATES,0.0
429362,UNITED STATES,0.0
429369,UNITED STATES,0.0
429380,UNITED STATES,0.0
429387,UNITED STATES,0.0
429388,UNITED STATES,0.0
429390,INDIA,0.0
429396,UNITED STATES,0.0
429424,UNITED STATES,0.0
429431,RUSSIAN FEDERATION,0.0
429437,RUSSIAN FEDERATION,0.0
429452,UKRAINE,0.0
429453,UKRAINE,0.0
429460,UNITED STATES,0.0
429470,UNITED STATES,0.0
429500,UNITED STATES,0.0
429505,MEXICO,0.0
429507,RUSSIAN FEDERATION,0.0
429522,MEXICO,0.0
429545,UNITED STATES,0.0
429572,UNITED STATES,0.0
429582,JAPAN,0.0
429584,UNITED STATES,0.0
429606,UNITED STATES,0.0
429625,UNITED STATES,0.0
429635,UNITED STATES,0.0
429637,UNITED STATES,0.0
429650,UNITED STATES,0.0
429665,UNITED STATES,0.0
429669,UNITED STATES,0.0
429677,UNITED STATES,0.0
429688,UNITED STATES,0.0
429691,UNITED STATES,0.0
429693,UNITED STATES,0.0
429710,UNITED STATES,0.0
429728,UNITED STATES,0.0
429729,UNITED STATES,0.0
429748,UNITED STATES,0.0
429756,UNITED STATES,0.0
429758,UNITED STATES,0.0
429761,AUSTRALIA,0.0
429766,UNITED STATES,0.0
429769,JAPAN,0.0
429806,UNITED STATES,0.0
429811,RUSSIAN FEDERATION,0.0
429812,UNITED STATES,0.0
429814,UNITED STATES,0.0
429815,UNITED STATES,0.0
429829,UNITED STATES,0.0
429837,UNITED STATES,0.0
429838,UNITED STATES,0.0
429854,UNITED STATES,0.0
429875,UNITED STATES,0.0
429913,UNITED STATES,0.0
429923,RUSSIAN FEDERATION,0.0
429965,UKRAINE,0.0
429988,UNITED STATES,0.0
430002,FRANCE,0.0
430012,UNITED STATES,0.0
430019,UNITED STATES,0.0
430031,UNITED STATES,0.0
430039,UNITED STATES,0.0
430042,UNITED STATES,0.0
430045,UNITED STATES,0.0
430047,UNITED STATES,0.0
430048,UNITED STATES,0.0
430050,UNITED STATES,0.0
430054,UNITED STATES,0.0
430056,UNITED STATES,0.0
430063,UNITED STATES,0.0
430088,RUSSIAN FEDERATION,0.0
430089,UNITED STATES,0.0
430091,UNITED STATES,0.0
430092,SINGAPORE,0.0
430114,RUSSIAN FEDERATION,0.0
430135,UNITED STATES,0.0
430141,UNITED STATES,0.0
430166,UNITED STATES,0.0
430172,UNITED STATES,0.0
430173,UNITED STATES,0.0
430182,UNITED STATES,0.0
430183,UNITED STATES,0.0
430214,UNITED STATES,0.0
430223,UNITED STATES,0.0
430238,UNITED STATES,0.0
430284,UNITED STATES,0.0
430294,UNITED STATES,0.0
430297,UNITED STATES,0.0
430309,UNITED STATES,0.0
430320,INDIA,0.0
430324,UNITED STATES,0.0
430359,BRAZIL,0.0
430360,BRAZIL,0.0
430364,BRAZIL,0.0
430371,UNITED STATES,0.0
430377,RUSSIAN FEDERATION,0.0
430378,RUSSIAN FEDERATION,1.0
430394,UNITED STATES,0.0
430414,UNITED STATES,0.0
430420,BRAZIL,1.0
430473,BRAZIL,0.0
430514,GERMANY,0.0
430523,UNITED STATES,0.0
430540,UNITED STATES,0.0
430546,UNITED STATES,0.0
430558,UNITED STATES,0.0
430575,CHINA,0.0
430594,UNITED STATES,0.0
430633,UNITED STATES,0.0
430643,RUSSIAN FEDERATION,0.0
430648,UNITED STATES,0.0
430655,UNITED STATES,0.0
430656,UNITED STATES,0.0
430662,UNITED STATES,0.0
430666,UNITED STATES,0.0
430691,UNITED STATES,0.0
430699,UNITED STATES,0.0
430704,UNITED STATES,0.0
430711,UNITED STATES,0.0
430712,UNITED STATES,0.0
430721,UNITED STATES,0.0
430726,UNITED STATES,0.0
430729,UNITED STATES,0.5
430735,UNITED KINGDOM,0.0
430738,UNITED STATES,0.0
430743,UNITED STATES,0.0
430751,UNITED STATES,1.0
430765,UNITED STATES,0.0
430777,UNITED STATES,0.0
430781,UNITED STATES,0.0
430784,UNITED STATES,0.0
430793,UNITED STATES,0.0
430799,UNITED STATES,0.0
430805,UNITED STATES,0.0
430810,UNITED STATES,0.0
430816,UNITED STATES,0.0
430821,UNITED STATES,0.0
430826,UNITED STATES,0.0
430830,UNITED STATES,0.0
430843,UNITED STATES,0.0
430845,UNITED STATES,0.0
430856,UNITED STATES,0.0
430859,UNITED STATES,0.0
430890,UNITED STATES,0.0
430898,UNITED STATES,0.0
430907,UNITED STATES,0.0
430908,UNITED STATES,0.0
430930,UNITED STATES,0.0
430937,UNITED STATES,0.0
430948,UNITED STATES,0.0
430952,UNITED KINGDOM,0.0
430956,JAPAN,0.0
430989,UNITED STATES,0.0
431016,UNITED STATES,1.0
431047,UNITED STATES,0.0
431051,UNITED STATES,0.0
431052,UNITED STATES,0.0
431056,UNITED STATES,0.0
431057,UNITED STATES,0.0
431076,RUSSIAN FEDERATION,0.0
431077,UNITED STATES,0.0
431104,INDIA,0.0
431121,JAPAN,0.0
431152,SINGAPORE,0.0
431159,UNITED STATES,0.0
431162,UNITED STATES,0.0
431163,UNITED STATES,0.0
431171,UNITED STATES,0.0
431184,UKRAINE,0.0
431185,UKRAINE,0.0
431190,UNITED STATES,0.0
431263,INDIA,0.0
431267,GERMANY,0.0
431271,UNITED STATES,0.0
431272,UNITED STATES,0.0
431275,UNITED STATES,0.0
431286,AUSTRALIA,0.0
431299,UNITED STATES,0.0
431308,UNITED STATES,0.0
431346,UNITED STATES,0.0
431348,UNITED STATES,0.0
431352,UNITED STATES,0.0
431369,UNITED STATES,0.0
431375,UNITED STATES,0.0
431396,UNITED STATES,0.0
431411,KENYA,0.0
431414,UKRAINE,0.0
431434,UNITED STATES,0.0
431450,UNITED STATES,0.0
431459,INDIA,0.0
431470,UNITED STATES,0.0
431474,UNITED STATES,0.0
431504,UNITED STATES,0.0
431506,UNITED STATES,0.0
431512,UNITED STATES,0.0
431523,UNITED STATES,0.0
431542,UNITED STATES,0.0
431548,UNITED STATES,0.0
431549,UNITED STATES,0.0
431554,UNITED STATES,0.0
431563,UNITED STATES,0.0
431632,UNITED STATES,0.0
431639,UNITED STATES,0.0
431643,UNITED STATES,0.0
431648,UNITED STATES,0.0
431677,UNITED STATES,0.0
431685,UNITED STATES,0.0
431686,UNITED STATES,0.0
431690,UNITED STATES,0.0
431698,UNITED STATES,0.0
431702,UNITED STATES,0.0
431705,UNITED STATES,0.0
431709,UNITED STATES,0.0
431711,UNITED STATES,0.0
431719,UNITED STATES,0.0
431727,RUSSIAN FEDERATION,0.0
431732,UNITED STATES,0.0
431751,UNITED STATES,1.0
431773,UNITED STATES,0.0
431786,UNITED STATES,0.0
431787,UNITED STATES,0.0
431788,UNITED STATES,1.0
431795,UNITED STATES,0.0
431798,UNITED STATES,0.0
431805,UNITED STATES,0.0
431806,UNITED STATES,0.0
431808,UNITED STATES,0.0
431809,UNITED STATES,0.0
431854,RUSSIAN FEDERATION,0.0
431860,UNITED STATES,1.0
431863,UNITED STATES,0.0
431864,UNITED STATES,0.0
431876,UNITED STATES,0.0
431877,UNITED STATES,0.0
431986,UNITED STATES,0.0
431990,INDIA,0.0
432012,UNITED STATES,0.0
432016,UNITED STATES,0.0
432025,UNITED STATES,0.0
432046,ITALY,0.0
432047,ITALY,0.0
432078,UNITED STATES,0.0
432086,UNITED STATES,0.0
432092,UNITED STATES,0.0
432098,INDIA,0.0
432099,INDIA,0.0
432110,GERMANY,1.0
432119,UNITED STATES,0.0
432123,UNITED STATES,0.0
432187,UNITED STATES,0.0
432188,UNITED STATES,0.0
432189,UNITED STATES,0.0
432207,MALAYSIA,0.0
432208,UNITED STATES,0.0
432228,UNITED STATES,0.0
432293,UNITED STATES,0.0
432302,UNITED STATES,0.0
432308,MALAYSIA,0.0
432310,MALAYSIA,0.0
432315,UNITED STATES,0.0
432323,UNITED STATES,0.0
432324,JAPAN,0.0
432336,UKRAINE,0.0
432337,UKRAINE,0.0
432362,UNITED STATES,0.0
432369,UNITED STATES,0.0
432385,UNITED STATES,0.0
432390,UNITED STATES,0.0
432401,UNITED STATES,0.0
432417,RUSSIAN FEDERATION,0.0
432424,UNITED STATES,0.0
432433,RUSSIAN FEDERATION,0.0
432471,UNITED STATES,0.0
432513,UNITED STATES,0.0
432595,YEMEN,0.0
432608,UNITED STATES,0.0
432616,UNITED STATES,0.0
432635,UNITED STATES,0.0
432640,UNITED STATES,0.0
432656,UNITED STATES,0.0
432678,BRAZIL,0.0
432680,UNITED STATES,0.0
432689,UNITED STATES,0.0
432716,INDIA,0.0
432722,UNITED STATES,0.0
432739,UNITED STATES,0.0
432746,JAPAN,0.0
432748,JAPAN,0.0
432758,UNITED STATES,0.0
432766,UNITED STATES,0.0
432782,RUSSIAN FEDERATION,0.0
432846,UNITED STATES,0.0
432848,UNITED STATES,0.0
432855,UNITED STATES,0.0
432856,PAKISTAN,0.0
432859,UNITED STATES,0.0
432861,UNITED STATES,0.0
432870,UNITED STATES,1.0
432872,UNITED STATES,0.0
432874,UNITED STATES,0.0
432876,UNITED STATES,0.0
432878,UNITED STATES,0.0
432880,UNITED STATES,0.0
432882,UNITED STATES,0.0
432886,UNITED STATES,0.0
432889,UNITED STATES,0.0
432897,UNITED STATES,0.0
432925,CHINA,0.0
432930,ITALY,0.0
432932,ITALY,0.0
432962,UNITED STATES,0.0
432967,UNITED STATES,0.0
432978,UNITED STATES,0.0
432987,UNITED STATES,0.0
432999,UNITED STATES,0.0
433035,SINGAPORE,0.0
433043,UNITED STATES,0.0
433046,UNITED STATES,0.0
433047,UNITED STATES,0.0
433050,UNITED STATES,0.0
433058,UNITED STATES,0.0
433094,UNITED STATES,0.0
433105,UNITED STATES,0.0
433119,UNITED STATES,0.5
433126,MEXICO,0.0
433184,JAPAN,0.0
433188,UNITED STATES,0.0
433191,UNITED STATES,0.0
433214,UNITED STATES,0.0
433228,UNITED STATES,0.0
433240,UNITED STATES,0.0
433244,UNITED STATES,0.0
433258,UNITED STATES,0.0
433266,UNITED STATES,0.0
433269,UNITED STATES,0.0
433291,UNITED STATES,0.0
433293,UNITED STATES,0.0
433295,UNITED STATES,0.0
433331,UNITED STATES,0.0
433372,UNITED STATES,0.0
433389,UNITED STATES,0.0
433439,UNITED STATES,1.0
433447,UNITED STATES,0.0
433477,UNITED STATES,0.0
433496,UKRAINE,0.0
433503,UNITED STATES,0.0
433505,UNITED STATES,0.0
433529,UNITED STATES,0.0
433540,UNITED STATES,0.0
433547,UNITED STATES,0.0
433549,UNITED STATES,0.0
433552,UNITED STATES,0.0
433553,UNITED STATES,0.0
433588,INDIA,0.0
433591,UNITED STATES,0.0
433620,UNITED STATES,0.0
433662,INDIA,0.0
433668,CHINA,0.0
433671,CHINA,0.0
433673,UNITED STATES,0.0
433685,UNITED STATES,0.0
433736,UNITED STATES,0.0
433740,UNITED STATES,0.0
433753,UNITED STATES,0.0
433758,UNITED STATES,0.0
433763,INDIA,0.0
433778,UNITED STATES,0.0
433787,INDIA,0.0
433790,UNITED STATES,0.0
433793,UNITED STATES,0.0
433838,UNITED STATES,0.0
433839,UNITED STATES,0.0
433874,UNITED STATES,0.0
433878,UNITED STATES,0.0
433892,UNITED STATES,0.0
433902,UNITED STATES,0.0
433927,UNITED KINGDOM,0.0
433929,UNITED KINGDOM,0.0
433931,UNITED KINGDOM,0.0
433940,UNITED KINGDOM,0.0
433944,UNITED STATES,0.0
433977,ITALY,0.0
434001,UNITED STATES,0.0
434010,UNITED STATES,0.0
434024,RUSSIAN FEDERATION,0.0
434045,UNITED STATES,0.0
434077,UNITED STATES,0.0
434169,UNITED STATES,0.0
434176,AUSTRALIA,0.0
434199,UNITED STATES,0.0
434200,UNITED STATES,0.0
434201,UNITED STATES,0.0
434213,UNITED STATES,0.0
434215,UNITED STATES,0.0
434220,UNITED STATES,0.0
434221,UNITED STATES,0.0
434234,UNITED STATES,0.0
434236,UNITED STATES,0.0
434250,UNITED STATES,0.0
434260,UNITED STATES,0.0
434268,UNITED STATES,0.0
434270,BRAZIL,0.0
434289,UNITED STATES,0.0
434297,UNITED STATES,0.0
434319,UNITED STATES,0.0
434326,BRAZIL,0.0
434333,UNITED STATES,0.0
434350,UNITED STATES,0.0
434352,UNITED STATES,0.0
434360,UNITED STATES,0.0
434370,UNITED STATES,0.0
434406,UNITED STATES,0.0
434417,AUSTRALIA,0.0
434418,UNITED STATES,0.0
434421,UNITED STATES,0.0
434426,UNITED STATES,0.0
434437,UNITED STATES,0.0
434438,UNITED STATES,0.0
434464,UNITED STATES,0.0
434474,UNITED STATES,0.0
434490,UNITED STATES,0.0
434501,UNITED STATES,0.0
434504,UNITED STATES,0.0
434548,UNITED STATES,0.0
434556,UNITED STATES,0.0
434569,UNITED STATES,0.0
434573,UNITED STATES,0.0
434581,UNITED STATES,0.0
434595,UNITED STATES,0.0
434599,BRAZIL,0.0
434632,UNITED STATES,0.0
434636,UNITED STATES,0.0
434686,UNITED STATES,0.0
434701,UNITED STATES,0.0
434715,UNITED KINGDOM,0.0
434725,UNITED STATES,0.0
434726,UNITED STATES,0.0
434749,UNITED STATES,0.0
434819,UNITED STATES,0.0
434841,UNITED STATES,0.0
434848,UNITED STATES,0.0
434858,UNITED STATES,0.0
434859,UNITED STATES,0.0
434863,UNITED STATES,0.0
434875,UNITED STATES,0.0
434878,UNITED STATES,0.0
434896,UNITED STATES,0.0
434898,UNITED STATES,0.0
434944,UKRAINE,0.0
434995,BRAZIL,0.0
435013,UNITED STATES,0.0
435033,BRAZIL,0.0
435051,FRANCE,0.0
435052,FRANCE,0.0
435053,UNITED STATES,0.0
435057,UNITED KINGDOM,0.0
435060,UNITED KINGDOM,0.0
435063,GERMANY,0.0
435066,UNITED STATES,0.0
435067,UNITED STATES,0.0
435069,UNITED STATES,0.0
435087,BRAZIL,0.0
435088,UNITED STATES,0.0
435096,UNITED STATES,0.0
435100,UNITED STATES,0.0
435116,UNITED STATES,0.0
435128,UNITED STATES,0.0
435129,UNITED STATES,0.0
435133,UNITED STATES,0.0
435135,UNITED STATES,0.0
435146,UNITED STATES,0.0
435152,UNITED STATES,0.0
435154,UNITED STATES,0.0
435159,UNITED STATES,0.0
435164,UNITED STATES,0.0
435166,UNITED STATES,0.0
435177,UNITED STATES,0.0
435179,UNITED STATES,0.0
435197,UNITED STATES,0.0
435205,UNITED STATES,1.0
435206,UNITED STATES,0.0
435218,CHINA,0.0
435219,AUSTRALIA,0.0
435222,UNITED STATES,0.0
435243,UNITED STATES,0.0
435246,MEXICO,0.0
435256,UNITED STATES,0.0
435257,UNITED STATES,0.0
435270,UNITED STATES,0.0
435281,UNITED STATES,0.0
435284,UNITED STATES,0.0
435293,UNITED STATES,0.0
435298,UNITED STATES,0.0
435300,UNITED STATES,0.0
435301,UNITED STATES,0.0
435309,UNITED STATES,0.0
435314,UNITED STATES,0.0
435316,UNITED STATES,0.0
435330,UNITED STATES,0.0
435342,UNITED STATES,0.0
435357,UNITED STATES,0.0
435362,UNITED STATES,0.0
435368,UNITED STATES,0.0
435375,UNITED STATES,0.0
435377,UNITED STATES,0.0
435392,UNITED STATES,0.0
435394,UNITED STATES,0.0
435401,UNITED STATES,0.0
435413,UNITED STATES,0.0
435437,UNITED STATES,0.0
435456,UNITED STATES,0.0
435461,UNITED STATES,0.0
435466,UNITED STATES,0.0
435480,UNITED STATES,0.0
435482,UNITED STATES,0.0
435484,UNITED STATES,0.0
435485,UNITED STATES,0.0
435493,UNITED STATES,0.0
435502,INDIA,0.0
435511,UNITED STATES,0.0
435539,UNITED STATES,0.0
435541,UNITED STATES,0.0
435542,UNITED STATES,1.0
435545,UNITED STATES,0.0
435555,UNITED STATES,0.0
435564,UNITED STATES,0.0
435577,UNITED STATES,0.0
435582,UNITED STATES,0.0
435605,UNITED STATES,0.0
435618,UNITED STATES,0.0
435622,UNITED STATES,0.0
435623,UNITED STATES,0.0
435639,UNITED STATES,0.0
435645,UNITED STATES,0.0
435660,UNITED STATES,0.0
435671,UNITED STATES,0.0
435678,UNITED STATES,0.0
435682,UNITED STATES,0.0
435685,UNITED STATES,1.0
435694,UNITED STATES,0.0
435695,UNITED STATES,0.0
435701,UNITED STATES,0.0
435712,UNITED STATES,0.0
435716,UNITED STATES,0.0
435740,UNITED STATES,0.0
435744,CHINA,0.0
435753,UNITED STATES,0.0
435766,UNITED STATES,0.0
435787,UNITED STATES,0.0
435795,UNITED STATES,0.0
435802,UNITED STATES,0.0
435814,UNITED STATES,0.0
435825,UNITED STATES,0.0
435826,UNITED STATES,0.0
435836,UNITED STATES,0.0
435854,UNITED STATES,0.0
435859,UNITED STATES,0.0
435865,UNITED STATES,0.0
435869,UNITED STATES,0.0
435876,UNITED STATES,0.0
435883,UNITED STATES,0.0
435890,UNITED STATES,0.0
435909,UNITED STATES,0.0
435917,UNITED STATES,0.0
435921,UNITED STATES,0.0
435923,UNITED STATES,0.0
435928,UNITED STATES,1.0
435939,UNITED STATES,0.0
435971,UNITED STATES,0.0
435975,UNITED STATES,0.0
435976,UNITED STATES,0.0
435980,UNITED STATES,0.0
435981,UNITED STATES,0.0
435985,UNITED STATES,0.0
435992,UNITED STATES,0.0
436008,UNITED STATES,0.0
436010,FRANCE,0.0
436020,UNITED STATES,0.0
436024,UNITED STATES,0.0
436053,UNITED STATES,0.0
436059,UNITED STATES,0.0
436072,UNITED STATES,0.0
436081,UNITED STATES,0.0
436084,UNITED STATES,0.0
436089,UNITED STATES,0.0
436090,UNITED STATES,0.0
436094,UNITED STATES,0.0
436108,UNITED STATES,0.0
436124,UNITED STATES,0.0
436128,UNITED STATES,0.0
436143,UNITED STATES,0.0
436150,UNITED STATES,0.0
436168,UNITED STATES,0.0
436170,MALAYSIA,0.0
436175,UNITED STATES,0.0
436203,UNITED STATES,1.0
436207,UNITED STATES,0.0
436210,UNITED STATES,0.0
436221,UNITED STATES,0.0
436226,UNITED STATES,0.0
436231,UNITED STATES,0.0
436245,UNITED STATES,0.0
436253,UNITED STATES,0.0
436257,UNITED STATES,0.0
436260,UNITED STATES,0.0
436263,UNITED STATES,0.0
436267,UNITED STATES,0.0
436273,UNITED STATES,0.0
436276,UNITED STATES,0.0
436282,UNITED STATES,0.0
436289,UNITED STATES,0.0
436298,UNITED STATES,0.0
436302,UNITED STATES,0.0
436341,UNITED STATES,0.0
436351,UNITED STATES,0.0
436352,UNITED STATES,0.0
436355,AUSTRALIA,0.0
436389,INDIA,0.0
436391,INDIA,1.0
436397,JAPAN,0.0
436427,INDIA,0.0
436450,UNITED STATES,0.0
436455,UNITED STATES,0.0
436463,UNITED STATES,0.0
436465,UNITED STATES,0.0
436472,UNITED STATES,0.0
436616,UNITED STATES,0.0
436623,UNITED STATES,0.0
436628,UNITED STATES,0.0
436638,UNITED STATES,0.0
436644,UNITED STATES,0.0
436646,UNITED STATES,0.0
436674,UNITED STATES,0.0
436676,UNITED STATES,0.0
436687,UNITED STATES,0.0
436695,UNITED STATES,0.0
436696,INDIA,0.0
436703,UNITED STATES,0.0
436705,UNITED STATES,0.0
436707,UNITED STATES,0.0
436734,CHINA,0.0
436781,UNITED STATES,0.0
436783,UNITED STATES,0.0
436796,JAPAN,0.0
436803,UNITED STATES,0.0
436808,UNITED STATES,0.0
436817,UNITED STATES,0.0
436837,UNITED STATES,0.0
436840,UNITED STATES,0.0
436865,RUSSIAN FEDERATION,0.0
436867,UNITED STATES,0.0
436886,UNITED STATES,0.0
436903,UNITED STATES,0.0
436912,UNITED STATES,0.0
436917,UNITED STATES,0.0
436918,BRAZIL,0.0
436928,UNITED STATES,0.0
436940,UNITED STATES,0.0
436948,UNITED STATES,0.0
436979,UNITED STATES,0.0
436983,UNITED STATES,0.0
436984,UNITED STATES,0.0
436997,UNITED STATES,0.0
437011,FRANCE,0.0
437014,UNITED STATES,0.0
437018,UNITED STATES,0.0
437051,UNITED STATES,0.0
437080,UNITED STATES,0.0
437096,UNITED STATES,0.0
437134,UNITED STATES,0.0
437141,GERMANY,0.0
437144,UNITED STATES,0.0
437152,UNITED STATES,0.0
437154,UNITED STATES,0.0
437157,UNITED STATES,0.0
437176,UNITED STATES,0.0
437189,UNITED STATES,0.0
437192,UNITED STATES,0.0
437211,UNITED STATES,0.0
437216,UNITED STATES,0.0
437218,UNITED STATES,0.0
437225,UNITED STATES,0.0
437228,UNITED STATES,0.0
437229,UNITED STATES,0.0
437235,UNITED STATES,0.0
437242,UNITED STATES,0.0
437321,UNITED STATES,0.0
437330,UNITED STATES,0.0
437342,UNITED STATES,0.0
437363,RUSSIAN FEDERATION,0.0
437366,INDIA,0.0
437387,INDIA,0.0
437400,INDIA,0.0
437404,UNITED STATES,0.0
437415,INDIA,0.0
437465,UNITED STATES,0.0
437485,UNITED STATES,0.0
437497,UNITED STATES,0.0
437499,UNITED STATES,0.0
437501,INDIA,0.0
437505,UKRAINE,0.0
437541,RUSSIAN FEDERATION,0.0
437553,UNITED STATES,0.0
437579,INDIA,0.0
437590,AUSTRALIA,0.0
437598,RUSSIAN FEDERATION,0.0
437601,UNITED STATES,0.0
437603,UNITED STATES,0.0
437609,UNITED STATES,0.0
437620,UNITED STATES,0.0
437621,UNITED STATES,1.0
437649,UNITED STATES,1.0
437681,UNITED STATES,0.0
437686,UNITED STATES,0.0
437706,INDIA,0.0
437719,UNITED STATES,0.0
437742,PAKISTAN,0.0
437763,UNITED STATES,0.0
437780,UNITED STATES,0.0
437784,RUSSIAN FEDERATION,0.0
437808,UNITED STATES,0.0
437810,UNITED STATES,0.0
437814,UNITED STATES,0.0
437815,UNITED STATES,0.0
437816,UNITED STATES,0.0
437822,UNITED STATES,0.0
437835,FRANCE,0.0
437873,UNITED KINGDOM,0.0
437891,INDIA,0.0
438003,BRAZIL,0.0
438008,BRAZIL,0.0
438016,BRAZIL,0.0
438104,UNITED STATES,0.0
438110,INDIA,0.0
438114,INDIA,0.0
438126,CHINA,0.0
438153,ITALY,0.0
438170,UNITED STATES,0.0
438177,UNITED STATES,0.0
438180,UNITED STATES,0.0
438193,UNITED STATES,0.0
438203,UNITED STATES,0.0
438205,UNITED STATES,0.0
438208,UNITED STATES,1.0
438211,UNITED STATES,0.0
438218,SINGAPORE,0.0
438269,UNITED STATES,0.0
438277,UNITED STATES,0.0
438333,UNITED STATES,0.0
438335,UNITED STATES,1.0
438356,UNITED STATES,0.0
438394,UNITED STATES,0.0
438403,UNITED STATES,0.0
438432,UNITED STATES,0.0
438445,UNITED STATES,0.0
438462,UNITED STATES,0.0
438463,UNITED STATES,0.0
438491,UNITED STATES,0.0
438503,INDIA,0.0
438509,UNITED STATES,0.0
438516,UNITED STATES,0.0
438519,UNITED STATES,0.0
438543,UNITED STATES,0.0
438560,UNITED STATES,0.0
438563,UNITED STATES,1.0
438566,UNITED STATES,0.0
438567,UNITED STATES,0.0
438574,UNITED STATES,0.0
438580,JAPAN,0.0
438586,JAPAN,0.0
438600,CHINA,0.0
438605,UNITED STATES,0.0
438607,UNITED STATES,0.0
438608,UNITED STATES,0.0
438609,UNITED STATES,0.0
438611,UNITED STATES,0.0
438621,UNITED STATES,0.0
438671,UNITED STATES,0.0
438685,UNITED STATES,0.0
438715,UNITED STATES,0.0
438720,JAPAN,0.0
438746,SINGAPORE,0.0
438747,UNITED STATES,0.0
438755,UNITED STATES,0.0
438788,UNITED STATES,0.0
438791,UNITED STATES,0.0
438796,UNITED STATES,0.0
438819,UNITED STATES,0.0
438824,UNITED STATES,0.0
438832,UNITED STATES,0.0
438835,UNITED STATES,0.0
438845,UNITED STATES,0.0
438852,UNITED STATES,0.0
438863,UNITED STATES,0.0
438874,RUSSIAN FEDERATION,0.0
438876,UNITED STATES,0.0
438879,UNITED STATES,0.0
438882,UNITED STATES,0.0
438894,UNITED STATES,0.0
438905,JAPAN,0.0
438942,UNITED STATES,0.0
438947,UNITED STATES,0.0
438959,UNITED STATES,0.0
438964,UNITED STATES,0.0
438987,AUSTRALIA,0.0
439000,RUSSIAN FEDERATION,0.0
439005,UNITED STATES,0.0
439016,BRAZIL,0.0
439021,BRAZIL,0.0
439044,UNITED KINGDOM,0.0
439108,JAPAN,0.0
439139,BRAZIL,0.0
439162,RUSSIAN FEDERATION,0.0
439174,INDIA,0.0
439206,UNITED STATES,0.0
439246,RUSSIAN FEDERATION,0.0
439285,UNITED STATES,0.0
439305,UNITED STATES,0.0
439319,UNITED STATES,0.0
439325,CHINA,0.0
439334,UNITED STATES,0.0
439336,UNITED STATES,0.0
439341,UNITED STATES,0.0
439362,UNITED STATES,0.0
439387,RUSSIAN FEDERATION,0.0
439390,BRAZIL,0.0
439400,UNITED STATES,0.0
439408,UNITED STATES,0.0
439418,UNITED STATES,0.0
439436,UNITED STATES,0.0
439437,UNITED STATES,0.0
439454,BRAZIL,0.0
439465,UNITED STATES,0.0
439478,BRAZIL,0.0
439487,UNITED STATES,0.0
439522,UNITED STATES,0.0
439537,UNITED STATES,0.0
439553,UNITED STATES,0.0
439554,UNITED STATES,0.0
439555,UNITED STATES,0.0
439556,GERMANY,0.0
439567,FRANCE,0.0
439571,UNITED KINGDOM,0.0
439620,FRANCE,0.0
439624,UNITED STATES,0.0
439631,UNITED STATES,0.0
439635,UNITED STATES,0.0
439640,UNITED STATES,0.0
439646,UNITED KINGDOM,0.0
439648,GERMANY,0.0
439652,FRANCE,0.0
439656,UNITED KINGDOM,0.0
439663,UNITED STATES,0.0
439672,FRANCE,0.0
439701,BRAZIL,1.0
439705,BELGIUM,0.0
439713,UNITED STATES,0.0
439717,UNITED STATES,0.0
439720,UNITED KINGDOM,0.0
439727,FRANCE,0.0
439732,UNITED KINGDOM,0.0
439733,UNITED KINGDOM,0.0
439758,UNITED STATES,0.0
439769,UNITED STATES,0.0
439781,UNITED KINGDOM,0.0
439782,ITALY,0.0
439802,UNITED STATES,0.0
439807,UNITED STATES,0.0
439826,FRANCE,1.0
439835,UNITED STATES,0.0
439846,FRANCE,0.0
439860,UNITED STATES,0.0
439869,UNITED STATES,0.0
439870,UNITED STATES,0.0
439873,UNITED STATES,0.0
439879,UNITED STATES,0.0
439889,UNITED STATES,0.0
439891,UNITED STATES,0.5
439903,UNITED STATES,0.0
439910,UNITED STATES,0.0
439916,UNITED STATES,0.0
439918,UNITED STATES,0.0
439924,UNITED STATES,0.0
439935,UNITED STATES,0.0
439937,BRAZIL,0.0
439958,RUSSIAN FEDERATION,0.0
439979,UNITED STATES,0.0
439997,UNITED STATES,0.0
440005,UNITED STATES,0.0
440052,UNITED STATES,0.0
440063,UNITED STATES,0.0
440068,UNITED STATES,0.0
440073,UNITED STATES,0.0
440078,UNITED STATES,0.0
440087,UNITED STATES,0.0
440088,UNITED STATES,0.0
440092,UNITED STATES,0.0
440096,UNITED STATES,0.0
440104,UNITED STATES,0.0
440106,UNITED STATES,0.0
440108,UNITED STATES,0.0
440111,UNITED STATES,0.0
440113,UNITED STATES,0.0
440120,UNITED STATES,0.0
440150,UNITED STATES,0.0
440156,UNITED STATES,0.0
440168,UNITED STATES,0.0
440175,UNITED STATES,0.0
440187,UNITED STATES,0.0
440196,UNITED STATES,0.0
440204,RUSSIAN FEDERATION,0.0
440215,UNITED STATES,0.0
440227,UNITED STATES,0.0
440263,UNITED STATES,0.0
440286,UNITED STATES,0.0
440314,UNITED STATES,0.0
440338,UNITED STATES,0.0
440345,UNITED STATES,0.0
440348,UNITED STATES,0.0
440354,UNITED STATES,0.0
440364,UNITED STATES,0.0
440366,UNITED STATES,0.0
440387,UNITED STATES,0.0
440395,UNITED STATES,0.0
440402,UNITED STATES,0.0
440444,UNITED STATES,0.0
440459,UNITED STATES,0.0
440474,UNITED STATES,1.0
440476,UNITED STATES,0.0
440483,UNITED STATES,0.0
440486,UNITED STATES,0.0
440503,RUSSIAN FEDERATION,0.0
440514,RUSSIAN FEDERATION,0.0
440523,INDIA,0.0
440540,RUSSIAN FEDERATION,0.0
440559,MALAYSIA,0.0
440596,UNITED STATES,0.0
440603,BELGIUM,0.0
440669,UNITED KINGDOM,0.0
440683,RUSSIAN FEDERATION,0.0
440686,UNITED STATES,0.0
440690,RUSSIAN FEDERATION,0.0
440695,BRAZIL,0.0
440703,AUSTRALIA,0.0
440769,ITALY,0.0
440779,UNITED STATES,0.0
440781,KENYA,0.0
440805,UNITED STATES,0.0
440817,UNITED STATES,0.0
440839,UNITED STATES,0.0
440849,RUSSIAN FEDERATION,0.0
440854,UNITED STATES,0.0
440855,UNITED STATES,0.0
440856,UNITED STATES,0.0
440872,UNITED STATES,0.0
440880,UNITED STATES,0.0
440914,UNITED STATES,0.0
440915,UNITED STATES,0.0
440924,UNITED STATES,0.0
440930,UNITED STATES,0.0
440939,UNITED STATES,0.0
440940,UNITED STATES,0.0
441013,BRAZIL,0.0
441053,UNITED STATES,0.0
441066,BRAZIL,1.0
441072,GERMANY,0.0
441122,BRAZIL,0.0
441129,KENYA,0.0
441144,UNITED STATES,0.0
441152,UNITED STATES,0.0
441185,UNITED STATES,0.0
441188,UNITED STATES,0.0
441191,UNITED STATES,0.0
441199,UNITED STATES,0.0
441200,UNITED STATES,0.0
441207,UNITED STATES,0.0
441217,UNITED STATES,0.0
441219,UNITED STATES,0.0
441227,UNITED STATES,0.0
441237,UNITED STATES,0.0
441248,UNITED STATES,0.0
441262,GERMANY,0.0
441270,UNITED STATES,0.0
441274,UNITED STATES,0.0
441278,UNITED STATES,0.0
441309,UNITED STATES,0.0
441325,RUSSIAN FEDERATION,1.0
441349,BRAZIL,0.0
441372,UNITED STATES,0.0
441382,UNITED STATES,0.0
441393,UNITED STATES,0.0
441395,UNITED STATES,0.0
441401,UNITED STATES,0.0
441406,UNITED STATES,0.0
441408,UNITED STATES,0.0
441409,UNITED STATES,0.0
441411,UNITED STATES,0.0
441417,UNITED STATES,0.0
441424,UNITED STATES,0.0
441432,UNITED STATES,0.0
441445,BRAZIL,0.0
441452,UNITED STATES,0.0
441455,UNITED STATES,0.0
441457,UNITED STATES,0.0
441460,UNITED STATES,0.0
441462,UNITED STATES,0.0
441470,UNITED STATES,0.0
441472,UNITED STATES,0.0
441474,UNITED STATES,0.0
441486,UNITED STATES,0.0
441488,UNITED STATES,0.0
441489,UNITED STATES,0.0
441494,UNITED STATES,0.0
441502,UNITED STATES,0.0
441510,UNITED STATES,0.0
441520,UNITED STATES,0.0
441543,UNITED STATES,0.0
441550,UNITED STATES,0.0
441568,BRAZIL,0.0
441598,UNITED STATES,0.0
441602,UNITED STATES,0.0
441624,UNITED STATES,0.0
441636,UNITED STATES,1.0
441637,UNITED STATES,0.0
441644,UNITED STATES,0.0
441661,UNITED STATES,0.0
441665,UNITED STATES,0.0
441672,UNITED STATES,0.0
441679,UNITED STATES,0.0
441688,UNITED STATES,0.0
441691,UNITED STATES,0.0
441697,UNITED STATES,0.0
441712,UNITED STATES,0.0
441734,BELGIUM,0.0
441756,UNITED STATES,0.0
441776,UNITED STATES,0.0
441783,BRAZIL,0.0
441845,UNITED STATES,0.0
441853,UNITED STATES,0.0
441854,UNITED STATES,0.0
441865,UNITED STATES,0.0
441867,UNITED STATES,0.0
441885,UNITED STATES,0.0
441892,UNITED STATES,0.0
441909,UNITED STATES,0.0
441918,UNITED STATES,0.0
441921,UNITED STATES,0.0
441925,UNITED STATES,0.0
441926,UNITED STATES,0.0
441930,UNITED STATES,0.5
441935,UNITED STATES,1.0
441963,UNITED STATES,1.0
441965,UNITED STATES,0.0
441981,UNITED STATES,0.0
441991,UNITED STATES,0.0
442003,UNITED STATES,0.0
442010,INDIA,0.0
442024,UNITED STATES,0.0
442025,UNITED STATES,0.0
442053,UNITED STATES,0.0
442055,UNITED STATES,0.0
442064,UNITED STATES,0.0
442065,UNITED STATES,0.0
442073,UNITED STATES,0.0
442081,UNITED STATES,0.0
442095,UNITED STATES,0.0
442099,UNITED STATES,0.0
442118,UNITED STATES,0.0
442121,UNITED STATES,0.0
442139,UNITED STATES,0.0
442144,INDIA,0.0
442147,UNITED STATES,0.0
442154,INDIA,0.0
442157,INDIA,0.0
442158,INDIA,0.0
442187,RUSSIAN FEDERATION,0.0
442211,UNITED STATES,0.0
442225,UNITED STATES,0.0
442237,UNITED STATES,0.0
442240,UNITED STATES,0.0
442251,UNITED STATES,0.0
442252,UNITED STATES,0.0
442253,UNITED STATES,0.0
442263,MALAYSIA,0.0
442272,UNITED STATES,0.0
442280,UNITED STATES,0.0
442283,UNITED STATES,0.0
442292,UNITED STATES,0.0
442308,INDIA,0.0
442309,UNITED STATES,0.0
442330,UNITED STATES,0.0
442343,SINGAPORE,0.0
442368,UNITED STATES,0.0
442379,UNITED STATES,0.0
442388,UNITED STATES,0.0
442407,UNITED STATES,0.0
442414,MALAYSIA,0.0
442439,UNITED STATES,0.0
442448,FRANCE,0.0
442453,FRANCE,0.0
442457,FRANCE,0.0
442462,UNITED KINGDOM,0.0
442471,UNITED STATES,0.0
442504,UNITED STATES,0.0
442505,UNITED STATES,0.0
442510,UNITED STATES,0.0
442514,UNITED STATES,0.0
442516,UNITED STATES,0.0
442517,UNITED STATES,0.0
442518,UNITED STATES,0.0
442519,UNITED STATES,0.0
442562,UNITED STATES,0.0
442565,UNITED STATES,0.0
442567,UNITED STATES,0.0
442569,UNITED STATES,0.0
442580,UNITED STATES,0.0
442581,UNITED STATES,0.0
442586,UNITED STATES,0.0
442591,UNITED STATES,0.0
442600,UNITED STATES,0.0
442611,UNITED STATES,0.0
442629,UNITED STATES,0.0
442638,UNITED STATES,0.0
442639,UNITED STATES,0.0
442645,AUSTRALIA,0.0
442647,UNITED STATES,0.0
442652,INDIA,0.0
442658,UNITED STATES,0.0
442672,UNITED STATES,0.0
442674,UNITED STATES,0.0
442677,UNITED STATES,0.0
442686,UNITED STATES,0.0
442688,UNITED STATES,0.0
442731,UNITED STATES,0.0
442736,UNITED STATES,0.0
442753,UNITED STATES,0.0
442754,UNITED STATES,0.0
442764,UNITED STATES,0.0
442769,AUSTRALIA,0.0
442781,UNITED STATES,0.0
442793,UNITED STATES,0.0
442811,UNITED STATES,0.0
442817,UNITED STATES,0.0
442824,UNITED STATES,0.0
442828,UNITED STATES,0.0
442852,UNITED STATES,0.0
442857,UNITED STATES,0.0
442905,UNITED STATES,0.0
442924,UNITED STATES,0.0
442928,UNITED STATES,1.0
442940,UNITED STATES,0.0
442943,UNITED STATES,0.0
442944,UNITED STATES,0.0
442982,UNITED STATES,0.0
442994,UNITED STATES,0.0
443001,UNITED STATES,0.0
443002,UNITED STATES,0.0
443014,UNITED STATES,0.0
443021,UNITED STATES,0.0
443024,INDIA,0.0
443027,UNITED STATES,0.0
443030,UNITED STATES,0.0
443046,UNITED STATES,0.0
443047,UNITED STATES,0.0
443050,UNITED STATES,0.0
443063,UNITED STATES,0.0
443067,UNITED STATES,0.0
443081,UNITED STATES,0.0
443100,UNITED STATES,0.0
443103,JAPAN,0.0
443118,UNITED STATES,0.0
443121,UNITED STATES,0.0
443125,UNITED STATES,0.0
443140,UNITED STATES,0.0
443157,UNITED STATES,0.0
443180,UNITED STATES,0.0
443183,UNITED STATES,0.0
443185,UNITED STATES,0.0
443188,UNITED STATES,0.0
443196,UNITED STATES,0.0
443198,UNITED STATES,0.0
443214,UNITED STATES,0.0
443218,UNITED STATES,0.0
443240,UNITED STATES,0.0
443241,UNITED STATES,0.0
443243,UNITED STATES,0.0
443248,UNITED STATES,0.0
443280,UNITED STATES,0.0
443281,UNITED STATES,0.0
443300,UNITED STATES,0.0
443302,RUSSIAN FEDERATION,0.0
443314,UNITED STATES,0.0
443352,UNITED STATES,0.0
443370,UNITED STATES,0.0
443377,UNITED STATES,0.0
443378,UNITED STATES,0.0
443384,UNITED STATES,0.0
443392,UNITED STATES,0.0
443394,UNITED STATES,0.0
443413,AUSTRALIA,0.0
443415,AUSTRALIA,1.0
443431,AUSTRALIA,0.0
443438,AUSTRALIA,0.0
443465,AUSTRALIA,0.0
443467,AUSTRALIA,0.0
443477,AUSTRALIA,0.0
443484,AUSTRALIA,0.0
443486,AUSTRALIA,0.0
443492,AUSTRALIA,0.0
443494,AUSTRALIA,0.0
443499,AUSTRALIA,0.0
443500,UNITED STATES,0.0
443508,UNITED STATES,0.0
443509,UNITED STATES,0.0
443524,UNITED STATES,0.0
443531,UNITED STATES,0.0
443535,UNITED STATES,0.0
443540,UNITED STATES,0.0
443544,UNITED STATES,0.0
443559,UNITED STATES,0.0
443570,UNITED STATES,0.0
443582,UNITED STATES,0.0
443597,UNITED STATES,0.0
443599,UNITED STATES,0.0
443629,UNITED STATES,0.0
443636,UNITED STATES,0.0
443649,UNITED STATES,0.0
443663,UNITED STATES,0.0
443667,UNITED STATES,0.0
443679,UNITED STATES,0.0
443693,UNITED STATES,0.0
443713,UNITED STATES,0.0
443762,UNITED STATES,0.0
443765,UNITED STATES,0.0
443779,UNITED STATES,0.0
443780,UNITED STATES,0.0
443787,UNITED STATES,0.0
443795,UNITED STATES,0.0
443800,UNITED STATES,0.0
443816,INDIA,0.0
443838,UNITED STATES,1.0
443850,UNITED STATES,0.0
443853,UNITED STATES,0.0
443872,UKRAINE,0.0
443878,UKRAINE,0.0
443905,RUSSIAN FEDERATION,0.0
443906,RUSSIAN FEDERATION,0.0
443991,UNITED STATES,0.0
444000,UNITED KINGDOM,0.0
444007,UNITED KINGDOM,0.0
444018,UNITED STATES,0.0
444073,UNITED STATES,0.0
444085,MEXICO,0.0
444093,UNITED STATES,0.0
444102,UNITED STATES,0.0
444103,UNITED STATES,0.0
444105,UNITED STATES,0.0
444109,UNITED STATES,0.0
444112,UNITED STATES,0.0
444114,UNITED STATES,0.0
444120,UNITED STATES,0.0
444127,UNITED STATES,0.0
444152,UNITED STATES,0.0
444156,UNITED STATES,0.0
444160,UNITED STATES,0.0
444161,UNITED STATES,0.0
444165,BRAZIL,0.0
444181,UNITED STATES,0.0
444182,UNITED STATES,0.0
444186,UNITED STATES,1.0
444189,UNITED STATES,0.0
444266,UNITED STATES,0.0
444273,UNITED STATES,0.0
444279,UNITED STATES,0.0
444286,UNITED STATES,0.0
444287,UNITED STATES,0.0
444294,UNITED STATES,0.0
444306,UNITED STATES,0.0
444350,UNITED STATES,0.0
444353,UNITED STATES,0.0
444354,UNITED STATES,0.0
444369,UNITED STATES,0.0
444381,UNITED STATES,0.0
444401,UNITED STATES,0.0
444423,UNITED STATES,0.0
444424,UKRAINE,0.0
444426,UNITED STATES,0.0
444427,UNITED STATES,0.0
444438,UNITED STATES,0.0
444440,UNITED STATES,0.0
444449,MEXICO,0.0
444451,UNITED STATES,0.0
444456,BRAZIL,0.0
444489,UNITED STATES,0.0
444501,UNITED STATES,0.0
444507,UNITED STATES,0.0
444508,UNITED STATES,0.0
444524,UNITED STATES,0.0
444527,UNITED STATES,0.0
444530,UNITED STATES,0.0
444532,UNITED STATES,0.0
444587,INDIA,0.0
444589,FRANCE,0.0
444591,UNITED STATES,0.0
444608,UNITED STATES,0.5
444609,UNITED STATES,0.0
444610,UNITED STATES,0.0
444614,UNITED STATES,0.0
444615,UNITED STATES,0.0
444617,UNITED STATES,0.0
444618,UNITED STATES,1.0
444624,UNITED STATES,0.0
444645,UNITED STATES,0.0
444653,UNITED STATES,0.0
444663,BRAZIL,1.0
444664,BRAZIL,1.0
444665,BRAZIL,0.0
444698,UNITED STATES,0.0
444706,UNITED STATES,0.0
444709,UNITED STATES,0.0
444716,UNITED STATES,1.0
444717,UNITED STATES,0.0
444720,UNITED STATES,0.0
444723,UNITED STATES,0.0
444738,UNITED STATES,0.0
444741,UNITED STATES,0.0
444749,UNITED STATES,0.0
444750,UNITED STATES,0.0
444759,UNITED STATES,0.0
444760,UNITED STATES,1.0
444766,UNITED STATES,0.0
444793,UNITED STATES,0.0
444802,UKRAINE,0.0
444809,INDIA,0.0
444813,UNITED STATES,0.0
444830,UNITED STATES,0.0
444831,UNITED STATES,0.0
444832,UNITED STATES,0.0
444841,UNITED STATES,0.0
444847,UNITED STATES,0.0
444860,UNITED STATES,0.0
444861,UNITED STATES,0.0
444866,UNITED STATES,0.0
444875,UNITED STATES,0.0
444885,UNITED STATES,0.0
444887,UNITED STATES,0.0
444891,UNITED STATES,0.0
444907,UNITED STATES,0.0
444925,UNITED STATES,0.0
444935,UNITED STATES,0.0
444949,UNITED STATES,0.0
444950,UNITED STATES,0.0
444954,UNITED STATES,0.0
444955,UNITED STATES,0.0
444965,UNITED STATES,0.0
444973,UNITED STATES,1.0
444978,UNITED STATES,0.0
444981,UNITED STATES,0.0
444984,UNITED STATES,0.0
445025,UNITED STATES,0.0
445026,UNITED STATES,0.0
445032,UNITED STATES,0.0
445043,UNITED STATES,0.0
445062,UNITED STATES,0.0
445072,UNITED STATES,0.0
445088,AUSTRALIA,0.0
445097,JAPAN,0.0
445107,UNITED STATES,0.0
445114,UNITED STATES,0.0
445119,UNITED STATES,1.0
445128,UKRAINE,0.0
445129,INDIA,0.0
445163,UNITED STATES,0.0
445175,UNITED STATES,0.0
445180,UNITED STATES,0.0
445182,UNITED STATES,0.0
445194,RUSSIAN FEDERATION,0.0
445196,RUSSIAN FEDERATION,0.0
445201,UNITED STATES,0.0
445221,UNITED STATES,0.0
445234,UNITED STATES,0.0
445240,UNITED STATES,0.0
445244,UNITED STATES,0.0
445246,UNITED STATES,0.0
445251,UNITED STATES,1.0
445254,UNITED STATES,0.0
445266,UNITED STATES,0.0
445275,UNITED STATES,0.0
445276,UNITED STATES,0.0
445286,UNITED STATES,0.0
445292,UNITED STATES,0.0
445301,UNITED STATES,0.0
445339,UNITED STATES,0.0
445342,UNITED STATES,0.0
445346,UNITED STATES,0.0
445363,UNITED STATES,0.0
445378,UNITED STATES,0.0
445380,UNITED STATES,0.0
445383,UNITED STATES,0.0
445392,UNITED STATES,0.0
445397,UNITED STATES,0.0
445399,UNITED STATES,0.0
445407,UNITED STATES,0.0
445423,UNITED STATES,0.0
445441,UNITED STATES,0.0
445457,UNITED STATES,0.0
445458,UNITED STATES,0.0
445463,UNITED STATES,0.0
445473,BELGIUM,0.0
445479,BELGIUM,0.0
445482,BELGIUM,0.0
445515,UNITED STATES,0.0
445517,UNITED STATES,0.0
445529,RUSSIAN FEDERATION,0.0
445553,RUSSIAN FEDERATION,0.0
445561,UNITED STATES,0.0
445568,UKRAINE,0.0
445571,UKRAINE,0.0
445580,UNITED STATES,0.0
445581,UNITED STATES,0.0
445588,UNITED STATES,0.0
445602,UNITED STATES,0.0
445606,UNITED STATES,0.0
445634,UNITED STATES,0.0
445648,UNITED STATES,0.0
445656,UNITED STATES,0.0
445675,UNITED STATES,0.0
445717,UNITED STATES,0.0
445718,UNITED STATES,0.0
445723,UNITED STATES,0.0
445724,UNITED STATES,0.0
445733,UNITED STATES,0.0
445743,UNITED STATES,0.0
445747,UNITED STATES,0.0
445753,UNITED STATES,0.0
445754,UNITED STATES,0.0
445756,UNITED STATES,0.0
445758,UNITED STATES,0.0
445761,UNITED STATES,0.0
445765,UNITED STATES,0.0
445767,UNITED STATES,0.0
445830,UNITED STATES,0.0
445835,UNITED STATES,0.0
445838,UNITED STATES,0.0
445839,UNITED STATES,0.0
445848,UNITED STATES,0.0
445849,UNITED STATES,0.0
445853,UNITED STATES,0.0
445854,UNITED KINGDOM,0.0
445871,UNITED STATES,1.0
445882,UNITED STATES,0.0
445884,UNITED STATES,0.0
445895,RUSSIAN FEDERATION,0.0
445896,RUSSIAN FEDERATION,0.0
445904,UNITED STATES,0.0
445915,UNITED STATES,0.0
445921,UNITED STATES,0.0
445945,UNITED STATES,0.0
445946,UNITED KINGDOM,0.0
445974,UNITED KINGDOM,0.0
445978,UNITED STATES,0.0
445998,UNITED STATES,0.0
446007,UNITED STATES,0.0
446012,UNITED STATES,0.0
446016,UNITED STATES,0.0
446024,UNITED STATES,0.0
446036,UNITED STATES,0.0
446058,UNITED STATES,0.0
446062,UNITED STATES,0.0
446087,UNITED STATES,0.0
446098,RUSSIAN FEDERATION,0.0
446110,UNITED STATES,0.0
446113,UNITED STATES,0.0
446115,MEXICO,0.0
446119,MEXICO,0.0
446124,UNITED STATES,0.0
446135,GERMANY,0.0
446169,RUSSIAN FEDERATION,0.0
446171,UNITED STATES,0.0
446194,BRAZIL,0.0
446200,UNITED KINGDOM,0.0
446209,UNITED KINGDOM,0.0
446211,UNITED KINGDOM,0.0
446220,UNITED KINGDOM,0.0
446221,UNITED KINGDOM,0.0
446223,UNITED KINGDOM,0.0
446229,UNITED STATES,0.0
446249,UNITED KINGDOM,0.0
446250,UNITED KINGDOM,0.0
446253,UNITED KINGDOM,0.0
446257,UNITED KINGDOM,0.0
446266,UNITED KINGDOM,0.0
446271,UNITED KINGDOM,0.0
446285,UNITED KINGDOM,0.0
446286,UNITED KINGDOM,0.0
446287,UNITED STATES,0.0
446301,UNITED STATES,0.0
446305,BRAZIL,0.0
446307,UNITED STATES,0.0
446311,UNITED KINGDOM,0.0
446321,UNITED STATES,0.0
446354,RUSSIAN FEDERATION,0.0
446358,UKRAINE,0.0
446359,UKRAINE,0.0
446369,UNITED STATES,0.0
446389,UKRAINE,0.0
446407,UNITED STATES,0.0
446418,UNITED STATES,0.0
446462,UNITED STATES,0.0
446464,UNITED STATES,0.0
446487,UNITED STATES,0.0
446488,UNITED STATES,0.0
446490,UNITED STATES,0.0
446495,UNITED STATES,0.0
446506,UNITED STATES,0.0
446507,UNITED STATES,0.0
446518,RUSSIAN FEDERATION,0.0
446519,RUSSIAN FEDERATION,0.0
446535,UNITED STATES,0.0
446544,UNITED STATES,0.0
446550,UNITED STATES,0.0
446554,UNITED STATES,0.0
446557,UNITED STATES,0.0
446558,UNITED STATES,0.0
446564,UNITED STATES,0.0
446568,UNITED STATES,0.5
446571,UNITED STATES,0.0
446573,UNITED STATES,0.0
446579,UNITED STATES,0.0
446588,UNITED STATES,1.0
446590,UNITED STATES,0.0
446592,UNITED STATES,0.0
446615,UNITED STATES,0.0
446643,UNITED STATES,0.0
446644,INDIA,0.0
446649,UNITED STATES,0.0
446662,UNITED STATES,0.0
446666,SINGAPORE,0.0
446708,UNITED STATES,0.0
446717,UNITED STATES,0.5
446720,UNITED STATES,0.0
446728,UNITED STATES,0.0
446736,UNITED STATES,0.0
446773,UNITED STATES,0.0
446797,UNITED STATES,0.0
446827,UNITED STATES,0.0
446832,UNITED STATES,0.0
446834,UNITED STATES,0.0
446848,UNITED STATES,1.0
446858,UNITED STATES,0.0
446883,UNITED STATES,0.0
446895,UNITED STATES,0.0
446897,UNITED STATES,0.0
446900,UNITED STATES,0.0
446911,RUSSIAN FEDERATION,0.0
446939,RUSSIAN FEDERATION,0.0
446946,RUSSIAN FEDERATION,0.0
446955,RUSSIAN FEDERATION,0.0
446960,UKRAINE,0.0
446962,RUSSIAN FEDERATION,0.0
446968,BRAZIL,0.0
446994,UNITED STATES,0.0
447004,UNITED STATES,0.0
447041,UNITED STATES,0.0
447053,UNITED STATES,0.0
447063,UNITED STATES,0.0
447069,UNITED STATES,0.0
447075,UNITED STATES,0.0
447094,UNITED STATES,0.0
447113,UNITED STATES,0.0
447119,UNITED STATES,0.0
447130,UNITED STATES,0.0
447142,UNITED STATES,0.0
447157,UNITED STATES,0.0
447162,UNITED STATES,0.0
447184,UNITED STATES,0.0
447188,UNITED STATES,0.0
447199,UNITED STATES,0.0
447200,UNITED STATES,0.0
447208,UNITED STATES,0.0
447235,UNITED STATES,0.0
447253,UNITED STATES,0.0
447259,UNITED STATES,0.0
447263,UNITED STATES,0.0
447264,UNITED STATES,0.0
447272,UNITED STATES,0.0
447283,UNITED STATES,0.0
447286,UNITED STATES,0.0
447301,UNITED STATES,0.0
447302,UNITED STATES,0.0
447323,UNITED STATES,0.0
447374,RUSSIAN FEDERATION,0.0
447382,UNITED STATES,0.0
447385,UNITED STATES,0.0
447388,UNITED KINGDOM,0.0
447420,UNITED STATES,0.0
447429,UNITED STATES,0.0
447446,UNITED STATES,0.0
447451,UNITED STATES,0.0
447454,BRAZIL,0.0
447456,UNITED STATES,0.0
447465,UNITED STATES,0.0
447480,UNITED STATES,0.0
447508,UNITED STATES,0.0
447512,UNITED STATES,0.0
447583,UNITED KINGDOM,0.0
447593,GERMANY,0.0
447594,GERMANY,0.0
447597,GERMANY,0.0
447598,GERMANY,0.0
447603,RUSSIAN FEDERATION,0.0
447613,UNITED STATES,0.0
447616,UNITED STATES,0.0
447620,UNITED STATES,0.0
447622,UNITED STATES,0.0
447637,UNITED STATES,0.0
447642,GERMANY,0.0
447650,UNITED STATES,0.0
447651,UNITED STATES,0.0
447675,UNITED STATES,0.0
447681,UNITED STATES,0.0
447682,UNITED STATES,0.0
447692,INDIA,0.0
447695,UNITED STATES,0.0
447698,UNITED STATES,0.0
447729,UNITED STATES,0.0
447730,UNITED STATES,0.0
447762,UNITED STATES,0.0
447771,UNITED STATES,0.0
447774,UNITED STATES,0.0
447797,UNITED STATES,0.0
447802,UNITED STATES,0.0
447815,KENYA,0.0
447844,UNITED STATES,0.0
447875,UNITED STATES,0.0
447880,RUSSIAN FEDERATION,1.0
447881,RUSSIAN FEDERATION,0.0
447908,UNITED STATES,1.0
447916,UNITED STATES,0.0
447930,UNITED STATES,0.0
447940,UNITED STATES,0.0
447944,UNITED STATES,0.0
447949,UNITED STATES,0.0
447953,UNITED STATES,0.0
447954,UNITED STATES,0.0
447957,UNITED STATES,0.0
447961,UNITED STATES,0.0
447965,UNITED STATES,0.0
447971,UNITED STATES,0.0
447985,UNITED STATES,0.0
447990,UNITED STATES,0.0
448023,UNITED STATES,0.0
448025,UNITED STATES,0.0
448026,UNITED STATES,0.0
448044,UNITED STATES,0.0
448054,UNITED STATES,0.0
448059,UNITED STATES,0.0
448068,UNITED STATES,0.0
448072,UNITED STATES,0.0
448075,UNITED STATES,0.0
448082,UNITED STATES,0.0
448095,UNITED STATES,0.0
448110,UNITED STATES,0.0
448114,UNITED STATES,0.0
448117,UNITED STATES,0.0
448135,UNITED STATES,0.0
448136,UNITED STATES,0.0
448146,UNITED STATES,0.0
448152,BRAZIL,0.0
448154,UNITED STATES,0.0
448171,UNITED STATES,0.0
448188,UNITED STATES,0.0
448208,UNITED STATES,0.0
448212,UNITED STATES,0.0
448216,UNITED STATES,0.0
448228,UNITED STATES,0.0
448232,UNITED STATES,0.0
448236,UNITED STATES,0.0
448237,UNITED STATES,0.0
448238,UNITED STATES,0.0
448244,UNITED STATES,0.0
448253,UNITED STATES,0.0
448265,UNITED STATES,0.0
448272,UNITED STATES,0.0
448274,UNITED STATES,0.0
448280,UNITED STATES,0.0
448282,UNITED STATES,0.0
448305,UKRAINE,0.0
448306,FRANCE,0.0
448346,RUSSIAN FEDERATION,1.0
448369,RUSSIAN FEDERATION,0.0
448372,JAPAN,0.0
448409,GERMANY,0.0
448450,JAPAN,0.0
448476,UNITED STATES,0.0
448497,UNITED STATES,0.0
448499,UNITED STATES,0.0
448505,UNITED STATES,0.0
448508,UNITED STATES,0.0
448510,UNITED STATES,0.0
448517,UNITED STATES,0.0
448524,UNITED STATES,1.0
448535,UNITED STATES,0.0
448546,UNITED STATES,0.0
448548,UNITED STATES,0.0
448552,FRANCE,0.0
448590,UNITED STATES,0.0
448598,UNITED STATES,0.0
448600,UNITED STATES,0.0
448603,UNITED STATES,0.0
448629,UNITED STATES,0.0
448630,UNITED STATES,0.0
448633,UNITED STATES,0.0
448634,UNITED STATES,0.0
448649,UNITED STATES,0.0
448656,UNITED STATES,0.0
448664,UNITED STATES,0.0
448685,UNITED STATES,0.0
448693,UNITED STATES,0.0
448743,UNITED STATES,0.0
448778,UNITED STATES,0.0
448807,UNITED STATES,0.0
448811,UNITED STATES,0.0
448813,UNITED STATES,0.0
448818,UNITED STATES,0.0
448820,UNITED STATES,0.0
448821,UNITED STATES,0.0
448831,UNITED STATES,0.0
448835,JAPAN,0.0
448859,UNITED STATES,0.0
448875,UNITED STATES,0.0
448881,UNITED STATES,0.0
448891,UNITED STATES,0.0
448902,UNITED STATES,0.0
448914,UNITED STATES,0.0
448937,UNITED STATES,1.0
448943,UNITED STATES,0.0
448955,UNITED STATES,0.0
448973,UNITED STATES,0.0
448987,UNITED STATES,0.0
449004,UNITED STATES,0.0
449010,UNITED STATES,0.0
449040,UNITED STATES,0.0
449045,UNITED STATES,0.0
449054,UNITED STATES,0.0
449060,UNITED STATES,0.0
449067,UNITED STATES,0.0
449074,UNITED STATES,0.0
449079,UNITED STATES,0.0
449095,UNITED STATES,0.0
449103,UNITED STATES,0.0
449106,UNITED STATES,0.0
449109,UNITED STATES,0.0
449125,UNITED STATES,0.0
449126,UNITED STATES,0.0
449138,BRAZIL,0.0
449143,UNITED STATES,0.0
449164,UNITED STATES,0.0
449177,UNITED STATES,0.0
449201,UNITED STATES,0.0
449207,UNITED STATES,0.0
449209,UNITED STATES,0.0
449222,UNITED STATES,0.0
449231,UNITED STATES,0.0
449246,UNITED STATES,0.0
449257,UNITED STATES,0.0
449260,UNITED STATES,0.0
449279,UNITED STATES,0.0
449280,UNITED STATES,0.0
449289,UNITED STATES,0.5
449290,UNITED STATES,0.0
449311,UNITED STATES,0.0
449333,FRANCE,0.0
449336,UNITED STATES,0.0
449337,UNITED STATES,0.0
449339,UNITED STATES,0.0
449356,RUSSIAN FEDERATION,0.0
449405,UNITED STATES,0.0
449410,UNITED STATES,0.0
449413,UNITED STATES,0.0
449415,UNITED STATES,0.0
449416,UNITED STATES,0.0
449423,UNITED STATES,0.0
449454,UNITED STATES,0.0
449456,UNITED STATES,0.0
449461,UNITED STATES,0.0
449463,UNITED STATES,0.0
449465,UNITED STATES,0.0
449482,UNITED STATES,0.0
449483,AUSTRALIA,0.0
449488,UNITED STATES,0.0
449552,UNITED STATES,0.0
449556,UNITED STATES,0.0
449558,MEXICO,0.0
449574,UNITED STATES,0.0
449575,INDIA,0.0
449583,MEXICO,0.0
449588,UNITED STATES,0.0
449611,UNITED STATES,0.0
449616,UNITED STATES,0.0
449623,UNITED STATES,0.0
449626,UNITED STATES,0.0
449627,UNITED STATES,0.0
449636,UNITED STATES,0.0
449672,UNITED STATES,0.0
449677,UNITED STATES,0.0
449685,UNITED STATES,0.0
449696,UNITED STATES,0.0
449706,UNITED STATES,0.0
449719,UNITED STATES,0.0
449737,UNITED STATES,0.0
449752,UNITED STATES,1.0
449758,UNITED STATES,0.0
449761,UNITED STATES,0.0
449777,UNITED STATES,0.0
449783,UNITED STATES,0.0
449801,UNITED STATES,0.0
449803,UNITED STATES,0.0
449806,UNITED STATES,0.0
449811,UNITED STATES,0.0
449815,UNITED STATES,0.0
449821,UNITED STATES,0.0
449845,UNITED STATES,0.0
449848,UNITED STATES,0.0
449852,UNITED STATES,0.0
449867,UNITED STATES,0.0
449871,UNITED STATES,0.0
449875,UNITED STATES,0.0
449887,UNITED STATES,0.0
449891,UNITED STATES,1.0
449894,UNITED STATES,0.0
449905,UNITED STATES,0.0
449906,UNITED STATES,0.0
449910,UNITED STATES,0.0
449931,UNITED STATES,0.0
449946,RUSSIAN FEDERATION,0.0
449960,FRANCE,0.0
449964,FRANCE,0.0
449974,FRANCE,0.0
449984,FRANCE,0.0
449996,UNITED STATES,0.0
450014,INDIA,0.0
450031,GERMANY,0.0
450122,UNITED STATES,0.0
450123,UNITED STATES,0.0
450144,INDIA,0.0
450149,AUSTRALIA,0.0
450154,UNITED STATES,0.0
450159,INDIA,0.0
450165,UNITED STATES,0.0
450172,INDIA,0.0
450176,INDIA,0.0
450210,UNITED STATES,0.0
450212,UNITED STATES,0.0
450248,UNITED STATES,0.0
450251,RUSSIAN FEDERATION,0.0
450280,UNITED STATES,0.0
450298,UNITED STATES,0.0
450321,BRAZIL,0.0
450349,UNITED STATES,1.0
450354,UNITED STATES,0.0
450361,UNITED STATES,0.0
450370,UNITED STATES,0.0
450372,UNITED STATES,0.0
450399,UNITED STATES,0.0
450462,UNITED STATES,0.0
450464,UNITED STATES,0.0
450477,FRANCE,0.0
450503,INDIA,0.0
450510,UNITED STATES,0.0
450523,INDIA,0.0
450544,FRANCE,0.0
450548,CHINA,0.0
450589,MEXICO,0.0
450649,UNITED STATES,1.0
450677,UNITED STATES,0.0
450695,UNITED STATES,0.0
450713,JAPAN,1.0
450717,UNITED STATES,0.0
450722,UNITED STATES,0.0
450747,UNITED STATES,0.0
450864,UNITED STATES,0.0
450874,UNITED KINGDOM,0.0
451035,UNITED STATES,0.0
451048,UNITED STATES,0.0
451052,UNITED STATES,0.0
451055,UNITED STATES,0.0
451063,UNITED STATES,0.0
451075,UNITED STATES,0.0
451092,UNITED STATES,0.0
451105,UNITED KINGDOM,0.0
451141,UNITED STATES,0.0
451153,UNITED STATES,0.0
451209,UNITED STATES,0.0
451213,BRAZIL,0.0
451229,UNITED STATES,0.0
451293,CHINA,0.0
451306,MEXICO,0.0
451333,MEXICO,0.0
451339,UNITED STATES,0.0
451356,BRAZIL,0.0
451365,MEXICO,0.0
451396,UNITED STATES,0.0
451397,UNITED STATES,0.0
451452,INDIA,0.0
451469,INDIA,0.0
451488,UNITED STATES,0.0
451489,UNITED STATES,0.0
451539,UNITED STATES,0.0
451546,UNITED STATES,0.0
451552,UNITED STATES,0.0
451570,UNITED STATES,0.0
451572,UNITED STATES,0.0
451615,UNITED STATES,0.0
451629,UNITED STATES,0.0
451631,UNITED STATES,0.0
451646,UNITED STATES,0.0
451670,UNITED STATES,0.0
451681,UNITED STATES,0.0
451706,UNITED STATES,0.0
451785,UNITED STATES,0.0
451800,MALAYSIA,0.0
451820,UNITED STATES,0.0
451827,UNITED STATES,0.0
451885,JAPAN,1.0
451892,AUSTRALIA,0.0
451909,UNITED STATES,0.0
451915,UNITED STATES,0.0
451916,UNITED STATES,0.0
451925,UNITED STATES,0.0
451928,UNITED STATES,1.0
451931,UNITED STATES,0.0
451946,UNITED STATES,1.0
451947,UNITED STATES,0.0
451965,UNITED STATES,0.0
451976,UNITED STATES,0.0
452027,UNITED STATES,0.0
452030,UNITED STATES,0.0
452039,UNITED STATES,0.0
452044,UNITED KINGDOM,0.0
452082,UNITED STATES,0.0
452135,UNITED STATES,0.0
452152,UNITED STATES,0.0
452157,UNITED STATES,0.0
452172,UNITED STATES,0.0
452221,UNITED STATES,0.0
452222,UNITED STATES,0.0
452243,KENYA,0.0
452249,RUSSIAN FEDERATION,0.0
452258,UNITED STATES,0.0
452275,UNITED STATES,0.0
452293,UNITED STATES,0.0
452294,UNITED STATES,0.0
452295,UNITED STATES,0.0
452302,UNITED STATES,0.0
452312,UNITED STATES,0.0
452337,PAKISTAN,0.0
452391,UNITED STATES,0.0
452419,SINGAPORE,0.0
452456,UNITED STATES,0.0
452465,UNITED STATES,0.0
452482,AUSTRALIA,0.0
452506,UNITED STATES,0.0
452528,UNITED STATES,0.0
452529,UNITED STATES,0.0
452558,UNITED STATES,0.0
452567,UNITED STATES,0.0
452593,JAPAN,0.0
452596,JAPAN,0.0
452600,CHINA,0.0
452619,FRANCE,0.0
452631,UNITED STATES,1.0
452661,UNITED STATES,0.0
452664,UNITED STATES,0.0
452767,UNITED STATES,0.0
452777,CHINA,0.0
452848,UNITED STATES,0.0
452849,UNITED STATES,0.0
452854,UNITED STATES,0.0
452873,UNITED STATES,0.0
452879,UNITED STATES,0.0
452881,UNITED STATES,0.0
452897,UNITED STATES,0.0
452927,UNITED STATES,0.0
452929,UNITED STATES,0.0
452935,UNITED STATES,0.0
452954,UNITED STATES,0.0
452960,UNITED STATES,0.0
452963,UNITED STATES,0.0
452967,UNITED STATES,0.0
453018,UNITED STATES,0.0
453052,BRAZIL,0.0
453059,UNITED STATES,0.0
453067,BRAZIL,0.0
453068,BRAZIL,0.0
453077,UNITED STATES,0.0
453078,UNITED STATES,0.0
453079,UNITED STATES,0.0
453137,JAPAN,0.0
453167,JAPAN,0.0
453175,JAPAN,0.0
453198,JAPAN,0.0
453226,BRAZIL,0.0
453234,UNITED STATES,0.0
453241,GERMANY,0.0
453256,SINGAPORE,0.0
453302,FRANCE,0.0
453303,FRANCE,0.0
453308,FRANCE,0.0
453327,FRANCE,0.0
453340,FRANCE,0.0
453341,FRANCE,0.0
453357,FRANCE,0.0
453381,FRANCE,1.0
453383,FRANCE,0.0
453406,JAPAN,0.0
453417,JAPAN,0.0
453449,JAPAN,0.0
453451,JAPAN,0.0
453455,JAPAN,0.0
453460,JAPAN,0.0
453463,JAPAN,0.0
453465,JAPAN,0.0
453478,JAPAN,0.0
453482,JAPAN,0.0
453491,JAPAN,0.0
453495,JAPAN,0.0
453498,JAPAN,0.0
453499,JAPAN,0.0
453526,UNITED STATES,0.0
453540,UNITED STATES,0.0
453548,UNITED STATES,0.0
453560,RUSSIAN FEDERATION,0.0
453578,UNITED STATES,0.0
453614,UNITED STATES,0.0
453620,UNITED STATES,0.0
453626,UNITED STATES,0.0
453628,UNITED STATES,0.0
453645,UNITED STATES,0.0
453654,UNITED STATES,0.0
453655,UNITED STATES,0.0
453660,UNITED STATES,0.0
453662,UNITED STATES,0.0
453694,BRAZIL,1.0
453712,UNITED STATES,0.0
453720,UNITED STATES,0.0
453732,UNITED STATES,0.0
453751,AUSTRALIA,0.0
453778,JAPAN,0.0
453790,UNITED STATES,0.0
453807,UNITED STATES,0.0
453845,UNITED STATES,0.0
453846,UNITED STATES,0.0
453850,JAPAN,0.0
453859,JAPAN,0.0
453865,JAPAN,0.0
453866,JAPAN,0.0
453886,JAPAN,0.0
453893,JAPAN,0.0
453896,JAPAN,0.0
453937,UNITED KINGDOM,0.0
453992,INDIA,0.0
453997,ITALY,0.0
454019,UNITED STATES,0.0
454062,JAPAN,0.0
454069,MEXICO,0.0
454088,UNITED STATES,0.0
454091,UNITED STATES,0.0
454096,UNITED STATES,0.0
454116,JAPAN,0.0
454126,JAPAN,0.0
454127,JAPAN,0.0
454155,JAPAN,0.0
454159,JAPAN,0.0
454166,JAPAN,0.0
454169,JAPAN,0.0
454211,JAPAN,0.0
454214,JAPAN,0.0
454217,JAPAN,0.0
454219,JAPAN,0.0
454222,JAPAN,0.0
454228,JAPAN,0.0
454230,JAPAN,0.0
454243,JAPAN,0.0
454245,JAPAN,0.0
454258,JAPAN,0.0
454264,JAPAN,0.0
454266,JAPAN,0.0
454284,JAPAN,0.0
454287,JAPAN,0.0
454301,UNITED STATES,0.0
454306,UNITED KINGDOM,0.0
454316,UNITED STATES,0.0
454350,JAPAN,0.0
454373,UNITED STATES,0.0
454393,JAPAN,0.0
454446,GERMANY,0.0
454449,JAPAN,0.0
454454,UNITED STATES,0.0
454455,UNITED STATES,0.0
454457,UNITED STATES,0.0
454469,GERMANY,0.0
454485,INDIA,0.0
454535,PAKISTAN,0.0
454536,UNITED STATES,0.0
454541,UNITED STATES,0.0
454544,UNITED STATES,0.0
454550,UNITED STATES,0.0
454558,UNITED STATES,0.0
454559,UNITED STATES,0.0
454572,UNITED STATES,0.0
454585,UNITED STATES,0.0
454591,UNITED STATES,0.0
454675,UNITED STATES,0.0
454733,UNITED STATES,0.0
454735,UNITED STATES,0.0
454782,UNITED STATES,0.0
454784,UNITED STATES,0.0
454792,UNITED STATES,0.0
454827,BRAZIL,0.0
454836,BRAZIL,0.0
454842,UNITED STATES,0.0
454864,UNITED STATES,0.0
454865,UNITED STATES,0.0
454888,UNITED STATES,0.0
454892,UNITED STATES,0.0
454949,UNITED STATES,0.0
454981,UNITED STATES,0.0
455071,ITALY,0.0
455072,ITALY,0.0
455087,UNITED STATES,0.0
455120,UNITED STATES,0.0
455138,UNITED STATES,0.0
455166,BRAZIL,0.0
455172,UNITED STATES,0.0
455183,BRAZIL,0.0
455186,BRAZIL,0.0
455204,UNITED STATES,0.0
455232,UNITED KINGDOM,0.0
455268,UNITED STATES,0.0
455305,UNITED STATES,0.0
455314,UNITED STATES,0.0
455317,UNITED STATES,0.0
455318,UNITED STATES,1.0
455326,UNITED STATES,0.0
455343,UNITED STATES,0.0
455355,UNITED STATES,0.0
455388,MALAYSIA,0.0
455402,UNITED STATES,0.0
455425,UNITED STATES,0.0
455438,AUSTRALIA,0.0
455486,UNITED STATES,0.0
455489,UNITED STATES,0.0
455494,UNITED STATES,0.0
455499,UNITED STATES,1.0
455517,MEXICO,0.0
455518,MEXICO,0.0
455521,UNITED STATES,1.0
455524,UNITED STATES,0.0
455526,MEXICO,0.0
455529,MEXICO,0.0
455531,MEXICO,1.0
455533,MEXICO,0.0
455578,GERMANY,0.0
455617,MEXICO,0.0
455621,SINGAPORE,0.0
455625,UNITED STATES,0.0
455660,FRANCE,0.0
455673,FRANCE,0.0
455688,FRANCE,0.0
455709,UNITED STATES,0.0
455717,UNITED STATES,0.0
455741,UNITED STATES,0.0
455759,UNITED STATES,0.0
455762,UNITED STATES,0.0
455779,UNITED STATES,0.0
455815,UNITED STATES,0.0
455821,UNITED STATES,0.0
455862,UNITED STATES,0.0
455863,PAKISTAN,0.0
455866,UNITED STATES,0.0
455867,UNITED STATES,0.0
455869,FRANCE,0.0
455876,UNITED STATES,0.0
455913,UNITED STATES,0.0
455931,UNITED STATES,0.0
455934,UNITED STATES,0.0
455948,UNITED STATES,0.0
455960,UNITED STATES,0.0
455965,UNITED STATES,0.0
455990,UNITED STATES,0.0
455991,UNITED STATES,0.0
455993,UNITED STATES,0.0
455997,UNITED STATES,0.0
456025,AUSTRALIA,0.0
456026,UNITED KINGDOM,0.0
456032,UNITED STATES,0.0
456098,UKRAINE,0.0
456107,FRANCE,0.0
456119,FRANCE,0.0
456124,FRANCE,0.0
456125,FRANCE,0.0
456127,FRANCE,0.0
456129,FRANCE,0.0
456142,FRANCE,0.0
456145,FRANCE,0.0
456158,FRANCE,0.0
456159,FRANCE,0.0
456160,FRANCE,0.0
456162,FRANCE,0.0
456167,FRANCE,0.0
456182,FRANCE,0.0
456186,FRANCE,0.0
456211,FRANCE,0.0
456236,FRANCE,0.0
456241,FRANCE,0.0
456273,FRANCE,0.0
456289,FRANCE,0.0
456292,FRANCE,0.0
456298,FRANCE,0.0
456401,BRAZIL,0.0
456403,AUSTRALIA,0.0
456436,AUSTRALIA,0.0
456442,AUSTRALIA,0.0
456451,UNITED STATES,0.0
456458,CHINA,0.0
456485,AUSTRALIA,0.0
456488,UNITED STATES,0.0
456496,AUSTRALIA,0.0
456500,JAPAN,0.0
456511,UNITED STATES,0.0
456515,RUSSIAN FEDERATION,0.0
456519,INDIA,0.0
456527,UNITED STATES,0.0
456533,UNITED STATES,0.0
456534,UNITED STATES,0.0
456543,AUSTRALIA,0.0
456554,UNITED STATES,0.0
456555,AUSTRALIA,0.0
456561,UNITED STATES,0.0
456567,UNITED STATES,0.0
456570,UNITED STATES,0.0
456594,UKRAINE,0.0
456599,SINGAPORE,1.0
456610,UNITED STATES,0.0
456620,UNITED STATES,0.0
456627,JAPAN,0.0
456628,UNITED STATES,0.0
456633,JAPAN,0.0
456648,JAPAN,0.0
456664,JAPAN,0.0
456671,JAPAN,1.0
456689,JAPAN,0.0
456698,JAPAN,0.0
456739,UNITED KINGDOM,0.0
456857,BRAZIL,0.0
456895,UNITED KINGDOM,0.0
456960,BELGIUM,0.0
457013,GERMANY,0.0
457017,GERMANY,0.0
457058,JAPAN,0.0
457077,UNITED STATES,0.0
457089,UNITED STATES,0.0
457200,FRANCE,0.0
457212,FRANCE,0.0
457218,RUSSIAN FEDERATION,0.0
457233,AUSTRALIA,0.0
457290,BRAZIL,0.0
457292,BRAZIL,0.0
457293,BRAZIL,0.0
457303,BRAZIL,0.0
457305,BRAZIL,0.0
457311,UKRAINE,0.0
457350,UNITED KINGDOM,0.0
457400,MALAYSIA,0.0
457467,INDIA,0.0
457476,MEXICO,0.0
457487,INDIA,1.0
457489,UNITED STATES,0.0
457498,BRAZIL,0.0
457500,INDIA,0.0
457502,BRAZIL,0.0
457506,CHINA,0.0
457518,BRAZIL,0.0
457558,UNITED STATES,0.0
457617,BRAZIL,0.0
457625,INDIA,0.0
457633,BRAZIL,0.0
457637,UKRAINE,0.0
457652,RUSSIAN FEDERATION,0.0
457660,UNITED STATES,0.0
457670,BRAZIL,0.0
457673,BRAZIL,0.0
457679,BRAZIL,0.0
457706,UKRAINE,0.0
457712,GERMANY,0.0
457732,UKRAINE,0.0
457733,UKRAINE,0.0
457735,UKRAINE,0.0
457749,UKRAINE,0.0
457753,BRAZIL,0.0
457755,BRAZIL,0.0
457767,UNITED STATES,0.0
457785,INDIA,0.0
457812,RUSSIAN FEDERATION,0.0
457816,RUSSIAN FEDERATION,0.0
457819,RUSSIAN FEDERATION,0.0
457846,RUSSIAN FEDERATION,0.0
457888,UNITED STATES,0.0
457981,UNITED STATES,0.0
457984,GERMANY,0.0
458060,CHINA,0.0
458062,CHINA,0.0
458111,UNITED KINGDOM,0.0
458114,UNITED KINGDOM,0.0
458132,UNITED STATES,0.0
458147,UNITED STATES,0.0
458156,UNITED STATES,0.0
458206,RUSSIAN FEDERATION,0.0
458218,RUSSIAN FEDERATION,0.0
458258,PAKISTAN,0.0
458268,INDIA,0.0
458279,RUSSIAN FEDERATION,0.0
458334,UNITED STATES,1.0
458398,UNITED STATES,0.0
458403,UNITED STATES,0.0
458425,UNITED STATES,0.0
458452,INDIA,0.0
458457,UNITED STATES,0.0
458459,UNITED STATES,0.0
458472,UNITED STATES,0.0
458474,UNITED STATES,0.0
458578,UKRAINE,0.0
458582,MALAYSIA,0.0
458585,INDIA,0.0
458621,GERMANY,0.0
458623,GERMANY,0.0
458645,UNITED STATES,0.0
458646,UNITED STATES,0.0
458666,GERMANY,0.0
458667,GERMANY,0.0
458671,GERMANY,0.0
458704,UNITED STATES,0.0
458754,UNITED STATES,0.0
458794,UNITED STATES,1.0
458796,UNITED STATES,0.0
458801,UNITED STATES,1.0
458872,UNITED STATES,0.0
458878,UNITED STATES,0.0
458883,UNITED STATES,0.0
458890,UNITED STATES,0.0
458894,UNITED STATES,0.0
458896,UNITED STATES,0.0
458898,UNITED STATES,1.0
458921,GERMANY,0.0
458926,FRANCE,0.0
458989,UNITED STATES,0.0
458995,UNITED STATES,0.0
458999,UNITED STATES,0.0
459007,BRAZIL,0.0
459039,RUSSIAN FEDERATION,0.0
459067,UNITED KINGDOM,0.0
459092,BRAZIL,0.0
459110,UNITED KINGDOM,0.0
459112,UNITED STATES,0.0
459113,UNITED STATES,0.0
459118,UNITED STATES,0.0
459119,UNITED STATES,0.0
459144,UNITED STATES,0.0
459150,INDIA,0.0
459152,INDIA,0.0
459155,INDIA,0.0
459158,INDIA,0.0
459161,INDIA,0.0
459174,INDIA,0.0
459185,INDIA,0.0
459188,INDIA,0.0
459230,RUSSIAN FEDERATION,0.0
459246,FRANCE,0.0
459263,CHINA,0.0
459297,FRANCE,0.0
459314,BRAZIL,0.0
459320,FRANCE,0.0
459344,FRANCE,0.0
459345,FRANCE,0.0
459360,BRAZIL,0.0
459367,UNITED STATES,0.0
459384,BRAZIL,0.0
459420,BRAZIL,0.0
459454,BRAZIL,0.0
459483,UNITED KINGDOM,0.0
459512,UNITED KINGDOM,0.0
459535,BELGIUM,0.0
459605,UNITED KINGDOM,0.0
459612,UNITED KINGDOM,0.0
459621,UNITED KINGDOM,0.0
459622,UNITED KINGDOM,0.0
459642,UNITED KINGDOM,0.0
459649,UNITED KINGDOM,0.0
459652,UNITED KINGDOM,0.0
459703,UNITED KINGDOM,0.0
459708,UNITED KINGDOM,0.0
459712,UNITED KINGDOM,0.0
459716,UNITED KINGDOM,0.0
459720,UNITED KINGDOM,1.0
459735,UNITED KINGDOM,0.0
459741,UNITED KINGDOM,0.0
459749,UNITED KINGDOM,0.0
459753,UNITED KINGDOM,0.0
459757,UNITED KINGDOM,0.0
459760,UNITED STATES,0.0
459765,UNITED KINGDOM,0.0
459778,UNITED KINGDOM,0.0
459784,UNITED STATES,0.0
459789,UNITED STATES,0.0
459807,ITALY,0.0
459954,UNITED STATES,0.0
460002,UNITED STATES,0.0
460004,UNITED STATES,0.0
460005,UNITED STATES,0.0
460007,UNITED STATES,0.0
460010,UNITED STATES,0.0
460018,RUSSIAN FEDERATION,0.0
460036,BRAZIL,0.0
460057,UKRAINE,0.0
460068,MEXICO,0.0
460084,UKRAINE,0.0
460102,UNITED STATES,0.0
460105,UNITED STATES,0.0
460115,UNITED STATES,0.0
460116,UNITED STATES,0.0
460125,UNITED STATES,0.0
460127,UNITED STATES,0.0
460144,UNITED STATES,0.0
460151,UNITED STATES,0.0
460160,UKRAINE,0.0
460194,UNITED STATES,0.0
460207,UNITED STATES,0.0
460210,UNITED STATES,0.0
460211,UNITED STATES,0.0
460226,UNITED STATES,0.0
460228,UNITED STATES,0.0
460230,UNITED STATES,0.0
460263,UNITED STATES,0.0
460289,UNITED STATES,0.0
460290,UNITED STATES,0.0
460304,UNITED STATES,0.0
460312,UNITED STATES,0.0
460319,UNITED STATES,0.0
460324,FRANCE,0.0
460343,JAPAN,0.0
460350,UNITED STATES,0.0
460357,UNITED STATES,1.0
460360,UNITED STATES,0.0
460361,UNITED STATES,0.0
460363,UNITED STATES,0.0
460365,UNITED STATES,0.0
460367,UNITED STATES,0.0
460383,UNITED STATES,0.0
460390,UNITED STATES,0.0
460398,UNITED STATES,0.0
460403,UNITED STATES,0.0
460406,UNITED STATES,0.0
460410,UNITED STATES,0.0
460414,UNITED STATES,0.0
460419,UNITED STATES,0.0
460423,UNITED STATES,0.0
460425,UNITED STATES,0.0
460431,UNITED STATES,0.0
460445,UNITED STATES,0.0
460453,UNITED STATES,0.0
460454,UNITED STATES,0.0
460473,UNITED STATES,0.0
460475,UNITED STATES,0.0
460478,UNITED STATES,0.0
460488,UNITED STATES,0.0
460509,UNITED STATES,0.0
460522,UNITED STATES,0.0
460557,UNITED STATES,0.0
460569,UNITED STATES,0.0
460584,UNITED STATES,0.0
460591,UNITED STATES,0.0
460598,UNITED STATES,0.0
460606,UNITED STATES,0.0
460614,UNITED STATES,0.0
460629,KENYA,0.0
460643,UNITED STATES,0.0
460645,UNITED STATES,0.0
460653,UNITED STATES,1.0
460660,UNITED STATES,0.0
460686,UNITED STATES,0.0
460687,UNITED STATES,0.0
460689,INDIA,0.0
460690,UNITED STATES,0.0
460696,UNITED STATES,0.0
460699,UNITED STATES,0.0
460718,UNITED STATES,0.0
460726,UNITED STATES,0.0
460735,UNITED STATES,0.0
460738,GERMANY,0.0
460743,SINGAPORE,0.0
460747,UNITED STATES,0.0
460786,UNITED STATES,1.0
460793,UNITED STATES,0.0
460811,UNITED STATES,0.0
460813,UNITED STATES,0.0
460816,UNITED STATES,0.0
460826,UNITED STATES,0.0
460829,UNITED STATES,0.0
460833,UNITED STATES,0.0
460834,UNITED STATES,0.0
460845,UNITED STATES,0.0
460874,UNITED STATES,0.0
460883,UNITED STATES,1.0
460885,UNITED STATES,0.0
460889,UNITED STATES,0.0
460891,UNITED STATES,0.0
460920,UNITED STATES,0.0
460940,UNITED STATES,0.0
460947,UNITED STATES,0.0
460948,UNITED STATES,0.0
460989,UNITED STATES,0.0
460993,FRANCE,0.0
461007,UNITED STATES,0.0
461009,UNITED STATES,0.0
461016,UNITED STATES,0.0
461022,UNITED STATES,0.0
461023,UNITED STATES,0.0
461040,UNITED STATES,0.0
461054,UNITED STATES,0.0
461055,UNITED STATES,0.0
461058,UNITED STATES,0.0
461064,UNITED STATES,0.0
461074,UNITED STATES,0.0
461082,UNITED STATES,0.0
461083,UNITED STATES,0.0
461093,UNITED STATES,0.0
461095,INDIA,0.0
461099,UNITED STATES,0.0
461111,INDIA,0.0
461133,INDIA,0.0
461180,UNITED STATES,0.0
461181,UNITED STATES,0.0
461185,UNITED STATES,0.0
461190,UNITED STATES,0.0
461194,UNITED STATES,0.0
461207,UNITED STATES,0.0
461217,UNITED STATES,0.0
461274,UKRAINE,0.0
461282,UNITED STATES,0.0
461283,UNITED STATES,0.0
461290,UNITED STATES,0.0
461292,UNITED STATES,0.0
461296,JAPAN,0.0
461306,UNITED STATES,0.0
461322,UNITED STATES,0.0
461328,UNITED STATES,0.0
461339,UNITED STATES,0.0
461340,UNITED STATES,0.0
461356,UNITED STATES,0.0
461368,UNITED STATES,0.0
461384,UNITED STATES,0.0
461387,UNITED STATES,0.0
461394,UNITED STATES,0.0
461398,UNITED STATES,0.0
461426,UNITED STATES,0.0
461440,UNITED STATES,0.0
461442,UNITED STATES,0.0
461444,UNITED STATES,0.0
461454,UNITED STATES,0.0
461465,UNITED STATES,0.0
461479,UNITED STATES,0.0
461480,UNITED STATES,0.0
461484,UNITED STATES,0.0
461501,UNITED STATES,0.0
461527,UNITED STATES,0.0
461535,UNITED STATES,0.0
461536,UNITED STATES,0.0
461544,UNITED STATES,0.0
461550,UNITED STATES,1.0
461553,UNITED STATES,0.0
461557,UNITED STATES,0.0
461569,UNITED STATES,0.0
461571,UNITED STATES,0.0
461573,UNITED STATES,0.0
461587,UNITED STATES,0.0
461605,UNITED STATES,0.0
461618,UNITED STATES,0.0
461621,UNITED STATES,0.0
461627,UNITED STATES,0.0
461633,UNITED STATES,1.0
461640,UNITED STATES,0.0
461695,UNITED STATES,0.0
461709,INDIA,0.0
461756,AUSTRALIA,0.0
461758,PAKISTAN,0.0
461768,UNITED STATES,0.0
461803,UNITED STATES,0.0
461810,UNITED STATES,0.0
461816,UNITED STATES,0.0
461819,UNITED STATES,0.0
461821,UNITED STATES,0.0
461825,UNITED STATES,0.0
461831,UNITED STATES,0.0
461835,UNITED STATES,0.0
461837,UNITED STATES,0.0
461839,UNITED STATES,0.0
461853,UNITED STATES,0.0
461859,UNITED STATES,0.0
461867,UNITED STATES,0.0
461892,UNITED STATES,0.0
461895,UNITED STATES,0.0
461899,UNITED STATES,0.0
461903,UNITED STATES,0.0
461904,UNITED STATES,0.0
461911,UNITED STATES,0.0
461923,UNITED STATES,0.0
461946,UNITED STATES,0.0
461949,UNITED STATES,0.0
461950,UNITED STATES,0.0
461963,AUSTRALIA,0.0
461967,AUSTRALIA,0.0
461992,INDIA,0.0
462009,UNITED STATES,0.0
462022,RUSSIAN FEDERATION,0.5
462042,UNITED STATES,0.0
462055,UNITED STATES,0.0
462058,UNITED STATES,0.0
462110,UNITED STATES,0.0
462125,UNITED STATES,0.0
462133,UNITED STATES,1.0
462141,UNITED STATES,0.0
462144,UNITED STATES,0.0
462161,UNITED STATES,0.0
462168,CHINA,0.0
462189,UNITED STATES,0.0
462224,RUSSIAN FEDERATION,0.0
462242,INDIA,0.0
462244,INDIA,0.0
462305,UNITED STATES,0.0
462310,UNITED STATES,0.0
462314,UNITED STATES,0.0
462396,UNITED STATES,0.0
462407,UNITED STATES,0.0
462409,INDIA,0.0
462430,UNITED STATES,0.0
462443,UNITED STATES,0.0
462459,UNITED STATES,0.0
462462,UNITED STATES,0.0
462476,JAPAN,0.0
462477,INDIA,0.0
462487,UNITED STATES,0.0
462494,INDIA,0.0
462495,INDIA,0.0
462519,UNITED STATES,0.0
462545,UNITED STATES,0.0
462557,UNITED STATES,0.0
462561,UNITED STATES,0.0
462569,UNITED STATES,0.0
462571,UNITED STATES,0.0
462585,UNITED STATES,0.0
462590,UNITED STATES,0.0
462602,UNITED STATES,0.0
462605,UNITED STATES,0.0
462609,UNITED STATES,0.0
462623,UNITED STATES,0.0
462644,UNITED STATES,0.0
462647,UNITED STATES,0.0
462650,UNITED STATES,0.0
462656,UNITED STATES,0.0
462667,UNITED STATES,0.0
462668,UNITED STATES,1.0
462675,UNITED STATES,0.0
462679,UNITED STATES,0.0
462686,UNITED STATES,0.0
462691,UNITED STATES,0.0
462701,UNITED STATES,0.0
462740,UNITED STATES,0.0
462785,UNITED KINGDOM,0.0
462789,UNITED STATES,0.0
462791,UNITED STATES,0.0
462792,UNITED STATES,0.0
462902,UNITED STATES,0.0
462906,UNITED STATES,0.0
462912,UNITED STATES,0.0
462925,UNITED STATES,0.0
463013,UNITED STATES,0.0
463024,UNITED STATES,0.0
463029,UNITED STATES,0.0
463030,UNITED STATES,0.0
463035,UNITED STATES,0.0
463066,UNITED STATES,0.0
463088,UNITED STATES,0.0
463097,UNITED STATES,1.0
463100,UNITED STATES,0.0
463101,UNITED STATES,0.0
463105,UNITED STATES,0.0
463121,UNITED STATES,0.0
463127,UNITED STATES,0.0
463128,UNITED STATES,0.0
463135,UNITED STATES,0.0
463140,UNITED STATES,0.0
463141,UNITED STATES,0.0
463148,UNITED STATES,0.0
463153,UNITED STATES,0.0
463156,UNITED STATES,0.0
463157,UNITED STATES,0.0
463161,UNITED STATES,0.0
463165,UNITED STATES,0.0
463170,UNITED STATES,0.0
463174,AUSTRALIA,0.0
463177,AUSTRALIA,0.0
463182,UNITED STATES,0.0
463191,UNITED STATES,0.0
463203,JAPAN,0.0
463205,JAPAN,0.0
463224,UNITED STATES,0.0
463232,CHINA,0.0
463239,UNITED STATES,0.0
463243,UNITED STATES,0.0
463255,UNITED STATES,0.0
463264,UNITED STATES,0.0
463280,UNITED STATES,0.0
463323,UNITED KINGDOM,0.0
463326,UNITED KINGDOM,0.0
463330,UNITED KINGDOM,0.0
463334,UNITED STATES,0.0
463341,FRANCE,0.0
463342,FRANCE,0.0
463345,ITALY,0.0
463349,UNITED KINGDOM,0.0
463352,UNITED KINGDOM,0.0
463369,UNITED STATES,0.5
463394,UNITED STATES,0.0
463423,UNITED STATES,0.0
463434,UNITED STATES,0.0
463436,UNITED STATES,0.0
463438,UNITED STATES,0.0
463441,UNITED STATES,0.0
463449,UNITED STATES,0.0
463450,UNITED STATES,0.0
463456,UNITED STATES,0.0
463461,KENYA,0.0
463486,UNITED STATES,0.0
463513,UNITED STATES,0.0
463518,UNITED STATES,0.0
463532,UNITED STATES,0.0
463538,UNITED STATES,0.0
463540,UNITED STATES,0.0
463551,UNITED STATES,0.0
463555,UNITED STATES,0.0
463562,UNITED STATES,0.0
463564,UNITED STATES,0.0
463578,UNITED STATES,0.0
463581,UNITED STATES,1.0
463585,UNITED STATES,0.0
463636,RUSSIAN FEDERATION,0.0
463648,UNITED STATES,0.0
463650,UNITED STATES,0.0
463682,UNITED STATES,0.0
463684,UNITED STATES,0.0
463690,UNITED STATES,0.0
463691,UNITED STATES,0.0
463700,UNITED STATES,1.0
463702,UNITED STATES,0.0
463704,INDIA,0.0
463708,UNITED STATES,0.0
463734,UNITED STATES,0.0
463739,ITALY,0.0
463741,UNITED STATES,0.0
463749,UNITED STATES,0.0
463753,UNITED STATES,0.0
463783,AUSTRALIA,0.0
463784,AUSTRALIA,0.0
463803,INDIA,0.0
463848,UNITED STATES,0.0
463857,UNITED STATES,0.0
463858,UNITED STATES,0.0
463867,UNITED STATES,0.0
463868,UNITED STATES,0.0
463877,UNITED STATES,0.0
463883,UNITED STATES,0.0
463885,UNITED STATES,0.0
463910,UNITED STATES,0.0
463919,INDIA,0.0
463929,UNITED STATES,0.0
463950,UNITED STATES,0.0
463953,AUSTRALIA,0.0
463959,UNITED STATES,1.0
463970,UNITED STATES,0.0
463978,AUSTRALIA,0.0
463982,UNITED STATES,0.0
463986,UNITED STATES,0.0
463989,UNITED STATES,0.0
463991,UNITED STATES,0.0
463994,UNITED STATES,0.0
463995,UNITED STATES,0.0
463998,UNITED STATES,0.0
464010,UNITED STATES,0.0
464039,UNITED STATES,0.0
464046,UNITED STATES,0.0
464047,UNITED STATES,0.0
464053,UNITED STATES,0.0
464077,UNITED STATES,0.0
464079,UNITED STATES,0.0
464096,SINGAPORE,0.0
464098,UNITED STATES,0.0
464116,MEXICO,0.0
464134,UNITED STATES,0.0
464147,KENYA,0.0
464153,UNITED STATES,0.0
464181,UNITED STATES,0.0
464198,UNITED STATES,0.0
464201,UNITED STATES,0.0
464210,UNITED STATES,0.0
464217,UNITED STATES,0.0
464228,UNITED STATES,0.0
464231,UNITED STATES,0.0
464262,UNITED STATES,0.0
464263,UNITED STATES,0.0
464273,UNITED STATES,0.0
464276,UNITED STATES,0.0
464280,UNITED STATES,0.0
464286,UNITED STATES,0.0
464304,UNITED STATES,0.0
464311,UNITED STATES,0.0
464333,UNITED STATES,0.0
464335,UNITED STATES,0.0
464339,UNITED STATES,0.0
464352,UNITED STATES,0.0
464361,UNITED STATES,0.0
464372,UNITED STATES,0.0
464388,UNITED STATES,0.0
464396,UNITED STATES,0.0
464414,ITALY,0.0
464433,GERMANY,0.0
464434,UNITED STATES,0.0
464444,UNITED STATES,0.0
464458,UNITED STATES,0.0
464464,UNITED STATES,0.0
464491,AUSTRALIA,0.0
464512,UNITED STATES,0.0
464522,UNITED STATES,0.0
464523,UNITED STATES,0.0
464524,UNITED STATES,0.0
464556,AUSTRALIA,0.0
464558,INDIA,0.0
464579,AUSTRALIA,0.0
464604,UNITED STATES,0.0
464611,BRAZIL,0.0
464615,RUSSIAN FEDERATION,0.0
464623,BRAZIL,0.0
464625,BRAZIL,0.0
464673,UNITED STATES,0.0
464687,UNITED STATES,0.0
464721,UNITED STATES,0.0
464778,UNITED STATES,0.0
464840,RUSSIAN FEDERATION,0.0
464842,RUSSIAN FEDERATION,0.0
464845,RUSSIAN FEDERATION,0.0
464860,UNITED STATES,0.0
464862,UNITED STATES,0.0
464869,UNITED STATES,0.0
464880,UNITED STATES,0.0
464889,UNITED STATES,0.0
464892,UNITED STATES,0.0
464894,UNITED STATES,0.0
464907,RUSSIAN FEDERATION,0.0
464926,UNITED STATES,0.0
464985,UNITED STATES,0.0
465006,RUSSIAN FEDERATION,0.0
465032,UNITED STATES,0.0
465039,UNITED STATES,0.0
465042,UNITED STATES,0.0
465048,UNITED STATES,0.0
465052,UNITED STATES,0.0
465053,UNITED STATES,0.0
465056,UNITED STATES,0.0
465059,UNITED STATES,0.0
465069,UNITED STATES,0.0
465078,UNITED STATES,0.0
465082,UNITED STATES,0.0
465085,UNITED STATES,0.0
465121,UNITED STATES,0.0
465128,UNITED STATES,0.0
465135,UNITED STATES,0.0
465139,UNITED STATES,0.0
465145,UNITED STATES,0.0
465158,UNITED STATES,0.0
465159,UNITED STATES,0.0
465161,UNITED STATES,0.0
465165,UNITED STATES,0.0
465169,UNITED STATES,0.0
465179,UNITED STATES,0.0
465181,UNITED STATES,0.0
465193,UNITED STATES,0.0
465208,RUSSIAN FEDERATION,0.0
465218,RUSSIAN FEDERATION,0.0
465234,UNITED STATES,0.0
465261,FRANCE,0.0
465288,UNITED STATES,0.0
465296,UNITED STATES,0.0
465316,UNITED STATES,0.0
465337,UNITED STATES,0.0
465366,UNITED STATES,0.0
465391,UNITED STATES,0.0
465395,UNITED STATES,0.0
465399,UNITED STATES,0.0
465405,FRANCE,0.0
465417,UNITED STATES,0.0
465420,UNITED STATES,0.0
465423,UNITED STATES,0.0
465438,BRAZIL,0.0
465459,UNITED STATES,0.0
465461,BRAZIL,0.0
465470,BRAZIL,0.0
465476,FRANCE,0.0
465478,RUSSIAN FEDERATION,0.0
465496,MEXICO,0.5
465498,MEXICO,0.0
465510,UNITED STATES,0.0
465519,UNITED STATES,0.0
465523,INDIA,0.0
465527,MALAYSIA,0.0
465571,UNITED KINGDOM,0.0
465591,MEXICO,0.0
465625,UNITED STATES,0.0
465634,UNITED STATES,0.0
465636,UNITED STATES,0.0
465664,UNITED STATES,0.0
465665,UNITED STATES,0.0
465674,UNITED STATES,0.0
465681,UNITED STATES,0.0
465694,UNITED STATES,0.0
465698,UNITED STATES,0.0
465699,UNITED STATES,0.0
465701,UNITED STATES,0.0
465726,RUSSIAN FEDERATION,0.0
465745,UNITED STATES,0.0
465779,UNITED STATES,0.0
465792,UNITED STATES,0.0
465823,JAPAN,0.0
465829,MEXICO,0.0
465831,UNITED KINGDOM,0.0
465834,UNITED KINGDOM,0.0
465837,UNITED KINGDOM,0.0
465846,UNITED KINGDOM,0.0
465869,UNITED KINGDOM,0.0
465876,UNITED STATES,0.0
465903,UNITED KINGDOM,0.0
465911,UNITED KINGDOM,0.0
465943,UNITED KINGDOM,0.0
465947,UNITED KINGDOM,0.0
465950,UNITED KINGDOM,0.0
465951,SINGAPORE,0.0
466021,JAPAN,0.0
466034,RUSSIAN FEDERATION,0.0
466047,RUSSIAN FEDERATION,0.0
466067,BRAZIL,0.0
466078,UNITED STATES,0.0
466100,UNITED STATES,0.0
466101,UNITED STATES,0.0
466102,UNITED STATES,0.0
466103,UNITED STATES,0.0
466118,JAPAN,0.0
466130,INDIA,0.0
466134,UNITED STATES,0.0
466148,UNITED STATES,0.0
466163,RUSSIAN FEDERATION,0.0
466164,RUSSIAN FEDERATION,0.0
466181,UNITED STATES,0.0
466185,UNITED STATES,0.0
466188,UNITED STATES,1.0
466216,UNITED STATES,0.0
466235,ITALY,0.0
466276,ITALY,0.0
466309,UNITED STATES,0.0
466310,UNITED STATES,0.0
466311,UNITED STATES,0.0
466312,UNITED STATES,0.0
466315,UNITED STATES,0.0
466316,UNITED STATES,0.0
466327,UNITED STATES,1.0
466331,UNITED STATES,0.5
466332,UNITED STATES,0.0
466342,UNITED STATES,0.0
466351,UNITED STATES,0.0
466355,UNITED STATES,0.0
466356,UNITED STATES,0.0
466364,UNITED STATES,0.0
466369,UNITED STATES,0.0
466370,UNITED STATES,0.0
466376,UNITED STATES,0.0
466378,UNITED STATES,0.0
466382,UNITED STATES,0.0
466400,UNITED STATES,0.0
466417,UNITED STATES,0.0
466420,UNITED STATES,0.0
466430,UNITED STATES,0.0
466447,UNITED STATES,0.0
466467,UNITED STATES,1.0
466468,UNITED KINGDOM,0.0
466470,UNITED STATES,1.0
466474,UNITED STATES,0.0
466477,UNITED STATES,0.0
466478,UNITED STATES,0.0
466484,UNITED STATES,0.0
466486,UNITED STATES,0.0
466496,UNITED STATES,0.0
466499,SINGAPORE,0.0
466519,INDIA,0.0
466520,INDIA,0.0
466521,INDIA,0.0
466538,MALAYSIA,0.0
466606,UNITED STATES,0.0
466609,UNITED STATES,0.0
466611,UNITED STATES,0.0
466623,UNITED STATES,0.0
466631,GERMANY,0.0
466632,GERMANY,0.0
466633,UNITED STATES,0.0
466636,UNITED STATES,0.0
466639,UNITED STATES,0.0
466642,GERMANY,0.0
466661,UNITED STATES,0.0
466673,UNITED STATES,0.0
466693,UNITED STATES,0.0
466707,UNITED STATES,0.0
466731,INDIA,0.0
466741,UNITED STATES,0.0
466749,UNITED STATES,0.0
466751,UNITED STATES,0.0
466753,UNITED STATES,0.0
466768,JAPAN,0.0
466777,JAPAN,0.0
466800,UNITED STATES,0.0
466801,UNITED STATES,0.0
466826,UNITED STATES,0.0
466837,UNITED STATES,0.0
466839,UNITED STATES,0.0
466852,UNITED STATES,0.0
466862,UNITED STATES,0.0
466888,UNITED STATES,0.0
466901,UNITED STATES,0.0
466915,UNITED STATES,0.0
466929,UNITED STATES,0.0
466939,UNITED STATES,0.0
466954,UNITED STATES,0.0
466959,UNITED STATES,0.0
466961,UNITED STATES,0.0
466965,UNITED STATES,0.0
466976,BRAZIL,0.0
466989,UNITED STATES,0.0
466996,UNITED STATES,0.0
467004,UNITED STATES,0.0
467038,FRANCE,0.0
467040,UNITED STATES,0.0
467070,BRAZIL,0.0
467089,BRAZIL,0.0
467096,UNITED STATES,0.0
467100,BRAZIL,0.0
467109,UNITED STATES,0.0
467145,UNITED STATES,0.0
467147,UNITED STATES,1.0
467160,UNITED STATES,0.0
467173,UNITED STATES,0.0
467187,UNITED STATES,0.0
467189,UNITED STATES,0.0
467211,UNITED STATES,0.0
467213,UNITED STATES,0.0
467219,UNITED STATES,0.0
467237,UNITED STATES,0.0
467253,UNITED STATES,0.0
467256,UNITED STATES,0.0
467258,UNITED STATES,0.0
467272,UNITED STATES,0.0
467282,UNITED STATES,0.0
467283,UNITED STATES,0.0
467294,UNITED STATES,0.0
467341,UNITED STATES,0.0
467345,UNITED STATES,0.0
467348,UNITED STATES,0.0
467357,UNITED STATES,0.0
467358,UNITED STATES,0.0
467363,UNITED STATES,0.0
467364,UNITED STATES,0.0
467371,UNITED STATES,0.0
467372,UNITED STATES,0.0
467373,UNITED STATES,0.0
467380,UNITED STATES,0.0
467381,UNITED STATES,0.0
467410,UNITED STATES,0.0
467411,UNITED STATES,0.0
467423,UNITED STATES,0.0
467424,UNITED STATES,0.0
467454,RUSSIAN FEDERATION,0.0
467481,BRAZIL,0.0
467487,RUSSIAN FEDERATION,0.0
467538,UNITED STATES,0.0
467544,UNITED STATES,0.0
467546,UNITED STATES,0.0
467572,UNITED STATES,0.0
467577,UNITED STATES,0.0
467595,UNITED STATES,0.0
467600,UNITED STATES,0.0
467623,UNITED STATES,0.0
467626,UNITED STATES,0.0
467632,UNITED STATES,0.0
467642,UNITED STATES,0.0
467667,UNITED STATES,0.0
467676,UNITED STATES,0.0
467679,UNITED STATES,0.0
467686,UNITED STATES,0.0
467699,UNITED STATES,0.0
467705,BELGIUM,0.0
467709,UNITED STATES,0.0
467711,UNITED STATES,0.0
467740,UNITED STATES,0.0
467748,UNITED STATES,0.0
467811,RUSSIAN FEDERATION,1.0
467812,RUSSIAN FEDERATION,0.0
467820,UNITED STATES,0.0
467842,UNITED STATES,0.0
467855,UNITED STATES,0.0
467885,UNITED STATES,0.0
467905,RUSSIAN FEDERATION,0.0
467933,RUSSIAN FEDERATION,0.0
467946,SINGAPORE,0.0
467953,UNITED STATES,0.0
467965,MALAYSIA,0.0
467969,INDIA,0.0
467986,GERMANY,0.0
467999,UNITED STATES,0.0
468006,UNITED STATES,0.0
468026,UNITED STATES,0.0
468028,UNITED STATES,0.0
468041,UNITED STATES,0.0
468044,UNITED STATES,0.0
468046,UNITED STATES,0.0
468051,UNITED STATES,0.0
468058,UNITED STATES,0.0
468073,UNITED STATES,0.0
468075,UNITED STATES,0.0
468086,UNITED STATES,1.0
468100,UNITED STATES,0.0
468121,UNITED STATES,0.0
468147,RUSSIAN FEDERATION,0.0
468152,UNITED STATES,0.0
468163,UNITED STATES,0.0
468174,MEXICO,0.0
468202,FRANCE,0.0
468203,CHINA,0.0
468210,BRAZIL,0.0
468220,RUSSIAN FEDERATION,0.0
468232,UNITED STATES,0.0
468237,UNITED STATES,1.0
468269,UNITED STATES,0.0
468282,UNITED STATES,0.0
468299,UNITED STATES,0.0
468313,UNITED STATES,0.0
468316,UNITED KINGDOM,0.0
468317,UNITED STATES,0.0
468334,UNITED STATES,0.0
468335,UNITED STATES,0.0
468338,UNITED STATES,0.0
468342,UNITED STATES,0.0
468348,UNITED STATES,0.0
468362,UNITED STATES,0.0
468363,UNITED STATES,0.0
468364,UNITED STATES,1.0
468370,UNITED STATES,0.0
468371,UNITED STATES,0.0
468373,UNITED STATES,0.0
468394,UNITED STATES,0.0
468413,UNITED STATES,0.0
468416,UNITED STATES,0.0
468417,UNITED STATES,0.0
468419,UNITED STATES,0.0
468421,UNITED STATES,0.0
468423,UNITED STATES,0.0
468430,UNITED STATES,0.0
468431,UNITED STATES,0.0
468433,UNITED STATES,0.0
468436,UNITED STATES,0.0
468439,UNITED STATES,0.0
468444,UNITED STATES,0.0
468446,BRAZIL,0.0
468448,UNITED STATES,0.0
468457,UNITED STATES,0.0
468472,UNITED STATES,0.0
468476,UNITED STATES,0.0
468487,UNITED STATES,0.0
468503,BRAZIL,0.0
468504,UNITED STATES,0.0
468527,UNITED STATES,0.0
468607,UNITED STATES,0.0
468616,UNITED STATES,0.0
468628,UNITED STATES,0.0
468632,UNITED STATES,0.0
468640,UNITED STATES,0.0
468648,UNITED STATES,0.0
468661,UNITED STATES,0.0
468670,UNITED STATES,0.0
468679,UNITED STATES,0.0
468693,RUSSIAN FEDERATION,0.0
468708,UNITED STATES,0.0
468711,UNITED STATES,0.0
468712,UNITED STATES,0.0
468713,UNITED STATES,0.0
468717,UNITED STATES,0.0
468750,AUSTRALIA,0.0
468753,AUSTRALIA,0.0
468761,BELGIUM,0.0
468786,MALAYSIA,0.0
468792,UNITED STATES,0.0
468839,UNITED STATES,0.0
468840,UNITED STATES,0.0
468847,UNITED STATES,0.0
468851,UNITED STATES,0.0
468853,UNITED STATES,0.0
468854,UNITED STATES,0.0
468856,UNITED STATES,0.0
468888,CHINA,0.0
468890,UNITED STATES,1.0
468899,UNITED STATES,0.0
468943,INDIA,0.0
468995,CHINA,0.0
469000,UNITED STATES,0.0
469001,UNITED STATES,1.0
469006,UNITED STATES,0.0
469014,UNITED STATES,0.0
469015,UNITED STATES,0.0
469020,UNITED STATES,0.0
469021,UNITED STATES,0.0
469025,UNITED STATES,0.0
469042,UNITED STATES,0.0
469049,UNITED STATES,0.0
469069,UNITED STATES,0.0
469084,UNITED STATES,0.0
469087,UNITED STATES,0.0
469114,JAPAN,0.0
469132,UNITED STATES,0.0
469154,UNITED STATES,0.0
469155,UNITED STATES,0.0
469161,RUSSIAN FEDERATION,0.0
469162,RUSSIAN FEDERATION,0.0
469196,INDIA,0.0
469199,UNITED STATES,0.0
469208,UNITED STATES,0.0
469217,UNITED STATES,0.0
469233,BRAZIL,0.0
469236,BRAZIL,0.0
469239,BRAZIL,0.0
469248,BRAZIL,0.0
469285,UNITED STATES,0.0
469286,UNITED STATES,0.0
469289,RUSSIAN FEDERATION,0.0
469305,UNITED STATES,0.0
469310,UNITED STATES,0.0
469314,UNITED STATES,0.0
469316,UNITED STATES,0.0
469323,UNITED STATES,0.0
469336,UNITED STATES,0.0
469339,RUSSIAN FEDERATION,0.0
469346,UNITED STATES,0.0
469364,SINGAPORE,0.0
469376,RUSSIAN FEDERATION,0.0
469379,CHINA,0.0
469382,RUSSIAN FEDERATION,0.0
469415,UNITED STATES,0.0
469445,UNITED STATES,0.0
469457,UNITED STATES,0.0
469463,UNITED STATES,0.0
469466,UNITED STATES,0.0
469477,UNITED STATES,0.0
469490,UNITED STATES,0.0
469523,UNITED STATES,0.0
469525,INDIA,0.0
469544,UNITED STATES,0.0
469551,SINGAPORE,0.0
469554,MALAYSIA,0.0
469557,CHINA,0.0
469558,UNITED STATES,0.0
469561,UNITED STATES,0.0
469568,INDIA,0.0
469573,UNITED STATES,0.0
469589,UNITED STATES,0.0
469593,UNITED STATES,0.0
469597,UNITED STATES,0.0
469603,UNITED STATES,0.0
469604,UNITED STATES,0.0
469613,RUSSIAN FEDERATION,0.0
469620,UNITED STATES,0.0
469623,UNITED STATES,0.0
469624,UNITED STATES,0.0
469629,INDIA,0.0
469644,INDIA,0.0
469646,INDIA,0.0
469653,UNITED STATES,0.0
469664,UNITED STATES,0.0
469727,UNITED STATES,0.0
469752,UNITED KINGDOM,0.0
469779,UNITED STATES,0.0
469792,UNITED STATES,0.0
469793,UNITED STATES,0.0
469794,FRANCE,0.0
469797,FRANCE,0.0
469805,FRANCE,0.0
469818,UNITED STATES,0.0
469867,BRAZIL,0.0
469902,UNITED STATES,0.0
469909,UNITED STATES,0.0
469913,UNITED STATES,0.0
469916,BRAZIL,0.0
469937,UNITED STATES,0.0
469939,UNITED STATES,0.0
469941,UNITED STATES,0.0
469942,UNITED STATES,0.0
469954,MEXICO,0.0
469956,UNITED STATES,0.0
469974,UNITED STATES,0.0
469976,UNITED STATES,0.0
469981,UNITED STATES,0.0
469989,UNITED STATES,0.0
469995,UNITED STATES,0.0
470005,UNITED STATES,0.0
470017,UNITED STATES,0.0
470026,UNITED STATES,0.0
470027,UNITED STATES,0.0
470045,UNITED STATES,0.0
470047,UNITED STATES,0.0
470081,BRAZIL,0.0
470086,BRAZIL,0.0
470094,UNITED STATES,0.0
470106,UNITED STATES,0.0
470109,UNITED STATES,0.0
470121,UNITED STATES,0.0
470124,UNITED STATES,0.0
470127,RUSSIAN FEDERATION,0.0
470130,UNITED STATES,0.0
470156,UNITED STATES,0.0
470159,UNITED STATES,0.0
470170,UNITED STATES,0.0
470184,UNITED STATES,0.0
470209,UNITED STATES,0.0
470214,INDIA,0.0
470216,INDIA,0.0
470221,INDIA,0.0
470231,INDIA,0.0
470238,INDIA,0.0
470246,INDIA,0.0
470276,INDIA,0.0
470280,INDIA,0.0
470286,INDIA,0.0
470303,UNITED STATES,0.0
470306,UNITED STATES,0.0
470311,UNITED STATES,0.0
470314,UNITED STATES,0.0
470315,UNITED STATES,0.0
470322,UNITED STATES,0.0
470336,RUSSIAN FEDERATION,0.0
470337,RUSSIAN FEDERATION,0.0
470340,UNITED STATES,0.0
470377,RUSSIAN FEDERATION,0.0
470383,UNITED STATES,0.0
470387,INDIA,0.0
470394,RUSSIAN FEDERATION,0.0
470405,UNITED STATES,0.0
470409,UNITED STATES,0.0
470422,UNITED STATES,0.0
470424,UNITED STATES,0.0
470427,RUSSIAN FEDERATION,1.0
470459,UNITED STATES,0.0
470501,UNITED STATES,0.0
470503,UNITED STATES,0.0
470504,UNITED STATES,0.0
470509,INDIA,0.0
470520,UNITED STATES,0.0
470525,UNITED STATES,0.0
470605,INDIA,0.0
470607,INDIA,0.0
470614,INDIA,0.0
470619,CHINA,0.0
470623,UNITED STATES,0.0
470635,UNITED STATES,0.0
470638,INDIA,0.0
470669,UNITED STATES,0.0
470678,RUSSIAN FEDERATION,0.0
470682,INDIA,0.0
470684,UNITED STATES,0.0
470690,RUSSIAN FEDERATION,0.0
470702,UNITED STATES,0.0
470723,UNITED STATES,0.0
470734,UNITED STATES,0.0
470757,UNITED STATES,0.0
470761,UNITED STATES,0.0
470778,UNITED STATES,0.0
470779,UNITED STATES,0.0
470793,UNITED STATES,0.0
470810,JAPAN,0.0
470818,JAPAN,0.0
470840,JAPAN,0.0
470843,JAPAN,0.0
470853,JAPAN,0.0
470873,JAPAN,0.0
470894,JAPAN,0.0
470897,JAPAN,0.0
470902,INDIA,0.0
470955,UNITED STATES,0.0
470972,JAPAN,0.0
470992,INDIA,0.0
470994,UNITED STATES,0.0
471005,UNITED STATES,0.0
471013,UNITED STATES,1.0
471029,UNITED KINGDOM,1.0
471042,RUSSIAN FEDERATION,0.0
471058,FRANCE,0.0
471134,AUSTRALIA,0.0
471154,UNITED KINGDOM,0.0
471159,UNITED STATES,0.0
471164,UNITED STATES,1.0
471175,UNITED STATES,0.0
471180,UNITED STATES,0.0
471216,UNITED STATES,0.0
471220,INDIA,0.0
471227,INDIA,0.0
471230,RUSSIAN FEDERATION,0.0
471241,UNITED STATES,0.0
471242,INDIA,0.0
471252,RUSSIAN FEDERATION,1.0
471266,RUSSIAN FEDERATION,0.0
471270,UNITED KINGDOM,0.0
471311,UNITED STATES,0.0
471333,RUSSIAN FEDERATION,0.0
471362,UKRAINE,0.0
471408,RUSSIAN FEDERATION,0.0
471411,RUSSIAN FEDERATION,0.0
471466,RUSSIAN FEDERATION,0.0
471494,RUSSIAN FEDERATION,0.0
471495,RUSSIAN FEDERATION,0.0
471504,UNITED STATES,0.0
471508,UNITED STATES,0.0
471517,UNITED STATES,0.0
471527,AUSTRALIA,0.0
471532,UNITED KINGDOM,0.0
471539,UNITED STATES,0.0
471543,UNITED STATES,0.0
471544,UNITED STATES,0.0
471549,UNITED KINGDOM,0.0
471569,UNITED STATES,0.0
471572,AUSTRALIA,0.0
471574,UNITED STATES,0.0
471584,UNITED KINGDOM,0.0
471596,UNITED STATES,0.0
471602,UNITED STATES,0.0
471622,UNITED STATES,0.0
471625,UNITED STATES,0.0
471632,UNITED STATES,0.0
471633,UNITED STATES,0.0
471634,UNITED STATES,0.0
471661,UNITED STATES,1.0
471662,UNITED STATES,0.0
471673,UNITED STATES,0.0
471689,UNITED STATES,0.0
471691,UNITED STATES,0.0
471708,UNITED STATES,0.0
471714,UNITED STATES,0.0
471755,UNITED STATES,0.0
471783,UNITED STATES,0.0
471797,UNITED STATES,0.0
471803,UNITED STATES,0.0
471804,UNITED STATES,0.0
471815,UNITED STATES,0.0
471816,UNITED STATES,0.0
471817,UNITED STATES,0.0
471821,UNITED STATES,0.0
471823,UNITED STATES,0.0
471830,UNITED STATES,0.0
471836,UNITED STATES,0.0
471837,UNITED STATES,0.0
471839,UNITED STATES,0.0
471848,UNITED STATES,0.0
471856,UNITED STATES,1.0
471857,UNITED STATES,0.0
471890,UNITED STATES,0.0
471900,UNITED STATES,0.0
471901,UNITED STATES,0.0
471920,UNITED STATES,0.0
471925,UNITED STATES,0.0
471935,UNITED STATES,0.0
471936,UNITED STATES,0.0
471938,UNITED STATES,0.0
471947,UNITED STATES,0.0
471959,UNITED STATES,0.0
471960,UNITED STATES,0.0
471966,UNITED STATES,0.0
471973,UNITED STATES,0.0
471976,UNITED STATES,0.0
471982,UNITED STATES,0.0
471986,UNITED STATES,0.0
471997,UNITED STATES,1.0
471998,UNITED STATES,0.0
471999,UNITED STATES,0.0
472001,UNITED STATES,0.0
472012,UNITED STATES,0.0
472020,UNITED STATES,0.0
472031,UNITED STATES,0.0
472036,UNITED STATES,0.0
472049,BRAZIL,0.0
472058,INDIA,0.0
472112,UNITED STATES,0.0
472114,UNITED STATES,0.0
472120,UNITED STATES,0.0
472121,UNITED STATES,0.0
472130,UNITED STATES,0.0
472141,UNITED STATES,0.0
472146,UNITED STATES,0.0
472163,UNITED STATES,0.0
472166,UNITED STATES,0.0
472167,JAPAN,1.0
472181,UNITED STATES,0.0
472192,UNITED STATES,0.0
472203,SINGAPORE,0.0
472222,UNITED STATES,0.0
472239,SINGAPORE,0.0
472301,INDIA,0.0
472305,BRAZIL,0.0
472331,UNITED STATES,0.0
472341,UNITED STATES,0.0
472353,UNITED STATES,0.0
472355,UNITED STATES,0.0
472372,UNITED STATES,0.0
472401,UNITED STATES,0.0
472410,UNITED KINGDOM,0.0
472412,UNITED KINGDOM,0.0
472427,RUSSIAN FEDERATION,0.0
472439,PAKISTAN,0.0
472440,PAKISTAN,0.0
472485,CHINA,0.0
472521,UNITED STATES,0.0
472524,UNITED STATES,0.0
472561,UNITED STATES,0.0
472590,UNITED STATES,0.0
472600,UNITED STATES,0.0
472630,UNITED STATES,1.0
472633,FRANCE,0.0
472658,AUSTRALIA,0.0
472663,BRAZIL,0.0
472664,BRAZIL,0.0
472698,MALAYSIA,0.0
472724,UNITED STATES,0.0
472746,UNITED STATES,0.0
472751,UNITED STATES,0.0
472757,UNITED STATES,0.0
472760,UNITED STATES,1.0
472761,UNITED STATES,0.0
472773,UNITED STATES,0.0
472774,UNITED STATES,0.0
472779,UNITED STATES,0.0
472783,UNITED STATES,0.0
472847,RUSSIAN FEDERATION,0.0
472849,RUSSIAN FEDERATION,0.0
472917,RUSSIAN FEDERATION,0.0
472933,RUSSIAN FEDERATION,0.0
472963,UNITED STATES,0.0
472965,UNITED STATES,0.0
472973,UNITED STATES,0.0
472979,UNITED STATES,0.0
472994,UNITED STATES,0.0
472998,UNITED STATES,0.0
473009,UNITED STATES,0.0
473027,UNITED STATES,0.0
473036,UNITED STATES,0.0
473047,UNITED STATES,0.0
473049,UNITED STATES,0.0
473053,UNITED STATES,0.0
473065,UNITED STATES,0.0
473068,UNITED STATES,0.0
473069,UNITED STATES,0.0
473072,UNITED STATES,0.0
473086,UNITED STATES,0.0
473110,UNITED STATES,0.0
473136,INDIA,0.0
473137,UNITED STATES,0.0
473162,UNITED STATES,0.0
473182,UNITED STATES,0.0
473190,UNITED STATES,0.0
473191,UNITED STATES,0.0
473224,JAPAN,0.0
473225,JAPAN,0.0
473238,UNITED STATES,0.0
473268,BRAZIL,0.0
473271,BRAZIL,0.0
473273,BRAZIL,0.0
473275,BRAZIL,1.0
473288,UNITED STATES,0.0
473305,UNITED STATES,0.0
473338,UNITED STATES,0.0
473339,UNITED STATES,0.0
473347,UNITED STATES,0.0
473349,UNITED STATES,0.0
473351,UNITED STATES,0.0
473353,UNITED STATES,0.0
473370,UNITED STATES,0.0
473371,UNITED STATES,0.0
473380,UNITED STATES,0.0
473382,UNITED STATES,0.0
473396,UNITED STATES,0.0
473404,UNITED STATES,0.0
473409,UNITED STATES,0.0
473410,UNITED STATES,0.0
473412,UNITED STATES,0.0
473428,UNITED STATES,0.0
473429,UNITED STATES,0.0
473439,UNITED STATES,0.0
473450,UNITED STATES,0.0
473457,UNITED STATES,0.0
473459,UNITED STATES,0.0
473460,UNITED STATES,0.0
473474,UNITED STATES,0.0
473495,BRAZIL,0.0
473511,UNITED STATES,0.0
473513,UNITED STATES,0.0
473521,UNITED STATES,0.0
473532,UNITED STATES,0.0
473540,UNITED STATES,0.0
473543,UNITED STATES,0.0
473555,UNITED STATES,0.0
473570,UNITED STATES,0.0
473587,UNITED STATES,0.0
473607,UNITED STATES,0.0
473612,UNITED STATES,0.0
473624,UNITED STATES,0.0
473631,UNITED STATES,0.0
473657,UNITED STATES,0.0
473660,BRAZIL,0.0
473663,BRAZIL,0.0
473671,UNITED STATES,0.0
473673,UNITED STATES,0.0
473688,UNITED STATES,0.0
473689,UNITED STATES,0.0
473700,UNITED STATES,0.0
473764,UNITED STATES,0.0
473776,UNITED STATES,0.0
473787,UNITED STATES,0.0
473799,UNITED STATES,0.5
473803,UNITED STATES,0.0
473815,UNITED STATES,0.0
473816,UNITED STATES,0.0
473818,UNITED STATES,0.5
473830,RUSSIAN FEDERATION,0.0
473832,RUSSIAN FEDERATION,1.0
473897,BRAZIL,0.0
473906,FRANCE,0.0
473923,UNITED STATES,0.0
473933,FRANCE,0.0
473934,UNITED STATES,0.0
473949,UNITED STATES,0.0
473954,UNITED STATES,0.0
473964,UNITED STATES,0.0
473969,UNITED STATES,0.0
473974,UNITED STATES,0.0
473981,UNITED STATES,0.0
473985,UNITED STATES,0.0
473993,UNITED STATES,0.0
474001,UNITED STATES,0.0
474005,UNITED STATES,0.0
474008,UNITED STATES,0.0
474013,UNITED STATES,0.0
474035,UNITED STATES,0.0
474036,UNITED STATES,0.0
474043,UNITED STATES,0.0
474044,UNITED STATES,0.0
474048,UNITED STATES,0.0
474054,UNITED STATES,1.0
474097,UNITED STATES,0.0
474099,UNITED STATES,0.0
474100,UNITED KINGDOM,0.0
474120,SINGAPORE,0.0
474167,UNITED STATES,1.0
474171,UNITED STATES,0.0
474177,ITALY,0.0
474181,ITALY,0.0
474187,UNITED STATES,0.0
474193,UNITED STATES,0.0
474224,INDIA,0.0
474231,UNITED STATES,0.0
474243,UNITED STATES,0.0
474245,UNITED STATES,0.0
474253,UNITED STATES,0.0
474258,UNITED STATES,0.0
474260,UNITED STATES,0.0
474262,UNITED STATES,0.0
474267,UNITED KINGDOM,0.0
474277,FRANCE,1.0
474297,UNITED STATES,0.0
474312,UNITED STATES,0.0
474313,UNITED STATES,0.0
474314,UNITED STATES,0.0
474316,UNITED STATES,0.0
474342,UNITED KINGDOM,0.0
474349,UNITED STATES,0.0
474353,UNITED STATES,0.0
474355,UNITED STATES,0.0
474370,UNITED STATES,0.0
474375,UNITED STATES,0.0
474389,UNITED STATES,0.0
474394,UNITED STATES,0.0
474413,UNITED STATES,0.0
474429,UNITED STATES,0.0
474438,UNITED STATES,0.0
474445,UNITED STATES,0.0
474454,UNITED STATES,0.0
474457,UNITED STATES,0.0
474469,UNITED STATES,0.0
474525,BRAZIL,0.0
474548,BRAZIL,0.0
474549,BRAZIL,1.0
474559,UNITED KINGDOM,0.0
474564,UNITED KINGDOM,0.0
474569,UNITED STATES,0.0
474591,UNITED STATES,0.0
474596,UNITED STATES,0.0
474600,UNITED STATES,0.0
474628,UNITED STATES,0.0
474639,UNITED STATES,0.0
474641,BRAZIL,1.0
474643,UNITED STATES,0.0
474655,UNITED STATES,0.0
474656,UNITED STATES,0.0
474657,UNITED STATES,0.0
474658,UNITED STATES,0.0
474681,UNITED STATES,0.0
474695,UNITED STATES,0.0
474728,UNITED STATES,0.0
474743,UNITED STATES,0.0
474752,UNITED STATES,0.0
474763,UNITED STATES,0.0
474764,UNITED STATES,0.0
474766,UNITED STATES,0.0
474779,UNITED STATES,0.0
474781,UNITED STATES,0.0
474789,UNITED STATES,0.0
474820,RUSSIAN FEDERATION,0.0
474822,UNITED STATES,0.0
474851,INDIA,0.0
474864,INDIA,0.0
474869,UNITED STATES,0.0
474878,UNITED STATES,0.0
474885,UNITED STATES,0.0
474888,UNITED STATES,0.0
474895,UNITED STATES,0.0
474929,UNITED STATES,0.0
474936,UNITED STATES,0.0
474938,UNITED STATES,0.0
474939,UNITED STATES,0.0
474940,FRANCE,0.0
474951,UNITED STATES,0.0
474957,UNITED STATES,0.0
474961,UNITED STATES,0.0
474975,UNITED STATES,0.0
474982,UNITED STATES,0.0
474987,UNITED STATES,0.0
474990,UNITED STATES,0.0
474992,UNITED STATES,0.0
475006,UNITED STATES,1.0
475018,UNITED STATES,0.0
475019,UNITED STATES,0.0
475026,UNITED STATES,0.0
475031,UNITED STATES,0.0
475037,UNITED STATES,0.0
475046,UNITED STATES,0.0
475052,UNITED STATES,0.0
475064,UNITED STATES,0.0
475098,RUSSIAN FEDERATION,0.0
475112,UNITED KINGDOM,0.0
475113,UNITED KINGDOM,0.0
475135,UNITED KINGDOM,0.0
475145,UNITED KINGDOM,0.0
475173,RUSSIAN FEDERATION,0.0
475192,RUSSIAN FEDERATION,0.5
475195,RUSSIAN FEDERATION,0.0
475203,UNITED STATES,0.0
475208,UNITED STATES,0.0
475233,UNITED KINGDOM,0.0
475238,UNITED STATES,0.0
475239,UNITED STATES,0.0
475240,UNITED STATES,0.0
475247,ITALY,0.0
475252,UNITED STATES,0.0
475256,BRAZIL,0.0
475274,UNITED STATES,0.0
475286,UNITED STATES,0.0
475295,UNITED STATES,0.0
475304,UNITED STATES,0.0
475315,UNITED KINGDOM,0.0
475338,UNITED STATES,0.0
475348,UNITED STATES,0.0
475354,UNITED STATES,0.0
475380,UNITED STATES,0.0
475384,BRAZIL,0.0
475411,UNITED STATES,0.0
475414,UNITED STATES,0.0
475431,UNITED STATES,0.0
475435,UNITED STATES,0.0
475437,UNITED STATES,0.0
475442,UNITED STATES,0.0
475457,UNITED STATES,0.0
475460,UNITED STATES,0.0
475468,UNITED STATES,0.0
475479,UNITED STATES,0.0
475487,UNITED STATES,0.0
475495,UNITED STATES,0.0
475510,UNITED STATES,0.0
475526,UNITED STATES,0.0
475530,UNITED STATES,0.0
475542,UNITED STATES,0.0
475546,UNITED STATES,0.0
475547,UNITED STATES,0.0
475557,UNITED STATES,0.0
475567,UNITED STATES,0.0
475581,UNITED STATES,0.0
475586,UNITED STATES,0.0
475608,UNITED STATES,0.0
475617,UNITED STATES,0.0
475618,UNITED STATES,0.0
475633,UNITED STATES,0.0
475635,UNITED STATES,1.0
475645,UNITED STATES,0.0
475650,UNITED STATES,0.0
475652,UNITED STATES,0.0
475654,UNITED STATES,0.0
475659,UNITED STATES,0.0
475670,UNITED STATES,0.0
475686,UNITED STATES,0.0
475691,UNITED STATES,0.0
475701,UNITED STATES,0.0
475705,UNITED STATES,0.0
475727,UNITED KINGDOM,0.0
475751,UNITED KINGDOM,0.0
475752,UNITED KINGDOM,0.0
475753,UNITED KINGDOM,0.0
475761,RUSSIAN FEDERATION,0.5
475794,RUSSIAN FEDERATION,1.0
475798,UNITED STATES,0.0
475801,UNITED STATES,1.0
475812,UNITED STATES,0.0
475817,UNITED STATES,0.0
475821,UNITED STATES,0.0
475824,UNITED STATES,0.0
475830,UNITED STATES,0.0
475831,UNITED STATES,0.0
475853,UNITED STATES,0.0
475857,UNITED STATES,0.0
475864,UNITED STATES,0.0
475886,UNITED STATES,0.0
475894,UNITED STATES,0.0
475912,UNITED STATES,0.0
475921,UNITED STATES,0.0
475925,UNITED STATES,0.0
475931,UNITED KINGDOM,0.0
475932,UNITED STATES,0.0
475936,UNITED STATES,0.0
475939,UNITED STATES,0.0
475953,UNITED STATES,0.0
475970,UNITED STATES,0.0
475971,UNITED STATES,0.0
475973,UNITED STATES,1.0
475981,UNITED STATES,0.0
475982,UNITED STATES,0.0
475985,UNITED STATES,0.0
476013,RUSSIAN FEDERATION,0.0
476088,UNITED STATES,0.0
476090,UNITED STATES,0.0
476115,MEXICO,0.0
476135,SINGAPORE,0.0
476146,UNITED STATES,0.0
476151,UNITED STATES,0.0
476158,UNITED STATES,0.0
476219,UNITED STATES,0.0
476226,UNITED KINGDOM,0.0
476238,UNITED KINGDOM,0.0
476244,UNITED KINGDOM,0.0
476253,UNITED KINGDOM,0.0
476267,UNITED KINGDOM,0.0
476280,RUSSIAN FEDERATION,0.0
476301,UNITED STATES,0.0
476303,UNITED STATES,0.0
476306,UNITED STATES,0.0
476323,UNITED STATES,0.0
476342,UNITED KINGDOM,0.0
476352,UNITED KINGDOM,0.0
476359,UNITED KINGDOM,0.0
476410,UNITED STATES,0.0
476411,UNITED STATES,0.0
476436,UNITED STATES,0.0
476453,UNITED STATES,0.0
476471,UNITED STATES,0.0
476478,UNITED STATES,0.0
476482,UNITED STATES,0.0
476490,UNITED STATES,0.0
476497,UNITED STATES,0.0
476499,UNITED STATES,0.0
476531,UNITED STATES,0.0
476572,UNITED STATES,1.0
476597,UNITED STATES,0.0
476620,FRANCE,0.0
476634,UNITED STATES,0.0
476642,UNITED KINGDOM,0.0
476688,UNITED STATES,0.0
476693,UNITED STATES,0.0
476694,MEXICO,0.0
476695,UNITED STATES,0.0
476697,UNITED STATES,0.0
476707,UNITED STATES,0.0
476713,UNITED STATES,0.0
476714,UNITED STATES,0.0
476725,UNITED STATES,0.0
476747,UNITED STATES,0.0
476774,UNITED STATES,0.0
476788,UNITED STATES,0.0
476791,UNITED STATES,0.0
476856,RUSSIAN FEDERATION,0.0
476866,UNITED STATES,0.0
476898,UNITED STATES,0.0
476899,UNITED STATES,0.0
476906,UNITED STATES,0.0
476922,UNITED STATES,0.0
476927,UNITED STATES,1.0
476950,RUSSIAN FEDERATION,0.0
476976,UNITED STATES,0.0
476981,UNITED STATES,0.0
477001,UNITED STATES,0.0
477028,MALAYSIA,0.0
477034,RUSSIAN FEDERATION,0.0
477075,UNITED STATES,0.0
477088,UNITED STATES,0.0
477160,FRANCE,0.0
477174,FRANCE,0.0
477187,FRANCE,0.0
477204,UNITED STATES,0.0
477213,MEXICO,0.0
477232,BRAZIL,0.0
477245,UNITED STATES,0.0
477266,BRAZIL,0.0
477287,UNITED STATES,0.0
477291,MEXICO,1.0
477300,UNITED STATES,0.0
477312,UNITED STATES,0.0
477319,UNITED STATES,0.0
477327,UNITED STATES,0.0
477336,UNITED STATES,0.0
477350,UNITED STATES,0.0
477360,AUSTRALIA,0.0
477381,MEXICO,0.0
477402,UNITED STATES,0.0
477412,UNITED STATES,0.0
477414,UNITED STATES,0.0
477415,UNITED STATES,0.0
477424,UNITED STATES,0.0
477439,UNITED STATES,0.0
477474,BRAZIL,0.0
477478,UNITED STATES,0.0
477497,UNITED STATES,0.0
477502,UNITED STATES,0.0
477510,UNITED STATES,0.0
477513,RUSSIAN FEDERATION,0.0
477516,UNITED STATES,0.0
477528,UNITED STATES,0.0
477538,UNITED STATES,0.0
477545,UNITED STATES,0.0
477553,UNITED STATES,0.0
477557,UNITED STATES,0.0
477559,UNITED STATES,0.0
477562,UNITED STATES,0.0
477582,BRAZIL,0.0
477592,JAPAN,0.0
477611,UNITED STATES,0.0
477612,UNITED STATES,0.0
477631,UNITED STATES,0.0
477632,UNITED STATES,0.0
477644,UNITED STATES,1.0
477646,UNITED STATES,0.0
477651,UNITED STATES,0.0
477730,UNITED STATES,0.0
477736,UNITED STATES,0.0
477749,UNITED STATES,0.0
477750,UNITED STATES,0.0
477755,UNITED STATES,0.0
477763,UNITED STATES,0.0
477768,UNITED STATES,0.0
477780,UNITED STATES,0.0
477813,UNITED STATES,0.0
477823,UNITED STATES,0.0
477840,UNITED STATES,0.0
477842,UNITED STATES,0.0
477861,UNITED STATES,0.0
477872,UNITED STATES,0.0
477877,UNITED STATES,0.0
477985,ITALY,0.0
478001,UNITED STATES,0.0
478010,UNITED STATES,0.0
478034,INDIA,0.0
478043,UNITED STATES,0.0
478061,UNITED STATES,0.0
478066,UNITED STATES,0.0
478071,UNITED KINGDOM,0.0
478093,FRANCE,0.0
478094,FRANCE,0.0
478101,UNITED STATES,0.0
478116,UNITED STATES,0.0
478122,UNITED STATES,0.5
478129,UNITED STATES,0.0
478136,UNITED STATES,1.0
478139,UNITED STATES,0.0
478140,UNITED STATES,0.0
478150,KENYA,1.0
478159,UNITED STATES,0.0
478167,UNITED STATES,0.0
478195,UNITED STATES,0.0
478200,UNITED STATES,0.0
478214,UNITED STATES,1.0
478227,UNITED STATES,0.0
478252,UNITED STATES,0.0
478254,UNITED STATES,0.0
478261,UNITED STATES,0.0
478265,RUSSIAN FEDERATION,0.0
478307,BRAZIL,0.0
478326,UNITED STATES,0.0
478330,UNITED STATES,0.0
478335,UNITED STATES,0.0
478339,UNITED STATES,0.0
478341,UNITED STATES,0.0
478348,UNITED STATES,0.0
478354,UNITED STATES,0.0
478381,UNITED STATES,0.0
478382,RUSSIAN FEDERATION,0.0
478383,UNITED STATES,0.0
478384,UNITED STATES,0.0
478395,UNITED STATES,0.0
478411,UNITED STATES,0.0
478418,UNITED STATES,1.0
478421,UNITED STATES,0.0
478432,UNITED STATES,0.0
478435,UNITED STATES,0.0
478442,UNITED STATES,0.0
478444,UNITED STATES,0.0
478457,UNITED STATES,0.0
478476,RUSSIAN FEDERATION,0.0
478478,UNITED STATES,0.0
478480,UNITED STATES,0.0
478482,UNITED STATES,0.0
478483,RUSSIAN FEDERATION,0.0
478484,UNITED STATES,0.0
478486,UNITED STATES,0.0
478497,UNITED STATES,0.0
478498,UNITED STATES,0.0
478501,UNITED STATES,0.0
478506,BRAZIL,0.0
478509,BRAZIL,0.0
478521,FRANCE,0.0
478523,FRANCE,0.0
478576,UNITED STATES,0.0
478583,UNITED STATES,0.0
478626,UNITED STATES,0.0
478632,UNITED STATES,0.0
478633,UNITED STATES,0.0
478647,UNITED STATES,0.0
478650,UNITED STATES,0.0
478653,UNITED STATES,0.0
478655,UNITED STATES,0.0
478730,MEXICO,0.0
478734,ITALY,0.0
478752,UNITED STATES,0.0
478816,UNITED STATES,0.0
478829,UNITED STATES,0.0
478848,UNITED STATES,0.0
478852,UNITED STATES,0.0
478863,UNITED STATES,0.0
478865,UNITED STATES,0.0
478869,UNITED STATES,0.0
478883,INDIA,0.0
478911,UNITED STATES,0.0
478914,UNITED STATES,0.0
478928,UNITED STATES,0.0
478938,UNITED STATES,0.0
478945,UNITED STATES,0.0
478947,INDIA,0.0
478953,INDIA,0.0
478961,UNITED STATES,0.0
478988,UNITED STATES,0.0
478999,UNITED STATES,0.0
479018,BRAZIL,0.0
479059,UNITED STATES,0.0
479096,UKRAINE,0.0
479102,UNITED STATES,1.0
479125,UNITED STATES,0.0
479144,UNITED STATES,0.0
479149,UNITED STATES,0.0
479170,UNITED STATES,0.0
479221,UNITED STATES,0.0
479233,UNITED STATES,0.0
479235,UNITED STATES,0.0
479236,UNITED STATES,0.0
479243,UNITED STATES,0.0
479250,UNITED STATES,0.0
479277,UNITED STATES,0.0
479284,UNITED STATES,0.0
479290,UNITED STATES,0.0
479292,GERMANY,0.0
479306,BRAZIL,0.0
479319,UNITED STATES,0.0
479323,UNITED STATES,0.0
479330,UNITED STATES,0.0
479339,UNITED STATES,0.0
479367,UNITED STATES,0.0
479369,UNITED STATES,0.0
479373,UNITED STATES,0.0
479380,UNITED STATES,0.0
479384,UNITED STATES,0.0
479397,UNITED STATES,0.0
479400,UNITED STATES,0.0
479418,JAPAN,0.0
479440,BRAZIL,0.0
479444,BRAZIL,0.0
479454,UNITED STATES,0.0
479455,UNITED STATES,1.0
479458,UNITED STATES,0.0
479492,UNITED STATES,0.0
479497,UNITED STATES,0.0
479510,JAPAN,0.0
479517,UNITED STATES,0.0
479535,JAPAN,0.0
479550,UNITED STATES,0.0
479551,UNITED STATES,0.0
479564,BRAZIL,1.0
479569,BRAZIL,1.0
479584,RUSSIAN FEDERATION,0.0
479591,UNITED STATES,0.0
479642,UNITED STATES,0.0
479715,RUSSIAN FEDERATION,0.0
479717,UNITED STATES,0.0
479801,UNITED STATES,0.0
479810,UNITED STATES,0.0
479812,UNITED STATES,0.0
479816,UNITED STATES,0.0
479817,UNITED STATES,0.0
479831,UNITED STATES,0.0
479835,UNITED STATES,0.0
479849,UNITED STATES,0.0
479853,UNITED STATES,0.0
479859,UNITED STATES,0.0
479881,UNITED STATES,0.0
479887,UNITED STATES,0.0
479912,UNITED STATES,0.0
479927,CHINA,0.0
479939,UNITED STATES,0.0
479942,UNITED STATES,0.0
479944,UNITED STATES,0.0
479992,UNITED STATES,0.0
479997,UNITED STATES,0.0
480001,UNITED STATES,0.0
480081,BRAZIL,0.0
480100,UNITED STATES,0.0
480117,UNITED STATES,0.0
480118,UNITED STATES,0.0
480133,UNITED STATES,0.0
480134,UNITED STATES,0.0
480140,UNITED STATES,0.0
480141,UNITED STATES,0.0
480143,UNITED STATES,0.0
480155,UNITED STATES,0.0
480165,UNITED STATES,0.0
480167,UNITED STATES,0.0
480169,UNITED STATES,0.0
480178,UNITED STATES,0.0
480189,UNITED STATES,0.0
480191,UNITED STATES,0.0
480202,UNITED STATES,0.0
480207,UNITED STATES,0.0
480210,UNITED STATES,0.0
480222,UNITED STATES,0.0
480274,AUSTRALIA,0.0
480281,UNITED STATES,0.0
480306,UNITED STATES,0.0
480318,UNITED STATES,0.0
480323,UNITED STATES,0.0
480327,UNITED STATES,0.0
480332,UNITED STATES,0.0
480338,UNITED STATES,0.0
480344,UNITED STATES,0.0
480358,UNITED STATES,0.0
480362,UNITED STATES,0.0
480364,UNITED STATES,0.0
480379,UNITED STATES,0.0
480383,UNITED STATES,0.0
480391,UNITED STATES,0.0
480398,UNITED STATES,0.0
480409,UNITED STATES,0.0
480429,UNITED STATES,0.0
480435,UNITED STATES,0.0
480439,UNITED STATES,0.0
480450,UNITED STATES,0.0
480465,UNITED STATES,0.0
480477,UNITED STATES,0.0
480499,UNITED STATES,0.0
480501,GERMANY,0.0
480502,UNITED STATES,0.0
480505,UNITED STATES,0.0
480513,UNITED STATES,0.0
480518,UNITED STATES,0.0
480525,UNITED STATES,0.0
480528,UNITED STATES,0.0
480536,UNITED STATES,0.0
480586,UNITED STATES,0.0
480588,UNITED STATES,0.0
480592,UNITED STATES,0.0
480593,UNITED STATES,0.0
480599,UNITED STATES,0.0
480605,UNITED STATES,0.0
480629,BRAZIL,1.0
480663,UNITED STATES,0.0
480679,UNITED STATES,0.0
480690,UNITED STATES,0.0
480697,INDIA,0.0
480708,UNITED STATES,0.0
480709,UNITED STATES,0.0
480710,UNITED STATES,0.0
480735,UNITED STATES,0.0
480742,UNITED STATES,0.0
480743,UNITED STATES,1.0
480763,UNITED STATES,0.0
480768,UNITED STATES,0.0
480770,UNITED STATES,0.0
480788,UNITED STATES,0.0
480793,UNITED STATES,0.0
480804,UNITED STATES,0.0
480810,UNITED STATES,0.0
480813,UNITED STATES,0.0
480838,UNITED STATES,0.0
480866,UNITED STATES,0.0
480890,UNITED STATES,0.0
480925,UNITED KINGDOM,0.0
480952,UNITED STATES,0.0
480958,UNITED STATES,0.0
480972,UNITED STATES,0.0
480973,UNITED STATES,0.0
480989,INDIA,0.0
481006,UNITED STATES,0.0
481028,UNITED STATES,0.0
481073,UNITED STATES,0.0
481098,UNITED STATES,0.0
481099,UNITED STATES,0.0
481112,UNITED STATES,0.0
481115,UNITED STATES,0.0
481132,SINGAPORE,0.0
481164,UNITED STATES,0.0
481175,UNITED STATES,0.0
481181,UNITED STATES,0.0
481188,UNITED STATES,0.0
481196,UNITED STATES,0.0
481197,UNITED STATES,0.0
481221,UNITED STATES,0.0
481224,UNITED STATES,0.0
481226,UNITED STATES,0.0
481230,UNITED STATES,0.0
481237,UNITED STATES,0.0
481244,UNITED STATES,0.0
481258,UNITED STATES,0.0
481264,UNITED STATES,0.0
481282,MEXICO,0.0
481284,MEXICO,1.0
481291,UNITED STATES,0.0
481300,UNITED STATES,0.0
481317,UNITED STATES,0.0
481320,UNITED STATES,0.0
481324,UNITED STATES,0.0
481328,UNITED STATES,0.0
481337,UNITED STATES,0.0
481358,UNITED KINGDOM,0.0
481383,MEXICO,0.0
481402,JAPAN,0.0
481414,JAPAN,0.0
481415,JAPAN,0.0
481416,JAPAN,0.0
481428,JAPAN,0.0
481430,JAPAN,0.0
481437,JAPAN,0.0
481440,UNITED STATES,0.0
481494,UNITED STATES,0.0
481497,UNITED STATES,0.0
481552,UNITED STATES,0.0
481574,UNITED STATES,0.0
481604,UNITED STATES,0.0
481608,FRANCE,0.0
481614,UNITED STATES,0.0
481620,MEXICO,1.0
481644,UNITED STATES,0.0
481649,UNITED STATES,0.0
481655,UNITED STATES,0.0
481662,UNITED STATES,0.0
481666,UNITED STATES,0.0
481668,UNITED STATES,0.0
481672,UNITED STATES,0.0
481675,UNITED STATES,0.0
481686,UNITED STATES,0.0
481698,UNITED KINGDOM,0.0
481720,UNITED STATES,0.0
481730,UNITED STATES,0.0
481737,UNITED STATES,0.0
481744,UNITED STATES,0.0
481752,UNITED STATES,0.0
481755,UNITED STATES,0.0
481777,RUSSIAN FEDERATION,0.0
481788,UNITED STATES,0.0
481831,UNITED STATES,0.0
481833,UNITED STATES,0.0
481838,UNITED STATES,0.0
481842,UNITED STATES,0.0
481843,UNITED STATES,0.0
481849,MALAYSIA,0.0
481855,UNITED STATES,0.0
481866,UNITED STATES,0.0
481892,UNITED KINGDOM,0.0
481894,UNITED KINGDOM,0.0
481905,UNITED STATES,0.0
481912,UNITED STATES,0.0
481920,UNITED KINGDOM,0.0
481931,UNITED STATES,0.0
481938,UNITED STATES,1.0
481969,UNITED STATES,0.0
481983,UNITED STATES,0.0
481993,UNITED STATES,0.0
481995,UNITED STATES,0.0
482013,CHINA,1.0
482018,UNITED STATES,0.0
482020,UNITED STATES,0.0
482021,UNITED STATES,0.0
482039,UNITED STATES,0.0
482048,UNITED STATES,0.0
482077,UNITED STATES,0.0
482093,UNITED STATES,0.0
482100,UNITED STATES,0.0
482150,UNITED STATES,1.0
482154,UNITED STATES,0.0
482155,UNITED STATES,0.0
482157,UNITED STATES,0.0
482178,UNITED KINGDOM,0.0
482179,UNITED KINGDOM,0.0
482199,UNITED STATES,0.0
482202,UNITED STATES,0.0
482216,UNITED STATES,0.0
482225,RUSSIAN FEDERATION,0.0
482226,UNITED STATES,0.0
482229,UNITED STATES,0.0
482243,UNITED STATES,0.0
482245,UNITED STATES,0.0
482277,UNITED STATES,0.0
482287,UNITED STATES,0.0
482289,UNITED STATES,1.0
482290,UNITED STATES,0.0
482307,UNITED STATES,0.0
482309,UNITED STATES,0.0
482317,UNITED STATES,0.0
482320,UNITED STATES,0.0
482326,UNITED STATES,0.0
482335,UNITED STATES,1.0
482337,UNITED STATES,0.0
482352,UNITED STATES,0.0
482355,UNITED STATES,0.0
482356,UNITED STATES,0.0
482368,UNITED STATES,0.0
482389,UNITED STATES,0.0
482390,UNITED STATES,0.0
482391,UNITED STATES,0.0
482392,UNITED STATES,0.0
482397,UNITED STATES,0.0
482460,GERMANY,0.0
482473,MEXICO,0.0
482481,BRAZIL,0.0
482512,GERMANY,0.0
482515,GERMANY,0.0
482519,GERMANY,0.0
482520,GERMANY,1.0
482521,GERMANY,0.5
482524,GERMANY,0.0
482532,GERMANY,0.0
482538,GERMANY,0.0
482550,GERMANY,0.0
482563,GERMANY,0.0
482568,GERMANY,1.0
482570,GERMANY,0.0
482573,GERMANY,0.0
482584,GERMANY,0.0
482588,GERMANY,0.0
482607,UNITED STATES,0.0
482615,UNITED STATES,0.0
482618,UNITED STATES,0.0
482626,UNITED STATES,0.0
482631,UNITED STATES,0.0
482632,UNITED STATES,0.0
482656,UNITED STATES,0.0
482680,UNITED STATES,0.0
482690,UNITED STATES,0.0
482691,UNITED STATES,0.0
482707,UNITED STATES,0.0
482711,UNITED STATES,0.0
482718,UNITED STATES,0.0
482733,UNITED STATES,0.0
482751,JAPAN,0.0
482756,UNITED STATES,0.0
482763,UNITED STATES,0.0
482765,UNITED STATES,0.0
482776,UNITED STATES,0.0
482791,UNITED STATES,0.0
482793,UNITED STATES,0.0
482794,UNITED STATES,0.0
482829,UNITED STATES,0.0
482832,UNITED STATES,0.0
482845,UNITED STATES,0.0
482848,UNITED STATES,0.0
482858,UNITED STATES,0.0
482859,UNITED STATES,0.0
482862,UNITED STATES,0.0
482880,UNITED STATES,0.0
482884,UNITED STATES,0.0
482909,UNITED STATES,0.0
482916,CHINA,0.0
482921,UNITED STATES,0.0
482927,UNITED STATES,0.0
482931,UNITED STATES,0.0
482936,UNITED STATES,0.0
482939,UNITED STATES,0.0
482950,UNITED STATES,0.0
482956,UNITED STATES,0.0
482973,UNITED STATES,0.0
482987,UNITED STATES,0.0
482995,UNITED STATES,0.0
482996,UNITED STATES,0.0
483008,ITALY,0.0
483021,UKRAINE,0.0
483032,UNITED STATES,0.0
483038,UNITED STATES,0.0
483077,BRAZIL,0.0
483112,MEXICO,1.0
483137,RUSSIAN FEDERATION,0.0
483150,BRAZIL,1.0
483164,UNITED STATES,0.0
483175,RUSSIAN FEDERATION,0.0
483212,UNITED STATES,0.0
483217,UNITED STATES,0.0
483223,UNITED STATES,0.0
483237,UNITED STATES,0.0
483238,UNITED STATES,0.0
483245,UNITED STATES,0.0
483246,UNITED STATES,0.0
483264,UNITED STATES,0.0
483270,UNITED STATES,0.0
483273,UNITED STATES,0.0
483279,UNITED STATES,0.0
483286,UNITED STATES,0.0
483289,UNITED STATES,1.0
483296,UNITED STATES,0.0
483297,UNITED STATES,0.0
483312,UNITED STATES,0.0
483317,UNITED STATES,0.0
483320,UNITED STATES,0.0
483323,UNITED STATES,0.0
483328,UNITED STATES,0.0
483344,UNITED STATES,0.0
483345,UNITED STATES,0.0
483360,UNITED STATES,0.0
483374,UNITED STATES,0.0
483377,UNITED STATES,0.0
483382,UNITED STATES,0.0
483403,UNITED STATES,0.0
483406,JAPAN,0.0
483410,UNITED STATES,0.0
483411,UNITED STATES,0.0
483417,UNITED STATES,0.0
483420,UNITED STATES,0.0
483461,UNITED STATES,0.0
483480,UNITED STATES,0.0
483481,UNITED STATES,0.0
483492,UNITED STATES,0.0
483510,UNITED STATES,0.0
483538,UNITED STATES,0.0
483600,UNITED STATES,0.0
483629,UNITED STATES,0.0
483640,UNITED STATES,0.0
483701,FRANCE,0.0
483722,UNITED STATES,0.0
483727,UNITED STATES,0.0
483728,UNITED STATES,0.0
483770,UNITED STATES,0.0
483788,AUSTRALIA,0.0
483800,UNITED STATES,0.0
483830,INDIA,0.0
483836,UNITED STATES,0.0
483844,UNITED STATES,0.0
483855,UNITED STATES,0.0
483875,UNITED STATES,0.0
483876,UNITED STATES,1.0
483877,UNITED STATES,0.0
483884,UNITED STATES,0.0
483919,UNITED STATES,0.0
483925,UNITED STATES,0.0
483943,UNITED STATES,0.0
483945,UNITED STATES,0.0
483948,UNITED STATES,0.0
483949,UNITED STATES,0.0
483951,UNITED STATES,0.0
483980,RUSSIAN FEDERATION,0.0
483984,RUSSIAN FEDERATION,0.0
484010,UNITED STATES,0.0
484018,UNITED STATES,0.0
484019,UNITED STATES,0.0
484032,UNITED STATES,0.0
484035,UNITED STATES,0.0
484044,UNITED STATES,0.0
484054,UNITED STATES,0.0
484073,UNITED STATES,0.0
484094,UNITED STATES,0.0
484100,UNITED STATES,0.0
484107,UNITED STATES,0.0
484123,UNITED STATES,0.0
484141,UNITED STATES,0.0
484157,RUSSIAN FEDERATION,0.0
484171,PAKISTAN,0.0
484185,UNITED STATES,0.0
484201,UNITED STATES,0.0
484226,UNITED STATES,0.0
484230,UNITED STATES,0.0
484233,UNITED STATES,0.0
484240,UNITED STATES,0.0
484256,UNITED STATES,0.0
484271,UNITED STATES,0.0
484292,UNITED STATES,0.0
484300,UNITED STATES,0.0
484303,UNITED STATES,0.0
484309,UNITED STATES,1.0
484317,UNITED STATES,0.0
484320,UNITED STATES,0.0
484335,UNITED STATES,0.0
484338,UNITED STATES,0.0
484339,UNITED STATES,0.0
484344,UNITED STATES,0.0
484358,UNITED STATES,0.0
484374,UNITED STATES,0.0
484375,UNITED STATES,0.0
484381,UNITED STATES,0.0
484386,UNITED STATES,0.0
484398,INDIA,0.0
484401,UNITED STATES,0.0
484417,UNITED KINGDOM,0.0
484465,UNITED STATES,0.0
484470,UNITED STATES,0.0
484480,UNITED STATES,0.0
484481,UNITED STATES,0.0
484483,UNITED STATES,0.0
484487,UNITED STATES,0.0
484499,UNITED KINGDOM,0.0
484510,UNITED STATES,0.0
484514,INDIA,0.0
484528,UNITED STATES,0.0
484550,UNITED STATES,0.0
484558,UNITED STATES,0.0
484562,UNITED STATES,0.0
484564,UNITED STATES,0.0
484567,UNITED STATES,0.0
484572,UNITED STATES,0.0
484573,UNITED STATES,1.0
484579,UNITED STATES,0.0
484581,UNITED STATES,0.0
484586,UNITED STATES,0.0
484588,UNITED STATES,0.0
484589,UNITED STATES,0.0
484591,UNITED STATES,0.0
484593,UNITED STATES,0.0
484598,UNITED STATES,0.0
484695,RUSSIAN FEDERATION,0.0
484718,UNITED STATES,0.0
484729,UNITED STATES,0.0
484735,UNITED STATES,0.0
484747,UNITED STATES,0.0
484753,UKRAINE,0.0
484773,UKRAINE,0.0
484798,INDIA,0.0
484844,INDIA,0.0
484891,RUSSIAN FEDERATION,0.0
484896,RUSSIAN FEDERATION,0.0
484905,UNITED STATES,0.0
484906,UNITED STATES,0.0
484917,UNITED STATES,0.0
484941,UNITED STATES,0.0
484946,UNITED STATES,0.0
484979,UNITED STATES,0.0
484986,UNITED STATES,0.0
484987,UNITED STATES,0.0
485003,UNITED STATES,0.0
485008,UNITED STATES,0.0
485021,UNITED STATES,0.0
485031,UNITED STATES,0.0
485051,UNITED STATES,0.0
485071,RUSSIAN FEDERATION,0.0
485086,UNITED STATES,0.0
485105,UNITED STATES,0.0
485107,UNITED STATES,0.0
485111,UNITED STATES,0.0
485113,UNITED STATES,0.0
485120,UNITED STATES,0.0
485145,UNITED STATES,0.0
485153,UKRAINE,0.0
485162,UNITED STATES,0.0
485169,UNITED STATES,0.0
485171,INDIA,0.0
485173,INDIA,0.0
485177,UNITED STATES,0.0
485180,UNITED STATES,0.0
485183,UNITED STATES,0.0
485197,UNITED STATES,0.0
485219,UNITED STATES,0.0
485223,UNITED STATES,0.0
485229,UNITED STATES,0.0
485235,UNITED STATES,1.0
485245,UNITED STATES,0.0
485246,UNITED STATES,1.0
485248,UNITED STATES,0.0
485255,UNITED STATES,0.0
485261,UNITED STATES,0.0
485286,UNITED STATES,0.0
485299,UNITED STATES,0.0
485304,UNITED STATES,0.0
485315,UNITED STATES,0.0
485316,UNITED STATES,0.0
485326,UNITED STATES,1.0
485337,UNITED STATES,0.0
485352,UNITED STATES,0.0
485365,UNITED STATES,0.0
485380,UNITED STATES,0.0
485381,UNITED STATES,0.0
485382,UNITED STATES,0.0
485391,UNITED STATES,0.0
485399,UNITED STATES,0.0
485427,UNITED STATES,0.0
485431,RUSSIAN FEDERATION,0.0
485444,INDIA,0.0
485463,RUSSIAN FEDERATION,0.0
485505,UNITED STATES,0.0
485509,UNITED STATES,0.0
485522,UNITED STATES,0.0
485523,UNITED STATES,0.0
485526,UNITED STATES,0.0
485545,UNITED STATES,0.0
485548,UNITED STATES,0.0
485571,UNITED STATES,0.0
485583,UNITED STATES,0.0
485587,UNITED STATES,0.0
485590,UNITED STATES,0.0
485593,UNITED STATES,0.0
485612,UNITED STATES,0.0
485638,UNITED STATES,0.0
485639,UNITED STATES,0.0
485649,RUSSIAN FEDERATION,0.0
485652,UNITED STATES,0.0
485671,UNITED STATES,0.0
485680,UNITED STATES,0.0
485682,UNITED STATES,0.0
485683,UNITED STATES,0.0
485685,UNITED STATES,0.0
485686,UNITED STATES,0.0
485708,UNITED STATES,0.0
485709,UNITED STATES,0.0
485771,BELGIUM,0.0
485777,UNITED STATES,0.0
485790,UNITED STATES,0.0
485821,UKRAINE,0.0
485829,UNITED STATES,0.0
485839,UNITED STATES,0.0
485872,UNITED STATES,0.0
485881,UNITED STATES,0.0
485914,UNITED STATES,0.0
485916,UNITED KINGDOM,0.0
485923,UNITED STATES,0.0
485952,UNITED STATES,0.0
485960,BRAZIL,0.0
485961,UNITED STATES,0.0
485976,UNITED STATES,0.0
485997,UNITED STATES,0.0
486004,UNITED STATES,0.0
486008,UNITED STATES,0.0
486055,UNITED STATES,1.0
486065,RUSSIAN FEDERATION,0.0
486068,KENYA,0.0
486078,UNITED STATES,0.0
486079,RUSSIAN FEDERATION,0.0
486101,UNITED STATES,0.0
486103,UNITED STATES,0.0
486112,UNITED STATES,0.0
486115,UNITED STATES,0.0
486161,UNITED STATES,0.0
486162,UNITED STATES,0.0
486165,UNITED STATES,0.0
486174,UNITED STATES,0.0
486177,UNITED STATES,0.0
486191,INDIA,0.0
486195,UNITED STATES,0.0
486211,UNITED STATES,0.0
486221,UNITED STATES,0.0
486222,UNITED STATES,0.0
486248,PAKISTAN,0.0
486249,UNITED STATES,0.5
486260,AUSTRALIA,0.0
486269,INDIA,0.0
486300,UNITED STATES,0.0
486327,UNITED STATES,0.0
486333,INDIA,0.0
486378,INDIA,0.0
486395,UNITED STATES,0.0
486451,UNITED KINGDOM,0.0
486455,GERMANY,0.0
486513,UNITED STATES,0.0
486516,UNITED STATES,0.0
486525,UNITED STATES,0.0
486530,UNITED STATES,0.0
486554,UNITED STATES,0.0
486588,UNITED STATES,0.0
486623,UNITED STATES,0.0
486630,INDIA,0.0
486645,UNITED STATES,0.0
486666,RUSSIAN FEDERATION,0.0
486668,UKRAINE,0.0
486687,RUSSIAN FEDERATION,0.0
486753,RUSSIAN FEDERATION,0.0
486755,UNITED STATES,0.0
486780,UNITED STATES,0.0
486800,UNITED STATES,0.0
486801,UNITED STATES,0.0
486812,UNITED STATES,0.0
486814,UNITED STATES,0.0
486827,UNITED STATES,0.0
486829,UNITED STATES,0.0
486833,UNITED STATES,0.0
486843,UNITED STATES,0.0
486851,UNITED STATES,0.0
486855,UNITED STATES,0.0
486865,UNITED STATES,0.0
486869,UNITED STATES,0.0
486881,UNITED STATES,0.0
486889,UNITED STATES,0.0
486918,UNITED STATES,1.0
486920,UNITED STATES,0.0
486933,UNITED STATES,0.0
486942,UNITED STATES,0.0
486959,UNITED STATES,0.0
486961,JAPAN,0.0
486966,UNITED STATES,0.0
486967,UNITED STATES,0.0
486978,UNITED STATES,1.0
486981,UNITED STATES,0.0
486988,UNITED STATES,0.0
487007,RUSSIAN FEDERATION,0.0
487009,JAPAN,0.0
487020,RUSSIAN FEDERATION,0.0
487024,JAPAN,0.0
487025,JAPAN,0.0
487026,JAPAN,0.0
487061,JAPAN,0.0
487062,JAPAN,0.0
487069,UNITED STATES,0.0
487100,GERMANY,0.0
487124,FRANCE,0.0
487128,UNITED STATES,0.0
487155,UNITED STATES,0.0
487176,UNITED STATES,0.0
487186,UNITED KINGDOM,0.0
487192,UNITED STATES,0.0
487194,FRANCE,0.0
487195,UNITED STATES,0.0
487196,UNITED STATES,0.0
487200,UNITED STATES,0.0
487223,UNITED STATES,0.0
487225,UNITED STATES,0.0
487245,UNITED STATES,0.0
487250,UNITED STATES,0.0
487260,UNITED STATES,0.5
487264,UNITED STATES,0.0
487268,UNITED STATES,0.0
487273,JAPAN,0.0
487280,UNITED STATES,0.0
487287,JAPAN,0.0
487295,UNITED STATES,0.0
487303,UNITED STATES,0.0
487328,UNITED STATES,0.0
487331,UNITED STATES,0.0
487339,UNITED STATES,0.0
487343,UNITED STATES,0.0
487348,UNITED STATES,0.0
487355,UNITED STATES,0.0
487359,UNITED STATES,0.0
487366,UNITED STATES,0.0
487373,UNITED STATES,0.0
487382,UNITED STATES,0.0
487417,RUSSIAN FEDERATION,0.0
487428,UNITED STATES,0.0
487444,RUSSIAN FEDERATION,0.0
487461,KENYA,0.0
487464,BRAZIL,0.0
487471,UNITED STATES,0.0
487473,FRANCE,0.0
487478,UNITED STATES,0.0
487481,UNITED STATES,1.0
487483,JAPAN,0.0
487520,UNITED STATES,0.0
487523,UNITED STATES,0.0
487526,UNITED STATES,0.0
487528,UNITED STATES,0.0
487530,UNITED STATES,0.0
487542,UNITED STATES,0.0
487550,UNITED STATES,0.0
487567,UNITED STATES,0.0
487571,UNITED STATES,0.0
487602,BELGIUM,0.0
487609,UNITED STATES,0.0
487618,UNITED STATES,0.0
487628,UNITED STATES,0.0
487640,UNITED STATES,0.0
487643,UNITED STATES,0.0
487645,UNITED STATES,0.0
487649,UNITED STATES,0.0
487660,UNITED STATES,0.0
487662,UNITED STATES,0.0
487663,UNITED STATES,0.0
487664,UNITED STATES,0.0
487680,UNITED STATES,0.0
487692,UNITED STATES,0.0
487702,ITALY,0.0
487708,ITALY,0.0
487711,ITALY,0.0
487738,UNITED STATES,0.0
487744,UNITED STATES,1.0
487751,UNITED STATES,0.0
487758,UNITED STATES,0.0
487771,UNITED STATES,0.0
487781,UNITED STATES,0.0
487791,UNITED STATES,0.5
487793,UNITED STATES,0.0
487802,FRANCE,0.0
487808,FRANCE,0.0
487861,UNITED STATES,0.0
487873,UNITED STATES,0.0
487885,UNITED STATES,0.0
487886,FRANCE,1.0
487912,FRANCE,0.0
487913,UNITED STATES,0.0
487916,UNITED STATES,0.0
487924,UNITED STATES,0.0
487926,UNITED STATES,0.0
487927,UNITED STATES,0.0
487937,UNITED STATES,0.0
487940,FRANCE,0.0
487950,UNITED STATES,0.0
487954,FRANCE,0.0
487965,UNITED STATES,0.0
487975,UNITED STATES,1.0
487983,UNITED STATES,0.0
487992,UNITED STATES,0.0
488011,UNITED STATES,0.0
488017,UNITED STATES,0.0
488034,UNITED STATES,0.0
488037,UNITED STATES,0.0
488039,UNITED STATES,0.0
488040,UNITED STATES,0.0
488050,UNITED STATES,0.0
488055,UNITED STATES,0.0
488084,UNITED STATES,0.0
488088,UNITED STATES,0.0
488089,UNITED STATES,0.0
488094,UNITED STATES,1.0
488108,UNITED STATES,0.0
488133,UNITED STATES,0.0
488141,UNITED STATES,0.0
488162,UNITED STATES,0.0
488168,UNITED STATES,0.0
488171,UNITED STATES,0.0
488186,UNITED STATES,0.0
488198,UNITED STATES,0.0
488199,UNITED STATES,0.0
488202,UNITED STATES,0.0
488203,UNITED STATES,0.0
488216,UNITED STATES,1.0
488239,BRAZIL,0.0
488253,UNITED STATES,0.0
488256,GERMANY,0.0
488262,UNITED STATES,0.0
488277,UNITED STATES,0.0
488282,UNITED STATES,0.0
488290,UNITED STATES,0.0
488295,UNITED STATES,0.0
488298,GERMANY,0.0
488300,UNITED STATES,0.0
488340,UNITED STATES,0.0
488342,UNITED STATES,0.0
488347,UNITED STATES,0.0
488355,UNITED STATES,0.0
488361,UNITED STATES,0.0
488370,UNITED STATES,0.0
488376,UNITED STATES,0.0
488384,UNITED STATES,0.0
488392,UNITED STATES,0.0
488396,RUSSIAN FEDERATION,0.0
488413,UNITED STATES,0.0
488414,UNITED STATES,0.0
488415,UNITED STATES,0.0
488416,UNITED STATES,0.0
488431,UNITED KINGDOM,0.0
488433,UNITED STATES,0.0
488446,UNITED STATES,0.0
488453,BRAZIL,0.0
488454,UNITED STATES,0.0
488459,UNITED STATES,0.0
488465,UNITED STATES,1.0
488472,UNITED STATES,0.0
488476,UNITED STATES,0.0
488480,UNITED STATES,0.0
488481,UNITED STATES,0.0
488483,UNITED STATES,0.0
488488,UNITED STATES,1.0
488493,UNITED STATES,0.0
488494,UNITED STATES,0.0
488500,GERMANY,0.0
488511,UNITED STATES,0.0
488514,UNITED STATES,0.0
488522,UNITED STATES,0.0
488534,UNITED STATES,0.0
488551,UNITED STATES,0.0
488580,UNITED STATES,0.0
488583,UNITED STATES,0.0
488590,UNITED STATES,0.0
488616,UNITED STATES,0.0
488626,UNITED STATES,1.0
488643,UNITED STATES,0.0
488665,UNITED STATES,0.0
488674,UNITED STATES,0.0
488691,UNITED STATES,0.0
488693,UNITED STATES,0.0
488701,UNITED STATES,0.0
488710,UNITED STATES,0.0
488718,UNITED STATES,0.0
488721,UNITED STATES,0.0
488732,UNITED STATES,0.0
488747,UNITED STATES,0.0
488751,UNITED STATES,0.0
488766,UNITED STATES,0.0
488785,UNITED STATES,1.0
488794,UNITED STATES,0.0
488799,UNITED STATES,0.0
488801,UNITED STATES,0.0
488813,UNITED STATES,0.0
488820,UNITED STATES,0.0
488844,UNITED STATES,0.0
488855,UNITED STATES,0.0
488872,UNITED STATES,0.0
488888,CHINA,0.0
488890,UNITED STATES,0.0
488897,JAPAN,0.0
488901,RUSSIAN FEDERATION,0.0
488929,UNITED STATES,0.0
488968,RUSSIAN FEDERATION,0.0
489006,RUSSIAN FEDERATION,0.0
489008,RUSSIAN FEDERATION,0.0
489045,UNITED STATES,0.0
489046,UNITED STATES,0.0
489049,RUSSIAN FEDERATION,0.0
489053,UNITED STATES,0.3333333333333333
489101,BELGIUM,0.0
489109,BELGIUM,0.0
489110,BELGIUM,0.0
489111,BELGIUM,0.0
489113,BELGIUM,0.0
489119,UNITED STATES,0.0
489120,UNITED STATES,0.0
489131,UNITED STATES,0.0
489136,UNITED STATES,0.0
489138,UNITED STATES,0.0
489141,UNITED STATES,0.0
489155,UNITED STATES,1.0
489165,UNITED STATES,0.0
489167,BRAZIL,0.0
489181,UNITED KINGDOM,0.0
489203,BRAZIL,0.0
489238,UNITED STATES,0.0
489246,UNITED STATES,0.0
489256,UNITED STATES,0.0
489263,UNITED STATES,0.0
489269,UNITED STATES,0.0
489276,UNITED STATES,0.5
489342,UNITED KINGDOM,0.0
489352,UNITED STATES,0.0
489377,INDIA,0.0
489387,UNITED STATES,0.0
489441,FRANCE,0.0
489500,INDIA,0.0
489544,UNITED STATES,0.0
489550,UNITED STATES,0.0
489556,UNITED STATES,0.0
489562,UNITED STATES,0.0
489566,UNITED STATES,0.0
489598,UNITED STATES,0.0
489605,JAPAN,0.0
489613,UNITED STATES,1.0
489625,UNITED STATES,0.0
489630,UNITED STATES,0.0
489638,UNITED STATES,0.0
489646,UNITED STATES,0.0
489649,UNITED STATES,0.0
489651,UNITED STATES,0.0
489652,UNITED STATES,0.0
489656,UNITED STATES,0.0
489685,UNITED STATES,0.0
489693,UNITED STATES,0.0
489694,UNITED STATES,0.0
489701,UNITED STATES,0.0
489749,UNITED STATES,0.0
489756,UNITED STATES,0.0
489759,UNITED STATES,0.0
489763,UNITED STATES,0.0
489772,UNITED STATES,1.0
489775,UNITED STATES,0.0
489779,UNITED STATES,0.0
489788,JAPAN,0.0
489791,UNITED STATES,0.0
489803,UNITED STATES,0.0
489808,UNITED STATES,0.0
489839,UNITED STATES,0.0
489850,BRAZIL,0.0
489882,UNITED STATES,0.0
489884,UNITED STATES,0.0
489899,BRAZIL,0.0
489946,UNITED STATES,0.0
490007,UNITED STATES,0.0
490025,UNITED STATES,0.0
490027,INDIA,0.0
490035,UNITED STATES,1.0
490044,UNITED STATES,0.0
490052,UNITED STATES,0.0
490053,UNITED STATES,0.0
490103,BRAZIL,0.0
490215,UNITED STATES,0.0
490237,AUSTRALIA,0.0
490252,UNITED STATES,0.0
490281,MALAYSIA,0.0
490286,PAKISTAN,0.0
490292,AUSTRALIA,0.0
490304,UNITED KINGDOM,0.0
490307,UNITED KINGDOM,0.0
490317,UNITED KINGDOM,0.0
490324,ITALY,0.0
490327,AUSTRALIA,0.0
490346,UNITED STATES,0.0
490358,UNITED KINGDOM,0.0
490365,UNITED KINGDOM,0.0
490392,AUSTRALIA,0.0
490404,UNITED KINGDOM,0.0
490407,UNITED KINGDOM,0.0
490435,UNITED STATES,0.0
490443,UNITED STATES,0.0
490460,UNITED STATES,0.0
490464,UNITED STATES,0.0
490479,UNITED STATES,0.0
490488,UNITED STATES,0.0
490495,UNITED STATES,0.0
490528,UNITED KINGDOM,0.0
490534,UNITED KINGDOM,0.0
490541,UNITED KINGDOM,0.0
490544,UNITED KINGDOM,0.0
490548,UNITED KINGDOM,0.0
490551,ITALY,0.0
490567,UNITED STATES,0.0
490572,UNITED STATES,0.0
490573,UNITED KINGDOM,0.0
490579,UNITED STATES,0.0
490587,UNITED STATES,0.0
490589,UNITED KINGDOM,0.0
490590,FRANCE,0.0
490595,UNITED KINGDOM,0.0
490596,UNITED KINGDOM,0.0
490598,UNITED STATES,0.0
490599,UNITED KINGDOM,0.0
490617,UNITED STATES,0.0
490624,UNITED STATES,0.0
490634,UNITED STATES,0.0
490636,UNITED STATES,0.0
490645,JAPAN,0.0
490668,JAPAN,0.0
490690,JAPAN,0.0
490712,JAPAN,0.0
490758,JAPAN,0.0
490764,MALAYSIA,0.0
490771,UNITED STATES,0.0
490775,UNITED STATES,0.0
490782,UNITED STATES,0.0
490789,UNITED STATES,0.0
490797,UNITED STATES,0.0
490798,UNITED STATES,0.0
490818,RUSSIAN FEDERATION,0.0
490850,RUSSIAN FEDERATION,0.0
490872,UNITED STATES,0.0
490877,UNITED STATES,0.0
490882,UNITED STATES,0.0
490885,UNITED STATES,0.0
490887,UNITED STATES,1.0
490892,UNITED STATES,0.0
490899,UNITED STATES,0.0
490920,UNITED STATES,0.0
490933,BELGIUM,0.0
490975,UNITED KINGDOM,0.0
490977,UNITED KINGDOM,0.0
491040,AUSTRALIA,0.0
491082,UNITED STATES,0.0
491097,UNITED STATES,0.0
491105,UNITED KINGDOM,0.0
491114,UNITED KINGDOM,0.0
491125,UNITED KINGDOM,0.0
491126,UNITED KINGDOM,0.0
491142,UNITED KINGDOM,0.0
491166,UNITED KINGDOM,0.0
491167,UNITED KINGDOM,0.0
491179,UNITED KINGDOM,0.0
491195,UNITED KINGDOM,0.0
491227,UNITED STATES,0.0
491282,MEXICO,0.0
491287,UNITED STATES,0.0
491288,UNITED STATES,0.0
491315,BRAZIL,0.0
491326,UNITED STATES,0.0
491331,UNITED STATES,0.0
491358,UNITED STATES,0.0
491375,MEXICO,0.0
491380,UNITED STATES,0.0
491391,UNITED STATES,0.0
491408,UNITED STATES,0.0
491420,UNITED STATES,0.0
491432,UNITED STATES,0.0
491449,UNITED STATES,0.0
491462,INDIA,1.0
491485,UNITED STATES,0.0
491495,UNITED STATES,0.0
491496,UNITED STATES,0.0
491499,UNITED STATES,0.0
491519,INDIA,0.0
491520,UNITED STATES,0.0
491523,UNITED STATES,0.0
491529,MEXICO,0.0
491552,BRAZIL,0.0
491581,UNITED STATES,0.0
491600,UNITED KINGDOM,0.0
491623,BRAZIL,0.0
491658,UNITED STATES,0.0
491677,UNITED KINGDOM,1.0
491714,BRAZIL,1.0
491715,UNITED STATES,0.0
491721,BRAZIL,0.0
491734,UNITED KINGDOM,0.0
491744,UNITED KINGDOM,0.0
491751,UNITED KINGDOM,0.0
491760,RUSSIAN FEDERATION,0.0
491765,UNITED STATES,0.0
491772,UNITED STATES,0.0
491776,UNITED STATES,1.0
491782,GERMANY,0.0
491794,INDIA,0.0
491796,UNITED STATES,0.0
491817,INDIA,0.0
491828,UNITED STATES,0.0
491834,UNITED KINGDOM,0.0
491863,UNITED STATES,0.0
491866,INDIA,0.0
491879,UNITED STATES,0.0
491881,CHINA,0.0
491884,UNITED STATES,0.0
491890,UNITED STATES,0.0
491894,UNITED STATES,0.0
491922,UNITED STATES,0.0
491953,UNITED STATES,0.0
491959,UNITED STATES,0.0
491964,UNITED STATES,0.0
491976,BRAZIL,0.0
492125,UNITED STATES,0.0
492184,UNITED STATES,0.0
492207,UNITED KINGDOM,0.0
492214,JAPAN,0.0
492240,JAPAN,1.0
492243,JAPAN,0.0
492244,JAPAN,0.0
492246,JAPAN,0.0
492255,JAPAN,0.0
492267,JAPAN,0.0
492268,JAPAN,0.0
492286,JAPAN,0.0
492309,UNITED STATES,0.0
492335,JAPAN,0.0
492337,JAPAN,0.0
492348,JAPAN,0.0
492362,JAPAN,0.0
492391,JAPAN,0.0
492394,JAPAN,0.0
492406,UNITED STATES,0.0
492438,UNITED STATES,0.0
492440,CHINA,0.0
492442,CHINA,0.0
492463,CHINA,0.0
492475,UNITED STATES,0.0
492478,UNITED STATES,0.0
492513,SINGAPORE,0.0
492529,BRAZIL,0.0
492537,AUSTRALIA,0.0
492611,UNITED STATES,0.0
492615,RUSSIAN FEDERATION,0.0
492631,UNITED STATES,0.0
492637,UNITED STATES,0.0
492670,UNITED STATES,0.0
492688,UNITED STATES,0.0
492693,UNITED STATES,0.0
492696,UNITED STATES,0.0
492698,UNITED STATES,0.0
492711,FRANCE,0.0
492715,FRANCE,0.0
492718,UNITED STATES,0.0
492719,FRANCE,0.0
492727,UNITED STATES,0.0
492728,UNITED STATES,0.0
492759,UNITED STATES,0.0
492768,UNITED STATES,0.0
492773,ITALY,0.0
492775,UNITED STATES,0.0
492784,UNITED STATES,0.0
492787,UNITED STATES,0.0
492797,UNITED STATES,0.0
492808,UNITED KINGDOM,0.0
492814,MALAYSIA,0.0
492815,UNITED KINGDOM,0.0
492843,UNITED STATES,0.0
492859,UNITED KINGDOM,0.0
492862,UNITED STATES,0.0
492871,UNITED KINGDOM,0.0
492874,UNITED KINGDOM,0.0
492881,UNITED KINGDOM,0.0
492882,UNITED KINGDOM,0.0
492899,UNITED KINGDOM,0.0
492900,UNITED KINGDOM,0.0
492915,UNITED KINGDOM,0.0
492922,UNITED KINGDOM,0.0
492924,UNITED KINGDOM,0.0
492928,UNITED KINGDOM,0.0
492937,UNITED KINGDOM,0.0
492938,UNITED KINGDOM,0.0
492942,UNITED KINGDOM,0.0
492943,UNITED KINGDOM,0.0
492959,UNITED KINGDOM,0.0
492960,UNITED KINGDOM,0.0
492969,UNITED STATES,0.0
492974,UNITED KINGDOM,0.0
492999,UNITED KINGDOM,0.0
493000,GERMANY,0.0
493009,UNITED STATES,0.0
493021,UNITED STATES,0.0
493027,UNITED STATES,0.0
493040,UNITED STATES,0.0
493062,UNITED STATES,0.0
493065,UNITED STATES,0.0
493071,UNITED STATES,0.0
493090,UNITED STATES,0.0
493091,UNITED STATES,0.0
493106,UNITED STATES,0.0
493149,UNITED STATES,0.0
493150,UNITED STATES,0.0
493153,UNITED STATES,1.0
493156,MEXICO,0.0
493177,UNITED STATES,0.0
493202,BRAZIL,0.0
493222,UNITED STATES,0.0
493230,UNITED STATES,0.0
493250,UNITED STATES,0.0
493254,BRAZIL,0.0
493257,UNITED STATES,0.0
493268,UNITED STATES,0.0
493270,INDIA,0.0
493288,UNITED STATES,0.0
493290,UNITED STATES,0.0
493300,INDIA,0.0
493301,FRANCE,0.0
493312,UNITED STATES,0.0
493323,UNITED STATES,1.0
493368,UNITED STATES,0.0
493374,UNITED STATES,0.0
493376,UNITED STATES,0.0
493389,UNITED STATES,1.0
493392,UNITED STATES,0.0
493398,UNITED STATES,0.0
493429,UNITED STATES,0.0
493441,GERMANY,0.0
493449,UNITED STATES,0.0
493464,PAKISTAN,0.0
493469,SINGAPORE,0.0
493470,GERMANY,0.0
493476,GERMANY,1.0
493481,UNITED STATES,0.0
493490,BRAZIL,1.0
493500,ITALY,0.0
493505,ITALY,0.0
493507,ITALY,0.0
493512,ITALY,0.0
493513,ITALY,0.0
493532,ITALY,0.0
493536,ITALY,0.0
493540,ITALY,0.0
493559,ITALY,0.0
493565,ITALY,0.0
493569,ITALY,0.0
493574,ITALY,0.0
493588,ITALY,1.0
493589,ITALY,0.0
493590,ITALY,0.0
493599,ITALY,0.0
493617,UNITED KINGDOM,0.0
493620,UNITED KINGDOM,0.0
493628,UNITED KINGDOM,0.0
493633,UNITED KINGDOM,0.0
493643,UNITED KINGDOM,0.0
493648,UNITED KINGDOM,0.0
493667,UNITED KINGDOM,0.0
493672,UNITED KINGDOM,0.0
493680,UNITED KINGDOM,0.0
493694,UNITED KINGDOM,0.0
493699,UNITED KINGDOM,0.0
493700,MEXICO,0.0
493707,SINGAPORE,0.0
493714,INDIA,0.0
493769,UNITED STATES,0.0
493783,UNITED STATES,0.0
493795,JAPAN,0.0
493803,UNITED STATES,0.0
493806,UNITED STATES,0.0
493826,INDIA,0.0
493910,UNITED KINGDOM,0.0
493913,UNITED STATES,0.0
493916,UNITED STATES,0.0
493936,UNITED STATES,0.0
493943,UNITED STATES,0.0
493958,UNITED STATES,0.0
493961,UNITED STATES,0.0
493989,UNITED STATES,0.0
493992,UNITED STATES,0.0
494018,UNITED KINGDOM,0.0
494076,INDIA,0.0
494083,SINGAPORE,0.0
494087,UNITED STATES,0.0
494158,UNITED STATES,0.0
494160,UNITED STATES,0.0
494178,UNITED STATES,0.0
494226,UNITED STATES,0.0
494227,UNITED STATES,0.0
494228,UNITED STATES,0.0
494251,UNITED STATES,1.0
494271,UNITED STATES,0.0
494276,UNITED STATES,0.0
494291,UNITED STATES,0.0
494292,UNITED STATES,1.0
494293,UNITED STATES,0.0
494303,UNITED STATES,0.0
494307,UNITED STATES,0.0
494327,UNITED STATES,0.0
494348,UNITED KINGDOM,0.0
494367,UNITED STATES,0.0
494421,UNITED STATES,0.0
494435,UNITED STATES,0.0
494449,UNITED STATES,0.0
494452,UNITED STATES,0.0
494459,UNITED STATES,0.0
494461,UNITED STATES,0.0
494466,UNITED STATES,0.0
494477,UNITED STATES,0.0
494479,UNITED STATES,0.0
494484,UNITED STATES,0.0
494496,UNITED STATES,0.0
494501,UNITED STATES,0.0
494517,UNITED STATES,0.0
494530,UNITED STATES,0.0
494534,UNITED STATES,0.0
494549,UNITED STATES,0.0
494554,UNITED STATES,0.0
494555,UNITED STATES,0.0
494561,UNITED STATES,0.0
494562,UNITED STATES,0.0
494572,UNITED STATES,0.0
494582,UNITED STATES,0.0
494592,CHINA,0.0
494596,UNITED STATES,0.0
494601,GERMANY,0.0
494630,UNITED STATES,0.0
494639,UNITED STATES,0.0
494642,UNITED STATES,0.0
494644,UNITED STATES,0.0
494647,UNITED STATES,0.0
494697,UNITED STATES,0.0
494708,FRANCE,0.0
494709,FRANCE,0.0
494716,UNITED STATES,0.0
494725,UNITED STATES,0.0
494726,UNITED STATES,0.0
494753,AUSTRALIA,0.0
494755,UNITED STATES,0.0
494756,FRANCE,0.0
494761,UNITED STATES,0.0
494771,UNITED STATES,0.0
494811,UNITED STATES,0.0
494812,UNITED STATES,0.0
494834,UNITED STATES,0.0
494852,UNITED STATES,0.0
494853,BRAZIL,0.0
494856,UNITED STATES,0.0
494870,UNITED STATES,0.0
494876,UNITED STATES,0.0
494887,UNITED STATES,0.0
494892,UNITED STATES,0.0
494943,UNITED STATES,0.0
494956,UNITED STATES,0.0
494964,UNITED STATES,0.0
494972,FRANCE,0.0
494982,UNITED STATES,0.0
495004,UNITED KINGDOM,0.0
495023,UNITED KINGDOM,0.0
495090,UNITED KINGDOM,0.0
495111,UNITED STATES,0.0
495123,UNITED STATES,0.0
495126,UNITED STATES,0.0
495138,FRANCE,0.0
495145,UNITED STATES,0.0
495183,UNITED STATES,0.0
495190,UNITED STATES,0.0
495191,UNITED STATES,0.0
495193,UNITED STATES,0.0
495197,UNITED STATES,0.0
495210,UNITED STATES,1.0
495220,UNITED STATES,0.0
495227,UNITED STATES,0.0
495279,UNITED STATES,0.0
495295,UNITED STATES,0.0
495307,UNITED STATES,0.0
495322,UNITED STATES,0.0
495325,UNITED STATES,0.0
495336,UNITED STATES,0.0
495339,UNITED STATES,0.0
495343,UNITED STATES,0.0
495346,UNITED STATES,0.0
495367,UNITED STATES,0.0
495376,UNITED STATES,0.0
495381,UNITED STATES,0.0
495388,UNITED STATES,0.0
495399,UNITED STATES,0.0
495423,UNITED STATES,0.0
495440,UNITED STATES,0.0
495446,UNITED STATES,0.0
495447,UNITED STATES,0.0
495508,UNITED STATES,0.0
495518,UNITED STATES,0.0
495519,UNITED STATES,0.0
495550,UNITED STATES,0.0
495553,UNITED STATES,0.0
495579,UNITED STATES,0.0
495581,UNITED STATES,0.0
495595,UNITED STATES,0.0
495601,UNITED KINGDOM,0.0
495602,UNITED KINGDOM,0.0
495611,UNITED KINGDOM,0.0
495633,UNITED STATES,0.0
495639,UNITED STATES,0.0
495683,UNITED STATES,0.0
495689,UNITED STATES,0.0
495696,UNITED STATES,1.0
495726,UNITED STATES,1.0
495742,UNITED STATES,0.0
495743,UNITED STATES,0.0
495746,UNITED STATES,0.0
495757,UNITED STATES,0.0
495766,UNITED STATES,0.0
495776,UNITED STATES,0.0
495781,UNITED STATES,0.0
495783,UNITED STATES,0.0
495793,UNITED STATES,0.0
495803,UNITED STATES,0.0
495817,UNITED STATES,0.0
495832,UNITED STATES,0.0
495849,UNITED STATES,0.0
495860,CHINA,0.0
495893,UNITED STATES,0.0
495894,UNITED STATES,0.0
495909,UNITED STATES,0.0
495916,UNITED STATES,0.0
495924,UNITED STATES,0.0
495941,UNITED KINGDOM,0.0
495949,UNITED KINGDOM,0.0
495959,UNITED STATES,0.0
495977,UNITED STATES,0.0
495984,UNITED STATES,0.0
495989,UNITED STATES,0.0
496013,UNITED STATES,0.0
496108,UNITED STATES,0.0
496111,RUSSIAN FEDERATION,1.0
496114,UNITED STATES,0.0
496118,UNITED STATES,0.0
496129,UNITED STATES,0.0
496146,UNITED STATES,0.0
496150,UNITED STATES,0.0
496160,FRANCE,0.0
496169,UNITED STATES,0.0
496172,UNITED STATES,0.0
496216,UNITED STATES,1.0
496221,UNITED STATES,0.0
496222,UNITED STATES,0.0
496230,MALAYSIA,0.0
496233,UNITED STATES,0.0
496235,UNITED STATES,0.0
496243,UNITED STATES,0.0
496245,FRANCE,0.0
496251,UNITED STATES,0.0
496253,UNITED STATES,0.0
496263,UNITED STATES,0.0
496265,UNITED STATES,0.0
496267,UNITED STATES,0.0
496323,UNITED STATES,0.0
496336,UNITED STATES,0.0
496340,UNITED STATES,0.0
496344,UNITED STATES,0.0
496345,UNITED KINGDOM,0.0
496347,UNITED STATES,0.0
496359,UNITED STATES,0.0
496387,UNITED STATES,0.0
496398,UNITED STATES,0.0
496406,UNITED STATES,0.0
496408,UNITED STATES,0.0
496414,UNITED STATES,0.0
496417,UNITED STATES,0.0
496420,UNITED STATES,0.0
496432,UNITED STATES,0.0
496438,UNITED STATES,0.0
496463,UNITED STATES,0.0
496464,UNITED STATES,0.0
496478,UNITED STATES,0.0
496482,UNITED STATES,0.0
496485,UNITED STATES,0.0
496489,UNITED STATES,0.0
496496,BRAZIL,0.0
496498,UNITED STATES,0.0
496504,UNITED STATES,0.0
496546,FRANCE,0.0
496569,UNITED STATES,0.0
496573,UNITED STATES,0.0
496586,UNITED STATES,0.0
496590,UNITED STATES,0.0
496598,UNITED STATES,0.0
496643,SINGAPORE,0.0
496666,UNITED STATES,1.0
496667,AUSTRALIA,0.0
496705,UNITED STATES,0.0
496710,UNITED STATES,0.0
496713,UNITED STATES,0.0
496735,UNITED KINGDOM,0.0
496754,UNITED STATES,0.0
496758,FRANCE,0.0
496764,UNITED STATES,0.0
496776,UNITED STATES,0.0
496781,UNITED STATES,0.0
496794,UNITED STATES,0.0
496796,UNITED STATES,0.0
496797,UNITED STATES,0.0
496825,UNITED STATES,0.0
496838,UNITED STATES,0.0
496844,UNITED STATES,0.0
496852,UNITED STATES,0.0
496858,UNITED STATES,0.0
496873,UNITED STATES,0.0
496875,UNITED STATES,0.0
496882,UNITED STATES,0.0
496903,UNITED STATES,0.0
496905,UNITED STATES,0.0
496907,UNITED STATES,0.0
496910,UNITED STATES,0.0
496913,UNITED STATES,0.0
496923,UNITED STATES,0.0
496944,UNITED STATES,0.0
496950,UNITED STATES,0.0
496963,UNITED STATES,0.0
496964,UNITED STATES,0.0
496965,UNITED STATES,0.0
496970,UNITED STATES,0.0
496972,UNITED STATES,0.0
496986,UNITED STATES,0.0
496992,UNITED STATES,0.0
497021,UNITED STATES,0.0
497044,FRANCE,0.0
497052,FRANCE,0.0
497066,FRANCE,0.0
497082,FRANCE,0.0
497092,FRANCE,0.0
497110,GERMANY,1.0
497114,FRANCE,0.0
497121,FRANCE,0.0
497130,FRANCE,0.0
497135,FRANCE,0.0
497138,FRANCE,0.0
497146,FRANCE,0.0
497152,FRANCE,0.0
497163,FRANCE,0.0
497168,FRANCE,0.0
497176,FRANCE,0.0
497183,FRANCE,0.0
497197,FRANCE,0.0
497198,FRANCE,0.0
497204,FRANCE,0.0
497210,FRANCE,0.0
497219,FRANCE,0.0
497232,FRANCE,0.0
497237,FRANCE,0.0
497253,FRANCE,0.0
497259,FRANCE,0.0
497262,FRANCE,0.0
497294,UNITED STATES,0.0
497295,UNITED STATES,0.0
497300,FRANCE,0.0
497308,FRANCE,0.0
497313,FRANCE,0.0
497328,FRANCE,0.0
497354,FRANCE,0.0
497369,FRANCE,0.0
497388,FRANCE,1.0
497392,FRANCE,0.0
497394,FRANCE,0.0
497396,FRANCE,0.0
497400,FRANCE,0.0
497404,FRANCE,0.0
497405,FRANCE,1.0
497423,FRANCE,0.0
497451,FRANCE,0.0
497463,FRANCE,0.0
497466,FRANCE,0.0
497472,FRANCE,0.0
497473,UNITED STATES,0.0
497474,UNITED STATES,0.0
497476,FRANCE,0.0
497489,FRANCE,0.0
497499,FRANCE,0.0
497507,FRANCE,0.0
497510,FRANCE,0.0
497513,FRANCE,0.0
497515,FRANCE,0.0
497529,FRANCE,0.0
497539,FRANCE,0.0
497541,FRANCE,0.0
497543,UNITED STATES,0.0
497546,FRANCE,0.0
497547,FRANCE,0.0
497548,UNITED STATES,0.0
497550,FRANCE,0.0
497554,FRANCE,0.0
497559,FRANCE,0.0
497566,FRANCE,0.0
497570,FRANCE,0.0
497591,FRANCE,0.0
497592,FRANCE,0.0
497593,FRANCE,0.0
497597,FRANCE,0.0
497599,FRANCE,0.0
497618,FRANCE,0.0
497624,FRANCE,0.0
497626,FRANCE,0.0
497637,FRANCE,0.0
497664,FRANCE,0.0
497669,FRANCE,0.0
497686,FRANCE,0.0
497695,FRANCE,1.0
497698,FRANCE,0.0
497716,FRANCE,0.0
497719,FRANCE,0.0
497737,FRANCE,0.0
497745,FRANCE,0.0
497746,FRANCE,0.0
497748,FRANCE,0.0
497754,FRANCE,0.0
497769,FRANCE,0.0
497799,FRANCE,0.0
497833,FRANCE,0.0
497850,FRANCE,0.0
497859,FRANCE,0.0
497863,FRANCE,1.0
497864,FRANCE,0.0
497866,FRANCE,0.0
497872,FRANCE,0.0
497885,FRANCE,0.0
497893,FRANCE,0.0
497922,UNITED STATES,0.0
497923,UNITED STATES,0.0
497925,FRANCE,0.0
497949,FRANCE,0.0
497950,FRANCE,0.0
497960,FRANCE,0.0
497965,FRANCE,0.0
497994,FRANCE,0.0
497996,FRANCE,0.0
498004,JAPAN,0.0
498011,JAPAN,0.0
498024,JAPAN,0.0
498042,JAPAN,0.0
498048,JAPAN,0.0
498053,JAPAN,0.0
498060,JAPAN,0.0
498077,JAPAN,0.0
498078,JAPAN,0.0
498102,UNITED STATES,0.0
498105,UNITED STATES,0.0
498119,UNITED STATES,0.0
498122,UNITED STATES,0.0
498137,UNITED STATES,0.0
498142,UNITED STATES,0.0
498152,UNITED STATES,0.0
498176,UNITED STATES,0.0
498206,UNITED STATES,0.0
498209,UNITED STATES,0.0
498216,UNITED STATES,0.0
498217,UNITED STATES,0.0
498225,UNITED STATES,0.0
498230,UNITED STATES,0.0
498233,UNITED STATES,0.0
498237,UNITED STATES,0.0
498238,UNITED STATES,0.0
498244,UNITED STATES,0.0
498253,UNITED STATES,0.0
498269,UNITED STATES,1.0
498275,UNITED STATES,0.0
498287,UNITED STATES,0.0
498291,UNITED STATES,0.0
498292,UNITED STATES,0.0
498298,UNITED STATES,0.0
498309,FRANCE,0.0
498327,FRANCE,0.0
498337,FRANCE,0.0
498338,FRANCE,0.0
498344,FRANCE,0.0
498349,FRANCE,0.0
498354,UNITED STATES,0.0
498399,FRANCE,0.0
498400,UNITED STATES,0.0
498404,UNITED STATES,0.0
498409,BRAZIL,0.0
498433,BRAZIL,0.0
498496,BRAZIL,0.0
498539,CHINA,0.0
498573,UNITED STATES,0.0
498582,BRAZIL,1.0
498587,MEXICO,0.0
498618,JAPAN,0.0
498625,KENYA,0.0
498632,JAPAN,0.0
498639,JAPAN,0.0
498650,JAPAN,0.0
498658,JAPAN,0.0
498664,JAPAN,0.0
498668,JAPAN,0.0
498683,JAPAN,0.0
498686,JAPAN,0.0
498687,JAPAN,0.0
498694,JAPAN,0.0
498698,JAPAN,0.0
498734,UNITED STATES,0.0
498755,FRANCE,0.0
498775,UNITED KINGDOM,0.0
498777,ITALY,0.0
498783,RUSSIAN FEDERATION,0.0
498797,FRANCE,0.0
498802,ITALY,0.0
498828,UNITED STATES,0.0
498866,UNITED STATES,0.0
498894,UNITED STATES,0.0
498913,UNITED STATES,0.0
498933,UNITED STATES,0.0
498934,UNITED STATES,0.0
498936,UNITED STATES,0.0
498957,UNITED STATES,0.0
498969,UNITED STATES,0.0
498979,UNITED STATES,0.0
498984,UNITED STATES,0.0
498997,UNITED KINGDOM,0.0
499006,FRANCE,0.0
499010,FRANCE,0.0
499047,UNITED STATES,0.0
499051,FRANCE,0.0
499056,UNITED STATES,0.0
499076,FRANCE,0.0
499093,FRANCE,0.0
499103,UNITED STATES,0.0
499104,UNITED STATES,0.0
499111,UNITED STATES,0.0
499113,UNITED STATES,0.0
499114,UNITED STATES,0.0
499119,UNITED STATES,0.0
499129,UNITED STATES,0.0
499184,UNITED STATES,0.0
499187,UNITED STATES,0.0
499204,UNITED STATES,0.0
499209,UNITED STATES,0.0
499228,UNITED STATES,0.0
499235,UNITED STATES,0.0
499243,UNITED STATES,0.0
499267,UNITED STATES,0.0
499277,UNITED STATES,0.0
499280,UNITED STATES,0.0
499284,UNITED STATES,0.0
499288,UNITED STATES,0.0
499289,UNITED STATES,0.0
499300,UNITED STATES,0.0
499303,MEXICO,0.5
499309,UNITED STATES,0.0
499314,UNITED STATES,0.0
499352,UNITED STATES,0.0
499358,UNITED STATES,0.0
499365,UNITED STATES,0.0
499373,UNITED STATES,0.0
499384,UNITED STATES,0.0
499385,UNITED STATES,0.0
499429,UNITED STATES,0.0
499437,UNITED STATES,0.0
499438,UNITED STATES,0.0
499439,UNITED STATES,0.0
499445,UNITED STATES,0.0
499448,ITALY,0.0
499449,UNITED STATES,0.0
499459,UNITED STATES,0.0
499483,UNITED STATES,0.0
499500,UNITED STATES,0.0
499517,UNITED STATES,0.0
499520,UNITED STATES,0.0
499526,UNITED STATES,0.0
499532,UNITED STATES,0.0
499542,UNITED STATES,0.0
499550,UNITED STATES,0.0
499555,UNITED STATES,0.0
499561,FRANCE,0.0
499565,UNITED STATES,0.0
499583,UNITED STATES,0.0
499584,UNITED STATES,0.0
499586,UNITED STATES,0.0
499620,UNITED STATES,0.0
499626,UNITED STATES,0.0
499636,UNITED STATES,0.0
499638,UNITED STATES,0.0
499651,UNITED STATES,0.0
499654,UNITED STATES,0.0
499671,UNITED STATES,0.0
499681,MEXICO,0.0
499684,AUSTRALIA,0.0
499692,UNITED STATES,0.0
499719,UNITED STATES,0.0
499728,UNITED STATES,0.0
499732,UNITED STATES,0.0
499741,FRANCE,0.0
499746,UNITED STATES,0.0
499747,UNITED STATES,0.0
499752,UNITED STATES,0.0
499758,UNITED STATES,0.0
499759,UNITED STATES,0.0
499762,UNITED STATES,1.0
499767,UNITED STATES,0.0
499775,UNITED STATES,0.0
499777,UNITED STATES,0.0
499779,UNITED STATES,0.0
499781,UNITED STATES,0.0
499784,UNITED STATES,0.0
499785,UNITED STATES,0.0
499790,UNITED STATES,0.0
499792,UNITED STATES,0.0
499843,UNITED KINGDOM,0.0
499860,BRAZIL,0.0
499901,UNITED STATES,0.0
499927,UNITED STATES,1.0
499937,UNITED STATES,0.0
499961,UNITED STATES,0.0
499971,UNITED STATES,0.0
499984,BRAZIL,1.0
499988,UNITED STATES,0.0
499989,UNITED STATES,0.0
499998,UNITED STATES,0.0
500021,UNITED STATES,0.0
500043,MALAYSIA,0.0
500049,UNITED STATES,0.0
500059,UNITED STATES,0.0
500063,UNITED STATES,0.0
500072,UNITED STATES,0.0
500082,UNITED STATES,0.0
500089,UNITED STATES,0.0
500111,UNITED STATES,0.0
500114,UNITED STATES,0.0
500121,UNITED STATES,1.0
500123,UNITED STATES,0.0
500125,UNITED STATES,0.0
500138,UNITED STATES,0.0
500143,UNITED STATES,0.0
500146,UNITED STATES,0.0
500161,UNITED STATES,0.0
500174,UNITED STATES,0.0
500176,UNITED STATES,0.0
500201,UNITED STATES,0.0
500218,UNITED STATES,1.0
500219,UNITED STATES,0.0
500227,UNITED STATES,0.0
500242,UNITED STATES,0.0
500244,UNITED STATES,1.0
500259,UNITED STATES,0.0
500262,UNITED STATES,0.0
500297,UNITED STATES,1.0
500311,UNITED STATES,0.0
500335,UNITED STATES,0.0
500339,UNITED STATES,0.0
500350,UNITED STATES,0.0
500356,UNITED STATES,0.0
500364,UNITED STATES,0.0
500366,UNITED STATES,0.0
500370,UNITED STATES,0.0
500372,GERMANY,0.0
500384,UNITED STATES,0.0
500409,UNITED STATES,1.0
500413,UNITED STATES,0.0
500433,UNITED STATES,0.0
500441,UNITED STATES,0.0
500451,UNITED STATES,0.0
500457,UNITED STATES,0.0
500459,UNITED STATES,0.0
500464,UNITED STATES,0.0
500468,UNITED STATES,0.0
500471,UNITED STATES,0.0
500476,UNITED STATES,0.0
500496,UNITED STATES,0.0
500521,UNITED STATES,0.0
500551,UNITED STATES,0.0
500562,UNITED STATES,0.0
500566,UNITED STATES,0.0
500570,UNITED STATES,0.0
500571,UNITED STATES,0.0
500594,UNITED STATES,0.0
500607,UNITED STATES,0.0
500617,UNITED STATES,0.0
500640,UNITED STATES,0.0
500643,UNITED STATES,0.0
500648,UNITED STATES,1.0
500659,UNITED STATES,0.0
500665,UNITED KINGDOM,0.0
500667,UNITED STATES,0.0
500670,UNITED STATES,0.0
500677,UKRAINE,0.0
500686,UNITED STATES,0.0
500692,UNITED STATES,0.0
500697,UNITED STATES,0.0
500700,UNITED STATES,0.0
500703,UNITED STATES,0.0
500705,UNITED STATES,0.0
500708,UNITED STATES,0.0
500721,UNITED STATES,0.0
500725,UNITED STATES,0.0
500753,UNITED STATES,0.0
500756,UNITED STATES,0.0
500777,UNITED STATES,0.0
500782,UNITED STATES,0.0
500785,UNITED STATES,0.0
500792,UNITED STATES,0.0
500793,UNITED STATES,0.0
500816,UNITED STATES,0.0
500819,UNITED STATES,0.0
500822,UNITED STATES,0.0
500824,UNITED STATES,0.0
500830,UNITED STATES,0.0
500832,UNITED STATES,1.0
500834,UNITED STATES,0.0
500835,UNITED STATES,0.0
500862,UNITED STATES,0.0
500877,UNITED STATES,0.0
500906,UNITED STATES,0.0
500910,UNITED STATES,0.0
500912,UNITED STATES,0.0
500921,UNITED STATES,0.0
500922,UNITED STATES,0.0
500924,UNITED STATES,0.0
500930,UNITED STATES,0.0
500936,UNITED STATES,0.0
500940,UNITED STATES,0.0
500952,UNITED STATES,1.0
500954,UNITED STATES,0.0
500970,UNITED STATES,0.0
500981,UNITED STATES,0.0
500993,UNITED STATES,0.0
501001,GERMANY,0.0
501002,AUSTRALIA,0.0
501004,UNITED STATES,0.0
501023,UNITED STATES,0.0
501032,UNITED STATES,0.0
501071,UNITED STATES,1.0
501074,UNITED STATES,0.0
501080,UNITED STATES,0.0
501088,UNITED STATES,0.0
501090,JAPAN,0.0
501091,JAPAN,0.0
501101,UNITED STATES,0.0
501107,UNITED STATES,0.0
501112,UNITED STATES,0.0
501118,UNITED STATES,0.0
501131,UNITED STATES,0.0
501133,UNITED STATES,0.0
501148,UNITED STATES,0.0
501157,UNITED STATES,0.0
501160,UNITED STATES,0.0
501166,UNITED STATES,0.0
501181,UNITED STATES,0.0
501185,UNITED STATES,0.0
501209,UNITED STATES,0.0
501211,UNITED STATES,0.0
501223,UNITED STATES,0.0
501264,UNITED STATES,0.0
501288,UNITED STATES,0.0
501289,UNITED STATES,0.0
501291,UNITED STATES,0.0
501296,UNITED STATES,0.0
501300,UNITED STATES,0.0
501328,UNITED STATES,0.0
501336,UNITED STATES,0.0
501339,UNITED STATES,0.0
501343,UNITED STATES,0.0
501356,UNITED STATES,0.0
501357,UNITED STATES,0.0
501359,UNITED STATES,0.0
501367,UNITED STATES,0.0
501372,UNITED STATES,0.0
501398,UNITED STATES,0.0
501400,UNITED STATES,0.0
501416,UNITED STATES,0.0
501432,UNITED STATES,0.0
501434,UNITED STATES,0.0
501437,UNITED STATES,0.0
501439,UNITED STATES,0.0
501443,UNITED STATES,0.0
501455,UNITED STATES,1.0
501459,UNITED STATES,0.0
501460,UNITED STATES,0.0
501462,UNITED STATES,0.0
501463,UNITED STATES,0.0
501474,UNITED STATES,0.0
501480,UNITED STATES,0.0
501499,UNITED STATES,0.0
501511,UNITED STATES,0.0
501533,UNITED STATES,0.0
501535,UNITED STATES,0.0
501561,UNITED STATES,0.0
501572,UNITED STATES,0.0
501583,UNITED STATES,0.0
501584,UNITED STATES,0.0
501597,UNITED STATES,0.0
501632,MALAYSIA,0.0
501656,UNITED STATES,0.0
501658,UNITED STATES,0.0
501663,UNITED STATES,0.0
501675,UNITED STATES,0.0
501688,UNITED STATES,0.0
501744,UNITED STATES,0.0
501749,BRAZIL,0.0
501763,UNITED STATES,0.0
501773,UNITED STATES,0.0
501793,UNITED STATES,0.0
501809,UNITED STATES,0.0
501817,UNITED STATES,0.0
501823,UNITED STATES,0.0
501832,UNITED STATES,0.0
501836,UNITED STATES,0.0
501868,UNITED STATES,0.0
501882,UNITED STATES,0.0
501892,UNITED STATES,1.0
502001,BRAZIL,0.0
502002,ITALY,0.0
502039,ITALY,0.0
502077,UNITED STATES,0.0
502089,UNITED STATES,0.0
502111,UNITED STATES,0.0
502126,KENYA,0.0
502175,UNITED STATES,0.0
502178,UNITED STATES,0.0
502183,UNITED STATES,0.0
502186,UNITED STATES,0.0
502191,UNITED STATES,0.0
502194,UNITED STATES,0.0
502217,UNITED STATES,0.0
502220,UNITED STATES,0.0
502223,UNITED STATES,0.0
502244,UNITED STATES,0.0
502245,UNITED STATES,0.0
502281,UNITED STATES,0.0
502311,UNITED STATES,0.0
502315,UNITED STATES,0.0
502321,BRAZIL,0.0
502331,UNITED STATES,0.0
502344,UNITED STATES,0.0
502351,UNITED STATES,0.0
502352,UNITED STATES,0.0
502357,UNITED STATES,0.0
502400,UNITED STATES,0.0
502402,UNITED STATES,0.0
502445,UNITED STATES,0.0
502446,UNITED STATES,0.0
502465,UNITED STATES,0.0
502476,UNITED STATES,0.0
502483,UNITED STATES,0.0
502488,UNITED STATES,0.0
502526,UNITED STATES,0.0
502537,UNITED STATES,0.0
502552,UNITED STATES,0.0
502554,UNITED STATES,0.0
502564,UNITED STATES,0.0
502575,UNITED STATES,0.0
502579,UNITED STATES,0.0
502590,UNITED STATES,0.0
502607,UNITED STATES,0.0
502609,UNITED STATES,0.0
502623,ITALY,0.0
502633,UNITED STATES,0.0
502651,UNITED STATES,0.0
502659,UNITED STATES,0.0
502663,UNITED STATES,0.0
502667,UNITED STATES,0.0
502677,UNITED STATES,0.0
502682,UNITED STATES,0.0
502687,UNITED STATES,0.0
502690,UNITED STATES,0.0
502692,UNITED STATES,0.0
502707,UNITED STATES,0.0
502708,UNITED STATES,0.0
502713,UNITED STATES,0.0
502716,UNITED STATES,0.0
502730,UNITED STATES,0.0
502733,UNITED STATES,0.0
502751,UNITED STATES,0.0
502753,UNITED STATES,0.0
502779,UNITED STATES,0.0
502780,UNITED STATES,0.0
502793,UNITED STATES,0.0
502797,UNITED STATES,0.0
502798,UNITED STATES,0.0
502819,UNITED STATES,0.0
502864,UNITED STATES,0.0
502869,UNITED STATES,0.0
502877,UNITED STATES,0.0
502883,UNITED STATES,0.0
502887,UNITED STATES,0.0
502893,UNITED STATES,0.0
502898,UNITED STATES,0.0
502908,UNITED KINGDOM,0.0
502910,UNITED STATES,0.0
502939,UNITED STATES,0.0
502949,AUSTRALIA,0.0
502965,UNITED STATES,0.0
502988,UNITED STATES,0.0
502992,UNITED STATES,0.0
502994,UNITED STATES,0.0
503014,UNITED STATES,0.0
503034,GERMANY,0.0
503076,UNITED STATES,1.0
503093,UNITED STATES,0.0
503107,UNITED STATES,0.0
503119,UNITED STATES,0.0
503156,UNITED STATES,0.0
503204,UNITED STATES,0.0
503214,UNITED STATES,0.0
503218,UNITED STATES,0.0
503245,UNITED STATES,0.0
503255,UNITED STATES,0.0
503263,UNITED STATES,0.0
503273,UNITED STATES,0.0
503286,UNITED STATES,0.0
503287,UNITED STATES,0.0
503295,UNITED STATES,0.0
503310,UNITED STATES,0.0
503314,UNITED STATES,0.0
503319,UNITED STATES,0.0
503323,UNITED STATES,0.0
503328,UNITED STATES,0.0
503334,UNITED STATES,0.0
503342,UNITED STATES,0.0
503351,UNITED STATES,0.0
503364,UNITED STATES,0.0
503374,UNITED STATES,0.0
503381,UNITED STATES,0.0
503401,UNITED STATES,0.0
503412,UNITED STATES,0.0
503414,UNITED STATES,0.0
503421,UNITED STATES,0.0
503422,UNITED STATES,0.0
503426,UNITED STATES,0.0
503429,UNITED STATES,0.0
503430,UNITED STATES,0.0
503444,UNITED STATES,0.0
503448,UNITED STATES,0.0
503461,UNITED STATES,0.0
503477,UNITED STATES,1.0
503485,UNITED STATES,0.0
503495,UNITED STATES,0.0
503508,UNITED STATES,0.0
503516,UNITED STATES,0.0
503521,UNITED STATES,0.0
503533,UNITED STATES,0.0
503548,UNITED STATES,0.0
503605,UNITED STATES,0.0
503615,UNITED STATES,0.0
503629,UNITED KINGDOM,0.0
503652,UNITED STATES,0.0
503653,UNITED STATES,0.0
503657,UNITED STATES,0.0
503664,UNITED STATES,0.0
503686,UNITED STATES,0.0
503689,BRAZIL,1.0
503704,UNITED STATES,0.0
503712,UNITED STATES,0.0
503713,UNITED STATES,0.0
503722,UNITED STATES,0.0
503741,UNITED STATES,0.0
503750,UNITED STATES,0.0
503751,UNITED STATES,0.0
503753,UNITED STATES,0.0
503757,UNITED STATES,0.0
503765,UNITED STATES,0.0
503769,UNITED STATES,0.0
503772,UNITED STATES,0.0
503775,UNITED STATES,0.0
503778,UNITED STATES,0.0
503782,UNITED STATES,0.0
503815,UNITED STATES,0.0
503818,UNITED STATES,0.0
503840,UNITED STATES,0.0
503850,UNITED STATES,0.0
503854,UNITED STATES,0.0
503894,UNITED STATES,0.0
503896,UNITED STATES,0.0
503919,UNITED STATES,0.0
503923,UNITED STATES,0.0
503934,UNITED STATES,0.0
503936,UNITED STATES,0.0
503944,UNITED STATES,0.0
503945,UNITED STATES,0.0
503954,UNITED STATES,0.0
503956,UNITED STATES,0.0
503958,UNITED STATES,1.0
503959,UNITED STATES,0.0
503982,UNITED STATES,0.0
503989,UNITED STATES,0.0
504003,UNITED STATES,0.0
504013,UNITED STATES,0.0
504022,UNITED STATES,0.0
504025,UNITED STATES,0.0
504030,UNITED STATES,0.0
504041,UNITED STATES,0.0
504042,UNITED STATES,0.0
504058,UNITED STATES,0.0
504060,UNITED STATES,0.0
504070,UNITED STATES,0.0
504073,UNITED STATES,0.0
504089,UNITED STATES,0.0
504095,UNITED STATES,0.0
504113,UNITED STATES,0.0
504120,UNITED STATES,0.0
504127,UNITED STATES,0.0
504130,UNITED STATES,0.0
504132,UNITED STATES,0.0
504163,UNITED STATES,0.0
504175,BRAZIL,0.0
504176,UNITED STATES,0.0
504189,UNITED KINGDOM,0.0
504191,UNITED STATES,0.0
504197,UNITED STATES,0.0
504212,UNITED STATES,0.0
504216,UNITED STATES,0.0
504218,UNITED STATES,0.0
504220,MEXICO,0.0
504232,UNITED STATES,0.0
504237,UNITED STATES,0.0
504241,UKRAINE,0.0
504243,UNITED STATES,0.0
504246,UNITED STATES,0.0
504250,UNITED STATES,0.0
504260,BRAZIL,0.0
504266,BRAZIL,0.0
504268,UNITED STATES,0.0
504275,UNITED STATES,0.0
504285,UNITED STATES,0.0
504295,UNITED STATES,0.0
504298,UNITED STATES,0.0
504320,UNITED STATES,0.0
504321,UNITED STATES,0.0
504322,ITALY,0.0
504323,BRAZIL,0.0
504324,MALAYSIA,0.0
504327,UNITED STATES,0.0
504332,UNITED STATES,0.0
504344,UNITED STATES,0.0
504355,UNITED STATES,0.0
504373,UNITED STATES,0.0
504377,UNITED STATES,0.0
504387,GERMANY,0.0
504390,UNITED STATES,0.0
504391,UNITED STATES,0.0
504412,UNITED STATES,0.0
504417,UNITED STATES,0.0
504418,UNITED STATES,0.0
504433,INDIA,0.0
504446,UNITED STATES,0.0
504449,UNITED STATES,0.0
504452,UNITED STATES,0.0
504453,UNITED STATES,0.0
504467,UNITED STATES,0.0
504470,UNITED STATES,0.0
504475,UNITED STATES,0.0
504484,UNITED STATES,0.0
504488,UNITED STATES,0.0
504494,UNITED STATES,0.0
504498,UNITED STATES,0.0
504499,UNITED STATES,0.0
504502,UNITED STATES,0.0
504509,UNITED STATES,0.0
504513,UNITED STATES,0.0
504516,UNITED STATES,0.0
504519,UNITED STATES,0.0
504550,UNITED STATES,0.0
504557,UNITED STATES,0.0
504592,UNITED STATES,1.0
504612,UNITED STATES,0.0
504622,UNITED STATES,0.0
504623,UNITED STATES,0.0
504625,UNITED STATES,0.0
504626,UNITED STATES,0.0
504628,BRAZIL,0.0
504636,UNITED STATES,0.0
504641,UNITED STATES,0.0
504644,UNITED STATES,0.0
504653,UNITED STATES,0.0
504688,UNITED STATES,0.0
504701,UNITED STATES,0.0
504702,UNITED STATES,0.0
504708,UNITED STATES,0.0
504709,UNITED STATES,0.0
504722,UNITED STATES,0.0
504726,UNITED STATES,0.0
504729,UNITED STATES,0.0
504737,UNITED STATES,0.0
504747,UNITED STATES,0.0
504748,UNITED STATES,0.0
504768,UNITED STATES,0.0
504773,UNITED STATES,0.0
504800,UNITED STATES,0.0
504801,UNITED STATES,0.0
504802,UNITED STATES,0.0
504814,UNITED STATES,0.0
504817,UNITED STATES,0.0
504833,UNITED STATES,0.0
504847,UNITED STATES,0.0
504866,UNITED STATES,0.0
504869,UNITED STATES,0.0
504875,UNITED STATES,0.0
504884,UNITED STATES,0.0
504909,UNITED STATES,0.0
504912,UNITED STATES,0.0
504920,UNITED STATES,0.0
504921,UNITED STATES,0.0
504924,UNITED STATES,0.0
504927,UNITED STATES,0.0
504957,UNITED STATES,0.0
504959,UNITED STATES,0.0
504961,UNITED STATES,0.0
504969,UNITED STATES,0.0
504972,UNITED STATES,0.0
504973,INDIA,0.0
504978,UNITED STATES,0.0
504985,UNITED STATES,0.0
504993,UNITED STATES,0.0
504996,UNITED STATES,0.0
504997,UNITED STATES,0.0
505011,UNITED STATES,0.0
505016,UNITED STATES,0.0
505023,UNITED STATES,0.0
505048,UNITED STATES,0.0
505054,UNITED STATES,0.0
505058,UNITED STATES,0.0
505086,UNITED STATES,0.0
505143,UNITED STATES,0.0
505150,UNITED STATES,0.0
505161,UNITED STATES,0.0
505163,UNITED STATES,0.0
505169,UNITED STATES,0.0
505183,UNITED STATES,0.0
505188,UNITED STATES,0.0
505189,UNITED STATES,0.0
505193,UNITED STATES,0.0
505198,UNITED STATES,0.0
505203,UNITED STATES,1.0
505229,UNITED STATES,0.0
505237,UNITED STATES,0.0
505250,BRAZIL,0.0
505251,UNITED STATES,0.0
505257,UNITED STATES,0.0
505265,UNITED STATES,0.0
505284,UNITED STATES,0.0
505299,UNITED STATES,0.0
505319,UNITED STATES,0.0
505329,UNITED STATES,0.0
505331,UNITED STATES,0.0
505333,UNITED STATES,0.0
505342,UNITED STATES,0.0
505351,UNITED STATES,0.0
505357,UNITED STATES,0.0
505361,UNITED STATES,0.0
505364,UNITED STATES,0.0
505370,UNITED STATES,0.0
505395,UNITED STATES,0.0
505404,UNITED STATES,0.0
505423,UNITED STATES,0.0
505430,UNITED STATES,0.0
505454,UNITED STATES,0.0
505466,UNITED STATES,0.0
505473,UNITED STATES,0.0
505476,UNITED STATES,0.0
505495,UNITED STATES,0.0
505538,UNITED STATES,0.0
505556,UNITED STATES,0.0
505558,UNITED STATES,0.0
505581,UNITED STATES,0.0
505587,UNITED STATES,0.0
505595,UNITED STATES,0.0
505610,UNITED STATES,0.0
505612,UNITED STATES,0.0
505614,UNITED STATES,0.0
505638,UNITED STATES,0.0
505642,UNITED STATES,0.0
505648,UNITED STATES,0.0
505649,UNITED STATES,0.0
505658,UNITED STATES,0.0
505659,UNITED STATES,0.0
505671,UNITED STATES,0.0
505672,UNITED STATES,0.5
505685,UNITED STATES,0.0
505691,UNITED STATES,0.0
505698,UNITED STATES,0.0
505700,UNITED STATES,0.0
505702,UNITED STATES,0.0
505713,UNITED STATES,0.0
505720,UNITED STATES,0.0
505732,UNITED STATES,0.0
505736,UNITED STATES,0.0
505740,UNITED STATES,0.0
505764,UNITED STATES,0.0
505788,UNITED STATES,0.0
505797,UNITED STATES,0.0
505821,UNITED STATES,0.0
505831,UNITED STATES,0.0
505838,UNITED STATES,0.0
505841,UNITED STATES,0.0
505847,UNITED STATES,0.0
505848,UNITED STATES,0.0
505849,UNITED STATES,0.0
505852,UNITED STATES,0.0
505860,UNITED STATES,1.0
505884,UNITED STATES,0.0
505890,UNITED STATES,0.0
505896,UNITED STATES,0.0
505897,UNITED STATES,0.0
505902,UNITED STATES,0.0
505908,UNITED STATES,0.0
505910,UNITED STATES,0.0
505920,UNITED STATES,0.0
505921,UNITED STATES,0.0
505936,UNITED STATES,0.0
505938,UNITED STATES,0.0
505942,UNITED STATES,0.0
505945,UNITED STATES,0.0
505948,UNITED STATES,0.0
505953,UNITED STATES,0.0
505964,UNITED STATES,0.0
505969,UNITED STATES,0.0
505970,UNITED STATES,0.0
505972,UNITED STATES,0.0
505979,UNITED STATES,0.0
505982,UNITED STATES,0.0
505992,UNITED STATES,0.0
506004,UNITED STATES,0.0
506006,UNITED STATES,0.0
506024,UNITED STATES,0.0
506030,UNITED STATES,0.0
506044,UNITED STATES,0.0
506060,UNITED STATES,0.0
506067,UNITED STATES,0.0
506078,UNITED STATES,0.0
506081,UNITED STATES,0.0
506083,UNITED STATES,0.0
506183,KENYA,0.0
506206,MEXICO,0.0
506210,MEXICO,0.0
506215,MEXICO,0.0
506217,MEXICO,0.0
506219,UNITED STATES,0.0
506221,MEXICO,0.0
506223,UNITED STATES,0.0
506232,BRAZIL,0.0
506242,MEXICO,0.0
506250,MEXICO,0.0
506251,MEXICO,1.0
506263,MEXICO,0.0
506295,MEXICO,0.0
506296,MEXICO,1.0
506338,MEXICO,0.0
506347,UNITED STATES,0.0
506350,MEXICO,0.0
506351,MEXICO,1.0
506374,MEXICO,0.0
506380,MEXICO,0.0
506412,UNITED STATES,0.0
506423,MEXICO,0.0
506426,MEXICO,0.0
506436,MEXICO,0.0
506443,MEXICO,0.0
506459,UNITED STATES,0.0
506472,UNITED STATES,0.0
506480,UNITED STATES,0.0
506504,UNITED STATES,0.0
506529,UNITED STATES,0.0
506539,UNITED STATES,0.0
506547,UNITED STATES,0.0
506554,UNITED STATES,0.0
506556,UNITED STATES,0.0
506572,UNITED STATES,0.0
506589,UNITED STATES,0.0
506593,UNITED STATES,0.0
506597,UNITED STATES,0.0
506603,UNITED STATES,0.0
506609,UNITED STATES,0.0
506636,UNITED STATES,0.0
506643,UNITED STATES,0.0
506673,UNITED STATES,0.0
506675,UNITED STATES,0.0
506681,UNITED STATES,0.0
506685,UNITED STATES,0.0
506704,BRAZIL,0.0
506711,BRAZIL,0.0
506736,BRAZIL,0.0
506750,BRAZIL,0.0
506770,BRAZIL,0.0
506785,UNITED STATES,0.0
506789,UNITED STATES,0.0
506790,UNITED STATES,0.0
506809,UNITED STATES,0.0
506834,UNITED STATES,0.0
506836,UNITED STATES,0.0
506851,UNITED STATES,1.0
506852,UNITED STATES,0.0
506909,UNITED STATES,0.0
506917,UNITED STATES,0.0
506928,UNITED STATES,0.0
506932,UNITED STATES,1.0
506933,UNITED STATES,0.0
506934,UNITED STATES,0.0
506938,BELGIUM,0.0
506947,UNITED STATES,0.0
506963,UNITED STATES,0.0
506970,UNITED STATES,0.0
506976,UNITED STATES,0.0
506978,UNITED STATES,0.0
506988,UNITED STATES,0.0
506989,UNITED STATES,0.0
507006,UNITED STATES,0.0
507010,BRAZIL,0.0
507037,UNITED STATES,0.0
507054,UNITED STATES,1.0
507057,UNITED STATES,0.0
507079,UNITED STATES,0.0
507100,FRANCE,0.0
507102,UNITED STATES,0.0
507112,UNITED STATES,0.0
507140,UNITED STATES,0.0
507144,UNITED STATES,0.0
507155,UNITED STATES,0.0
507169,UNITED STATES,0.0
507183,UNITED STATES,0.0
507192,UNITED STATES,0.0
507206,UNITED STATES,0.0
507207,UNITED STATES,0.0
507217,UNITED STATES,0.0
507220,UNITED STATES,0.0
507231,UNITED STATES,0.0
507233,UNITED STATES,0.0
507238,UNITED STATES,0.0
507253,UNITED STATES,1.0
507255,UNITED STATES,0.0
507265,UNITED STATES,0.0
507269,UNITED STATES,0.0
507273,UNITED STATES,0.0
507283,UNITED STATES,0.0
507284,UNITED STATES,0.0
507285,UNITED STATES,0.0
507293,BRAZIL,0.0
507309,UNITED STATES,0.0
507320,UNITED STATES,0.0
507327,UNITED STATES,0.0
507329,UNITED STATES,0.0
507347,UNITED STATES,0.0
507353,UNITED STATES,0.0
507354,UNITED STATES,0.0
507363,UNITED STATES,0.0
507365,UNITED STATES,0.0
507397,UNITED STATES,0.0
507400,MEXICO,0.0
507409,UNITED STATES,0.0
507417,UNITED STATES,0.0
507441,UNITED STATES,0.0
507446,UNITED STATES,0.0
507460,UNITED STATES,0.0
507474,UNITED STATES,1.0
507477,UNITED STATES,0.0
507492,UNITED STATES,1.0
507495,UNITED STATES,0.0
507503,UNITED STATES,0.0
507504,UNITED STATES,0.0
507532,UNITED STATES,0.0
507533,UNITED STATES,0.0
507541,UNITED STATES,0.0
507542,UNITED STATES,0.0
507546,UNITED STATES,1.0
507551,UNITED STATES,0.0
507567,UNITED STATES,0.0
507589,UNITED STATES,0.0
507591,UNITED STATES,0.0
507594,UNITED STATES,0.0
507614,UNITED STATES,0.0
507617,UNITED STATES,0.0
507628,UNITED STATES,0.0
507643,UNITED STATES,1.0
507647,UNITED STATES,0.0
507678,UNITED STATES,0.0
507680,UNITED STATES,0.0
507682,UNITED STATES,0.0
507683,UNITED STATES,0.0
507689,UNITED STATES,0.0
507701,UNITED STATES,0.0
507707,UNITED STATES,0.0
507710,UNITED STATES,0.0
507712,UNITED STATES,0.0
507723,UNITED STATES,0.0
507745,UNITED STATES,0.0
507748,UNITED STATES,0.0
507750,UNITED STATES,0.0
507763,UNITED STATES,0.0
507773,UNITED STATES,0.0
507775,UNITED STATES,0.0
507777,UNITED STATES,0.0
507778,UNITED STATES,0.0
507786,UNITED STATES,0.0
507787,UNITED STATES,0.0
507818,UNITED STATES,0.0
507825,UNITED STATES,0.0
507836,UNITED STATES,0.0
507841,UNITED STATES,0.0
507843,UNITED STATES,0.0
507844,UNITED STATES,0.0
507860,BRAZIL,0.0
507864,UNITED STATES,0.0
508007,UNITED STATES,0.0
508009,UNITED STATES,0.0
508010,UNITED STATES,0.0
508020,UNITED STATES,0.0
508039,UNITED STATES,0.0
508052,BRAZIL,0.0
508058,UNITED STATES,0.0
508072,UNITED STATES,0.0
508076,UNITED STATES,0.0
508078,UNITED STATES,0.0
508085,UNITED STATES,0.0
508095,UNITED STATES,0.0
508096,UNITED STATES,0.0
508118,UNITED STATES,0.0
508123,UNITED STATES,0.0
508128,UNITED STATES,0.0
508136,UNITED STATES,0.0
508141,UNITED STATES,0.0
508154,UNITED STATES,0.0
508162,UNITED STATES,0.0
508184,UNITED STATES,0.0
508192,UNITED STATES,0.0
508195,UNITED STATES,0.0
508204,UNITED STATES,0.0
508208,UNITED STATES,0.0
508214,UNITED STATES,0.0
508220,UNITED STATES,0.5
508228,UNITED STATES,0.0
508230,UNITED STATES,0.0
508255,UNITED STATES,0.0
508295,UNITED STATES,0.0
508296,UNITED STATES,1.0
508304,UNITED STATES,0.0
508308,UNITED STATES,0.0
508311,UNITED STATES,0.0
508314,UNITED STATES,0.0
508316,UNITED STATES,0.0
508325,UNITED STATES,0.0
508334,UNITED STATES,0.0
508338,UNITED STATES,0.0
508345,UNITED STATES,0.0
508347,UNITED STATES,0.0
508364,UNITED STATES,0.0
508365,UNITED STATES,0.0
508373,UNITED STATES,0.0
508381,UNITED STATES,0.0
508383,UNITED STATES,0.0
508407,UNITED STATES,0.0
508416,UNITED STATES,0.0
508423,UNITED STATES,0.0
508434,UNITED STATES,0.0
508439,UNITED STATES,0.0
508448,UNITED STATES,0.0
508453,UNITED STATES,0.0
508454,UNITED STATES,0.0
508458,UNITED STATES,0.0
508481,UNITED STATES,0.0
508484,UNITED STATES,0.0
508491,RUSSIAN FEDERATION,0.0
508502,INDIA,0.0
508522,INDIA,0.0
508529,INDIA,0.0
508533,INDIA,0.0
508534,INDIA,1.0
508559,INDIA,0.0
508567,INDIA,0.0
508570,INDIA,0.0
508574,INDIA,0.0
508600,INDIA,0.0
508605,INDIA,0.0
508608,INDIA,0.0
508610,INDIA,0.0
508622,INDIA,0.0
508627,INDIA,0.0
508631,INDIA,0.0
508639,INDIA,0.0
508646,INDIA,0.0
508654,INDIA,0.0
508686,INDIA,0.0
508697,INDIA,0.0
508699,INDIA,0.0
508700,INDIA,0.0
508712,INDIA,0.0
508727,INDIA,0.0
508728,INDIA,0.0
508734,INDIA,0.0
508751,INDIA,0.0
508757,INDIA,0.0
508771,INDIA,0.0
508772,INDIA,0.0
508782,INDIA,0.0
508794,INDIA,0.0
508796,INDIA,1.0
508798,INDIA,0.0
508801,INDIA,0.0
508809,INDIA,0.0
508812,INDIA,0.0
508845,INDIA,0.0
508850,INDIA,0.0
508853,INDIA,0.0
508865,INDIA,0.0
508874,INDIA,0.0
508878,INDIA,0.0
508898,INDIA,0.0
508909,INDIA,0.0
508911,INDIA,0.0
508928,INDIA,0.0
508936,INDIA,0.0
508938,INDIA,0.0
508944,INDIA,0.3333333333333333
508965,INDIA,0.0
508966,INDIA,0.0
508973,INDIA,0.0
508979,INDIA,0.0
508997,INDIA,0.0
509008,BRAZIL,0.0
509014,BRAZIL,0.0
509018,BRAZIL,0.0
509027,BRAZIL,0.0
509034,BRAZIL,0.0
509036,BRAZIL,0.0
509041,BRAZIL,0.0
509055,BRAZIL,0.0
509056,BRAZIL,0.0
509059,BRAZIL,0.0
509070,BRAZIL,0.0
509081,BRAZIL,0.0
509083,BRAZIL,0.0
509093,BRAZIL,0.0
509101,BRAZIL,0.0
509109,BRAZIL,0.0
509112,BRAZIL,0.0
509116,BRAZIL,0.0
509130,BRAZIL,0.0
509131,BRAZIL,0.0
509136,BRAZIL,0.0
509143,BRAZIL,0.0
509145,BRAZIL,0.0
509149,BRAZIL,0.0
509156,BRAZIL,0.0
509165,BRAZIL,0.0
509179,BRAZIL,0.0
509193,BRAZIL,1.0
509215,BRAZIL,0.0
509225,BRAZIL,0.0
509230,BRAZIL,0.0
509238,BRAZIL,0.0
509248,BRAZIL,0.0
509258,BRAZIL,0.0
509261,BRAZIL,0.0
509275,BRAZIL,0.0
509280,BRAZIL,0.0
509281,BRAZIL,0.0
509295,BRAZIL,0.0
509302,BRAZIL,0.0
509305,BRAZIL,0.0
509306,BRAZIL,0.0
509314,BRAZIL,0.0
509319,BRAZIL,0.0
509321,BRAZIL,0.0
509331,BRAZIL,0.0
509342,BRAZIL,0.0
509344,BRAZIL,0.0
509358,BRAZIL,0.0
509366,BRAZIL,0.0
509376,BRAZIL,0.0
509389,BRAZIL,0.0
509400,BRAZIL,0.0
509403,BRAZIL,0.0
509420,BRAZIL,0.0
509459,BRAZIL,0.0
509468,BRAZIL,0.0
509472,BRAZIL,0.0
509514,BRAZIL,0.0
509542,BRAZIL,0.0
509545,BRAZIL,0.0
509546,BRAZIL,0.0
509551,BRAZIL,0.0
509579,BRAZIL,0.0
509625,BRAZIL,0.0
509627,BRAZIL,0.5
509640,BRAZIL,0.0
509670,BRAZIL,0.0
509675,BRAZIL,0.0
509681,BRAZIL,0.0
509685,BRAZIL,0.0
509705,BRAZIL,0.0
509708,BRAZIL,0.0
509716,BRAZIL,0.0
509723,BRAZIL,0.0
509743,BRAZIL,0.0
509749,BRAZIL,0.0
509750,BRAZIL,0.0
509753,BRAZIL,0.0
509776,BRAZIL,0.0
509785,BRAZIL,0.0
509792,BRAZIL,0.0
509829,BRAZIL,0.0
509830,BRAZIL,0.0
509833,BRAZIL,0.0
509834,BRAZIL,0.0
509845,BRAZIL,0.0
509850,BRAZIL,0.0
509852,BRAZIL,1.0
509863,BRAZIL,0.0
509865,BRAZIL,1.0
509877,BRAZIL,0.0
509893,BRAZIL,0.0
509904,BRAZIL,1.0
509908,BRAZIL,0.0
509911,BRAZIL,0.0
509914,BRAZIL,0.0
509920,BRAZIL,1.0
509933,BRAZIL,0.0
509946,BRAZIL,0.0
509960,BRAZIL,0.0
509963,BRAZIL,0.0
509966,BRAZIL,0.0
509967,BRAZIL,0.0
509976,BRAZIL,0.0
509989,BRAZIL,0.0
509993,BRAZIL,0.0
510023,UNITED STATES,0.0
510079,ITALY,0.0
510082,GERMANY,0.0
510094,UKRAINE,0.0
510102,RUSSIAN FEDERATION,0.0
510128,INDIA,0.0
510158,RUSSIAN FEDERATION,0.0
510174,UNITED KINGDOM,0.0
510196,RUSSIAN FEDERATION,0.0
510210,FRANCE,0.0
510214,UNITED KINGDOM,0.0
510223,INDIA,0.0
510227,UNITED STATES,1.0
510231,UNITED STATES,0.0
510244,UNITED STATES,0.0
510245,BELGIUM,0.0
510253,UNITED STATES,0.0
510282,UNITED STATES,0.0
510292,UNITED KINGDOM,0.0
510324,UNITED STATES,0.0
510325,UNITED STATES,0.0
510343,UNITED STATES,0.0
510354,UNITED STATES,0.0
510379,UNITED STATES,0.0
510380,UNITED STATES,0.0
510385,UNITED STATES,0.0
510395,UNITED STATES,0.0
510425,INDIA,0.0
510430,RUSSIAN FEDERATION,0.0
510507,SINGAPORE,0.0
510510,UNITED STATES,0.0
510526,UNITED STATES,0.0
510530,UNITED STATES,0.0
510536,UKRAINE,0.0
510551,UNITED STATES,0.0
510569,UNITED STATES,0.0
510583,UNITED STATES,0.0
510595,UNITED STATES,0.0
510598,UNITED STATES,0.0
510607,UNITED STATES,0.0
510610,UNITED STATES,0.0
510651,UNITED STATES,0.0
510653,UNITED STATES,0.0
510664,UNITED STATES,1.0
510681,UNITED STATES,0.0
510690,UNITED STATES,0.0
510694,UNITED STATES,0.0
510696,UNITED STATES,0.0
510705,UNITED STATES,0.0
510708,UNITED STATES,0.0
510712,UNITED STATES,0.0
510713,UNITED STATES,0.0
510724,UNITED STATES,0.0
510734,UNITED STATES,0.0
510743,UNITED STATES,0.0
510745,UNITED STATES,1.0
510746,UNITED STATES,0.0
510748,UNITED STATES,0.0
510749,UNITED STATES,0.0
510764,UNITED STATES,0.0
510768,UNITED STATES,0.0
510772,UNITED STATES,0.0
510778,UNITED STATES,0.0
510782,GERMANY,0.0
510798,UNITED STATES,0.0
510804,UNITED STATES,0.0
510806,UNITED STATES,0.0
510810,UNITED STATES,0.0
510813,UNITED STATES,0.0
510823,UNITED STATES,0.0
510837,AUSTRALIA,0.0
510839,UNITED STATES,0.0
510842,UNITED STATES,0.0
510848,UNITED STATES,0.0
510862,UNITED STATES,0.0
510865,UNITED STATES,1.0
510887,UNITED STATES,0.0
510910,UNITED STATES,0.0
510926,UNITED STATES,0.0
510948,UNITED STATES,0.0
510949,UNITED STATES,0.0
510960,UNITED STATES,0.0
510982,AUSTRALIA,0.0
510985,UNITED STATES,0.0
510987,UNITED STATES,0.0
511005,UNITED STATES,0.0
511010,UNITED STATES,0.0
511031,UNITED STATES,0.0
511048,UNITED STATES,0.0
511083,UNITED STATES,0.0
511085,UNITED STATES,0.0
511094,UNITED STATES,0.0
511107,UNITED STATES,0.0
511118,UNITED STATES,0.0
511120,UNITED STATES,0.0
511124,UNITED STATES,0.0
511141,MEXICO,0.0
511154,UNITED STATES,0.0
511155,UNITED STATES,1.0
511172,UNITED STATES,0.0
511176,CHINA,0.0
511197,UNITED STATES,1.0
511203,UNITED STATES,0.0
511209,UNITED STATES,0.0
511210,UNITED STATES,0.0
511221,UNITED STATES,0.0
511227,UNITED STATES,0.0
511238,UNITED STATES,0.0
511244,UNITED STATES,0.0
511265,BRAZIL,0.0
511288,UNITED STATES,0.0
511301,UNITED STATES,0.0
511315,UNITED STATES,0.0
511324,UNITED STATES,0.0
511329,UNITED STATES,0.0
511331,UNITED STATES,0.0
511332,UNITED STATES,0.0
511349,UNITED STATES,0.0
511350,UNITED STATES,0.0
511360,UNITED STATES,0.0
511375,UNITED STATES,0.0
511386,BRAZIL,0.0
511394,UNITED STATES,0.0
511407,UNITED STATES,0.0
511408,MEXICO,0.0
511414,INDIA,0.0
511416,INDIA,0.0
511427,UNITED STATES,0.0
511430,UNITED STATES,0.0
511441,UNITED STATES,0.0
511450,UNITED STATES,0.0
511453,UNITED STATES,0.0
511455,UNITED STATES,0.0
511461,UNITED STATES,0.0
511472,UNITED STATES,0.0
511483,UNITED STATES,0.0
511493,UNITED STATES,0.0
511515,UNITED STATES,0.0
511521,UNITED STATES,0.0
511531,UNITED KINGDOM,0.0
511569,UNITED STATES,0.0
511582,UNITED STATES,0.0
511591,UNITED STATES,0.0
511594,MEXICO,0.0
511605,UNITED STATES,0.0
511611,CHINA,0.0
511624,KENYA,0.0
511628,UNITED STATES,0.0
511656,UNITED KINGDOM,0.0
511689,UNITED KINGDOM,0.0
511693,UNITED KINGDOM,0.0
511704,CHINA,0.0
511705,BRAZIL,1.0
511707,BRAZIL,0.0
511714,UNITED STATES,0.0
511716,UNITED STATES,0.0
511717,UNITED STATES,0.0
511725,UNITED STATES,0.0
511729,UNITED STATES,0.0
511731,UNITED STATES,0.0
511732,UNITED STATES,1.0
511766,UNITED STATES,0.0
511789,UNITED STATES,0.0
511800,UNITED STATES,0.0
511820,UNITED STATES,0.0
511838,UNITED STATES,0.0
511878,INDIA,0.0
511880,UNITED STATES,0.0
511892,UNITED STATES,0.0
511903,UNITED STATES,0.0
511927,UNITED STATES,0.0
511930,UNITED STATES,0.0
511933,UNITED STATES,0.0
511936,UNITED STATES,0.0
511939,AUSTRALIA,0.0
511944,UNITED STATES,0.0
511955,UNITED STATES,0.0
511958,AUSTRALIA,0.0
511965,UNITED STATES,0.0
511968,UNITED STATES,0.0
511973,UNITED STATES,0.0
511981,UNITED STATES,0.0
511984,UNITED STATES,0.0
511987,UNITED STATES,0.0
511994,UNITED STATES,0.0
511997,UNITED STATES,0.0
512006,UNITED KINGDOM,0.0
512012,UNITED STATES,0.0
512036,RUSSIAN FEDERATION,0.0
512070,UKRAINE,0.0
512075,UNITED STATES,0.0
512090,UNITED STATES,0.0
512106,UNITED STATES,0.0
512147,MEXICO,0.0
512159,UNITED STATES,0.0
512161,UNITED STATES,0.0
512172,UNITED STATES,0.0
512188,UNITED STATES,0.0
512196,UNITED STATES,0.0
512199,UNITED STATES,0.0
512210,UNITED STATES,0.0
512226,UNITED STATES,0.0
512244,UNITED STATES,0.0
512247,UNITED STATES,0.0
512281,UNITED STATES,0.0
512306,MEXICO,0.0
512335,UNITED STATES,0.0
512351,UNITED STATES,0.0
512394,MEXICO,0.0
512424,UNITED STATES,0.0
512444,MEXICO,0.0
512452,BRAZIL,0.0
512455,UNITED STATES,0.0
512500,UNITED STATES,0.0
512508,UNITED STATES,0.0
512517,UNITED STATES,0.0
512522,UNITED STATES,0.0
512524,UNITED STATES,0.0
512528,UNITED STATES,0.0
512530,UNITED STATES,0.0
512544,UNITED STATES,0.0
512548,UNITED STATES,0.0
512549,UNITED STATES,0.0
512625,GERMANY,0.0
512627,KENYA,0.0
512648,UNITED STATES,0.0
512654,PAKISTAN,0.0
512681,UNITED STATES,0.0
512687,UNITED KINGDOM,0.0
512689,UNITED KINGDOM,0.0
512692,RUSSIAN FEDERATION,0.0
512695,CHINA,0.0
512705,UNITED STATES,0.0
512731,UNITED STATES,0.0
512797,ITALY,0.0
512833,UNITED STATES,0.0
512879,UNITED STATES,1.0
512886,UNITED STATES,0.0
512915,UNITED STATES,0.0
512928,UNITED STATES,0.0
512947,UNITED STATES,0.0
512949,UNITED STATES,0.0
512980,UNITED STATES,0.0
512981,UNITED STATES,1.0
512987,UNITED STATES,0.0
512998,UNITED STATES,0.0
513005,FRANCE,0.0
513008,UNITED KINGDOM,0.0
513009,UNITED KINGDOM,0.0
513031,FRANCE,0.0
513035,FRANCE,0.0
513054,AUSTRALIA,0.0
513055,AUSTRALIA,0.0
513073,UNITED STATES,0.0
513077,GERMANY,0.0
513099,ITALY,0.0
513114,FRANCE,0.0
513118,UNITED STATES,0.0
513120,FRANCE,0.0
513125,FRANCE,0.0
513126,FRANCE,0.0
513130,FRANCE,0.0
513136,FRANCE,0.0
513141,FRANCE,0.0
513153,FRANCE,0.0
513162,FRANCE,0.0
513171,FRANCE,0.0
513182,FRANCE,0.0
513186,FRANCE,0.0
513211,UNITED STATES,0.0
513235,FRANCE,0.0
513242,FRANCE,0.0
513251,FRANCE,0.0
513253,UNITED STATES,0.0
513267,FRANCE,0.0
513269,FRANCE,0.0
513279,FRANCE,0.0
513290,FRANCE,0.0
513300,FRANCE,0.0
513303,FRANCE,0.0
513305,UNITED STATES,0.0
513313,UNITED STATES,0.0
513315,UNITED STATES,0.0
513344,INDIA,1.0
513422,UNITED STATES,0.0
513427,UNITED STATES,1.0
513451,UNITED STATES,0.0
513452,UNITED STATES,0.0
513454,UNITED STATES,0.0
513468,FRANCE,0.0
513471,FRANCE,0.0
513500,FRANCE,0.0
513501,FRANCE,0.0
513512,FRANCE,0.0
513518,FRANCE,0.0
513523,FRANCE,0.0
513538,FRANCE,0.0
513545,UNITED STATES,0.0
513550,ITALY,0.0
513556,FRANCE,0.0
513611,FRANCE,1.0
513630,BRAZIL,0.0
513645,FRANCE,0.0
513674,FRANCE,0.0
513675,FRANCE,0.0
513696,CHINA,0.0
513706,FRANCE,1.0
513720,FRANCE,0.0
513730,FRANCE,0.0
513731,BRAZIL,0.0
513732,FRANCE,0.0
513749,FRANCE,0.0
513758,FRANCE,0.0
513777,FRANCE,0.0
513781,FRANCE,0.0
513782,FRANCE,0.0
513799,FRANCE,0.0
513806,FRANCE,0.0
513810,FRANCE,0.0
513821,FRANCE,0.0
513823,FRANCE,0.0
513825,FRANCE,0.0
513840,FRANCE,0.0
513844,FRANCE,0.0
513866,UNITED STATES,0.0
513867,UNITED STATES,0.0
513885,UNITED STATES,0.0
513907,UNITED STATES,0.0
513923,UNITED STATES,0.0
513928,UNITED STATES,0.0
513929,FRANCE,0.0
513934,FRANCE,0.0
513935,UKRAINE,0.0
513940,FRANCE,0.0
513945,FRANCE,0.0
513946,FRANCE,0.0
513957,FRANCE,0.0
513959,FRANCE,0.0
513967,FRANCE,0.0
513968,FRANCE,0.0
513972,FRANCE,0.0
513983,FRANCE,0.0
514024,MALAYSIA,0.0
514045,AUSTRALIA,0.0
514049,UNITED STATES,0.0
514085,BRAZIL,0.0
514092,UNITED STATES,0.0
514098,UNITED STATES,0.0
514107,UNITED STATES,0.0
514122,UNITED STATES,0.0
514123,UNITED STATES,0.0
514126,UNITED STATES,0.0
514147,UNITED STATES,0.0
514164,UNITED STATES,0.0
514199,UNITED STATES,1.0
514211,UKRAINE,0.0
514219,UNITED STATES,0.0
514225,UNITED STATES,0.0
514259,UNITED STATES,0.0
514263,UNITED STATES,0.0
514268,BRAZIL,0.0
514276,UNITED STATES,0.0
514283,UNITED STATES,0.0
514284,UNITED STATES,0.0
514303,UNITED STATES,0.0
514307,UNITED STATES,0.0
514317,UNITED STATES,0.0
514327,UNITED STATES,0.0
514337,UNITED STATES,1.0
514348,UNITED STATES,0.0
514350,RUSSIAN FEDERATION,0.0
514368,UNITED STATES,0.0
514390,UNITED STATES,0.0
514400,UNITED STATES,0.0
514404,UNITED STATES,0.0
514411,UNITED STATES,0.0
514422,UNITED STATES,0.0
514428,UNITED STATES,0.0
514441,UNITED STATES,1.0
514498,UNITED STATES,0.0
514503,UNITED STATES,0.0
514505,UNITED STATES,0.0
514508,UNITED STATES,0.0
514523,FRANCE,0.0
514534,UNITED STATES,0.0
514539,UNITED STATES,0.0
514545,BRAZIL,0.0
514559,UNITED STATES,0.0
514565,UNITED STATES,0.0
514582,UNITED STATES,0.0
514591,UNITED STATES,0.0
514604,UNITED STATES,0.0
514608,UNITED STATES,0.0
514630,UNITED STATES,0.0
514631,UNITED STATES,0.0
514643,UNITED STATES,0.0
514647,UNITED STATES,0.0
514650,UNITED STATES,0.0
514664,UNITED STATES,0.0
514667,UNITED STATES,0.0
514672,UNITED STATES,0.0
514697,FRANCE,0.0
514717,UNITED STATES,0.0
514720,UNITED STATES,0.0
514728,UNITED STATES,0.0
514730,UNITED STATES,0.0
514736,UNITED STATES,0.0
514752,UNITED STATES,0.0
514768,GERMANY,0.0
514771,UNITED STATES,0.0
514777,UNITED STATES,0.0
514778,UNITED STATES,0.0
514789,UNITED STATES,0.0
514797,UKRAINE,0.0
514798,UNITED STATES,0.0
514802,UNITED STATES,0.0
514810,UNITED STATES,0.0
514815,BRAZIL,0.0
514820,UNITED STATES,0.0
514828,UNITED STATES,0.0
514834,INDIA,0.0
514838,UNITED STATES,0.0
514843,UNITED STATES,0.0
514847,UNITED STATES,0.0
514868,BRAZIL,0.0
514870,UNITED STATES,0.0
514874,UNITED STATES,0.0
514902,UNITED STATES,0.0
514906,CHINA,0.0
514936,MALAYSIA,0.0
514939,UNITED STATES,0.0
514941,UNITED STATES,0.0
514972,UNITED STATES,0.0
514976,UNITED STATES,0.0
514985,BRAZIL,0.0
514986,UNITED STATES,0.0
514989,UNITED STATES,0.0
515032,UNITED STATES,0.0
515036,UNITED STATES,0.0
515046,UNITED STATES,0.0
515052,UNITED STATES,0.0
515068,UNITED STATES,0.0
515081,UNITED STATES,0.0
515085,UNITED STATES,0.0
515089,UNITED STATES,0.0
515091,UNITED STATES,0.0
515094,UNITED KINGDOM,0.0
515119,UNITED STATES,0.0
515122,BRAZIL,0.0
515138,UNITED STATES,0.0
515152,UNITED STATES,0.0
515174,UNITED STATES,0.0
515177,UNITED STATES,0.0
515198,UNITED STATES,0.0
515218,UNITED STATES,0.0
515230,UNITED STATES,0.0
515240,UNITED STATES,0.0
515252,UNITED STATES,0.0
515254,UNITED STATES,0.0
515258,UNITED STATES,0.0
515261,UNITED STATES,0.0
515276,UNITED STATES,0.0
515284,UNITED STATES,0.0
515287,UNITED STATES,0.0
515307,UNITED STATES,0.0
515320,UNITED STATES,1.0
515346,UNITED STATES,0.0
515347,UNITED STATES,0.0
515365,UNITED STATES,0.5
515366,UNITED STATES,0.0
515384,UNITED STATES,0.0
515397,UNITED STATES,0.0
515398,UNITED STATES,0.0
515432,UNITED STATES,0.0
515444,BRAZIL,1.0
515462,UNITED STATES,0.0
515471,UNITED KINGDOM,0.0
515506,UNITED STATES,0.0
515508,UNITED STATES,0.0
515513,UNITED STATES,0.0
515536,RUSSIAN FEDERATION,0.0
515537,UNITED STATES,0.0
515546,UNITED STATES,0.0
515553,UNITED STATES,0.0
515557,UNITED STATES,0.0
515567,UNITED STATES,0.0
515600,UNITED STATES,0.0
515605,RUSSIAN FEDERATION,0.0
515633,UKRAINE,0.0
515637,UNITED STATES,0.0
515643,GERMANY,0.0
515662,UKRAINE,0.0
515676,UNITED STATES,0.0
515692,UNITED STATES,0.0
515698,UNITED STATES,0.0
515707,MALAYSIA,0.0
515744,UNITED STATES,0.0
515747,CHINA,0.0
515751,MEXICO,0.0
515758,RUSSIAN FEDERATION,0.0
515768,BRAZIL,1.0
515792,RUSSIAN FEDERATION,0.0
515853,RUSSIAN FEDERATION,0.0
515866,UNITED STATES,0.0
515907,PAKISTAN,0.0
515910,UNITED STATES,0.0
515921,UNITED STATES,0.0
515962,UNITED STATES,0.0
515973,UNITED STATES,0.0
515985,UNITED STATES,0.0
516004,BRAZIL,0.0
516014,UNITED STATES,0.0
516048,UKRAINE,0.0
516067,PAKISTAN,0.0
516071,UNITED STATES,0.0
516077,UNITED STATES,0.0
516084,UNITED STATES,0.0
516087,RUSSIAN FEDERATION,0.0
516141,UNITED STATES,0.0
516145,UNITED STATES,0.0
516150,RUSSIAN FEDERATION,0.0
516156,INDIA,0.0
516159,BRAZIL,0.0
516176,UNITED STATES,0.0
516180,UNITED KINGDOM,0.5
516197,UNITED STATES,0.0
516208,UNITED STATES,0.0
516251,UNITED STATES,0.0
516259,UNITED STATES,0.0
516278,UNITED STATES,0.0
516318,UNITED STATES,0.0
516321,AUSTRALIA,0.0
516324,AUSTRALIA,0.0
516326,AUSTRALIA,0.0
516349,AUSTRALIA,0.0
516364,UNITED STATES,0.0
516367,AUSTRALIA,0.0
516374,FRANCE,0.0
516375,AUSTRALIA,1.0
516384,UNITED STATES,0.0
516387,RUSSIAN FEDERATION,1.0
516403,UNITED STATES,0.0
516412,UNITED STATES,0.0
516413,UNITED STATES,0.0
516418,UNITED STATES,0.0
516420,UNITED STATES,0.0
516437,UNITED STATES,0.0
516461,RUSSIAN FEDERATION,0.0
516463,UNITED STATES,0.0
516472,INDIA,0.0
516479,UNITED STATES,0.0
516482,RUSSIAN FEDERATION,0.0
516506,UNITED STATES,0.0
516507,UNITED STATES,0.0
516516,UNITED STATES,0.0
516528,UNITED STATES,0.0
516535,INDIA,0.0
516540,UNITED STATES,0.0
516551,RUSSIAN FEDERATION,0.0
516572,UNITED STATES,0.0
516603,MEXICO,0.0
516611,MEXICO,0.0
516637,UNITED STATES,0.0
516650,UNITED STATES,0.0
516654,UNITED STATES,0.0
516660,UNITED STATES,0.0
516697,UNITED STATES,0.0
516713,UNITED STATES,0.0
516715,UNITED STATES,0.0
516769,UKRAINE,0.0
516791,UKRAINE,0.0
516798,UKRAINE,0.0
516804,UKRAINE,0.0
516856,UNITED KINGDOM,0.0
516866,ITALY,0.0
516881,UKRAINE,0.0
517070,UNITED STATES,0.0
517072,UNITED STATES,0.0
517100,UNITED STATES,0.0
517108,UNITED STATES,0.0
517126,UNITED STATES,0.0
517151,UNITED STATES,0.0
517159,UNITED STATES,0.0
517196,UNITED STATES,0.0
517233,UNITED KINGDOM,0.0
517254,UNITED STATES,0.0
517266,CHINA,0.0
517277,UNITED STATES,0.0
517280,UNITED STATES,0.0
517282,UNITED STATES,0.0
517290,KENYA,0.0
517297,UNITED STATES,0.0
517314,KENYA,0.0
517322,KENYA,1.0
517328,UKRAINE,0.0
517341,RUSSIAN FEDERATION,0.0
517352,UNITED KINGDOM,0.0
517372,UNITED STATES,0.0
517382,UNITED KINGDOM,0.0
517383,UNITED KINGDOM,0.0
517387,UNITED KINGDOM,0.0
517408,UNITED STATES,0.0
517409,UNITED STATES,0.0
517423,UNITED STATES,0.0
517433,UNITED STATES,0.0
517435,INDIA,0.0
517438,INDIA,0.0
517440,MEXICO,0.0
517449,UNITED STATES,0.0
517465,FRANCE,1.0
517474,UKRAINE,0.0
517495,UNITED STATES,0.0
517505,ITALY,0.0
517519,UNITED STATES,0.0
517539,UNITED STATES,0.0
517557,CHINA,0.0
517620,UNITED STATES,0.0
517637,INDIA,0.0
517673,UNITED STATES,0.0
517684,UNITED STATES,0.0
517697,UNITED STATES,0.0
517755,UNITED STATES,0.0
517757,RUSSIAN FEDERATION,0.0
517778,UNITED STATES,0.0
517797,UNITED STATES,0.0
517805,UNITED STATES,0.0
517807,RUSSIAN FEDERATION,0.0
517833,AUSTRALIA,0.0
517867,UKRAINE,0.0
517870,UNITED STATES,0.0
517895,UNITED STATES,0.0
517902,UNITED STATES,0.0
517903,UNITED STATES,0.0
517909,ITALY,0.0
517952,UNITED STATES,0.0
517959,UNITED STATES,0.0
517972,UNITED STATES,0.0
517975,UNITED STATES,0.0
517983,AUSTRALIA,0.0
517985,BRAZIL,0.0
517999,UNITED STATES,0.0
518009,UNITED STATES,0.0
518072,UNITED STATES,0.0
518081,UNITED STATES,0.0
518145,INDIA,0.0
518148,BRAZIL,0.0
518183,CHINA,0.0
518228,RUSSIAN FEDERATION,0.0
518239,AUSTRALIA,0.0
518243,BRAZIL,0.0
518248,AUSTRALIA,0.0
518253,UNITED STATES,0.0
518271,MEXICO,0.0
518282,UKRAINE,0.0
518313,BRAZIL,0.0
518328,BRAZIL,0.0
518331,UNITED KINGDOM,1.0
518359,UNITED STATES,0.0
518374,UNITED STATES,0.0
518385,JAPAN,0.0
518397,RUSSIAN FEDERATION,0.0
518404,UNITED KINGDOM,0.0
518410,UNITED STATES,0.0
518415,UNITED STATES,0.0
518421,UNITED STATES,0.0
518430,UNITED STATES,0.0
518454,BRAZIL,0.0
518487,RUSSIAN FEDERATION,0.0
518499,UNITED KINGDOM,0.0
518514,UNITED STATES,0.0
518598,AUSTRALIA,0.0
518601,UNITED KINGDOM,0.0
518607,BRAZIL,0.0
518609,JAPAN,0.0
518614,UNITED STATES,0.0
518619,UNITED STATES,0.0
518662,ITALY,0.0
518687,UNITED STATES,0.0
518714,RUSSIAN FEDERATION,0.0
518715,UNITED STATES,0.0
518758,UNITED STATES,1.0
518814,BRAZIL,0.0
518821,JAPAN,0.0
518851,INDIA,0.0
518853,MEXICO,0.0
518859,FRANCE,0.0
518864,RUSSIAN FEDERATION,0.0
518885,UNITED STATES,0.0
518889,RUSSIAN FEDERATION,0.0
518901,RUSSIAN FEDERATION,0.0
518945,ITALY,0.0
518984,BRAZIL,0.0
518985,UNITED STATES,0.0
518997,RUSSIAN FEDERATION,0.0
519016,RUSSIAN FEDERATION,0.0
519042,UNITED STATES,0.0
519047,UNITED STATES,0.0
519074,UNITED STATES,1.0
519081,UNITED STATES,0.0
519083,UNITED STATES,0.0
519099,UNITED STATES,0.0
519184,UNITED STATES,0.0
519237,UNITED STATES,0.0
519243,UNITED STATES,0.0
519253,INDIA,0.0
519264,UNITED STATES,1.0
519280,UNITED STATES,0.0
519282,UNITED STATES,0.0
519289,UNITED STATES,0.0
519292,UNITED STATES,0.0
519302,MEXICO,0.0
519312,ITALY,0.0
519314,UNITED STATES,0.0
519338,UNITED STATES,0.0
519346,RUSSIAN FEDERATION,0.0
519371,UNITED STATES,0.0
519387,UNITED STATES,0.0
519405,JAPAN,0.0
519422,UNITED STATES,0.0
519425,UNITED STATES,0.0
519427,UNITED STATES,0.0
519449,UNITED STATES,0.0
519474,UNITED STATES,0.0
519517,UNITED STATES,0.0
519520,UNITED KINGDOM,0.0
519621,KENYA,0.0
519622,INDIA,0.0
519623,UNITED STATES,1.0
519642,UNITED STATES,0.0
519656,UNITED STATES,0.0
519660,UNITED KINGDOM,0.0
519673,UNITED STATES,0.0
519684,UNITED STATES,0.0
519691,UNITED STATES,0.0
519704,BRAZIL,0.0
519722,UNITED STATES,0.0
519727,UNITED STATES,0.0
519731,UNITED STATES,0.0
519739,UNITED STATES,0.0
519750,UNITED STATES,0.0
519803,UNITED STATES,0.0
519807,UNITED STATES,0.0
519812,UNITED STATES,0.0
519813,UNITED STATES,0.0
519817,UNITED STATES,0.0
519819,UNITED STATES,0.0
519824,UNITED STATES,0.0
519833,UNITED STATES,0.0
519843,UNITED STATES,0.0
519849,UNITED STATES,0.0
519850,UNITED STATES,0.0
519851,UNITED STATES,0.0
519854,UNITED STATES,0.0
519859,MEXICO,0.0
519921,UNITED STATES,0.0
519946,MEXICO,0.0
519965,UNITED STATES,0.0
519981,UNITED STATES,0.0
519987,UNITED STATES,0.0
520023,RUSSIAN FEDERATION,0.0
520035,UNITED STATES,0.0
520039,INDIA,0.0
520044,INDIA,0.0
520072,UNITED STATES,0.0
520075,UNITED KINGDOM,0.0
520083,CHINA,0.0
520085,RUSSIAN FEDERATION,0.0
520103,UNITED STATES,0.0
520112,UNITED STATES,0.0
520130,UNITED STATES,0.0
520162,UNITED STATES,0.0
520182,UNITED STATES,0.0
520184,BRAZIL,0.0
520188,UNITED STATES,0.0
520196,BRAZIL,0.0
520210,INDIA,0.0
520257,UNITED STATES,0.0
520268,UNITED STATES,0.0
520274,UNITED STATES,1.0
520282,UNITED STATES,0.0
520296,UNITED STATES,0.0
520306,RUSSIAN FEDERATION,0.0
520316,UNITED STATES,0.0
520350,RUSSIAN FEDERATION,0.0
520360,BRAZIL,0.0
520367,UNITED STATES,0.0
520372,UNITED STATES,0.0
520375,UNITED KINGDOM,0.0
520377,UNITED STATES,0.0
520402,BRAZIL,0.0
520403,BRAZIL,0.0
520409,BRAZIL,0.5
520467,UNITED STATES,0.0
520480,UNITED STATES,0.0
520481,UNITED STATES,0.0
520512,UNITED STATES,0.0
520514,UNITED STATES,0.0
520522,UNITED STATES,0.0
520523,UNITED STATES,0.0
520533,UNITED STATES,0.0
520546,UNITED STATES,0.0
520547,UNITED STATES,0.0
520552,UNITED STATES,0.0
520639,UNITED STATES,0.0
520641,UNITED KINGDOM,0.0
520657,UNITED STATES,0.0
520675,UNITED KINGDOM,0.0
520709,KENYA,0.0
520723,SINGAPORE,0.0
520727,UNITED KINGDOM,0.0
520737,UNITED STATES,0.0
520739,UNITED STATES,0.0
520749,UNITED KINGDOM,0.0
520751,UNITED KINGDOM,0.0
520757,UNITED KINGDOM,0.0
520761,UNITED KINGDOM,0.0
520776,AUSTRALIA,0.0
520828,BRAZIL,0.0
520853,JAPAN,0.0
520860,JAPAN,0.0
520864,JAPAN,0.0
520867,JAPAN,0.0
520872,JAPAN,0.0
520873,JAPAN,0.0
520876,JAPAN,0.0
520989,ITALY,0.0
521028,UNITED KINGDOM,0.0
521039,BRAZIL,0.0
521121,KENYA,0.0
521124,UNITED KINGDOM,0.0
521139,UNITED STATES,0.0
521155,RUSSIAN FEDERATION,0.0
521166,RUSSIAN FEDERATION,0.0
521172,RUSSIAN FEDERATION,0.0
521197,UNITED STATES,1.0
521198,UNITED STATES,0.0
521202,JAPAN,0.0
521207,JAPAN,0.0
521217,UNITED STATES,0.0
521231,MEXICO,0.0
521250,JAPAN,0.0
521252,JAPAN,0.0
521298,JAPAN,0.0
521302,CHINA,0.0
521321,BRAZIL,0.0
521336,UNITED STATES,0.0
521357,UNITED STATES,0.0
521360,CHINA,0.0
521379,UNITED STATES,0.0
521435,UNITED STATES,0.0
521437,UNITED STATES,0.0
521460,JAPAN,0.0
521487,JAPAN,0.0
521499,JAPAN,1.0
521501,BRAZIL,0.0
521521,INDIA,0.0
521539,UNITED KINGDOM,0.0
521541,UNITED KINGDOM,0.0
521563,UNITED STATES,0.0
521564,UNITED STATES,0.0
521580,BRAZIL,0.0
521581,UNITED KINGDOM,1.0
521594,BRAZIL,1.0
521618,UNITED STATES,0.0
521630,UNITED STATES,0.0
521641,UNITED STATES,0.0
521654,UNITED STATES,0.0
521664,UNITED KINGDOM,0.0
521667,UNITED STATES,0.0
521673,UNITED STATES,0.0
521675,UNITED STATES,0.0
521683,UNITED STATES,0.0
521705,UNITED STATES,0.0
521711,UNITED STATES,0.0
521732,UNITED STATES,0.0
521734,UNITED STATES,0.0
521737,UNITED STATES,0.0
521738,UNITED STATES,0.0
521741,UNITED STATES,0.0
521743,UNITED STATES,0.0
521757,RUSSIAN FEDERATION,0.0
521790,KENYA,0.0
521817,MEXICO,0.0
521820,RUSSIAN FEDERATION,0.0
521830,MEXICO,0.0
521847,RUSSIAN FEDERATION,0.0
521855,SINGAPORE,0.0
521867,UNITED STATES,0.0
521905,JAPAN,0.0
521908,JAPAN,0.0
521919,JAPAN,0.0
521923,JAPAN,0.0
521931,JAPAN,0.0
521933,JAPAN,0.0
521939,JAPAN,0.0
521947,INDIA,0.0
521969,UNITED STATES,0.0
521998,UNITED STATES,0.0
522036,ITALY,0.0
522094,UNITED STATES,0.0
522097,UNITED STATES,0.0
522116,UNITED STATES,0.0
522120,UNITED STATES,0.0
522156,UNITED STATES,0.0
522158,UNITED STATES,0.0
522176,MEXICO,0.0
522231,UNITED STATES,0.0
522264,UNITED STATES,0.0
522267,UNITED STATES,1.0
522277,UNITED STATES,0.0
522281,UNITED STATES,0.0
522282,UNITED STATES,0.0
522286,UNITED STATES,0.0
522293,UNITED STATES,0.0
522316,UNITED STATES,0.0
522318,INDIA,0.0
522328,UNITED STATES,0.0
522358,INDIA,0.0
522367,UNITED STATES,0.0
522426,UNITED STATES,0.0
522454,BELGIUM,0.0
522470,RUSSIAN FEDERATION,0.0
522480,UNITED KINGDOM,0.0
522492,UNITED STATES,0.0
522500,UNITED STATES,0.0
522519,UNITED STATES,0.0
522540,UNITED STATES,0.0
522543,UNITED STATES,0.0
522544,BRAZIL,0.0
522556,BRAZIL,0.0
522565,UNITED STATES,0.0
522656,UNITED STATES,0.0
522701,ITALY,0.0
522704,UNITED STATES,0.0
522717,UNITED STATES,0.0
522718,UNITED STATES,0.0
522725,ITALY,0.0
522762,UNITED STATES,0.0
522794,MEXICO,0.0
522797,UKRAINE,0.0
522800,UNITED STATES,0.0
522805,UNITED STATES,0.0
522808,BRAZIL,0.0
522809,FRANCE,0.0
522871,UKRAINE,0.0
522886,PAKISTAN,0.0
522895,UNITED STATES,0.0
522929,UNITED STATES,0.0
522935,UNITED STATES,0.0
522949,BRAZIL,0.0
522969,UNITED STATES,0.0
522988,RUSSIAN FEDERATION,0.0
522996,UNITED STATES,0.0
523003,UNITED STATES,0.0
523005,UNITED STATES,0.0
523029,UNITED STATES,0.0
523087,UNITED STATES,0.0
523093,UNITED STATES,0.0
523095,UNITED STATES,0.0
523108,AUSTRALIA,0.0
523122,FRANCE,0.0
523128,UNITED STATES,0.0
523134,UNITED STATES,0.0
523165,INDIA,0.0
523168,AUSTRALIA,0.0
523180,UNITED STATES,0.0
523188,UNITED STATES,0.0
523197,UNITED STATES,1.0
523205,UNITED STATES,0.0
523207,UNITED STATES,0.0
523220,GERMANY,0.0
523226,GERMANY,0.0
523231,GERMANY,0.0
523236,GERMANY,0.0
523242,GERMANY,0.0
523244,UKRAINE,0.0
523260,SINGAPORE,0.0
523261,GERMANY,0.0
523286,UNITED STATES,0.0
523290,GERMANY,0.0
523293,GERMANY,0.0
523300,UNITED STATES,0.0
523310,UNITED STATES,0.0
523311,UNITED STATES,0.0
523331,UNITED STATES,0.0
523343,UNITED STATES,0.0
523346,UNITED STATES,0.0
523347,UNITED STATES,0.0
523352,UNITED STATES,0.0
523354,UNITED STATES,0.0
523366,UNITED STATES,0.0
523367,UNITED STATES,0.0
523385,UNITED STATES,0.0
523394,UNITED STATES,0.0
523398,UNITED STATES,0.0
523405,UNITED STATES,0.0
523412,ITALY,0.0
523413,FRANCE,0.0
523446,UNITED STATES,0.0
523451,UNITED STATES,0.0
523452,UNITED STATES,0.0
523454,UNITED KINGDOM,0.0
523455,GERMANY,1.0
523470,UNITED KINGDOM,1.0
523478,UNITED KINGDOM,0.0
523511,UNITED STATES,0.0
523523,KENYA,0.0
523530,UKRAINE,0.0
523554,UNITED STATES,0.0
523569,UNITED STATES,0.0
523608,UNITED STATES,0.0
523649,CHINA,0.0
523653,UNITED STATES,0.0
523678,UNITED STATES,0.0
523685,FRANCE,0.0
523700,UNITED STATES,1.0
523703,UNITED STATES,0.0
523726,UNITED STATES,0.0
523784,UNITED STATES,0.0
523791,BRAZIL,1.0
523792,GERMANY,0.0
523798,UNITED STATES,0.0
523799,KENYA,0.0
523803,UNITED STATES,0.0
523826,MEXICO,0.0
523838,UNITED STATES,1.0
523852,UNITED STATES,0.0
523875,UNITED STATES,0.0
523885,UNITED STATES,0.0
523901,UNITED STATES,0.0
523914,UNITED STATES,0.0
523922,RUSSIAN FEDERATION,0.0
523927,UNITED STATES,0.0
523941,MEXICO,0.0
523957,UNITED STATES,0.0
523964,UKRAINE,0.0
524002,UNITED STATES,0.0
524038,UNITED STATES,0.0
524041,RUSSIAN FEDERATION,0.0
524056,CHINA,0.0
524072,JAPAN,0.0
524089,UKRAINE,0.0
524110,SINGAPORE,0.0
524133,INDIA,0.0
524216,INDIA,0.0
524218,PAKISTAN,0.0
524247,INDIA,0.0
524292,UNITED STATES,0.0
524304,UNITED STATES,0.0
524323,ITALY,0.0
524341,RUSSIAN FEDERATION,0.0
524355,SINGAPORE,0.0
524400,UNITED STATES,0.5
524402,BRAZIL,0.0
524440,UNITED STATES,0.0
524446,INDIA,0.0
524454,UNITED STATES,0.0
524456,UNITED STATES,0.0
524466,UNITED STATES,0.0
524474,BRAZIL,0.0
524485,UNITED STATES,0.0
524523,UKRAINE,0.0
524528,RUSSIAN FEDERATION,0.0
524547,UNITED STATES,0.0
524549,UNITED STATES,0.0
524589,UNITED STATES,0.0
524597,SINGAPORE,0.0
524630,UNITED STATES,0.0
524636,UNITED STATES,0.0
524645,UNITED STATES,0.0
524679,UNITED KINGDOM,0.0
524721,GERMANY,0.0
524756,UNITED STATES,0.0
524757,UNITED STATES,0.0
524768,AUSTRALIA,0.0
524777,UNITED STATES,0.0
524781,UNITED STATES,0.0
524794,UNITED STATES,0.0
524802,JAPAN,0.0
524803,JAPAN,0.0
524805,JAPAN,0.0
524809,JAPAN,0.0
524823,UNITED STATES,0.0
524873,UNITED STATES,0.0
524895,RUSSIAN FEDERATION,1.0
524896,UNITED STATES,0.0
524897,UNITED STATES,0.0
524901,UNITED STATES,0.0
524923,UNITED STATES,0.0
524927,INDIA,0.0
524929,UNITED STATES,0.0
524948,UNITED STATES,0.0
524952,UNITED STATES,0.0
524966,UNITED STATES,0.0
524984,AUSTRALIA,0.0
524987,UNITED STATES,0.0
525002,JAPAN,0.0
525012,JAPAN,0.0
525015,JAPAN,0.0
525026,JAPAN,0.0
525038,JAPAN,0.0
525042,JAPAN,0.0
525044,JAPAN,0.0
525066,JAPAN,0.0
525082,JAPAN,0.0
525097,JAPAN,0.0
525102,UNITED STATES,0.0
525108,UNITED STATES,0.0
525122,JAPAN,0.0
525151,UNITED STATES,0.0
525160,JAPAN,0.0
525182,JAPAN,0.0
525184,JAPAN,1.0
525192,JAPAN,0.0
525199,JAPAN,0.0
525205,JAPAN,0.0
525210,JAPAN,0.0
525212,JAPAN,0.0
525222,JAPAN,0.0
525232,JAPAN,0.0
525245,INDIA,0.0
525249,JAPAN,0.0
525254,JAPAN,0.0
525257,JAPAN,0.0
525263,JAPAN,0.0
525267,JAPAN,0.0
525276,JAPAN,0.0
525302,UNITED KINGDOM,0.0
525345,UNITED KINGDOM,0.0
525363,UNITED STATES,0.0
525368,UNITED STATES,0.0
525424,MEXICO,0.0
525426,UKRAINE,0.0
525481,UNITED STATES,0.0
525539,UNITED STATES,0.0
525544,ITALY,0.0
525546,ITALY,0.0
525558,ITALY,0.0
525565,BELGIUM,0.0
525576,UNITED STATES,0.0
525581,UNITED KINGDOM,0.0
525593,ITALY,0.0
525607,UNITED STATES,0.0
525609,UNITED STATES,0.0
525611,INDIA,0.0
525622,INDIA,0.0
525626,CHINA,0.0
525649,CHINA,0.0
525650,UNITED STATES,0.0
525697,UNITED STATES,0.0
525768,INDIA,0.0
525802,BRAZIL,0.0
525810,BRAZIL,0.0
525833,RUSSIAN FEDERATION,0.0
525849,GERMANY,0.0
525858,FRANCE,0.0
525909,UNITED STATES,0.0
525921,KENYA,0.0
525933,RUSSIAN FEDERATION,0.0
525946,UNITED STATES,0.0
525951,UNITED STATES,0.0
525952,UNITED STATES,0.0
525969,UNITED STATES,0.0
525991,UNITED STATES,0.0
525999,UNITED STATES,0.0
526015,UNITED STATES,0.0
526036,UNITED STATES,0.0
526043,UNITED STATES,0.0
526054,UNITED STATES,0.0
526073,UNITED STATES,0.0
526077,UNITED STATES,0.0
526082,UNITED STATES,0.0
526088,UNITED STATES,0.0
526096,UNITED STATES,0.0
526106,INDIA,0.0
526130,UNITED STATES,0.0
526139,BRAZIL,0.0
526151,UNITED STATES,0.0
526169,UNITED STATES,0.0
526176,UNITED STATES,0.0
526215,MEXICO,0.0
526222,UNITED STATES,0.0
526249,UNITED STATES,0.0
526256,UNITED STATES,0.0
526258,RUSSIAN FEDERATION,0.0
526265,ITALY,0.0
526274,ITALY,0.0
526283,UNITED STATES,0.0
526284,UNITED STATES,0.0
526291,UNITED STATES,0.0
526302,UNITED STATES,0.0
526306,UNITED STATES,0.0
526312,UNITED STATES,0.0
526318,UNITED STATES,0.0
526332,UNITED STATES,0.0
526343,UNITED STATES,0.0
526345,UNITED STATES,0.0
526348,UNITED STATES,0.0
526356,UNITED STATES,0.0
526375,BRAZIL,0.0
526384,UNITED STATES,0.0
526399,UNITED KINGDOM,0.0
526411,UNITED STATES,0.0
526428,BRAZIL,0.0
526457,BRAZIL,0.0
526458,PAKISTAN,0.0
526505,FRANCE,0.0
526509,RUSSIAN FEDERATION,0.0
526524,UNITED STATES,0.0
526545,UNITED STATES,0.0
526549,BRAZIL,0.0
526739,ITALY,1.0
526748,MALAYSIA,0.0
526784,BRAZIL,0.0
526831,BRAZIL,0.0
526854,MALAYSIA,0.0
526857,RUSSIAN FEDERATION,0.0
526861,INDIA,0.0
526865,UNITED STATES,0.0
526888,CHINA,0.0
526906,UNITED STATES,0.0
526930,UNITED STATES,0.0
526940,UNITED STATES,0.0
526959,BRAZIL,0.0
526983,UNITED STATES,0.0
527006,UNITED STATES,0.0
527010,BRAZIL,0.0
527019,INDIA,0.0
527024,UNITED STATES,0.0
527049,UNITED STATES,0.0
527057,BRAZIL,0.0
527070,UNITED STATES,0.0
527086,INDIA,0.0
527114,INDIA,0.0
527120,UNITED STATES,0.0
527127,UNITED STATES,0.0
527135,UNITED STATES,0.0
527143,UNITED STATES,0.0
527147,INDIA,0.0
527153,FRANCE,0.0
527170,UNITED STATES,0.0
527178,UNITED STATES,0.0
527183,UNITED STATES,0.0
527188,UNITED KINGDOM,0.0
527189,UNITED STATES,0.0
527203,UNITED STATES,0.0
527206,UNITED STATES,0.0
527208,UNITED STATES,0.0
527224,UNITED STATES,0.0
527237,UNITED STATES,0.0
527243,UNITED STATES,0.0
527256,UNITED STATES,0.0
527259,BRAZIL,0.0
527293,UNITED STATES,0.0
527301,UNITED STATES,0.0
527303,UNITED STATES,0.0
527308,BRAZIL,0.0
527362,UNITED STATES,0.0
527368,UNITED STATES,0.0
527388,ITALY,0.0
527427,GERMANY,0.0
527433,UNITED STATES,0.0
527487,UNITED STATES,0.0
527511,UNITED STATES,0.0
527519,UNITED STATES,0.0
527521,UNITED STATES,0.0
527553,UNITED STATES,0.0
527569,UNITED KINGDOM,0.0
527616,BRAZIL,0.0
527653,UNITED STATES,0.0
527654,UNITED KINGDOM,0.0
527661,CHINA,0.0
527664,UNITED STATES,0.0
527696,UNITED STATES,0.0
527707,UNITED STATES,0.0
527717,UNITED STATES,0.0
527726,UNITED STATES,0.0
527732,UNITED STATES,0.0
527740,UNITED STATES,0.0
527751,BRAZIL,0.0
527761,UNITED KINGDOM,0.0
527766,INDIA,0.0
527772,UNITED STATES,0.0
527784,UNITED KINGDOM,0.0
527798,RUSSIAN FEDERATION,0.0
527806,UNITED KINGDOM,0.0
527864,UNITED STATES,0.0
527876,GERMANY,0.0
527881,UNITED STATES,0.0
527883,RUSSIAN FEDERATION,1.0
527932,JAPAN,0.5
527936,JAPAN,0.0
527937,JAPAN,0.0
527941,JAPAN,0.0
527948,JAPAN,0.0
527949,JAPAN,1.0
527950,JAPAN,0.0
527955,JAPAN,0.0
527959,MEXICO,0.0
527967,JAPAN,0.0
527968,JAPAN,0.0
527972,JAPAN,0.0
527998,JAPAN,0.0
528001,BRAZIL,0.0
528005,UNITED STATES,0.0
528012,YEMEN,0.0
528026,UNITED STATES,0.0
528028,INDIA,0.0
528057,CHINA,0.0
528091,BRAZIL,0.0
528116,UNITED STATES,0.0
528143,UNITED STATES,0.0
528154,RUSSIAN FEDERATION,0.0
528166,UNITED KINGDOM,0.0
528190,UNITED KINGDOM,0.0
528207,RUSSIAN FEDERATION,0.0
528212,UNITED STATES,0.0
528225,CHINA,0.0
528233,UNITED STATES,0.0
528297,UNITED STATES,0.0
528309,JAPAN,0.0
528321,JAPAN,0.0
528331,JAPAN,0.0
528349,JAPAN,0.0
528362,JAPAN,0.0
528363,JAPAN,0.0
528364,JAPAN,0.0
528403,UNITED STATES,0.0
528410,JAPAN,0.0
528415,UNITED STATES,0.0
528417,JAPAN,0.0
528421,UNITED STATES,0.0
528422,UNITED STATES,0.0
528423,UNITED STATES,0.0
528434,UNITED STATES,0.0
528435,UNITED STATES,0.0
528436,UNITED STATES,0.0
528439,UNITED STATES,0.0
528445,UNITED STATES,0.0
528450,JAPAN,0.0
528454,JAPAN,0.0
528466,UNITED STATES,0.0
528478,UNITED STATES,0.0
528502,UNITED STATES,1.0
528505,UNITED STATES,0.5
528599,BRAZIL,1.0
528605,RUSSIAN FEDERATION,0.0
528623,UNITED STATES,0.0
528632,UNITED STATES,0.0
528641,UNITED STATES,0.0
528676,UNITED STATES,0.0
528687,RUSSIAN FEDERATION,0.0
528710,UNITED STATES,0.0
528729,UNITED STATES,0.0
528736,UNITED STATES,0.0
528758,UNITED STATES,0.0
528762,UNITED STATES,1.0
528771,UNITED STATES,0.0
528794,UNITED STATES,0.0
528889,FRANCE,0.0
528890,UNITED STATES,0.0
528909,SINGAPORE,0.0
528911,CHINA,0.0
528935,UNITED STATES,0.0
528944,UKRAINE,0.0
528968,UNITED STATES,0.0
528984,UNITED STATES,0.0
528991,UNITED STATES,0.0
528992,UNITED STATES,0.0
528993,UNITED STATES,0.0
528996,UNITED STATES,0.0
529007,INDIA,0.0
529054,MEXICO,0.0
529055,MEXICO,0.0
529104,UNITED STATES,0.0
529126,UNITED STATES,0.0
529155,UNITED STATES,0.0
529171,UNITED STATES,0.0
529172,UNITED STATES,0.0
529175,UNITED STATES,0.0
529209,UNITED STATES,0.0
529217,UNITED STATES,0.0
529289,UNITED STATES,0.0
529292,FRANCE,0.0
529300,UNITED STATES,0.0
529315,UNITED STATES,0.0
529325,UNITED STATES,0.0
529356,UNITED STATES,0.0
529378,UNITED STATES,0.0
529386,UNITED STATES,0.0
529397,UNITED STATES,0.0
529401,UNITED STATES,0.0
529456,FRANCE,0.0
529465,FRANCE,1.0
529466,FRANCE,0.0
529467,FRANCE,0.0
529476,RUSSIAN FEDERATION,0.0
529493,FRANCE,0.0
529511,UNITED KINGDOM,0.0
529513,UNITED KINGDOM,0.0
529522,FRANCE,0.0
529524,FRANCE,0.0
529527,FRANCE,0.0
529547,UNITED STATES,0.0
529552,KENYA,0.0
529596,UNITED KINGDOM,0.0
529605,JAPAN,0.0
529616,INDIA,0.0
529633,JAPAN,0.0
529636,JAPAN,0.0
529637,JAPAN,0.0
529638,JAPAN,0.0
529646,JAPAN,0.0
529658,JAPAN,0.0
529664,JAPAN,0.0
529683,JAPAN,0.0
529690,UNITED STATES,0.0
529705,UNITED STATES,0.0
529706,UNITED STATES,0.0
529732,UNITED STATES,0.0
529738,UNITED STATES,0.0
529748,UNITED STATES,1.0
529752,UNITED STATES,0.0
529770,GERMANY,0.0
529772,INDIA,0.0
529774,CHINA,0.0
529793,UNITED KINGDOM,0.0
529817,UNITED STATES,0.0
529826,UNITED STATES,0.0
529835,UNITED STATES,0.0
529847,UNITED STATES,0.0
529872,UNITED STATES,0.0
529884,RUSSIAN FEDERATION,0.0
529889,RUSSIAN FEDERATION,0.0
529935,UNITED STATES,0.0
529948,ITALY,0.0
529952,GERMANY,0.0
529957,UNITED STATES,0.0
529959,GERMANY,0.0
529965,UNITED KINGDOM,0.0
529974,UNITED STATES,0.0
529987,UNITED KINGDOM,0.0
530011,UNITED STATES,0.0
530013,UNITED STATES,0.0
530033,BRAZIL,0.0
530041,UNITED STATES,0.0
530068,SINGAPORE,0.0
530071,CHINA,0.0
530096,UNITED STATES,0.0
530113,MEXICO,0.0
530125,UNITED KINGDOM,0.0
530152,UNITED STATES,0.0
530153,UNITED STATES,0.0
530154,UNITED STATES,0.0
530173,UNITED STATES,0.0
530188,UNITED STATES,0.0
530189,RUSSIAN FEDERATION,0.0
530190,UNITED STATES,0.0
530191,UNITED STATES,0.0
530197,KENYA,0.0
530221,UNITED STATES,0.0
530244,JAPAN,0.0
530246,JAPAN,0.0
530261,GERMANY,0.0
530274,UNITED STATES,0.0
530282,UNITED STATES,0.0
530288,UNITED STATES,0.0
530320,UNITED STATES,0.0
530325,UNITED KINGDOM,0.0
530364,INDIA,0.0
530377,UNITED STATES,0.0
530385,UNITED STATES,0.0
530389,UNITED STATES,0.0
530390,JAPAN,0.0
530435,UNITED STATES,0.0
530484,UNITED STATES,0.0
530485,GERMANY,0.0
530500,JAPAN,0.0
530501,UNITED STATES,0.0
530528,UNITED STATES,0.0
530551,BRAZIL,0.0
530565,UKRAINE,0.0
530577,UNITED STATES,0.0
530580,JAPAN,0.0
530588,GERMANY,0.0
530601,UNITED STATES,0.0
530602,JAPAN,1.0
530611,AUSTRALIA,0.0
530617,UNITED STATES,0.0
530701,UNITED STATES,1.0
530708,UNITED STATES,0.0
530748,UNITED STATES,0.0
530793,RUSSIAN FEDERATION,0.0
530821,GERMANY,0.0
530831,UNITED KINGDOM,0.0
530834,MEXICO,0.0
530836,MEXICO,0.0
530845,UNITED STATES,0.0
530856,UNITED STATES,0.0
530868,UNITED STATES,0.0
530874,UNITED STATES,0.0
530892,UNITED STATES,0.0
530897,UNITED STATES,0.0
530898,UNITED STATES,0.0
530899,UNITED STATES,0.0
530932,UNITED STATES,0.0
530960,UNITED STATES,0.0
530967,BRAZIL,0.0
530970,CHINA,0.0
530988,CHINA,0.0
531006,UNITED STATES,0.0
531021,UNITED STATES,0.0
531030,FRANCE,0.0
531034,UNITED STATES,0.0
531098,UNITED STATES,0.0
531108,UNITED STATES,0.0
531120,UNITED STATES,0.0
531174,ITALY,0.0
531217,INDIA,0.0
531231,UKRAINE,0.0
531250,UNITED STATES,0.0
531256,UNITED STATES,0.0
531257,UNITED STATES,0.0
531258,UNITED STATES,0.0
531276,UNITED STATES,0.0
531289,JAPAN,0.0
531292,JAPAN,0.0
531297,UNITED STATES,0.0
531311,FRANCE,0.0
531335,MALAYSIA,0.0
531341,ITALY,0.0
531346,ITALY,0.0
531357,AUSTRALIA,0.0
531380,UNITED STATES,0.0
531386,UNITED STATES,0.0
531393,BRAZIL,0.0
531409,UNITED STATES,0.0
531422,FRANCE,0.0
531427,INDIA,0.0
531429,UNITED STATES,0.0
531433,UNITED STATES,0.0
531446,UNITED STATES,0.0
531463,UNITED STATES,0.0
531472,UNITED STATES,0.0
531516,UNITED STATES,0.0
531518,UNITED STATES,0.0
531527,UNITED STATES,0.0
531542,ITALY,0.0
531577,UNITED STATES,0.0
531609,UNITED STATES,0.0
531623,BRAZIL,0.0
531627,UNITED KINGDOM,0.0
531662,INDIA,0.0
531664,BRAZIL,0.0
531669,YEMEN,0.0
531694,UKRAINE,0.0
531710,UNITED KINGDOM,0.0
531787,UNITED STATES,0.0
531788,UNITED STATES,0.0
531833,ITALY,0.0
531849,INDIA,0.0
531858,INDIA,0.0
531859,RUSSIAN FEDERATION,0.0
531874,UNITED STATES,0.0
531875,UNITED STATES,0.0
531878,UNITED STATES,0.0
531886,UNITED STATES,0.0
531932,UNITED KINGDOM,0.0
531953,UNITED STATES,0.0
531958,UNITED STATES,0.0
531962,UNITED STATES,0.0
531965,UKRAINE,0.0
532028,UNITED STATES,0.0
532035,UNITED STATES,0.0
532036,UNITED STATES,0.0
532074,UNITED STATES,0.0
532086,UNITED STATES,0.0
532107,UNITED STATES,0.0
532118,INDIA,0.0
532134,UNITED STATES,0.0
532150,UNITED KINGDOM,0.0
532170,JAPAN,0.0
532176,JAPAN,0.0
532213,UNITED STATES,0.0
532227,UNITED STATES,0.0
532228,UNITED STATES,0.0
532250,UNITED STATES,0.0
532256,UNITED STATES,0.0
532258,UNITED STATES,0.0
532267,UNITED STATES,0.0
532294,UNITED STATES,0.0
532300,UNITED STATES,0.0
532320,UNITED KINGDOM,0.0
532336,RUSSIAN FEDERATION,0.0
532351,UNITED STATES,0.0
532362,UNITED STATES,0.0
532366,UNITED STATES,1.0
532407,UNITED STATES,0.0
532421,CHINA,0.0
532473,BRAZIL,0.0
532474,BRAZIL,1.0
532475,UNITED STATES,0.0
532488,UNITED STATES,0.0
532492,UNITED STATES,0.0
532497,UNITED STATES,0.0
532499,UNITED STATES,0.0
532502,UNITED STATES,0.0
532511,UNITED STATES,0.0
532513,UNITED STATES,0.0
532549,ITALY,0.0
532583,UNITED STATES,0.0
532644,UNITED STATES,0.0
532662,INDIA,0.0
532669,MALAYSIA,0.0
532670,UNITED KINGDOM,0.0
532706,MALAYSIA,0.0
532731,INDIA,0.0
532742,UNITED STATES,1.0
532765,FRANCE,0.0
532815,UNITED STATES,0.0
532826,FRANCE,0.0
532838,UNITED STATES,0.0
532842,UNITED STATES,0.0
532848,UNITED STATES,0.0
532920,UNITED STATES,0.0
532924,BRAZIL,0.0
532926,JAPAN,0.0
532930,BRAZIL,0.0
532942,UNITED STATES,0.0
532956,FRANCE,0.0
532983,UNITED STATES,0.0
532985,UNITED STATES,0.0
532992,UNITED STATES,0.0
533009,UNITED KINGDOM,0.0
533019,FRANCE,0.0
533047,UNITED STATES,0.0
533064,UNITED STATES,0.0
533075,UNITED STATES,0.0
533098,UNITED STATES,0.0
533099,UNITED STATES,0.0
533102,INDIA,0.0
533121,INDIA,0.0
533137,UNITED STATES,0.0
533138,UNITED STATES,0.0
533158,UNITED STATES,0.0
533171,UNITED STATES,0.0
533185,CHINA,0.0
533194,UKRAINE,0.0
533201,RUSSIAN FEDERATION,0.0
533203,ITALY,0.0
533221,UNITED STATES,0.0
533246,UNITED STATES,0.0
533268,UNITED STATES,0.0
533279,UNITED STATES,0.0
533284,UNITED STATES,1.0
533306,UNITED STATES,0.0
533312,BRAZIL,0.0
533329,FRANCE,0.0
533346,UNITED STATES,0.0
533354,UNITED STATES,0.0
533391,UNITED STATES,0.0
533392,MALAYSIA,0.0
533395,UNITED STATES,0.0
533413,KENYA,0.0
533432,KENYA,0.0
533438,UNITED STATES,0.0
533440,UNITED STATES,0.0
533450,UNITED STATES,0.0
533454,UNITED STATES,0.0
533467,INDIA,0.0
533469,RUSSIAN FEDERATION,1.0
533492,JAPAN,0.0
533496,JAPAN,0.0
533512,UNITED KINGDOM,0.0
533541,JAPAN,1.0
533580,UNITED STATES,0.0
533582,BRAZIL,0.0
533592,UNITED STATES,0.0
533600,JAPAN,0.0
533606,UNITED STATES,0.0
533610,JAPAN,0.0
533627,UNITED KINGDOM,0.0
533644,UNITED STATES,0.0
533650,JAPAN,0.0
533658,UNITED STATES,0.0
533669,RUSSIAN FEDERATION,0.0
533679,UNITED STATES,0.0
533709,UNITED STATES,0.0
533711,UNITED STATES,0.5
533731,UKRAINE,0.0
533739,UNITED STATES,0.0
533755,UNITED STATES,0.0
533793,RUSSIAN FEDERATION,1.0
533794,RUSSIAN FEDERATION,0.0
533801,FRANCE,0.0
533818,UNITED STATES,0.0
533838,PAKISTAN,1.0
533868,JAPAN,0.0
533873,GERMANY,0.0
533878,UNITED STATES,0.0
533901,UNITED KINGDOM,0.0
533918,UNITED STATES,0.0
533920,BRAZIL,0.0
533926,UNITED STATES,0.0
533943,UNITED STATES,0.0
533997,UNITED STATES,0.0
534001,UNITED STATES,0.0
534008,UNITED STATES,0.0
534010,UNITED STATES,0.0
534016,UNITED STATES,0.0
534026,UNITED STATES,0.0
534044,INDIA,0.0
534051,UNITED STATES,0.0
534064,UNITED STATES,0.0
534071,UNITED STATES,0.0
534074,UNITED STATES,0.0
534080,UNITED STATES,0.0
534117,FRANCE,0.0
534181,UNITED STATES,0.0
534196,MEXICO,0.0
534201,UNITED STATES,0.0
534213,UNITED STATES,0.0
534234,UNITED STATES,0.0
534235,UNITED STATES,0.0
534275,UNITED KINGDOM,0.0
534310,UNITED STATES,0.0
534334,INDIA,0.0
534338,UNITED STATES,0.0
534367,UNITED STATES,0.0
534370,UNITED STATES,0.0
534371,UNITED STATES,0.0
534386,UNITED STATES,0.0
534389,UNITED STATES,0.0
534456,UNITED STATES,0.0
534466,UNITED STATES,0.0
534472,UKRAINE,0.0
534473,BELGIUM,0.0
534497,UNITED STATES,0.0
534503,BRAZIL,0.0
534508,UNITED STATES,0.0
534513,BRAZIL,0.0
534540,BRAZIL,0.0
534548,MEXICO,0.0
534581,BRAZIL,1.0
534636,UNITED STATES,0.0
534648,BELGIUM,0.0
534690,UNITED STATES,0.0
534694,UNITED STATES,0.0
534711,UNITED STATES,0.0
534729,UNITED STATES,1.0
534737,UNITED STATES,0.0
534740,UNITED STATES,0.0
534743,UNITED STATES,0.0
534752,UNITED STATES,0.0
534758,UNITED STATES,0.0
534759,UNITED STATES,0.0
534770,UNITED STATES,0.0
534775,UNITED STATES,1.0
534779,UNITED STATES,1.0
534786,UNITED STATES,0.0
534798,GERMANY,0.0
534805,UNITED STATES,0.0
534815,UNITED STATES,0.0
534822,UNITED STATES,0.0
534842,UNITED STATES,0.0
534847,UNITED STATES,0.0
534854,UNITED STATES,0.0
534878,UNITED STATES,0.0
534892,JAPAN,0.0
534897,UNITED STATES,0.0
534902,UNITED STATES,0.0
534904,UNITED STATES,0.0
534914,UNITED STATES,0.0
534928,UNITED STATES,0.0
534930,AUSTRALIA,0.0
534943,UNITED STATES,0.0
534963,UNITED STATES,0.0
534964,UNITED STATES,0.0
534970,UNITED STATES,0.0
534973,UNITED STATES,0.0
534988,UNITED STATES,0.0
534991,UNITED STATES,0.0
535029,FRANCE,0.0
535033,UNITED STATES,0.0
535059,RUSSIAN FEDERATION,0.0
535061,RUSSIAN FEDERATION,0.0
535080,UNITED STATES,0.0
535108,RUSSIAN FEDERATION,0.0
535119,UNITED KINGDOM,0.0
535148,UKRAINE,0.0
535199,UNITED KINGDOM,0.0
535215,UNITED KINGDOM,0.0
535227,UKRAINE,0.0
535243,ITALY,0.0
535262,FRANCE,0.0
535286,FRANCE,0.0
535299,GERMANY,0.0
535305,UKRAINE,0.0
535312,BRAZIL,0.0
535324,FRANCE,0.0
535339,UNITED KINGDOM,0.0
535379,UNITED STATES,0.0
535380,UNITED STATES,0.0
535385,UNITED STATES,0.0
535428,UKRAINE,0.0
535437,UNITED KINGDOM,0.0
535439,UKRAINE,0.0
535476,ITALY,0.0
535572,ITALY,0.0
535584,GERMANY,0.0
535605,UNITED KINGDOM,0.0
535606,UKRAINE,0.0
535627,UNITED KINGDOM,0.0
535642,GERMANY,0.0
535668,UNITED KINGDOM,0.0
535669,UNITED KINGDOM,0.0
535680,GERMANY,0.0
535733,ITALY,0.0
535753,UNITED KINGDOM,0.0
535759,ITALY,0.0
535794,GERMANY,0.0
535807,UNITED KINGDOM,0.0
535824,UNITED STATES,0.0
535841,BRAZIL,0.0
535855,UNITED STATES,0.0
535858,BRAZIL,0.0
535863,BRAZIL,0.0
535887,CHINA,0.0
535901,BRAZIL,0.0
535912,CHINA,0.0
535961,MEXICO,0.0
535973,UNITED STATES,0.0
535991,PAKISTAN,0.0
535992,UNITED STATES,0.0
536012,INDIA,0.0
536027,UNITED STATES,0.0
536063,UNITED STATES,0.0
536081,UNITED STATES,0.0
536112,UNITED STATES,0.0
536118,UNITED STATES,0.0
536131,UNITED STATES,0.0
536132,INDIA,0.0
536173,KENYA,1.0
536189,UNITED STATES,0.0
536193,UNITED STATES,0.0
536199,UNITED STATES,0.0
536216,BRAZIL,0.0
536232,UNITED STATES,0.0
536267,RUSSIAN FEDERATION,0.0
536278,UNITED STATES,0.0
536319,UNITED STATES,0.0
536352,UNITED STATES,0.0
536376,UNITED STATES,0.0
536378,UNITED STATES,0.0
536384,UNITED KINGDOM,0.0
536404,BRAZIL,0.0
536425,UNITED STATES,0.0
536456,RUSSIAN FEDERATION,0.0
536461,UNITED STATES,0.0
536477,UNITED STATES,0.0
536478,UNITED STATES,0.0
536484,UNITED STATES,0.0
536496,BELGIUM,0.0
536497,ITALY,0.0
536521,BELGIUM,0.0
536534,UNITED STATES,0.0
536568,FRANCE,0.0
536575,SINGAPORE,0.0
536590,ITALY,0.0
536593,INDIA,0.0
536602,UNITED STATES,0.0
536605,UNITED STATES,0.0
536606,UNITED STATES,0.5
536609,UNITED STATES,0.0
536611,CHINA,0.0
536631,PAKISTAN,0.0
536640,UNITED STATES,0.0
536695,UNITED STATES,0.0
536703,UNITED STATES,0.0
536715,UNITED STATES,0.0
536716,UNITED STATES,0.0
536721,UNITED STATES,0.0
536731,UNITED STATES,0.0
536738,UNITED STATES,0.0
536767,UNITED STATES,0.0
536778,UNITED STATES,0.0
536791,UNITED STATES,0.0
536797,UNITED STATES,0.0
536811,UNITED STATES,0.0
536826,BRAZIL,0.0
536833,BRAZIL,0.0
536841,UNITED STATES,0.0
536851,UNITED STATES,0.0
536864,UNITED STATES,0.0
536867,UNITED STATES,0.0
536891,UNITED STATES,0.0
536912,UNITED STATES,0.0
536932,UNITED STATES,0.0
536941,UNITED STATES,0.0
536948,UNITED KINGDOM,0.0
536962,UNITED STATES,0.0
536990,UNITED STATES,0.0
537039,CHINA,0.0
537043,UNITED KINGDOM,0.0
537063,FRANCE,0.0
537097,UNITED STATES,0.0
537110,BRAZIL,0.0
537128,UNITED STATES,0.0
537160,UNITED STATES,1.0
537167,UNITED STATES,0.0
537223,UNITED KINGDOM,0.0
537232,UNITED KINGDOM,0.0
537234,FRANCE,0.0
537280,UNITED STATES,0.0
537282,UNITED KINGDOM,0.0
537285,UNITED KINGDOM,0.0
537293,UNITED KINGDOM,0.0
537303,UNITED KINGDOM,0.0
537310,UNITED KINGDOM,0.0
537333,UNITED KINGDOM,0.0
537338,UNITED KINGDOM,0.0
537356,UNITED KINGDOM,0.0
537371,UNITED KINGDOM,0.0
537380,UNITED KINGDOM,0.0
537385,UNITED KINGDOM,0.0
537390,UNITED KINGDOM,0.0
537392,UNITED KINGDOM,0.0
537394,UNITED STATES,0.0
537396,UNITED KINGDOM,1.0
537488,UNITED KINGDOM,0.0
537508,UNITED STATES,0.0
537532,UNITED KINGDOM,0.0
537553,UKRAINE,0.0
537555,UKRAINE,0.0
537557,UNITED KINGDOM,0.0
537593,UKRAINE,0.0
537617,UNITED STATES,0.0
537635,UNITED STATES,0.0
537704,UNITED STATES,0.0
537705,RUSSIAN FEDERATION,0.0
537735,RUSSIAN FEDERATION,0.0
537737,PAKISTAN,0.0
537747,UNITED KINGDOM,0.0
537758,UNITED STATES,0.0
537776,ITALY,0.0
537870,UNITED KINGDOM,0.0
537901,UNITED STATES,0.0
537916,UNITED STATES,0.0
537918,UNITED STATES,0.0
537938,MEXICO,1.0
537946,UNITED STATES,0.0
537955,UNITED STATES,0.0
537959,UNITED STATES,0.0
537960,CHINA,0.0
537973,YEMEN,0.0
537982,UNITED STATES,0.0
537984,MEXICO,0.0
537992,MALAYSIA,0.0
537997,RUSSIAN FEDERATION,0.0
538045,UNITED STATES,0.0
538047,UNITED STATES,0.0
538057,UNITED STATES,0.0
538060,UNITED STATES,0.0
538068,UNITED STATES,0.0
538072,UNITED STATES,0.0
538095,UNITED STATES,0.0
538122,UNITED STATES,0.0
538132,UNITED STATES,0.0
538171,UNITED STATES,0.0
538178,UKRAINE,0.0
538203,UNITED STATES,0.0
538223,UNITED STATES,0.0
538229,UNITED STATES,0.0
538232,UNITED STATES,0.0
538233,UNITED STATES,0.0
538245,UNITED STATES,0.0
538266,UNITED STATES,0.0
538267,ITALY,0.0
538268,UNITED STATES,0.0
538271,UNITED STATES,0.0
538274,UNITED STATES,0.0
538278,UNITED STATES,0.0
538289,UNITED STATES,0.0
538290,UNITED STATES,0.0
538292,UNITED STATES,0.0
538299,UNITED STATES,0.0
538304,UNITED STATES,0.0
538313,UNITED STATES,0.0
538314,UNITED STATES,0.0
538321,UNITED STATES,0.0
538323,UNITED STATES,1.0
538332,UNITED STATES,0.0
538334,UNITED STATES,0.0
538342,UNITED STATES,0.0
538345,UNITED STATES,0.0
538347,UNITED STATES,0.0
538359,UNITED STATES,0.0
538365,UNITED STATES,0.0
538388,UNITED STATES,0.0
538403,CHINA,0.0
538435,UNITED KINGDOM,0.0
538440,JAPAN,0.0
538447,AUSTRALIA,0.0
538451,BRAZIL,0.0
538454,BRAZIL,0.0
538466,UNITED STATES,0.0
538471,UNITED STATES,0.0
538475,UNITED STATES,1.0
538490,UNITED STATES,0.0
538495,UNITED STATES,0.0
538499,UNITED STATES,0.0
538503,UNITED STATES,0.0
538509,UNITED STATES,0.0
538519,AUSTRALIA,0.0
538520,UNITED STATES,0.0
538522,UNITED STATES,0.0
538530,UNITED STATES,0.0
538539,UNITED STATES,0.5
538545,UNITED STATES,0.0
538546,UNITED STATES,0.0
538549,UNITED STATES,0.0
538558,UNITED STATES,0.0
538580,UNITED STATES,0.0
538581,UNITED STATES,0.0
538586,UNITED STATES,0.0
538589,UNITED STATES,0.0
538590,UNITED STATES,0.0
538592,UNITED STATES,0.0
538599,UNITED STATES,0.0
538600,UNITED KINGDOM,0.0
538629,INDIA,0.0
538656,AUSTRALIA,0.0
538657,AUSTRALIA,0.0
538658,AUSTRALIA,0.0
538667,FRANCE,0.0
538670,ITALY,0.0
538672,GERMANY,0.0
538673,UNITED STATES,0.0
538674,UNITED KINGDOM,0.0
538677,UNITED KINGDOM,1.0
538679,UNITED KINGDOM,0.0
538691,JAPAN,0.0
538702,UNITED STATES,0.0
538743,UNITED KINGDOM,0.0
538747,UNITED STATES,0.0
538790,UNITED STATES,0.0
538826,UNITED STATES,0.0
538861,UNITED STATES,0.0
538870,INDIA,0.0
538897,UNITED STATES,0.0
538910,UNITED STATES,0.0
538912,UNITED STATES,0.0
538923,UNITED STATES,0.0
538934,UNITED STATES,0.0
538938,UNITED STATES,0.0
538967,PAKISTAN,0.0
538981,UNITED STATES,0.0
539000,UNITED STATES,0.0
539001,BRAZIL,0.0
539012,BRAZIL,0.0
539013,UNITED STATES,0.0
539028,BRAZIL,0.0
539053,UNITED STATES,0.0
539062,BRAZIL,0.0
539074,BRAZIL,0.0
539090,BRAZIL,0.0
539108,UNITED STATES,0.0
539111,UNITED STATES,0.0
539121,UNITED STATES,0.0
539136,PAKISTAN,0.0
539154,UNITED STATES,0.0
539183,UNITED STATES,1.0
539205,RUSSIAN FEDERATION,0.0
539317,UNITED STATES,0.0
539319,BRAZIL,0.0
539323,BRAZIL,0.0
539335,UNITED STATES,0.0
539340,UNITED STATES,0.0
539350,UNITED STATES,0.0
539359,UNITED STATES,0.0
539366,UNITED KINGDOM,0.0
539372,UNITED STATES,0.0
539388,CHINA,0.0
539397,UNITED STATES,0.0
539409,UNITED STATES,0.0
539421,UNITED STATES,1.0
539430,UNITED STATES,1.0
539431,UNITED STATES,0.0
539440,UNITED STATES,0.0
539449,UNITED STATES,0.0
539451,UNITED STATES,0.0
539456,UNITED STATES,0.0
539476,PAKISTAN,0.0
539509,UNITED STATES,0.0
539515,UNITED STATES,1.0
539556,UNITED STATES,0.0
539569,UNITED STATES,0.0
539581,BELGIUM,0.0
539613,RUSSIAN FEDERATION,0.0
539639,UNITED STATES,0.0
539672,MEXICO,0.0
539676,UNITED STATES,0.0
539678,UNITED STATES,0.0
539686,UNITED STATES,0.0
539692,UNITED STATES,0.0
539693,AUSTRALIA,0.0
539696,MALAYSIA,0.0
539704,RUSSIAN FEDERATION,0.0
539710,INDIA,0.0
539726,RUSSIAN FEDERATION,0.0
539741,UNITED STATES,0.0
539745,UNITED STATES,0.0
539748,UNITED STATES,0.0
539754,UNITED STATES,1.0
539755,UNITED STATES,0.0
539761,UNITED STATES,0.0
539774,UNITED STATES,1.0
539776,UNITED STATES,0.0
539786,UNITED STATES,0.0
539816,UNITED STATES,0.0
539843,UNITED STATES,0.0
539882,UNITED STATES,0.0
539896,RUSSIAN FEDERATION,0.0
539928,UNITED STATES,0.0
539954,RUSSIAN FEDERATION,0.0
539955,MEXICO,0.0
540011,UNITED KINGDOM,0.0
540074,UNITED STATES,0.0
540098,UNITED STATES,0.0
540151,UNITED STATES,0.0
540166,UNITED STATES,0.0
540213,JAPAN,0.0
540216,BRAZIL,0.0
540245,UNITED KINGDOM,0.0
540251,UNITED KINGDOM,0.0
540256,MALAYSIA,0.0
540301,UNITED STATES,0.0
540312,UNITED STATES,0.0
540314,UNITED STATES,0.0
540327,UNITED STATES,0.0
540348,UNITED STATES,0.0
540349,UNITED STATES,0.0
540350,SINGAPORE,0.0
540354,UNITED STATES,0.0
540356,UNITED STATES,0.0
540359,UNITED STATES,0.0
540424,UNITED STATES,0.0
540453,UNITED KINGDOM,0.0
540471,UNITED KINGDOM,0.0
540478,MALAYSIA,0.0
540499,RUSSIAN FEDERATION,0.0
540517,BRAZIL,0.0
540527,UNITED STATES,0.0
540529,INDIA,0.0
540535,BRAZIL,0.0
540543,SINGAPORE,0.0
540564,INDIA,0.0
540576,UNITED STATES,0.0
540592,UNITED STATES,0.0
540608,ITALY,0.0
540610,ITALY,0.0
540616,RUSSIAN FEDERATION,0.0
540629,UNITED STATES,0.0
540672,UNITED KINGDOM,0.0
540674,RUSSIAN FEDERATION,0.0
540693,UNITED STATES,0.0
540707,UNITED STATES,0.0
540712,JAPAN,0.0
540757,UNITED STATES,0.0
540760,BRAZIL,0.0
540783,UNITED STATES,0.0
540803,UNITED STATES,0.0
540809,UNITED STATES,0.0
540818,UNITED STATES,0.0
540830,UNITED STATES,0.0
540831,UNITED STATES,0.0
540832,UNITED STATES,0.0
540891,BRAZIL,0.0
540905,BRAZIL,0.0
540906,UNITED STATES,0.0
540907,UNITED STATES,0.0
540924,UNITED STATES,0.0
540933,UNITED STATES,0.0
540941,RUSSIAN FEDERATION,0.0
540943,GERMANY,1.0
540955,UNITED STATES,0.0
540964,UNITED KINGDOM,1.0
540975,UNITED STATES,0.0
540984,UNITED STATES,0.0
540992,UNITED STATES,0.0
540999,UNITED STATES,0.0
541002,UNITED KINGDOM,0.0
541056,UNITED STATES,0.0
541075,UNITED STATES,0.0
541080,UNITED STATES,0.0
541090,UNITED STATES,0.0
541098,UNITED STATES,0.0
541144,UNITED STATES,0.0
541234,MALAYSIA,0.0
541239,UNITED STATES,0.0
541263,INDIA,0.0
541269,RUSSIAN FEDERATION,1.0
541287,SINGAPORE,0.0
541298,MEXICO,0.0
541305,UNITED STATES,0.0
541314,UNITED STATES,0.0
541317,UNITED STATES,0.0
541325,UNITED STATES,0.0
541333,BELGIUM,0.0
541355,UNITED STATES,0.0
541382,UNITED STATES,1.0
541390,UNITED STATES,0.0
541391,UNITED STATES,0.0
541411,UNITED STATES,0.0
541415,MALAYSIA,0.0
541441,UNITED STATES,1.0
541448,UNITED STATES,0.0
541474,UNITED STATES,1.0
541490,UNITED STATES,0.0
541493,UNITED STATES,0.0
541513,UNITED STATES,0.0
541519,UNITED STATES,0.0
541531,UNITED STATES,0.0
541565,RUSSIAN FEDERATION,0.0
541568,UNITED STATES,0.0
541580,UNITED STATES,0.0
541586,UNITED STATES,1.0
541596,UNITED STATES,0.0
541603,UNITED KINGDOM,0.0
541605,UNITED STATES,0.0
541634,UNITED STATES,0.0
541652,UNITED STATES,0.0
541657,UNITED STATES,0.0
541670,UNITED STATES,0.0
541740,BRAZIL,0.0
541741,UNITED STATES,0.0
541770,MALAYSIA,0.0
541774,UNITED STATES,0.0
541825,UNITED STATES,0.0
541838,UNITED STATES,0.0
541851,UNITED STATES,0.0
541861,BRAZIL,0.0
541870,UNITED STATES,0.0
541880,UNITED STATES,0.0
541904,RUSSIAN FEDERATION,0.0
541906,UNITED STATES,0.0
541928,UNITED STATES,0.0
541930,UNITED STATES,0.0
541933,UNITED STATES,0.0
541957,UNITED STATES,0.0
541958,UNITED STATES,0.0
541962,ITALY,0.0
541968,UNITED STATES,0.0
541983,RUSSIAN FEDERATION,0.0
541992,KENYA,0.0
541993,UNITED STATES,0.0
542004,UNITED KINGDOM,0.0
542049,RUSSIAN FEDERATION,0.0
542066,UNITED STATES,0.0
542076,UNITED STATES,0.0
542078,UNITED STATES,0.0
542096,UNITED STATES,0.0
542103,UNITED STATES,0.0
542106,UNITED STATES,0.0
542107,UNITED STATES,0.0
542115,UNITED STATES,0.0
542118,UNITED STATES,0.0
542120,UNITED STATES,0.0
542125,SINGAPORE,0.0
542142,UNITED STATES,0.0
542166,UNITED STATES,0.0
542213,SINGAPORE,0.0
542227,UNITED KINGDOM,0.0
542229,UNITED STATES,0.0
542232,UNITED STATES,0.0
542253,UNITED STATES,0.0
542274,UNITED STATES,0.0
542286,MEXICO,0.0
542323,UNITED STATES,0.0
542333,BELGIUM,0.0
542345,UNITED STATES,0.0
542363,UNITED KINGDOM,0.0
542370,UNITED STATES,0.0
542377,UNITED STATES,0.0
542420,UNITED STATES,0.0
542446,UNITED KINGDOM,0.0
542470,UNITED STATES,0.0
542475,RUSSIAN FEDERATION,1.0
542512,UNITED STATES,0.0
542528,BRAZIL,0.0
542533,UNITED KINGDOM,0.0
542571,UNITED STATES,1.0
542573,UNITED STATES,0.0
542574,UNITED STATES,0.0
542578,BRAZIL,0.0
542622,BRAZIL,0.0
542655,UNITED STATES,0.0
542659,UNITED STATES,0.0
542679,BRAZIL,0.0
542696,AUSTRALIA,0.0
542706,UNITED STATES,0.0
542760,UNITED STATES,0.0
542811,UNITED STATES,0.0
542888,BRAZIL,0.0
542903,UNITED STATES,0.0
542921,UNITED STATES,0.0
542928,UNITED STATES,0.0
542929,UNITED STATES,0.0
542938,UNITED KINGDOM,0.0
542939,CHINA,0.0
542957,SINGAPORE,0.0
542973,UNITED STATES,0.0
542975,UNITED STATES,0.0
542979,UNITED STATES,0.0
542988,UNITED STATES,0.0
542994,UNITED STATES,0.0
543010,UNITED STATES,0.0
543015,RUSSIAN FEDERATION,0.0
543028,UNITED STATES,0.0
543059,UNITED STATES,0.0
543061,UNITED KINGDOM,0.0
543063,MALAYSIA,0.0
543071,GERMANY,0.0
543096,UNITED STATES,0.0
543107,UNITED STATES,0.0
543129,UNITED STATES,0.0
543161,UNITED STATES,0.0
543166,UNITED KINGDOM,0.0
543184,UNITED STATES,0.0
543186,INDIA,0.0
543208,UNITED STATES,0.0
543251,ITALY,0.0
543272,UNITED STATES,0.0
543295,UNITED STATES,0.0
543311,MALAYSIA,0.0
543360,UNITED STATES,0.0
543361,UNITED STATES,0.0
543365,UNITED STATES,0.0
543388,UNITED STATES,0.0
543391,BRAZIL,0.0
543414,UNITED STATES,0.0
543417,JAPAN,0.0
543465,UNITED STATES,0.0
543466,UNITED STATES,0.0
543471,UNITED KINGDOM,0.0
543475,UNITED KINGDOM,0.0
543478,UNITED KINGDOM,0.0
543524,UNITED STATES,0.0
543557,UNITED KINGDOM,0.0
543559,BRAZIL,0.0
543567,UNITED STATES,0.0
543568,AUSTRALIA,0.0
543569,UNITED STATES,0.0
543574,SINGAPORE,0.0
543579,UNITED STATES,0.0
543584,UNITED STATES,0.0
543620,RUSSIAN FEDERATION,0.0
543623,MALAYSIA,0.0
543659,SINGAPORE,0.0
543660,BRAZIL,0.0
543662,MEXICO,0.0
543663,UNITED STATES,0.0
543668,UNITED STATES,0.0
543674,UNITED STATES,0.5
543679,MALAYSIA,0.0
543685,UNITED STATES,0.0
543698,SINGAPORE,0.0
543721,UNITED STATES,0.0
543749,RUSSIAN FEDERATION,0.0
543767,UNITED STATES,0.0
543772,UNITED STATES,0.0
543775,UNITED STATES,0.0
543830,UNITED STATES,0.0
543841,UNITED STATES,0.0
543859,UNITED STATES,0.0
543868,UNITED STATES,0.0
543878,UNITED STATES,0.0
543934,GERMANY,1.0
543949,UNITED STATES,0.0
543950,UNITED STATES,0.0
543951,UNITED STATES,0.0
543966,BRAZIL,0.0
543969,UNITED KINGDOM,0.0
543973,UNITED STATES,0.0
543989,UNITED STATES,0.0
543991,UNITED STATES,0.0
543999,UNITED STATES,1.0
544000,FRANCE,0.0
544001,UNITED STATES,0.0
544022,RUSSIAN FEDERATION,0.0
544054,GERMANY,0.0
544068,UNITED STATES,0.0
544130,ITALY,0.0
544139,UNITED STATES,0.0
544154,UNITED STATES,0.0
544161,UNITED STATES,0.0
544165,BRAZIL,0.0
544183,UNITED STATES,0.0
544210,CHINA,0.0
544215,UNITED STATES,0.0
544229,MEXICO,0.0
544230,UNITED STATES,0.0
544238,UNITED STATES,0.0
544250,JAPAN,1.0
544263,RUSSIAN FEDERATION,0.0
544278,UNITED STATES,0.0
544282,UNITED STATES,0.0
544292,UNITED STATES,0.0
544341,UNITED STATES,0.0
544349,UNITED STATES,0.0
544368,UNITED STATES,0.0
544381,INDIA,0.0
544407,UNITED STATES,0.0
544443,UNITED STATES,0.0
544445,RUSSIAN FEDERATION,0.0
544447,AUSTRALIA,0.0
544463,UNITED STATES,0.0
544475,UNITED STATES,0.0
544484,UNITED STATES,0.0
544495,UKRAINE,0.0
544516,UNITED STATES,0.0
544550,MEXICO,0.0
544554,BRAZIL,0.0
544556,UNITED STATES,0.0
544575,INDIA,0.0
544582,UNITED STATES,0.0
544589,GERMANY,0.0
544601,UNITED STATES,0.0
544639,RUSSIAN FEDERATION,0.0
544652,MEXICO,0.0
544654,BRAZIL,1.0
544668,BRAZIL,1.0
544693,UNITED STATES,0.0
544704,UNITED STATES,0.0
544721,UNITED STATES,0.0
544734,JAPAN,0.0
544737,UNITED STATES,0.0
544777,UNITED STATES,0.0
544801,UNITED STATES,0.0
544802,UNITED STATES,0.0
544805,UNITED STATES,0.0
544819,BRAZIL,0.0
544827,UNITED KINGDOM,0.0
544848,BRAZIL,0.0
544851,BRAZIL,0.0
544865,BRAZIL,0.0
544878,RUSSIAN FEDERATION,0.0
544888,GERMANY,0.0
544899,RUSSIAN FEDERATION,0.0
544904,UKRAINE,0.0
544924,UNITED STATES,0.0
544951,UNITED STATES,0.0
544953,UNITED STATES,0.0
544973,UNITED STATES,0.0
544989,UNITED STATES,0.0
545035,ITALY,0.0
545038,RUSSIAN FEDERATION,0.0
545056,UNITED STATES,0.0
545059,UNITED STATES,0.0
545060,UNITED STATES,0.0
545084,UNITED STATES,0.0
545117,RUSSIAN FEDERATION,0.0
545125,GERMANY,0.0
545141,UNITED KINGDOM,0.0
545152,RUSSIAN FEDERATION,0.0
545204,RUSSIAN FEDERATION,0.0
545207,INDIA,0.0
545208,UNITED STATES,0.0
545210,UNITED STATES,0.0
545231,UNITED KINGDOM,0.0
545255,UNITED KINGDOM,0.0
545264,UKRAINE,0.0
545283,GERMANY,1.0
545293,RUSSIAN FEDERATION,0.0
545323,UNITED STATES,1.0
545325,MEXICO,0.0
545333,BELGIUM,0.0
545393,CHINA,0.0
545404,BRAZIL,0.0
545406,UNITED STATES,0.0
545412,UNITED STATES,0.0
545432,UNITED STATES,0.0
545437,UNITED STATES,0.0
545443,UNITED STATES,0.0
545448,UNITED STATES,0.0
545460,UNITED KINGDOM,0.0
545470,UNITED STATES,0.0
545472,RUSSIAN FEDERATION,0.0
545483,UNITED STATES,0.0
545485,UNITED STATES,0.0
545500,BRAZIL,0.0
545552,UNITED STATES,0.0
545587,UNITED STATES,0.0
545604,UNITED STATES,0.0
545632,UNITED STATES,0.5
545634,UNITED STATES,0.0
545639,UNITED STATES,0.0
545656,UNITED STATES,0.0
545674,UNITED STATES,0.0
545701,RUSSIAN FEDERATION,0.0
545723,UNITED KINGDOM,0.0
545775,UNITED STATES,0.0
545795,UNITED STATES,0.0
545802,AUSTRALIA,0.0
545805,BRAZIL,1.0
545813,UNITED STATES,0.0
545817,RUSSIAN FEDERATION,0.0
545836,JAPAN,0.0
545841,UNITED STATES,0.0
545859,RUSSIAN FEDERATION,0.0
545861,UNITED STATES,0.0
545867,UNITED STATES,0.0
545868,RUSSIAN FEDERATION,0.0
545906,UNITED KINGDOM,0.0
545919,UNITED STATES,1.0
545937,UNITED STATES,0.0
545939,UNITED STATES,0.0
545946,UNITED STATES,0.0
545958,UNITED STATES,0.0
545981,UNITED STATES,0.0
545986,UNITED STATES,0.0
545992,UNITED KINGDOM,0.0
546010,ITALY,0.0
546013,UNITED STATES,0.0
546015,MALAYSIA,0.0
546042,UNITED STATES,0.0
546047,MALAYSIA,0.0
546058,GERMANY,0.0
546061,UNITED STATES,0.0
546062,UNITED STATES,0.0
546073,UNITED STATES,0.0
546074,MALAYSIA,0.0
546096,UNITED KINGDOM,0.0
546132,UNITED STATES,0.0
546142,UNITED STATES,0.0
546149,UNITED STATES,0.0
546153,UNITED STATES,0.0
546155,UNITED STATES,0.0
546165,UNITED STATES,0.0
546210,BRAZIL,0.0
546212,UNITED STATES,0.0
546244,UNITED STATES,0.0
546250,UNITED STATES,0.0
546251,UNITED STATES,0.0
546259,UNITED KINGDOM,0.0
546269,UNITED STATES,0.0
546291,UNITED STATES,0.0
546294,UNITED STATES,0.0
546316,UNITED STATES,0.0
546325,UNITED STATES,0.0
546356,UNITED STATES,0.0
546360,UNITED STATES,0.0
546375,AUSTRALIA,0.0
546389,UNITED STATES,0.0
546391,UNITED STATES,0.0
546394,UNITED STATES,0.0
546400,UNITED STATES,0.0
546402,UNITED STATES,0.0
546404,UNITED STATES,0.0
546408,UNITED STATES,0.0
546414,UNITED STATES,0.0
546426,UNITED STATES,0.0
546431,UNITED STATES,0.0
546433,UNITED STATES,0.0
546444,UNITED STATES,0.0
546457,UNITED STATES,0.0
546492,ITALY,0.0
546524,PAKISTAN,0.0
546543,UNITED STATES,0.0
546556,UNITED STATES,0.0
546559,BRAZIL,1.0
546579,MEXICO,0.0
546615,UNITED STATES,1.0
546636,UNITED STATES,0.0
546638,UNITED STATES,0.0
546656,UNITED STATES,0.0
546664,UNITED STATES,0.0
546683,UNITED STATES,0.0
546693,UNITED STATES,0.0
546700,UNITED STATES,0.0
546701,UNITED STATES,0.0
546708,UNITED STATES,0.0
546721,UNITED KINGDOM,0.0
546759,MEXICO,0.0
546804,MEXICO,0.0
546815,BRAZIL,0.0
546836,UNITED STATES,0.0
546844,RUSSIAN FEDERATION,0.0
546852,BRAZIL,0.0
546881,UNITED STATES,0.0
546888,UNITED STATES,0.0
546892,RUSSIAN FEDERATION,0.0
546893,UNITED STATES,0.0
546905,RUSSIAN FEDERATION,0.0
546912,RUSSIAN FEDERATION,0.0
546916,RUSSIAN FEDERATION,1.0
546929,RUSSIAN FEDERATION,0.0
546943,RUSSIAN FEDERATION,0.0
546966,RUSSIAN FEDERATION,1.0
546967,RUSSIAN FEDERATION,0.0
546972,RUSSIAN FEDERATION,0.0
546976,RUSSIAN FEDERATION,0.0
546987,ITALY,0.0
546988,ITALY,0.0
546989,ITALY,0.0
546993,UNITED STATES,0.0
546999,RUSSIAN FEDERATION,0.0
547005,UNITED STATES,0.0
547006,UNITED STATES,0.0
547011,UNITED STATES,0.0
547027,BELGIUM,0.0
547035,UNITED STATES,0.0
547052,UNITED KINGDOM,0.0
547068,MEXICO,0.0
547070,RUSSIAN FEDERATION,0.0
547075,MEXICO,0.0
547088,MEXICO,0.0
547110,UNITED KINGDOM,0.0
547140,UNITED STATES,0.0
547168,UNITED STATES,0.0
547178,UNITED STATES,0.0
547192,UNITED STATES,0.0
547200,UNITED STATES,0.0
547210,UNITED STATES,0.0
547218,UNITED STATES,0.0
547220,UNITED STATES,0.0
547237,RUSSIAN FEDERATION,0.0
547240,UNITED STATES,0.0
547252,BRAZIL,0.0
547268,GERMANY,0.0
547284,UNITED STATES,0.0
547344,INDIA,0.0
547392,UNITED STATES,0.0
547413,UNITED STATES,0.0
547418,BRAZIL,0.0
547421,RUSSIAN FEDERATION,0.0
547442,JAPAN,0.0
547463,UNITED STATES,1.0
547467,INDIA,0.0
547473,RUSSIAN FEDERATION,0.0
547483,BRAZIL,0.0
547492,MEXICO,0.0
547495,RUSSIAN FEDERATION,1.0
547520,UNITED STATES,0.0
547576,RUSSIAN FEDERATION,1.0
547670,UNITED STATES,0.0
547685,BELGIUM,0.0
547699,RUSSIAN FEDERATION,0.0
547726,MALAYSIA,0.0
547743,KENYA,0.0
547751,MEXICO,0.0
547755,UKRAINE,1.0
547768,UNITED STATES,0.0
547791,UNITED STATES,0.0
547795,UNITED STATES,0.0
547796,RUSSIAN FEDERATION,0.0
547826,UNITED STATES,0.0
547829,UNITED STATES,0.0
547871,BRAZIL,0.0
547879,UNITED STATES,0.0
547925,RUSSIAN FEDERATION,0.0
547941,UNITED KINGDOM,0.0
547952,RUSSIAN FEDERATION,0.0
547958,RUSSIAN FEDERATION,0.0
547959,RUSSIAN FEDERATION,0.0
547960,RUSSIAN FEDERATION,0.0
547972,RUSSIAN FEDERATION,0.0
548008,UNITED STATES,0.0
548019,UNITED KINGDOM,0.0
548025,UNITED STATES,0.0
548030,UNITED STATES,0.0
548031,UNITED STATES,0.0
548035,RUSSIAN FEDERATION,0.0
548049,UNITED STATES,0.0
548054,UNITED STATES,0.0
548062,RUSSIAN FEDERATION,0.0
548071,YEMEN,0.0
548081,GERMANY,0.0
548087,BRAZIL,0.0
548102,ITALY,0.0
548114,MALAYSIA,0.0
548120,UNITED STATES,0.0
548148,UNITED STATES,0.0
548164,RUSSIAN FEDERATION,0.0
548186,RUSSIAN FEDERATION,0.0
548233,RUSSIAN FEDERATION,0.0
548245,INDIA,0.0
548257,RUSSIAN FEDERATION,1.0
548263,UNITED STATES,0.0
548267,RUSSIAN FEDERATION,0.0
548317,UNITED STATES,0.0
548327,GERMANY,0.0
548331,UNITED STATES,0.0
548335,RUSSIAN FEDERATION,0.0
548337,BRAZIL,0.0
548339,GERMANY,0.0
548343,UKRAINE,0.0
548348,GERMANY,0.0
548422,RUSSIAN FEDERATION,0.0
548428,RUSSIAN FEDERATION,0.0
548431,RUSSIAN FEDERATION,0.0
548438,RUSSIAN FEDERATION,0.0
548442,RUSSIAN FEDERATION,0.0
548447,RUSSIAN FEDERATION,0.0
548448,RUSSIAN FEDERATION,0.0
548456,RUSSIAN FEDERATION,0.0
548468,RUSSIAN FEDERATION,0.0
548513,UNITED STATES,0.0
548516,UNITED STATES,0.0
548521,UNITED STATES,0.0
548531,UNITED STATES,0.0
548555,UNITED STATES,0.0
548556,UNITED STATES,0.0
548591,BRAZIL,0.0
548604,UNITED STATES,0.0
548605,ITALY,0.0
548615,UNITED STATES,0.0
548623,GERMANY,0.0
548625,BRAZIL,0.0
548634,UNITED STATES,0.0
548658,UKRAINE,0.0
548678,UNITED STATES,0.0
548682,UNITED STATES,0.0
548685,UNITED STATES,0.0
548704,RUSSIAN FEDERATION,0.0
548716,GERMANY,0.0
548717,UNITED STATES,0.0
548724,BRAZIL,0.0
548743,BRAZIL,0.0
548765,RUSSIAN FEDERATION,1.0
548768,RUSSIAN FEDERATION,0.0
548772,UNITED STATES,0.0
548787,MALAYSIA,0.0
548799,UNITED STATES,0.0
548824,BRAZIL,1.0
548826,BRAZIL,0.0
548831,UNITED STATES,0.0
548832,UNITED STATES,0.0
548855,UKRAINE,0.0
548880,UNITED STATES,0.0
548883,UKRAINE,0.0
548937,BRAZIL,0.0
548970,BRAZIL,0.0
548977,KENYA,0.0
549024,RUSSIAN FEDERATION,0.0
549038,FRANCE,0.0
549058,UNITED STATES,0.0
549066,UNITED STATES,0.0
549081,RUSSIAN FEDERATION,0.0
549102,UNITED STATES,0.0
549104,UNITED STATES,0.0
549132,INDIA,0.0
549136,UNITED KINGDOM,0.0
549159,BRAZIL,0.0
549206,UNITED STATES,0.0
549213,UNITED STATES,0.0
549217,UNITED STATES,0.0
549259,UNITED STATES,0.0
549261,UNITED STATES,0.0
549262,UNITED STATES,0.0
549276,UNITED STATES,0.0
549282,UNITED STATES,0.0
549298,FRANCE,0.0
549338,UKRAINE,0.0
549348,BRAZIL,0.0
549372,BRAZIL,1.0
549380,BRAZIL,0.0
549390,BRAZIL,0.0
549423,UNITED STATES,0.0
549432,UNITED STATES,0.0
549437,UNITED STATES,0.0
549441,UNITED STATES,0.0
549444,UNITED STATES,0.0
549446,UNITED STATES,0.0
549453,UNITED STATES,0.0
549454,RUSSIAN FEDERATION,0.0
549465,UNITED STATES,0.0
549469,UNITED STATES,0.0
549503,UNITED KINGDOM,0.0
549507,UNITED STATES,0.0
549528,UNITED STATES,0.0
549538,FRANCE,0.0
549574,UNITED KINGDOM,0.0
549579,UNITED STATES,0.5
549587,UNITED STATES,0.0
549593,UNITED STATES,0.0
549615,UNITED STATES,0.0
549621,UNITED STATES,0.0
549631,MEXICO,0.0
549650,UNITED STATES,0.0
549657,UNITED STATES,0.0
549659,UNITED STATES,0.0
549661,UNITED STATES,0.0
549672,MEXICO,0.0
549682,UNITED STATES,0.0
549777,INDIA,1.0
549781,MALAYSIA,0.0
549787,UNITED STATES,0.0
549809,UNITED STATES,0.0
549834,SINGAPORE,1.0
549850,UNITED STATES,0.0
549873,RUSSIAN FEDERATION,0.0
549890,UNITED STATES,0.0
549898,UNITED STATES,0.0
549912,MEXICO,0.0
549917,UNITED STATES,0.0
549924,INDIA,0.0
549940,UNITED STATES,0.0
549981,UNITED STATES,0.0
549984,UNITED STATES,0.0
550012,GERMANY,0.0
550072,UNITED STATES,0.0
550075,ITALY,0.0
550080,UNITED STATES,0.0
550114,UNITED STATES,0.0
550169,UNITED STATES,0.0
550172,UNITED STATES,0.0
550176,UNITED STATES,0.0
550209,BRAZIL,0.0
550224,RUSSIAN FEDERATION,0.0
550233,MEXICO,0.0
550252,SINGAPORE,0.0
550259,BRAZIL,0.0
550271,GERMANY,0.0
550273,UNITED STATES,0.0
550313,UNITED STATES,0.0
550322,UNITED STATES,1.0
550325,UNITED STATES,0.0
550329,UNITED STATES,0.0
550335,INDIA,0.0
550351,RUSSIAN FEDERATION,0.0
550359,UKRAINE,0.0
550382,UNITED STATES,0.0
550424,UNITED STATES,0.0
550438,UNITED STATES,1.0
550443,UNITED KINGDOM,0.0
550454,MEXICO,0.0
550457,UNITED STATES,0.0
550504,UNITED STATES,0.0
550513,UNITED STATES,0.0
550514,UNITED STATES,0.0
550522,UNITED KINGDOM,0.0
550556,UNITED STATES,0.0
550562,UNITED STATES,0.0
550563,UNITED STATES,0.0
550580,UNITED STATES,0.0
550621,UNITED STATES,0.0
550625,UNITED STATES,0.0
550655,UNITED STATES,0.0
550658,UNITED STATES,0.0
550672,UNITED STATES,0.0
550692,UNITED STATES,0.0
550693,UNITED STATES,0.0
550700,UNITED STATES,0.0
550702,UNITED STATES,0.0
550703,UNITED STATES,0.0
550723,UNITED STATES,0.0
550731,UNITED STATES,0.0
550739,UNITED STATES,0.0
550745,UNITED STATES,0.0
550752,UNITED STATES,0.0
550767,UNITED STATES,0.0
550769,GERMANY,0.0
550770,UNITED STATES,0.0
550776,UNITED STATES,0.0
550778,UNITED STATES,0.0
550805,UNITED STATES,1.0
550807,UNITED STATES,0.0
550814,UNITED STATES,0.0
550822,UNITED STATES,0.0
550823,UNITED STATES,0.0
550826,UNITED STATES,0.0
550845,UNITED STATES,0.0
550848,JAPAN,0.0
550851,UNITED STATES,0.0
550853,UNITED STATES,0.0
550854,UNITED STATES,0.0
550861,UNITED STATES,0.0
550871,UNITED STATES,0.0
550878,UNITED STATES,0.0
550894,UNITED STATES,0.0
550896,FRANCE,0.0
550897,MEXICO,0.0
550898,UNITED STATES,0.0
550924,UNITED STATES,0.0
550932,UNITED STATES,0.0
550936,UNITED STATES,0.0
550945,UNITED STATES,0.0
550957,UNITED STATES,0.0
550968,UNITED STATES,0.0
550979,UNITED STATES,0.0
551038,UNITED STATES,0.0
551041,UNITED STATES,0.0
551052,UNITED STATES,0.0
551077,MEXICO,0.0
551079,UNITED STATES,0.0
551086,UNITED STATES,0.0
551097,UNITED STATES,0.0
551103,UNITED STATES,0.0
551108,UNITED STATES,0.0
551113,UNITED STATES,0.0
551118,UNITED STATES,0.0
551120,UNITED STATES,0.0
551121,UNITED STATES,0.0
551128,UNITED STATES,0.0
551135,UNITED STATES,0.0
551138,UNITED STATES,0.0
551142,UNITED STATES,0.0
551155,UNITED STATES,0.0
551158,UNITED STATES,0.0
551174,UNITED STATES,0.0
551181,UNITED STATES,0.0
551199,UNITED STATES,0.0
551207,UNITED STATES,0.0
551208,UNITED STATES,0.0
551222,UNITED STATES,0.0
551224,UNITED STATES,0.0
551243,UNITED STATES,0.0
551251,UNITED STATES,0.0
551253,MEXICO,0.0
551254,UNITED STATES,0.0
551258,UNITED STATES,0.0
551273,UNITED STATES,0.0
551277,UNITED STATES,0.0
551294,UNITED STATES,0.0
551295,UNITED STATES,0.0
551323,MEXICO,0.0
551329,UNITED STATES,1.0
551345,UNITED STATES,0.0
551353,MEXICO,0.0
551369,UNITED STATES,0.0
551373,UNITED STATES,0.0
551389,UNITED STATES,0.0
551396,UNITED STATES,0.0
551400,UNITED STATES,0.0
551402,UNITED STATES,0.0
551413,UNITED STATES,0.0
551419,UNITED STATES,0.0
551430,UNITED STATES,1.0
551439,AUSTRALIA,0.0
551455,UNITED STATES,1.0
551501,UNITED STATES,0.0
551506,UNITED STATES,0.0
551513,UNITED STATES,0.0
551517,UNITED STATES,0.0
551522,UNITED STATES,0.0
551549,UNITED STATES,0.0
551553,UNITED STATES,0.0
551558,UNITED STATES,0.0
551562,UNITED STATES,0.0
551568,UNITED STATES,0.0
551601,UNITED STATES,1.0
551611,UNITED STATES,0.0
551645,UNITED STATES,0.0
551671,UNITED STATES,0.0
551673,UNITED STATES,0.0
551681,INDIA,0.0
551690,UNITED STATES,0.0
551697,UNITED STATES,0.0
551701,UNITED STATES,1.0
551709,UNITED STATES,0.0
551715,UNITED STATES,0.0
551719,UNITED STATES,0.0
551725,UNITED STATES,0.0
551734,UNITED STATES,0.0
551735,UNITED STATES,0.0
551738,UNITED STATES,0.0
551739,UNITED STATES,0.0
551740,UNITED STATES,0.0
551746,UNITED STATES,0.0
551754,UNITED STATES,0.0
551758,UNITED STATES,0.0
551761,UNITED STATES,0.0
551769,UNITED STATES,0.0
551789,UNITED STATES,0.0
551790,UNITED STATES,0.0
551804,UNITED STATES,0.0
551805,UNITED STATES,0.0
551810,UNITED STATES,0.0
551812,UNITED STATES,0.0
551818,JAPAN,0.0
551831,UNITED STATES,0.0
551832,UNITED STATES,0.0
551836,UNITED STATES,0.0
551839,UNITED STATES,0.0
551845,UNITED STATES,0.0
551848,UNITED STATES,0.0
551855,UNITED STATES,0.0
551856,UNITED STATES,1.0
551858,UNITED STATES,0.0
551863,UNITED STATES,0.0
551866,UNITED STATES,0.0
551893,UNITED STATES,0.0
551902,UNITED STATES,0.0
551906,UNITED STATES,0.0
551908,UNITED STATES,0.0
551928,UNITED STATES,0.0
551939,UNITED STATES,0.0
551942,UNITED STATES,0.0
551947,UNITED STATES,0.0
551954,UNITED STATES,0.0
551957,PAKISTAN,0.0
551991,UNITED STATES,0.0
552028,UNITED KINGDOM,0.0
552030,UNITED STATES,0.0
552041,BELGIUM,0.0
552055,RUSSIAN FEDERATION,0.0
552064,UNITED STATES,0.0
552130,CHINA,0.0
552217,UNITED STATES,0.0
552297,BRAZIL,0.0
552301,UNITED STATES,0.0
552316,BRAZIL,1.0
552321,UNITED STATES,0.0
552342,UNITED STATES,0.0
552351,AUSTRALIA,0.0
552354,MALAYSIA,0.0
552357,MALAYSIA,0.0
552365,INDIA,0.0
552388,CHINA,0.0
552410,SINGAPORE,0.0
552440,UNITED STATES,0.0
552446,AUSTRALIA,0.0
552466,BRAZIL,1.0
552473,FRANCE,0.0
552483,UNITED STATES,0.0
552485,UNITED STATES,0.0
552492,UNITED STATES,0.0
552508,GERMANY,0.0
552524,UNITED STATES,0.0
552567,BRAZIL,0.0
552572,UNITED STATES,0.0
552591,BRAZIL,0.0
552660,ITALY,0.0
552680,RUSSIAN FEDERATION,0.0
552697,BRAZIL,0.0
552713,BRAZIL,0.0
552734,ITALY,1.0
552736,UNITED STATES,0.0
552744,UNITED STATES,0.0
552777,SINGAPORE,0.0
552788,UNITED KINGDOM,0.0
552794,CHINA,0.0
552815,UNITED STATES,0.0
552832,UNITED STATES,0.0
552856,RUSSIAN FEDERATION,0.0
552874,UNITED STATES,0.0
552914,BRAZIL,0.0
552922,PAKISTAN,0.0
552975,ITALY,0.0
553007,BRAZIL,0.0
553018,UNITED STATES,0.0
553022,UNITED KINGDOM,0.0
553060,RUSSIAN FEDERATION,0.0
553083,UNITED STATES,0.0
553092,UNITED STATES,0.0
553099,UNITED STATES,0.0
553121,UNITED STATES,0.0
553134,CHINA,0.0
553174,FRANCE,0.0
553183,CHINA,0.0
553192,AUSTRALIA,0.0
553195,UNITED STATES,0.0
553204,INDIA,0.0
553227,UNITED KINGDOM,0.0
553231,UNITED STATES,0.0
553238,UNITED STATES,0.0
553259,UNITED STATES,0.0
553271,UNITED STATES,0.0
553272,UNITED STATES,0.0
553301,UNITED STATES,0.0
553308,UNITED STATES,0.0
553316,UNITED STATES,0.0
553318,UNITED KINGDOM,0.0
553340,GERMANY,0.0
553344,GERMANY,0.0
553359,JAPAN,0.0
553385,SINGAPORE,0.0
553389,ITALY,0.0
553420,RUSSIAN FEDERATION,0.0
553426,ITALY,0.0
553430,ITALY,0.0
553451,GERMANY,0.0
553470,BRAZIL,1.0
553482,UNITED KINGDOM,0.0
553487,UNITED STATES,0.0
553499,UKRAINE,0.0
553510,UNITED KINGDOM,0.0
553520,UNITED STATES,0.0
553524,BRAZIL,0.0
553529,UNITED KINGDOM,1.0
553541,UNITED KINGDOM,0.0
553544,UNITED KINGDOM,0.0
553563,INDIA,0.0
553584,RUSSIAN FEDERATION,1.0
553601,UNITED KINGDOM,0.0
553602,UNITED STATES,0.0
553606,UNITED STATES,0.0
553645,BRAZIL,0.0
553681,UNITED STATES,0.0
553702,UNITED STATES,0.0
553712,UNITED STATES,0.0
553714,UNITED STATES,0.0
553715,UNITED STATES,0.0
553720,UNITED STATES,0.0
553729,UNITED STATES,0.0
553732,UNITED STATES,0.0
553735,INDIA,0.0
553737,UNITED STATES,0.0
553741,UNITED STATES,0.0
553742,UNITED STATES,0.0
553752,UNITED STATES,0.0
553765,UNITED STATES,0.0
553778,UNITED STATES,0.0
553799,UNITED STATES,0.0
553800,MEXICO,0.0
553810,UNITED STATES,0.0
553815,UNITED STATES,0.0
553838,UNITED STATES,0.0
553843,UNITED STATES,0.0
553857,UNITED STATES,0.0
553861,UNITED STATES,0.5
553864,UNITED STATES,0.0
553868,UNITED STATES,0.0
553872,UNITED STATES,0.0
553878,UNITED STATES,0.0
553881,UNITED STATES,0.0
553897,UNITED STATES,0.0
553903,UNITED STATES,0.0
553913,UNITED STATES,0.0
553929,UNITED STATES,0.0
553932,UNITED STATES,0.0
553956,UNITED STATES,0.0
553969,UNITED STATES,0.0
553993,FRANCE,0.0
553995,UNITED STATES,0.0
554093,UNITED STATES,0.0
554114,UNITED STATES,0.0
554123,UNITED STATES,0.0
554126,GERMANY,0.0
554129,UNITED STATES,0.0
554140,UNITED STATES,0.0
554153,UNITED STATES,0.0
554161,GERMANY,0.0
554169,RUSSIAN FEDERATION,0.0
554174,UNITED STATES,0.0
554194,UNITED STATES,0.0
554197,INDIA,0.0
554213,UKRAINE,0.0
554223,UNITED STATES,0.0
554224,UNITED STATES,0.0
554230,SINGAPORE,0.0
554250,UNITED STATES,0.0
554278,UNITED STATES,0.0
554285,UNITED STATES,0.0
554305,UNITED STATES,0.0
554310,UNITED STATES,0.0
554338,UNITED STATES,0.0
554347,UNITED STATES,0.0
554356,UNITED STATES,0.0
554368,UNITED STATES,0.0
554389,BRAZIL,1.0
554397,UNITED KINGDOM,0.0
554400,AUSTRALIA,0.0
554414,UNITED STATES,0.0
554423,GERMANY,0.0
554452,INDIA,0.0
554482,BRAZIL,0.0
554521,RUSSIAN FEDERATION,0.0
554546,RUSSIAN FEDERATION,0.0
554562,RUSSIAN FEDERATION,0.0
554583,UNITED STATES,0.0
554615,RUSSIAN FEDERATION,0.0
554699,GERMANY,0.0
554713,RUSSIAN FEDERATION,1.0
554726,BRAZIL,0.0
554733,RUSSIAN FEDERATION,1.0
554737,INDIA,0.0
554761,RUSSIAN FEDERATION,0.0
554781,RUSSIAN FEDERATION,1.0
554787,UNITED STATES,0.0
554820,INDIA,0.0
554829,UNITED STATES,0.0
554842,ITALY,0.0
554851,INDIA,0.0
554855,BRAZIL,0.0
554863,RUSSIAN FEDERATION,0.0
554882,UNITED STATES,0.0
554891,BRAZIL,0.0
554916,UNITED STATES,0.0
554919,UNITED STATES,0.0
554948,MEXICO,0.0
554952,UNITED STATES,0.0
554961,BRAZIL,0.0
554965,FRANCE,0.0
555003,AUSTRALIA,0.0
555028,UNITED STATES,0.0
555052,UNITED STATES,0.0
555057,RUSSIAN FEDERATION,0.0
555058,RUSSIAN FEDERATION,0.0
555059,RUSSIAN FEDERATION,0.0
555109,AUSTRALIA,0.0
555121,UNITED STATES,0.0
555122,UNITED STATES,0.0
555150,UNITED STATES,0.0
555171,UNITED STATES,0.0
555176,UNITED STATES,0.0
555182,UNITED STATES,0.0
555188,UNITED STATES,0.0
555189,UNITED STATES,0.0
555195,UNITED STATES,0.0
555204,UNITED STATES,0.0
555206,UNITED STATES,0.0
555208,UNITED STATES,0.0
555213,UNITED STATES,1.0
555216,UNITED STATES,0.0
555225,UNITED STATES,0.0
555246,UNITED STATES,0.0
555254,UNITED STATES,0.0
555262,UNITED STATES,0.0
555278,UNITED KINGDOM,0.0
555344,UNITED STATES,0.0
555358,UNITED STATES,0.0
555359,MEXICO,0.0
555389,AUSTRALIA,0.0
555398,UNITED STATES,0.0
555407,UNITED STATES,0.0
555421,FRANCE,0.0
555422,UNITED STATES,0.0
555426,UNITED STATES,0.0
555440,UNITED STATES,0.0
555506,UNITED STATES,0.0
555531,BRAZIL,0.0
555537,UNITED STATES,0.0
555547,RUSSIAN FEDERATION,0.0
555551,INDIA,0.0
555555,BRAZIL,0.0
555563,UNITED STATES,0.0
555606,UNITED KINGDOM,0.0
555607,MEXICO,0.0
555617,UNITED STATES,0.0
555627,MALAYSIA,0.0
555640,UNITED STATES,0.0
555689,UNITED STATES,0.0
555706,UNITED KINGDOM,0.0
555707,UNITED STATES,0.0
555709,UNITED STATES,0.0
555725,UNITED KINGDOM,0.0
555753,UNITED STATES,0.0
555777,UKRAINE,0.0
555790,FRANCE,0.0
555792,UNITED STATES,0.0
555806,FRANCE,0.0
555809,UNITED STATES,0.0
555875,UNITED STATES,0.0
555886,UNITED STATES,0.0
555901,UNITED KINGDOM,0.0
555915,INDIA,0.0
555939,JAPAN,0.0
555957,RUSSIAN FEDERATION,0.0
555960,UNITED STATES,0.0
555961,UNITED STATES,0.0
555970,UNITED STATES,0.0
555982,INDIA,0.0
555991,UNITED STATES,1.0
556005,INDIA,0.0
556023,BRAZIL,1.0
556035,BRAZIL,0.0
556052,RUSSIAN FEDERATION,0.0
556053,UNITED STATES,0.0
556061,INDIA,0.0
556064,INDIA,0.0
556065,INDIA,0.0
556091,UNITED STATES,0.0
556097,UNITED STATES,0.0
556098,UNITED STATES,0.0
556102,INDIA,0.0
556120,UNITED STATES,0.0
556128,UNITED STATES,0.0
556140,UNITED STATES,0.0
556144,UNITED STATES,0.0
556148,UNITED STATES,0.0
556154,INDIA,0.0
556185,UNITED STATES,0.0
556188,INDIA,0.0
556191,UNITED STATES,0.0
556211,UNITED STATES,0.0
556219,UNITED STATES,0.0
556220,SINGAPORE,0.0
556226,INDIA,0.0
556244,UNITED STATES,0.0
556245,UNITED STATES,0.0
556247,INDIA,0.0
556273,INDIA,0.0
556276,UNITED STATES,0.0
556306,UNITED STATES,0.0
556308,UNITED STATES,0.0
556313,UNITED STATES,0.0
556330,UNITED STATES,0.0
556353,UNITED KINGDOM,0.0
556358,UNITED STATES,0.0
556385,UNITED STATES,0.0
556388,UNITED STATES,0.0
556393,UNITED STATES,0.0
556415,INDIA,1.0
556425,UNITED STATES,0.0
556446,UNITED STATES,0.0
556448,UNITED STATES,0.0
556449,GERMANY,0.0
556451,UNITED STATES,0.0
556459,INDIA,0.0
556479,UNITED STATES,0.0
556485,INDIA,1.0
556505,INDIA,0.0
556510,UNITED STATES,0.0
556517,UNITED STATES,0.0
556520,UNITED STATES,0.0
556527,BRAZIL,0.0
556538,UNITED STATES,0.0
556563,UNITED STATES,0.0
556600,BRAZIL,0.0
556604,UNITED STATES,0.0
556645,UNITED KINGDOM,0.0
556709,UNITED STATES,0.0
556720,UNITED STATES,0.0
556725,UNITED STATES,0.0
556748,UNITED STATES,0.0
556753,UNITED STATES,0.0
556755,UNITED KINGDOM,0.0
556769,INDIA,0.0
556783,UNITED STATES,0.0
556799,UNITED KINGDOM,0.0
556801,UNITED STATES,0.0
556813,UNITED STATES,1.0
556820,UNITED STATES,0.0
556823,UNITED STATES,0.0
556833,UNITED STATES,0.0
556836,BRAZIL,0.0
556839,INDIA,0.0
556844,UNITED STATES,0.0
556856,UNITED STATES,0.0
556861,UNITED STATES,0.0
556863,UNITED STATES,0.0
556865,UNITED STATES,0.0
556873,UNITED STATES,0.0
556879,UNITED STATES,0.0
556894,BRAZIL,0.0
556912,UNITED STATES,0.0
556918,UNITED STATES,0.0
556927,UNITED STATES,0.0
556928,UNITED STATES,0.0
556932,UNITED STATES,0.0
556938,UNITED STATES,0.0
556939,UNITED STATES,0.0
556942,UNITED STATES,0.0
556944,UNITED STATES,0.0
556954,UNITED STATES,0.0
556957,UNITED STATES,1.0
556967,UNITED STATES,0.0
556968,UNITED STATES,0.0
556971,UNITED STATES,0.0
556975,SINGAPORE,0.0
556986,UNITED STATES,0.0
557047,RUSSIAN FEDERATION,1.0
557051,UNITED STATES,0.0
557059,UNITED STATES,0.0
557084,KENYA,1.0
557093,UNITED STATES,0.0
557099,UKRAINE,0.0
557116,UKRAINE,0.0
557137,UNITED STATES,1.0
557144,UNITED STATES,0.0
557151,UNITED STATES,0.0
557165,UNITED STATES,0.0
557169,UNITED STATES,0.0
557176,UNITED STATES,0.0
557177,UNITED STATES,0.0
557182,UNITED STATES,1.0
557193,UNITED STATES,0.0
557216,UNITED STATES,0.0
557217,UNITED STATES,0.0
557228,UNITED STATES,0.0
557233,UNITED STATES,0.0
557237,UNITED STATES,0.0
557250,UNITED STATES,0.0
557252,UNITED STATES,0.0
557258,UNITED STATES,0.0
557273,UNITED STATES,0.0
557284,UNITED STATES,0.0
557289,UNITED STATES,0.0
557290,UNITED STATES,0.0
557316,UNITED STATES,0.0
557333,UNITED STATES,0.0
557346,UNITED KINGDOM,0.0
557357,UNITED KINGDOM,0.0
557361,UNITED KINGDOM,0.0
557371,UNITED KINGDOM,0.0
557375,UNITED KINGDOM,0.0
557391,UNITED KINGDOM,0.0
557393,UKRAINE,0.0
557405,UNITED KINGDOM,0.0
557425,UNITED KINGDOM,0.0
557434,UNITED KINGDOM,0.0
557449,GERMANY,0.0
557552,UNITED STATES,0.0
557559,UNITED STATES,0.0
557564,UNITED STATES,0.0
557573,FRANCE,0.0
557605,AUSTRALIA,0.0
557621,UNITED STATES,0.0
557634,UNITED STATES,0.0
557688,INDIA,0.0
557689,UNITED STATES,0.0
557723,ITALY,0.0
557746,RUSSIAN FEDERATION,0.0
557750,UNITED KINGDOM,0.0
557767,UNITED STATES,0.0
557787,UNITED STATES,0.0
557793,BRAZIL,0.0
557822,UNITED STATES,0.0
557850,JAPAN,0.0
557852,JAPAN,0.0
557867,UNITED STATES,0.0
557873,CHINA,0.0
557875,MEXICO,1.0
557922,MEXICO,0.0
557942,RUSSIAN FEDERATION,0.0
557980,RUSSIAN FEDERATION,0.0
558000,UNITED STATES,0.0
558010,UNITED STATES,0.0
558014,UNITED STATES,0.0
558028,UNITED STATES,0.0
558029,UNITED STATES,0.0
558040,UNITED STATES,0.0
558067,UNITED STATES,0.0
558087,UNITED STATES,0.0
558090,RUSSIAN FEDERATION,0.0
558094,UNITED STATES,0.0
558104,UNITED STATES,0.0
558112,UNITED STATES,1.0
558128,UNITED STATES,0.0
558136,UNITED STATES,0.0
558145,UNITED STATES,0.0
558164,ITALY,0.0
558168,UNITED STATES,0.0
558172,UNITED STATES,0.0
558180,UNITED STATES,0.0
558185,UNITED STATES,0.0
558196,UNITED STATES,0.0
558206,UNITED STATES,0.0
558221,UNITED STATES,0.0
558227,UNITED STATES,0.0
558229,UNITED STATES,0.0
558244,UNITED STATES,0.0
558248,UNITED STATES,0.0
558337,UNITED STATES,0.0
558341,UNITED STATES,0.0
558358,INDIA,0.0
558360,CHINA,0.0
558403,GERMANY,0.5
558434,INDIA,0.0
558472,UNITED STATES,0.0
558480,RUSSIAN FEDERATION,0.0
558534,UNITED STATES,0.0
558538,UNITED STATES,0.0
558558,UNITED STATES,0.0
558562,BRAZIL,0.0
558574,UNITED STATES,0.0
558628,UNITED STATES,0.0
558646,ITALY,0.0
558662,UNITED STATES,0.0
558677,RUSSIAN FEDERATION,1.0
558690,RUSSIAN FEDERATION,0.0
558695,RUSSIAN FEDERATION,0.0
558733,UNITED STATES,0.0
558741,UNITED STATES,0.0
558761,BELGIUM,0.0
558766,FRANCE,0.0
558775,GERMANY,0.0
558784,MEXICO,0.0
558787,GERMANY,0.0
558814,UNITED STATES,0.0
558942,FRANCE,0.0
558959,INDIA,0.0
558983,INDIA,0.0
558988,UNITED STATES,0.0
558989,UNITED KINGDOM,0.0
559006,UNITED STATES,0.0
559008,UNITED STATES,0.0
559015,UNITED STATES,0.0
559017,UNITED STATES,0.0
559028,UNITED STATES,0.0
559030,UNITED STATES,0.0
559057,UNITED STATES,0.0
559060,UNITED STATES,0.0
559064,UNITED STATES,0.0
559082,UNITED STATES,0.0
559085,JAPAN,1.0
559105,UNITED STATES,0.0
559136,UNITED STATES,0.0
559143,UNITED KINGDOM,0.0
559153,INDIA,0.0
559171,UNITED STATES,0.0
559175,UNITED STATES,0.0
559179,UNITED STATES,0.0
559263,UNITED STATES,0.0
559266,UNITED STATES,0.0
559295,UNITED STATES,0.0
559299,UNITED STATES,0.0
559301,UNITED STATES,0.0
559335,KENYA,0.0
559340,INDIA,0.0
559341,INDIA,0.0
559351,UNITED STATES,0.0
559352,UNITED STATES,0.0
559353,UNITED STATES,0.0
559354,UNITED STATES,0.0
559402,UNITED STATES,0.0
559404,INDIA,0.0
559408,UNITED STATES,0.0
559426,INDIA,0.0
559512,UNITED STATES,0.0
559515,UNITED STATES,0.0
559526,UNITED STATES,0.0
559547,UNITED STATES,0.0
559578,UNITED STATES,0.0
559579,UNITED STATES,0.0
559623,UNITED STATES,0.0
559628,UNITED STATES,0.0
559636,UNITED STATES,0.0
559664,BELGIUM,0.0
559669,RUSSIAN FEDERATION,0.0
559678,UNITED STATES,0.0
559688,UNITED STATES,0.0
559699,UNITED STATES,0.0
559708,UNITED STATES,0.0
559711,UNITED STATES,0.0
559724,UKRAINE,0.0
559732,SINGAPORE,0.0
559733,SINGAPORE,0.0
559738,AUSTRALIA,0.0
559777,CHINA,0.0
559781,JAPAN,0.0
559786,BRAZIL,0.0
559795,UNITED STATES,0.0
559825,UNITED STATES,0.0
559841,UNITED STATES,0.0
559871,UNITED STATES,0.0
559876,INDIA,0.0
559904,UNITED STATES,0.0
559906,UNITED KINGDOM,0.0
559937,UNITED STATES,1.0
559955,INDIA,0.0
559956,FRANCE,0.0
559972,UNITED STATES,0.0
560017,UNITED STATES,0.0
560030,UNITED STATES,0.0
560037,UNITED STATES,0.0
560047,UNITED STATES,0.0
560069,UNITED STATES,0.0
560070,UNITED STATES,0.0
560073,UNITED STATES,0.0
560083,UNITED STATES,0.0
560130,INDIA,0.0
560132,UNITED STATES,0.0
560136,UNITED STATES,0.0
560182,ITALY,0.0
560200,UNITED STATES,0.0
560231,UNITED KINGDOM,0.0
560252,ITALY,0.0
560255,INDIA,0.0
560321,AUSTRALIA,0.0
560426,UNITED STATES,0.0
560433,UNITED STATES,0.0
560442,UNITED STATES,0.0
560444,UNITED STATES,0.0
560462,UNITED STATES,0.0
560500,UNITED STATES,0.0
560548,RUSSIAN FEDERATION,0.0
560575,UNITED STATES,0.0
560582,UNITED STATES,0.0
560689,UNITED STATES,1.0
560706,UNITED STATES,0.0
560728,FRANCE,0.0
560740,FRANCE,0.0
560763,UNITED STATES,0.0
560767,UNITED STATES,0.0
560770,UNITED STATES,0.0
560847,UNITED STATES,0.0
560848,UNITED STATES,0.0
560886,ITALY,0.0
560912,UNITED STATES,0.0
560927,UNITED STATES,0.0
560968,UNITED STATES,0.0
560978,UNITED STATES,0.0
560987,BRAZIL,0.0
561025,UNITED STATES,0.0
561041,UNITED STATES,0.0
561058,AUSTRALIA,0.0
561060,UNITED STATES,0.0
561076,UNITED STATES,0.0
561090,UNITED STATES,0.0
561101,UNITED STATES,0.0
561144,UNITED STATES,0.0
561202,FRANCE,0.0
561238,FRANCE,0.0
561240,FRANCE,0.0
561263,FRANCE,0.0
561270,UNITED STATES,0.0
561271,FRANCE,0.0
561278,FRANCE,0.0
561279,FRANCE,0.0
561297,FRANCE,0.0
561368,BELGIUM,0.0
561377,BELGIUM,0.0
561525,MEXICO,0.0
561551,UNITED STATES,0.0
561660,UKRAINE,0.0
561781,BRAZIL,1.0
561783,UNITED KINGDOM,0.0
561786,SINGAPORE,0.0
562007,UNITED STATES,0.0
562018,UNITED STATES,0.0
562039,UNITED STATES,0.0
562043,UNITED STATES,0.0
562063,UNITED STATES,0.0
562071,UNITED STATES,0.0
562077,UNITED STATES,0.0
562085,UNITED STATES,1.0
562105,UNITED STATES,0.0
562111,UNITED STATES,0.0
562116,UNITED STATES,0.0
562132,UNITED STATES,0.0
562142,UNITED STATES,0.0
562144,UNITED STATES,0.0
562175,UNITED STATES,0.0
562184,UNITED STATES,0.0
562190,UNITED STATES,0.0
562204,UNITED STATES,0.0
562224,UNITED STATES,0.5
562228,UNITED STATES,0.0
562248,UNITED STATES,0.0
562254,UNITED STATES,0.0
562256,UNITED STATES,0.0
562278,UNITED STATES,0.0
562312,UNITED STATES,0.0
562322,UNITED STATES,0.0
562324,UKRAINE,0.0
562330,UNITED STATES,0.0
562365,UNITED STATES,0.0
562378,ITALY,0.0
562390,UNITED STATES,0.0
562399,UNITED STATES,0.0
562413,UNITED STATES,0.0
562468,UNITED STATES,0.0
562475,UNITED STATES,0.0
562481,UNITED STATES,0.0
562514,UNITED STATES,0.5
562527,UNITED STATES,0.0
562539,UNITED STATES,0.0
562552,UNITED STATES,0.0
562564,UNITED STATES,0.0
562592,UNITED STATES,0.0
562604,UNITED STATES,0.0
562606,UNITED STATES,0.0
562622,UNITED STATES,1.0
562632,UNITED STATES,0.0
562667,UNITED STATES,0.0
562676,UNITED STATES,0.0
562679,UNITED STATES,0.0
562695,UNITED STATES,0.0
562713,UNITED STATES,0.0
562721,UNITED STATES,0.0
562739,UNITED STATES,0.0
562749,UNITED STATES,0.0
562759,UNITED STATES,0.0
562761,UNITED STATES,0.0
562762,UNITED STATES,0.0
562777,UNITED STATES,0.0
562787,UNITED STATES,0.0
562792,UNITED STATES,0.0
562815,UNITED STATES,0.0
563005,UNITED STATES,0.0
563063,UNITED STATES,0.0
563083,UNITED STATES,0.0
563123,UNITED STATES,0.0
563127,UNITED STATES,0.0
563133,UNITED STATES,0.0
563138,UNITED STATES,0.0
563156,UNITED STATES,0.0
563157,UNITED STATES,0.0
563164,UNITED STATES,0.0
563198,UNITED STATES,0.0
563202,UNITED STATES,0.0
563225,UNITED STATES,0.0
563293,UNITED STATES,0.0
563313,UNITED STATES,0.0
563326,UNITED STATES,0.0
563329,UNITED STATES,0.0
563381,UNITED STATES,0.0
563396,UNITED STATES,0.0
563404,UKRAINE,0.0
563443,UNITED STATES,0.0
563455,UNITED STATES,0.0
563539,UNITED STATES,0.0
563554,UNITED STATES,0.0
563557,GERMANY,0.0
563607,UNITED STATES,0.0
563614,UNITED STATES,0.0
563658,UNITED STATES,0.0
563664,UNITED STATES,0.0
563667,UNITED STATES,0.0
563857,UKRAINE,0.0
564037,UNITED STATES,0.0
564077,MALAYSIA,0.0
564182,UNITED KINGDOM,0.0
564184,UNITED KINGDOM,0.0
564193,UNITED KINGDOM,0.0
564246,BRAZIL,0.0
564301,UNITED STATES,0.0
564323,GERMANY,0.0
564327,UNITED STATES,0.0
564386,UNITED STATES,0.0
564545,UNITED STATES,0.0
564577,GERMANY,0.0
564765,UNITED KINGDOM,0.0
564822,BRAZIL,0.0
564853,ITALY,0.0
565101,BRAZIL,0.0
565154,UNITED STATES,0.0
565176,UNITED STATES,0.0
565210,UNITED STATES,0.0
565218,UNITED KINGDOM,0.0
565237,UNITED STATES,0.0
565487,BRAZIL,0.0
565858,UNITED KINGDOM,0.0
565921,UNITED KINGDOM,0.0
565922,UNITED KINGDOM,0.0
566064,UNITED STATES,0.0
566166,INDIA,0.0
566232,UNITED STATES,0.0
566250,UNITED STATES,0.0
566253,UNITED STATES,0.0
566256,UNITED STATES,0.0
566283,UNITED STATES,0.0
566303,UNITED STATES,0.0
566307,UNITED STATES,0.0
566323,UNITED STATES,0.0
566324,UNITED STATES,0.0
566327,UNITED STATES,0.0
566329,UNITED STATES,0.0
566330,UNITED STATES,0.0
566340,UNITED STATES,0.0
566342,UNITED STATES,0.0
566357,UNITED STATES,0.0
566397,UNITED STATES,0.0
566407,UNITED STATES,0.0
566412,UNITED STATES,0.0
566415,UNITED STATES,0.0
566416,UNITED STATES,0.0
566417,UNITED STATES,0.0
566426,UNITED STATES,0.0
566430,UNITED STATES,0.0
566443,UNITED STATES,0.5
566452,UNITED STATES,0.0
566458,UNITED STATES,0.0
566464,UNITED STATES,0.0
566525,UNITED STATES,0.0
566529,UNITED STATES,0.0
566545,UNITED STATES,0.0
566546,UNITED STATES,0.0
566562,UNITED STATES,0.0
566564,UKRAINE,0.0
566573,UNITED STATES,0.0
566582,UNITED STATES,0.0
566593,UNITED STATES,0.0
566611,UNITED STATES,0.0
566638,UNITED STATES,0.0
566663,UNITED STATES,0.0
566666,CHINA,0.0
566683,UNITED STATES,0.0
566684,UNITED STATES,0.0
566694,UNITED STATES,0.0
566701,UNITED STATES,0.0
566727,UNITED STATES,0.0
566732,UNITED STATES,0.0
566757,UNITED STATES,0.0
566761,UNITED STATES,0.0
566776,UNITED STATES,0.0
566779,UNITED STATES,0.0
566791,UNITED STATES,0.0
566797,UNITED STATES,0.0
566799,UNITED STATES,0.0
566811,UNITED STATES,0.0
566816,UNITED STATES,0.0
566829,UNITED STATES,0.0
566835,UNITED STATES,0.0
566844,UNITED STATES,0.0
566858,UNITED STATES,0.0
566885,UNITED STATES,0.0
566946,UNITED STATES,0.0
566949,UNITED STATES,0.0
567018,UNITED STATES,0.0
567023,UNITED STATES,0.0
567035,UNITED STATES,0.0
567054,UNITED STATES,0.0
567056,UNITED STATES,0.0
567064,UNITED STATES,0.0
567066,UNITED STATES,0.0
567073,UNITED STATES,0.0
567079,UNITED STATES,0.0
567085,UNITED STATES,0.0
567095,UNITED STATES,0.0
567119,UNITED STATES,0.0
567137,UNITED STATES,0.0
567139,UNITED STATES,0.0
567154,UNITED STATES,0.0
567188,UNITED STATES,0.0
567240,UNITED STATES,0.0
567246,UNITED STATES,0.0
567285,UNITED STATES,0.0
567309,UNITED STATES,0.0
567339,UNITED STATES,0.0
567341,UNITED STATES,0.0
567363,UNITED STATES,0.0
567396,UNITED STATES,0.0
567407,UNITED STATES,0.0
567431,UNITED STATES,0.0
567450,UNITED STATES,0.0
567487,UNITED STATES,0.0
567492,UNITED STATES,0.0
567532,UNITED STATES,0.0
567537,UNITED STATES,0.0
567567,UNITED STATES,0.0
567569,UNITED STATES,0.0
567577,UNITED STATES,0.0
567592,UNITED STATES,0.0
567596,UNITED STATES,0.0
567599,UNITED STATES,0.0
567609,UNITED STATES,0.0
567640,UNITED STATES,0.0
567654,UNITED STATES,0.0
567655,UNITED STATES,0.0
567678,UNITED STATES,0.0
567740,UNITED STATES,0.0
567748,UNITED STATES,0.0
567766,UNITED STATES,0.0
567776,UNITED STATES,0.0
567777,UNITED STATES,0.0
567802,UNITED STATES,0.0
567835,UNITED STATES,0.0
567856,UNITED STATES,0.0
567872,UNITED STATES,0.0
567883,UNITED STATES,0.0
567898,UNITED KINGDOM,0.0
567925,UNITED STATES,0.0
567962,UNITED STATES,0.0
567971,UNITED STATES,1.0
567990,UNITED STATES,0.0
568017,UNITED STATES,0.0
568018,UNITED STATES,0.0
568026,UNITED STATES,0.0
568030,UNITED STATES,0.0
568041,UNITED STATES,0.0
568049,UNITED STATES,0.0
568107,UNITED STATES,0.0
568175,UNITED STATES,0.0
568178,UNITED STATES,0.0
568217,UNITED STATES,0.0
568223,UNITED STATES,0.0
568224,UNITED STATES,0.0
568225,UNITED STATES,0.0
568246,UNITED STATES,0.0
568283,UNITED STATES,0.0
568325,UNITED STATES,0.0
568369,UNITED STATES,0.0
568387,UNITED STATES,0.0
568389,UNITED STATES,0.0
568392,UNITED STATES,0.0
568396,UNITED STATES,0.0
568415,UNITED STATES,0.0
568430,UNITED STATES,0.0
568465,UNITED STATES,0.0
568466,UNITED STATES,0.0
568468,UNITED STATES,0.0
568477,UNITED STATES,0.0
568491,UNITED STATES,0.0
568494,UNITED STATES,0.0
568506,UNITED STATES,0.0
568522,UNITED STATES,0.0
568527,UNITED STATES,0.0
568532,UNITED STATES,0.0
568542,UNITED STATES,0.0
568543,UNITED STATES,0.0
568550,UNITED STATES,0.0
568551,UNITED STATES,0.0
568562,UNITED STATES,0.0
568583,UNITED STATES,0.0
568609,UNITED STATES,0.0
568632,UNITED STATES,0.0
568699,UNITED STATES,0.0
568799,UKRAINE,0.0
569469,ITALY,0.0
569645,UNITED STATES,0.0
569899,BRAZIL,0.0
570093,UNITED STATES,1.0
570151,UNITED STATES,0.0
570170,UNITED STATES,0.0
570180,UNITED STATES,0.0
570200,UNITED STATES,0.0
570336,UNITED STATES,0.0
570360,UNITED STATES,0.0
570401,UNITED STATES,0.0
570457,UNITED STATES,0.0
570584,UNITED STATES,0.0
570634,UNITED STATES,0.0
570637,UNITED STATES,1.0
570649,UNITED STATES,0.0
570680,UNITED STATES,0.0
570728,UNITED STATES,0.0
570748,UNITED STATES,0.0
570758,UNITED KINGDOM,0.0
570853,UNITED STATES,0.0
571073,UNITED STATES,0.0
571107,UNITED STATES,0.0
571175,BRAZIL,0.0
571176,UNITED KINGDOM,0.0
571188,UNITED STATES,0.0
571268,UNITED STATES,0.0
571382,UNITED STATES,0.0
571423,UNITED STATES,0.0
571440,CHINA,0.0
571476,UNITED STATES,0.0
571527,AUSTRALIA,0.0
571800,UNITED STATES,0.0
571818,UNITED STATES,0.0
571973,UNITED STATES,0.0
572021,UNITED STATES,0.0
572024,UNITED STATES,0.0
572069,UNITED STATES,0.0
572073,UNITED STATES,0.0
572074,UNITED STATES,0.0
572088,UNITED STATES,0.0
572096,UNITED STATES,0.0
572154,UNITED STATES,0.0
572237,UNITED STATES,0.0
572352,GERMANY,0.0
572455,UNITED STATES,0.0
572458,UNITED STATES,0.0
572468,UNITED STATES,0.0
572496,BRAZIL,0.5
572518,UNITED STATES,0.0
572520,UNITED STATES,0.0
572529,UNITED STATES,0.0
572583,UNITED STATES,0.0
572604,UNITED STATES,0.0
572722,UNITED STATES,0.0
572753,UNITED STATES,1.0
572812,UNITED STATES,0.0
572879,UNITED STATES,0.0
572915,UNITED STATES,0.0
572933,UNITED STATES,1.0
573030,UNITED STATES,0.0
573036,UNITED STATES,0.0
573038,UNITED STATES,0.0
573110,UNITED STATES,0.0
573205,UNITED STATES,0.0
573254,UNITED STATES,0.0
573288,UNITED STATES,0.0
573300,UNITED STATES,0.0
573316,UNITED STATES,0.0
573318,UNITED STATES,0.0
573320,UNITED STATES,0.0
573432,UNITED STATES,0.0
573454,UNITED STATES,0.0
573492,UNITED STATES,0.0
573550,BRAZIL,0.0
573593,AUSTRALIA,0.0
573613,UNITED STATES,0.0
573649,UNITED STATES,0.0
573700,UNITED STATES,0.0
573710,UNITED STATES,0.0
573742,FRANCE,0.0
573792,UNITED STATES,0.0
573815,UNITED STATES,0.0
573839,UNITED STATES,0.0
573841,UNITED STATES,0.0
573843,UNITED STATES,0.0
573900,UNITED STATES,0.0
573944,UNITED STATES,0.0
574023,UNITED STATES,0.0
574130,UNITED STATES,0.0
574169,UNITED STATES,0.0
574208,UNITED STATES,0.0
574273,UNITED STATES,0.0
574283,UNITED STATES,0.0
574441,ITALY,0.0
574450,UNITED STATES,0.0
574464,AUSTRALIA,0.0
574491,MEXICO,0.0
574509,UNITED STATES,0.0
574668,UNITED STATES,0.0
574774,UNITED STATES,0.0
574859,UNITED STATES,0.0
574885,BRAZIL,0.0
574889,UNITED STATES,0.0
574912,UNITED STATES,0.0
574936,UNITED STATES,0.0
575003,CHINA,0.0
575007,UNITED STATES,0.0
575038,UNITED STATES,0.5
575065,UNITED STATES,0.0
575107,UNITED STATES,0.0
575113,UNITED KINGDOM,0.0
575131,UNITED KINGDOM,0.0
575196,UNITED STATES,0.0
575198,UNITED STATES,0.0
575207,UNITED STATES,0.0
575218,UNITED STATES,0.0
575381,UNITED STATES,0.0
575475,UNITED STATES,1.0
575477,CHINA,0.0
575511,UNITED STATES,0.0
575520,UNITED STATES,0.0
575544,UNITED STATES,0.0
575554,UNITED STATES,0.0
575615,UNITED STATES,0.0
575647,UNITED STATES,0.0
575649,UNITED STATES,0.0
575655,UNITED STATES,0.0
575738,UNITED STATES,0.0
575754,UNITED STATES,0.0
575773,UNITED STATES,0.0
575777,UNITED STATES,0.0
575794,UNITED STATES,0.0
575796,UNITED STATES,0.0
575798,UNITED STATES,0.0
575811,UNITED STATES,0.0
575814,UNITED STATES,0.0
575913,UNITED STATES,0.0
576003,UNITED STATES,0.0
576135,BELGIUM,0.0
576356,UNITED STATES,0.0
576364,UNITED KINGDOM,0.0
576436,RUSSIAN FEDERATION,1.0
576446,BRAZIL,0.0
576697,UNITED STATES,0.0
576742,ITALY,0.0
576849,UNITED STATES,0.0
576924,UNITED STATES,0.0
576940,UNITED STATES,0.0
576945,UNITED KINGDOM,0.0
577016,UNITED STATES,0.0
577061,UNITED STATES,0.0
577063,UNITED STATES,0.0
577070,UNITED STATES,0.0
577079,UNITED STATES,0.0
577115,UNITED STATES,0.0
577125,UNITED STATES,0.0
577135,UNITED STATES,0.0
577145,UNITED STATES,0.0
577146,UNITED STATES,0.0
577171,UNITED STATES,0.0
577193,UNITED STATES,0.0
577200,UNITED STATES,0.0
577213,UNITED STATES,0.0
577229,UNITED STATES,0.0
577256,UNITED STATES,0.0
577278,UNITED STATES,0.0
577280,UNITED STATES,0.0
577305,UNITED STATES,0.0
577313,UNITED STATES,0.0
577342,UNITED STATES,0.0
577344,UNITED STATES,0.0
577366,UNITED STATES,0.0
577376,UNITED STATES,0.0
577384,UNITED STATES,0.0
577387,UNITED STATES,0.0
577388,UNITED STATES,0.0
577395,UNITED STATES,0.0
577401,UNITED STATES,0.0
577405,UNITED STATES,0.0
577424,UNITED STATES,0.0
577434,UNITED STATES,0.0
577436,UNITED STATES,0.0
577450,UNITED STATES,0.0
577473,UNITED STATES,0.0
577485,UNITED STATES,0.0
577486,UNITED STATES,0.0
577499,UNITED STATES,0.0
577531,UNITED STATES,0.0
577554,UNITED STATES,0.0
577559,UNITED STATES,0.0
577579,UNITED STATES,0.0
577581,UNITED STATES,0.0
577586,UNITED STATES,0.0
577601,UNITED STATES,0.0
577604,UNITED STATES,0.0
577610,UNITED STATES,0.0
577611,UNITED STATES,0.0
577623,UNITED STATES,0.0
577627,UNITED STATES,0.0
577641,UNITED STATES,0.0
577647,UNITED STATES,0.0
577649,UNITED STATES,0.0
577658,UNITED STATES,0.0
577687,UNITED STATES,0.0
577688,UNITED STATES,0.0
577701,UNITED STATES,0.0
577705,UNITED STATES,0.0
577728,UNITED STATES,0.0
577729,UNITED STATES,0.0
577751,UNITED STATES,0.0
577799,UNITED STATES,0.0
577806,UNITED STATES,0.0
577810,UNITED STATES,0.0
577812,UNITED STATES,0.0
577815,UNITED STATES,0.0
577830,UNITED STATES,0.0
577857,UNITED STATES,0.0
577864,UNITED STATES,0.0
577888,UNITED STATES,1.0
577903,UNITED STATES,0.0
577921,UNITED STATES,0.0
577924,UNITED STATES,0.0
577948,UNITED STATES,0.0
577951,UNITED STATES,0.0
577958,UNITED STATES,0.0
577978,UNITED STATES,0.0
577986,UNITED STATES,0.0
578006,UNITED STATES,0.0
578024,UNITED STATES,0.0
578029,UNITED STATES,0.0
578073,UNITED STATES,0.0
578074,UNITED STATES,0.0
578099,UNITED STATES,0.0
578108,UNITED STATES,0.0
578123,UNITED STATES,0.0
578137,UNITED STATES,0.0
578138,UNITED STATES,0.0
578144,UNITED STATES,0.0
578149,UNITED STATES,0.0
578152,UNITED STATES,0.0
578160,UNITED STATES,0.0
578173,UNITED STATES,0.0
578181,UNITED STATES,0.0
578188,UNITED STATES,0.0
578206,UNITED STATES,0.0
578223,UNITED STATES,0.0
578228,UNITED STATES,0.0
578231,UNITED STATES,0.0
578257,UNITED STATES,0.0
578262,UNITED STATES,0.0
578267,UNITED STATES,0.0
578268,UNITED STATES,0.0
578282,UNITED STATES,0.0
578296,UNITED STATES,0.0
578346,UNITED STATES,0.0
578750,UNITED STATES,0.0
578928,GERMANY,0.0
578937,AUSTRALIA,0.0
578945,UNITED STATES,0.0
579025,UNITED STATES,0.0
579030,UNITED STATES,0.0
579039,UNITED STATES,0.0
579045,UNITED STATES,0.0
579062,UNITED STATES,0.0
579069,UNITED STATES,0.0
579074,UNITED STATES,0.0
579088,UNITED STATES,0.0
579103,UNITED STATES,0.0
579136,UNITED STATES,0.0
579145,UNITED STATES,0.0
579172,UNITED STATES,0.0
579173,UNITED STATES,0.0
579194,UNITED STATES,0.0
579195,UNITED STATES,0.0
579216,UNITED STATES,0.0
579219,UNITED STATES,0.0
579224,UNITED STATES,0.0
579246,UNITED STATES,0.0
579255,UNITED STATES,0.0
579261,UNITED STATES,0.0
579266,UNITED STATES,0.0
579269,UNITED STATES,0.0
579273,UNITED STATES,0.0
579275,UNITED STATES,0.0
579282,UNITED STATES,0.0
579312,UNITED STATES,0.0
579317,UNITED STATES,0.0
579330,UNITED STATES,0.0
579332,UNITED STATES,0.0
579344,UNITED STATES,0.0
579351,UNITED STATES,0.0
579361,UNITED STATES,0.0
579374,UNITED STATES,0.0
579377,UNITED STATES,0.0
579383,UNITED STATES,0.0
579386,UNITED STATES,0.0
579412,UNITED STATES,0.0
579414,UNITED STATES,0.0
579418,UNITED STATES,0.0
579421,UNITED STATES,0.0
579424,UNITED STATES,0.0
579444,UNITED STATES,0.0
579448,UNITED STATES,0.0
579451,UNITED STATES,0.0
579467,UNITED STATES,0.0
579473,UNITED STATES,0.0
579479,UNITED STATES,0.0
579488,UNITED STATES,0.0
579492,UNITED STATES,0.0
579501,UNITED STATES,0.0
579515,UNITED STATES,0.0
579518,UNITED STATES,0.0
579519,UNITED STATES,0.0
579523,UNITED STATES,0.0
579530,UNITED STATES,0.0
579531,UNITED STATES,0.0
579551,UNITED STATES,0.0
579563,UNITED STATES,0.0
579571,UNITED STATES,0.0
579579,UNITED STATES,0.0
579580,UNITED STATES,0.0
579581,UNITED STATES,1.0
579602,UNITED STATES,0.0
579609,UNITED STATES,0.0
579613,UNITED STATES,0.0
579615,UNITED STATES,0.0
579627,UNITED STATES,0.0
579665,UNITED STATES,0.0
579671,UNITED STATES,0.0
579677,UNITED STATES,0.0
579690,UNITED STATES,0.0
579717,UNITED STATES,0.0
579722,UNITED STATES,0.0
579740,UNITED STATES,0.0
579741,UNITED STATES,0.0
579749,UNITED STATES,0.0
579763,UNITED STATES,0.0
579796,UNITED STATES,0.0
579802,UNITED STATES,0.0
579867,UNITED KINGDOM,0.0
579903,AUSTRALIA,0.0
579938,AUSTRALIA,0.0
579988,AUSTRALIA,0.0
580000,UNITED STATES,0.0
580001,UNITED KINGDOM,0.0
580004,UNITED STATES,0.0
580008,UNITED STATES,0.0
580033,UNITED STATES,0.0
580039,UNITED STATES,0.0
580059,UNITED STATES,0.0
580070,UNITED STATES,0.0
580104,UNITED STATES,0.0
580121,UNITED STATES,0.0
580127,UNITED STATES,0.0
580143,UNITED STATES,0.0
580157,BRAZIL,0.0
580188,UNITED STATES,0.0
580202,UNITED STATES,0.0
580319,UNITED STATES,0.0
580373,UNITED STATES,0.0
580376,UNITED STATES,0.0
580441,AUSTRALIA,0.0
580505,FRANCE,0.0
580518,UNITED STATES,0.0
580901,UNITED STATES,0.0
581109,UNITED STATES,0.0
581118,UNITED STATES,0.0
581130,UNITED STATES,0.0
581153,UNITED STATES,0.0
581174,UNITED STATES,0.0
581176,UNITED STATES,0.0
581178,UNITED STATES,0.0
581200,UNITED STATES,0.0
581204,UNITED STATES,0.0
581227,UNITED STATES,0.0
581238,UNITED STATES,0.0
581242,UNITED STATES,0.0
581243,UNITED STATES,0.0
581248,UNITED STATES,0.0
581257,UNITED STATES,0.0
581267,UNITED STATES,0.0
581273,UNITED STATES,0.0
581292,UNITED STATES,0.0
581309,UNITED STATES,0.0
581317,UNITED STATES,0.0
581319,UNITED STATES,0.0
581351,UNITED STATES,0.0
581367,UNITED STATES,0.0
581374,UNITED STATES,0.0
581378,UNITED STATES,0.0
581387,UNITED STATES,0.0
581391,UNITED STATES,0.0
581395,UNITED STATES,0.0
581417,UNITED STATES,0.0
581436,ITALY,0.0
581437,UNITED STATES,0.0
581450,UNITED STATES,0.0
581477,UNITED STATES,0.0
581504,UNITED STATES,0.0
581506,UNITED STATES,0.0
581530,UNITED STATES,0.0
581540,UNITED STATES,0.0
581547,UNITED STATES,0.0
581560,UNITED STATES,0.0
581585,UNITED STATES,0.0
581606,UNITED STATES,0.0
581614,UNITED STATES,0.0
581620,UNITED STATES,0.0
581621,UNITED STATES,0.0
581652,UNITED STATES,0.0
581655,UNITED STATES,0.0
581657,UNITED STATES,0.0
581665,UNITED STATES,0.0
581669,UNITED STATES,0.0
581674,UNITED STATES,0.0
581686,UNITED STATES,0.0
581705,FRANCE,0.0
581718,FRANCE,0.0
581737,FRANCE,0.0
581739,FRANCE,0.0
581747,FRANCE,0.0
581748,FRANCE,0.0
581757,FRANCE,0.0
581784,FRANCE,0.0
581818,UNITED STATES,0.0
581969,UNITED STATES,0.0
582015,UNITED STATES,0.0
582040,UNITED STATES,0.0
582059,UNITED STATES,0.0
582074,UNITED STATES,0.0
582083,UNITED STATES,0.0
582097,UNITED STATES,0.0
582127,UNITED STATES,0.0
582148,UNITED STATES,0.0
582150,UNITED STATES,0.0
582156,UNITED STATES,0.0
582161,UNITED STATES,0.0
582176,UNITED STATES,0.0
582194,UNITED STATES,0.0
582207,UNITED STATES,0.0
582218,BRAZIL,0.0
582228,UNITED STATES,0.0
582229,UNITED STATES,0.0
582232,UNITED STATES,0.0
582234,UNITED STATES,0.0
582236,UNITED STATES,0.0
582250,UNITED STATES,0.0
582253,UNITED STATES,1.0
582289,UNITED STATES,0.0
582348,UNITED STATES,0.0
582365,UNITED STATES,0.0
582386,UNITED STATES,0.0
582415,UNITED STATES,0.0
582421,UNITED STATES,0.0
582431,UNITED STATES,0.0
582443,UNITED STATES,0.0
582451,UNITED STATES,0.0
582458,UNITED STATES,0.0
582500,UNITED STATES,0.0
582509,UNITED STATES,0.0
582515,UNITED STATES,0.0
582525,UNITED STATES,0.0
582545,UNITED STATES,0.0
582551,UNITED STATES,0.0
582568,UNITED STATES,0.0
582572,UNITED STATES,0.0
582583,UNITED STATES,0.0
582598,UNITED STATES,0.0
582608,UNITED STATES,0.0
582609,UNITED STATES,0.0
582627,UNITED STATES,0.0
582636,UNITED STATES,0.0
582646,UNITED STATES,0.0
582650,UNITED STATES,0.0
582659,UNITED STATES,0.0
582661,UNITED STATES,0.0
582668,UNITED STATES,0.0
582686,UNITED STATES,0.0
582693,UNITED STATES,0.0
582717,UNITED STATES,1.0
582751,UNITED STATES,0.0
582757,UNITED STATES,0.0
582766,UNITED STATES,0.0
582767,UNITED STATES,0.0
582779,UNITED STATES,0.0
582789,UNITED STATES,0.0
582794,UNITED STATES,1.0
582796,UNITED STATES,0.0
582801,UNITED STATES,0.0
582810,UNITED STATES,0.0
582816,UNITED STATES,0.0
582821,UNITED STATES,0.0
582834,UNITED STATES,0.0
582854,UNITED STATES,0.0
582863,UNITED STATES,0.0
582875,UNITED STATES,0.0
582889,UNITED STATES,0.0
582944,UNITED STATES,0.0
582991,UNITED STATES,0.0
583000,UNITED STATES,0.0
583051,UNITED STATES,0.0
583058,UNITED STATES,0.0
583060,UNITED STATES,0.0
583093,UNITED STATES,0.0
583117,UNITED STATES,0.0
583151,RUSSIAN FEDERATION,0.0
583153,UNITED STATES,0.0
583180,UNITED STATES,0.0
583225,UNITED STATES,0.0
583272,UNITED STATES,0.0
583285,UNITED STATES,0.0
583287,UNITED STATES,0.0
583288,UNITED STATES,0.0
583294,UNITED STATES,0.0
583301,UNITED STATES,0.0
583319,UNITED STATES,0.0
583331,UNITED STATES,0.0
583362,UNITED STATES,0.0
583367,UNITED STATES,1.0
583379,UNITED STATES,0.0
583382,UNITED STATES,0.0
583392,UNITED STATES,0.0
583411,UNITED STATES,0.0
583419,UNITED STATES,1.0
583428,UNITED STATES,0.0
583432,UNITED STATES,0.0
583436,UNITED STATES,0.0
583444,UNITED STATES,0.0
583455,UNITED STATES,0.0
583457,UNITED STATES,0.0
583460,UNITED STATES,0.0
583462,UNITED STATES,0.0
583466,UNITED STATES,0.0
583478,UNITED STATES,0.0
583482,UNITED STATES,0.0
583488,UNITED STATES,0.0
583489,UNITED STATES,0.0
583500,UNITED STATES,0.0
583506,UNITED STATES,0.0
583517,UNITED STATES,0.0
583559,UNITED STATES,0.0
583583,UNITED STATES,0.0
583586,UNITED STATES,0.0
583592,UNITED STATES,0.0
583599,RUSSIAN FEDERATION,0.0
583611,UNITED STATES,0.0
583618,UNITED STATES,0.0
583622,UNITED STATES,0.0
583637,UNITED STATES,0.0
583655,UNITED STATES,0.0
583662,UNITED STATES,1.0
583695,UNITED STATES,0.0
583696,UNITED STATES,0.0
583709,UNITED STATES,1.0
583716,UNITED STATES,0.0
583750,UNITED STATES,0.0
583754,UNITED STATES,0.0
583758,UNITED STATES,0.0
583759,UNITED STATES,0.0
583774,UNITED STATES,0.0
583787,UNITED STATES,1.0
583808,UNITED STATES,0.0
583840,UNITED STATES,0.0
583859,UNITED STATES,0.0
583862,UNITED STATES,0.0
583865,UNITED STATES,0.0
583899,UNITED STATES,0.0
583900,UNITED STATES,0.0
583910,UNITED STATES,0.0
583921,UNITED STATES,0.0
583930,UNITED STATES,0.0
583933,UNITED STATES,0.5
583949,UNITED STATES,0.0
583973,UNITED STATES,0.0
583977,UNITED STATES,0.0
583992,UNITED STATES,1.0
583994,UNITED STATES,0.0
583995,UNITED STATES,0.0
584021,UNITED STATES,0.0
584023,UNITED STATES,0.0
584024,UNITED STATES,0.0
584032,UNITED STATES,0.0
584035,UNITED STATES,0.0
584050,UNITED STATES,0.0
584053,UNITED STATES,0.0
584059,UNITED STATES,0.0
584075,UNITED STATES,0.0
584095,UNITED STATES,0.0
584104,UNITED STATES,0.0
584106,UNITED STATES,0.0
584134,UNITED STATES,0.0
584144,BRAZIL,0.0
584194,UNITED STATES,0.0
584238,UNITED STATES,0.0
584246,UNITED KINGDOM,0.0
584253,UNITED STATES,0.0
584288,UNITED STATES,1.0
584302,UNITED STATES,0.0
584312,UNITED STATES,0.0
584324,UNITED STATES,0.0
584328,UNITED STATES,0.0
584344,UNITED STATES,0.0
584355,UNITED STATES,0.0
584364,UNITED STATES,0.0
584380,UNITED STATES,0.0
584388,UNITED STATES,0.0
584448,UNITED STATES,0.0
584457,UNITED STATES,0.0
584479,UNITED STATES,0.0
584480,UNITED STATES,0.0
584498,UNITED STATES,1.0
584531,UNITED STATES,0.0
584532,UNITED STATES,0.0
584546,UNITED STATES,0.0
584547,UNITED STATES,0.0
584550,UNITED STATES,0.0
584560,UNITED STATES,0.0
584569,UNITED STATES,0.0
584590,UNITED STATES,0.0
584603,UNITED STATES,0.0
584610,UNITED STATES,0.0
584620,UNITED STATES,0.0
584653,UNITED STATES,0.0
584656,UNITED STATES,0.0
584660,UNITED STATES,0.0
584661,UNITED STATES,0.0
584691,UNITED STATES,0.0
584708,UNITED STATES,0.0
584715,MEXICO,0.0
584723,UNITED STATES,0.0
584748,UNITED STATES,0.0
584768,UNITED STATES,0.0
584775,UNITED STATES,0.0
584783,UNITED STATES,0.0
584813,UNITED STATES,0.0
584827,UNITED STATES,0.0
584835,UNITED STATES,0.0
584837,UNITED STATES,0.0
584862,UNITED STATES,0.0
584868,UNITED STATES,0.0
584873,UNITED STATES,0.0
584878,UNITED STATES,0.0
584894,UNITED STATES,0.0
584909,UNITED STATES,0.0
584919,UNITED STATES,0.0
584987,UNITED STATES,0.0
584988,UNITED STATES,0.0
585010,UNITED STATES,0.0
585027,UNITED STATES,0.0
585029,UNITED STATES,1.0
585045,UNITED STATES,0.0
585054,UNITED STATES,0.0
585055,UNITED STATES,0.0
585062,UNITED STATES,0.0
585066,UNITED STATES,0.0
585086,UNITED STATES,0.0
585106,UNITED STATES,0.0
585125,UNITED STATES,0.0
585150,UNITED STATES,0.0
585157,UNITED STATES,0.0
585183,MEXICO,0.0
585220,UNITED STATES,0.0
585228,UNITED STATES,0.0
585238,UNITED STATES,0.0
585241,UNITED STATES,0.0
585291,UNITED STATES,0.0
585293,UNITED STATES,0.0
585344,UNITED STATES,0.0
585388,UKRAINE,0.0
585425,UNITED STATES,0.0
585433,UNITED STATES,0.0
585434,UNITED STATES,0.0
585440,UNITED STATES,0.0
585444,GERMANY,0.0
585445,BRAZIL,0.0
585446,UNITED STATES,0.0
585456,UNITED STATES,0.0
585458,UNITED STATES,0.0
585459,UNITED STATES,0.0
585465,UNITED STATES,0.0
585467,FRANCE,0.0
585480,UNITED STATES,0.0
585509,FRANCE,0.0
585525,FRANCE,0.0
585556,FRANCE,0.0
585585,FRANCE,0.0
585615,UNITED STATES,0.0
585663,UNITED STATES,0.0
585695,UNITED STATES,0.0
585703,UNITED STATES,0.0
585835,UNITED STATES,0.0
585837,UNITED KINGDOM,0.0
585850,UNITED STATES,0.0
585875,UNITED STATES,1.0
585883,UNITED STATES,0.0
585953,PAKISTAN,0.0
586010,SINGAPORE,0.0
586023,UNITED STATES,0.0
586059,UNITED STATES,0.0
586080,UNITED STATES,0.0
586089,UNITED STATES,0.0
586108,UNITED STATES,0.0
586137,UNITED STATES,0.0
586138,UNITED STATES,0.0
586140,UNITED STATES,0.0
586142,UNITED STATES,0.0
586171,UNITED STATES,0.0
586204,UNITED STATES,0.0
586219,UNITED STATES,1.0
586236,UNITED STATES,0.0
586250,UNITED STATES,0.0
586268,UNITED STATES,0.0
586337,UNITED STATES,0.0
586347,UNITED STATES,0.0
586366,UNITED STATES,0.0
586398,UNITED STATES,0.0
586432,UNITED STATES,0.0
586435,UNITED STATES,0.0
586441,UNITED STATES,0.0
586470,UNITED STATES,0.0
586504,UNITED STATES,0.0
586508,UNITED STATES,0.0
586537,UNITED STATES,0.0
586548,UNITED STATES,0.0
586561,UNITED STATES,0.0
586563,UNITED STATES,0.0
586629,UNITED STATES,0.0
586632,UNITED STATES,0.0
586634,UNITED STATES,0.0
586653,UNITED STATES,0.0
586661,UNITED STATES,0.0
586674,UNITED STATES,0.0
586685,UNITED STATES,0.0
586686,UNITED STATES,0.0
586696,UNITED STATES,0.0
586707,UNITED STATES,0.0
586725,UNITED STATES,0.0
586732,UNITED STATES,0.0
586748,UNITED STATES,0.0
586764,UNITED STATES,0.0
586796,UNITED STATES,0.0
586826,UNITED STATES,0.0
586836,UNITED STATES,0.0
586907,UNITED STATES,0.0
586927,UNITED STATES,0.0
586964,UNITED STATES,0.0
586978,UNITED STATES,0.0
587003,UNITED STATES,0.0
587006,UNITED STATES,0.0
587015,UNITED STATES,0.0
587033,UNITED STATES,0.0
587071,UNITED STATES,0.0
587078,UNITED STATES,1.0
587099,UNITED STATES,0.0
587110,UNITED STATES,1.0
587161,UNITED STATES,0.0
587164,UNITED STATES,0.0
587165,UNITED STATES,0.0
587166,UNITED STATES,0.0
587169,UNITED STATES,0.0
587174,UNITED STATES,0.0
587182,UNITED STATES,1.0
587194,UNITED STATES,0.0
587215,UNITED STATES,0.0
587223,UNITED STATES,0.0
587226,UNITED STATES,0.0
587254,UNITED STATES,0.0
587257,UNITED STATES,0.0
587279,UNITED STATES,0.0
587283,UNITED STATES,0.0
587288,GERMANY,0.0
587299,UNITED STATES,0.0
587353,UNITED STATES,0.0
587362,UNITED STATES,0.0
587460,UNITED STATES,0.0
587461,UNITED STATES,0.0
587472,UNITED STATES,0.0
587474,UNITED STATES,0.0
587479,UNITED STATES,0.5
587490,UNITED STATES,0.0
587508,UNITED STATES,0.0
587520,UNITED STATES,0.0
587543,UNITED STATES,0.0
587549,UNITED STATES,0.0
587561,UNITED STATES,0.0
587575,UNITED STATES,0.0
587578,UNITED STATES,0.0
587626,UNITED STATES,0.0
587627,UNITED STATES,0.0
587631,UNITED STATES,0.0
587651,UNITED STATES,0.0
587661,UNITED STATES,0.0
587734,UNITED STATES,0.0
587751,UNITED STATES,0.0
587756,UNITED STATES,0.0
587780,UNITED STATES,0.0
587787,UNITED STATES,1.0
587800,UNITED STATES,0.0
587812,UNITED STATES,0.0
587822,UNITED STATES,0.0
587831,UNITED STATES,0.0
587849,UNITED STATES,0.0
587857,UNITED STATES,0.0
587883,UNITED STATES,0.0
587909,UNITED STATES,0.0
587913,UNITED STATES,0.0
587925,UNITED STATES,0.0
587933,UNITED STATES,0.0
587948,UNITED STATES,0.0
587950,UNITED STATES,0.0
587953,UNITED STATES,0.0
587960,UNITED STATES,0.0
587976,UNITED STATES,0.0
587982,UNITED STATES,0.0
587984,UNITED STATES,0.0
587999,UNITED STATES,0.0
588001,UNITED STATES,0.0
588014,UNITED STATES,0.0
588024,UNITED STATES,0.0
588025,UNITED STATES,0.0
588059,UNITED STATES,0.0
588075,UNITED STATES,0.0
588076,UNITED STATES,0.0
588078,UNITED STATES,0.0
588083,UNITED STATES,0.0
588089,UNITED STATES,0.0
588096,UNITED STATES,0.0
588098,UNITED STATES,0.0
588117,UNITED STATES,0.0
588118,UNITED STATES,0.0
588119,UNITED STATES,0.0
588124,UNITED STATES,0.0
588131,UNITED STATES,0.0
588162,UNITED STATES,0.0
588172,UNITED STATES,0.0
588193,UNITED STATES,0.0
588227,UNITED KINGDOM,0.0
588238,UNITED STATES,0.0
588256,UNITED STATES,0.0
588282,UNITED STATES,0.0
588325,UNITED STATES,0.0
588343,UNITED STATES,0.0
588372,UNITED STATES,0.0
588390,UNITED STATES,0.0
588392,UNITED STATES,0.0
588400,UNITED STATES,0.0
588445,UNITED STATES,0.0
588461,UNITED STATES,0.0
588475,UNITED STATES,0.0
588509,UNITED STATES,0.0
588512,UNITED STATES,0.0
588523,UNITED STATES,0.0
588541,UNITED STATES,0.0
588545,UNITED STATES,0.0
588567,UNITED STATES,0.0
588671,UNITED STATES,0.0
588678,UNITED STATES,0.0
588698,UKRAINE,0.0
588715,UNITED STATES,0.0
588745,UNITED STATES,0.0
588781,UNITED STATES,0.0
588804,UNITED STATES,0.0
588816,BRAZIL,1.0
588830,MALAYSIA,0.0
588859,CHINA,0.0
588888,UNITED STATES,0.0
588892,BELGIUM,0.0
588981,UNITED STATES,0.0
588994,AUSTRALIA,0.0
589006,UNITED STATES,0.0
589031,UNITED STATES,0.0
589032,UNITED STATES,0.0
589038,UNITED STATES,0.0
589039,UNITED STATES,0.0
589076,UNITED STATES,0.0
589087,UNITED STATES,0.0
589098,UNITED STATES,0.0
589102,UNITED STATES,0.0
589124,UNITED STATES,0.0
589132,UNITED STATES,0.0
589152,UNITED STATES,0.0
589175,UNITED STATES,0.0
589176,UNITED STATES,0.0
589246,ITALY,0.0
589257,UNITED STATES,1.0
589340,UNITED STATES,0.0
589376,UNITED STATES,0.0
589385,UNITED STATES,0.0
589394,UNITED STATES,0.0
589396,UNITED STATES,0.0
589399,KENYA,0.0
589430,CHINA,0.0
589439,UNITED STATES,0.0
589458,INDIA,0.0
589460,SINGAPORE,0.0
589489,UNITED STATES,1.0
589496,UNITED STATES,0.0
589516,UNITED STATES,0.0
589517,UNITED STATES,0.0
589526,UNITED STATES,0.0
589532,UNITED STATES,0.0
589533,UNITED STATES,0.0
589540,UNITED STATES,0.0
589561,UNITED STATES,0.0
589565,UNITED STATES,0.0
589569,UNITED STATES,0.0
589582,UNITED STATES,0.0
589599,UNITED STATES,0.0
589646,UNITED STATES,0.0
589653,RUSSIAN FEDERATION,0.0
589675,UNITED STATES,0.0
589691,UNITED STATES,0.0
589705,UNITED STATES,0.0
589709,GERMANY,1.0
589746,UNITED STATES,0.0
589765,UNITED STATES,0.0
589774,UNITED STATES,0.0
589781,UNITED STATES,0.0
589792,RUSSIAN FEDERATION,0.0
589871,UNITED STATES,0.0
589910,PAKISTAN,1.0
589917,PAKISTAN,0.0
589921,PAKISTAN,0.0
589929,PAKISTAN,1.0
589930,PAKISTAN,0.0
589943,PAKISTAN,0.0
589945,PAKISTAN,0.0
589948,PAKISTAN,0.0
589952,PAKISTAN,0.0
589984,UNITED STATES,0.0
590028,UNITED KINGDOM,0.0
590031,AUSTRALIA,0.0
590058,GERMANY,0.0
590061,RUSSIAN FEDERATION,0.0
590071,UNITED KINGDOM,0.0
590073,GERMANY,0.0
590087,GERMANY,0.0
590095,CHINA,0.0
590102,INDIA,0.0
590103,BRAZIL,0.0
590106,UNITED KINGDOM,0.0
590142,AUSTRALIA,0.0
590162,GERMANY,0.0
590166,UNITED KINGDOM,0.0
590171,RUSSIAN FEDERATION,0.0
590178,GERMANY,0.0
590187,SINGAPORE,0.0
590195,CHINA,0.0
590196,AUSTRALIA,0.0
590199,UNITED KINGDOM,0.0
590221,INDIA,0.0
590226,CHINA,0.0
590232,CHINA,0.0
590289,AUSTRALIA,0.0
590305,GERMANY,0.0
590334,GERMANY,0.0
590389,CHINA,0.0
590406,UNITED KINGDOM,0.0
590408,SINGAPORE,0.0
590423,CHINA,0.0
590438,AUSTRALIA,0.0
590442,ITALY,0.0
590449,CHINA,0.0
590451,AUSTRALIA,0.0
590485,UNITED KINGDOM,0.0
590514,INDIA,0.0
590520,ITALY,0.0
590522,AUSTRALIA,0.0
590535,UNITED KINGDOM,0.0
590556,CHINA,0.0
590576,CHINA,0.0
590588,CHINA,0.0
590620,BRAZIL,0.0
590643,GERMANY,0.0
590679,CHINA,0.0
590681,UNITED KINGDOM,0.0
590713,GERMANY,0.0
590737,INDIA,0.0
590743,CHINA,0.0
590747,GERMANY,0.0
590764,CHINA,1.0
590772,CHINA,0.0
590775,CHINA,0.0
590784,CHINA,0.0
590793,CHINA,0.0
590800,INDIA,0.0
590802,BRAZIL,0.0
590826,CHINA,0.0
590858,UNITED KINGDOM,0.0
590867,UKRAINE,0.0
590876,UKRAINE,0.0
590924,BRAZIL,0.0
590963,UNITED KINGDOM,0.0
590966,UNITED KINGDOM,0.0
590982,INDIA,0.0
590983,CHINA,0.0
591003,GERMANY,0.0
591009,UKRAINE,0.0
591035,BRAZIL,0.0
591048,ITALY,0.0
591093,BRAZIL,0.0
591101,SINGAPORE,0.0
591123,AUSTRALIA,0.0
591145,AUSTRALIA,0.0
591149,CHINA,0.0
591162,INDIA,0.0
591181,UNITED KINGDOM,0.0
591200,UNITED KINGDOM,0.0
591206,UNITED KINGDOM,0.0
591207,GERMANY,0.0
591209,UNITED KINGDOM,0.0
591290,INDIA,0.0
591301,UNITED KINGDOM,0.0
591346,CHINA,0.0
591348,RUSSIAN FEDERATION,0.0
591352,RUSSIAN FEDERATION,0.0
591388,BRAZIL,1.0
591389,CHINA,0.0
591406,GERMANY,0.0
591445,UNITED KINGDOM,0.0
591446,BRAZIL,0.0
591459,ITALY,0.0
591513,INDIA,0.0
591524,UNITED KINGDOM,0.0
591532,SINGAPORE,0.0
591534,BRAZIL,0.0
591548,INDIA,0.0
591567,CHINA,0.0
591569,UNITED KINGDOM,0.0
591585,ITALY,0.0
591605,UNITED KINGDOM,0.0
591636,ITALY,0.0
591638,UNITED KINGDOM,0.0
591663,RUSSIAN FEDERATION,0.0
591674,CHINA,0.0
591675,UNITED KINGDOM,0.0
591684,SINGAPORE,0.0
591701,BRAZIL,0.0
591703,CHINA,0.0
591714,SINGAPORE,0.0
591734,CHINA,0.0
591753,ITALY,0.0
591760,CHINA,0.0
591788,BRAZIL,0.0
591791,AUSTRALIA,0.0
591794,CHINA,0.0
591800,BRAZIL,0.0
591806,UNITED KINGDOM,0.0
591818,INDIA,0.0
591846,UNITED KINGDOM,0.0
591869,ITALY,0.0
591875,BRAZIL,0.0
591876,CHINA,0.0
591927,CHINA,1.0
591928,CHINA,0.0
591942,BRAZIL,0.0
591944,UNITED KINGDOM,0.0
591953,BRAZIL,0.0
591972,GERMANY,0.0
591974,CHINA,0.0
591976,RUSSIAN FEDERATION,0.0
591989,AUSTRALIA,0.0
592043,SINGAPORE,0.0
592064,UNITED KINGDOM,0.0
592116,GERMANY,0.0
592123,ITALY,0.0
592127,CHINA,0.0
592141,CHINA,0.0
592146,INDIA,0.0
592151,INDIA,1.0
592192,INDIA,0.0
592215,INDIA,0.0
592217,AUSTRALIA,0.0
592242,CHINA,0.0
592252,CHINA,0.0
592273,SINGAPORE,0.0
592301,AUSTRALIA,0.0
592310,UNITED KINGDOM,0.0
592326,GERMANY,0.0
592341,BRAZIL,0.0
592351,GERMANY,0.0
592410,GERMANY,0.0
592433,UNITED KINGDOM,0.0
592445,CHINA,0.0
592500,UKRAINE,0.0
592504,AUSTRALIA,0.0
592512,UNITED KINGDOM,0.0
592521,GERMANY,0.0
592526,CHINA,0.0
592538,GERMANY,0.0
592578,SINGAPORE,0.0
592593,UKRAINE,0.0
592625,GERMANY,0.0
592629,AUSTRALIA,0.0
592646,CHINA,0.0
592657,CHINA,0.0
592659,UNITED KINGDOM,0.0
592671,GERMANY,0.0
592677,AUSTRALIA,0.0
592702,CHINA,0.0
592744,INDIA,0.0
592747,UNITED KINGDOM,0.0
592758,CHINA,0.0
592783,AUSTRALIA,0.0
592821,CHINA,0.0
592829,UNITED KINGDOM,0.0
592840,UNITED KINGDOM,0.0
592841,GERMANY,0.0
592846,INDIA,0.0
592868,CHINA,0.0
592870,UNITED KINGDOM,0.0
592893,UKRAINE,0.0
592928,GERMANY,0.0
592955,ITALY,0.0
592957,UNITED KINGDOM,0.0
592972,UKRAINE,0.0
592999,GERMANY,0.0
593029,CHINA,0.0
593036,UNITED KINGDOM,0.0
593062,GERMANY,0.0
593078,GERMANY,0.0
593084,GERMANY,0.0
593088,INDIA,0.0
593095,UNITED KINGDOM,0.0
593115,CHINA,0.0
593136,CHINA,0.0
593149,GERMANY,1.0
593171,ITALY,0.0
593182,CHINA,0.0
593193,GERMANY,0.0
593194,CHINA,0.0
593196,CHINA,0.0
593198,AUSTRALIA,0.0
593200,CHINA,0.0
593213,BRAZIL,0.0
593224,CHINA,0.0
593249,UNITED KINGDOM,0.0
593289,INDIA,0.0
593300,CHINA,0.0
593311,CHINA,0.0
593314,AUSTRALIA,0.0
593321,RUSSIAN FEDERATION,0.0
593344,INDIA,0.0
593366,INDIA,0.0
593402,UNITED KINGDOM,0.0
593418,BRAZIL,0.0
593440,AUSTRALIA,0.0
593453,BRAZIL,0.0
593471,INDIA,0.0
593494,AUSTRALIA,0.0
593514,CHINA,0.0
593518,CHINA,0.0
593527,CHINA,0.0
593529,ITALY,0.0
593533,CHINA,0.0
593552,UNITED KINGDOM,0.0
593558,UNITED KINGDOM,0.0
593566,CHINA,0.0
593574,ITALY,0.0
593580,GERMANY,0.0
593584,CHINA,0.0
593603,GERMANY,0.0
593646,UNITED KINGDOM,0.0
593651,RUSSIAN FEDERATION,0.0
593668,CHINA,0.0
593684,RUSSIAN FEDERATION,0.0
593720,CHINA,0.0
593736,RUSSIAN FEDERATION,0.0
593739,BRAZIL,0.0
593746,UNITED KINGDOM,0.0
593774,UNITED KINGDOM,0.0
593780,INDIA,0.0
593787,ITALY,0.0
593810,ITALY,0.0
593841,RUSSIAN FEDERATION,0.0
593888,RUSSIAN FEDERATION,0.0
593909,CHINA,0.0
593927,AUSTRALIA,0.0
593930,CHINA,0.0
593938,UNITED KINGDOM,0.0
593944,CHINA,0.0
593946,CHINA,0.0
593950,SINGAPORE,0.0
593951,GERMANY,0.0
593956,RUSSIAN FEDERATION,0.0
594009,UNITED KINGDOM,0.0
594020,ITALY,0.0
594030,GERMANY,0.0
594032,CHINA,1.0
594050,CHINA,0.0
594105,UKRAINE,0.0
594108,GERMANY,0.0
594112,UNITED KINGDOM,0.0
594123,AUSTRALIA,0.0
594130,CHINA,0.0
594165,GERMANY,0.0
594170,UNITED KINGDOM,0.0
594193,BRAZIL,1.0
594199,INDIA,0.0
594203,CHINA,0.0
594209,GERMANY,0.0
594215,CHINA,0.0
594241,AUSTRALIA,0.0
594243,CHINA,0.0
594250,UNITED KINGDOM,0.0
594258,BRAZIL,0.0
594263,UNITED KINGDOM,0.0
594273,CHINA,0.0
594298,UNITED KINGDOM,0.0
594307,UNITED KINGDOM,0.0
594310,BRAZIL,0.0
594329,SINGAPORE,0.0
594340,RUSSIAN FEDERATION,0.0
594380,SINGAPORE,0.0
594385,UKRAINE,0.0
594386,UNITED KINGDOM,0.0
594429,UNITED KINGDOM,1.0
594438,CHINA,0.0
594443,GERMANY,0.0
594460,CHINA,0.0
594478,UNITED KINGDOM,0.0
594504,SINGAPORE,0.0
594511,CHINA,0.0
594522,BRAZIL,0.0
594528,CHINA,0.0
594539,CHINA,1.0
594542,INDIA,0.0
594548,CHINA,0.0
594554,INDIA,0.0
594589,UNITED KINGDOM,0.0
594609,CHINA,0.0
594610,ITALY,0.0
594622,ITALY,0.0
594630,BRAZIL,0.0
594638,AUSTRALIA,0.0
594660,CHINA,0.0
594702,RUSSIAN FEDERATION,0.0
594705,UNITED KINGDOM,0.0
594712,GERMANY,0.0
594713,CHINA,0.0
594726,INDIA,0.0
594754,BRAZIL,0.0
594762,GERMANY,0.0
594819,BRAZIL,0.0
594821,AUSTRALIA,0.0
594835,GERMANY,0.0
594864,AUSTRALIA,1.0
594878,INDIA,0.0
594893,GERMANY,0.0
594895,CHINA,0.0
594906,CHINA,0.0
594961,INDIA,0.0
594971,UNITED KINGDOM,0.0
594992,RUSSIAN FEDERATION,0.0
595004,BRAZIL,0.0
595030,CHINA,0.0
595044,BRAZIL,0.0
595070,ITALY,0.0
595086,CHINA,0.0
595105,BRAZIL,0.0
595128,UNITED KINGDOM,0.0
595164,GERMANY,0.0
595167,AUSTRALIA,0.0
595179,CHINA,0.0
595183,BRAZIL,0.0
595212,AUSTRALIA,0.0
595217,UNITED KINGDOM,0.0
595246,UNITED KINGDOM,0.0
595255,CHINA,0.0
595277,AUSTRALIA,0.0
595290,AUSTRALIA,0.0
595300,CHINA,0.0
595303,GERMANY,0.0
595310,BRAZIL,1.0
595326,AUSTRALIA,0.0
595342,UNITED KINGDOM,0.0
595367,ITALY,0.0
595432,BRAZIL,1.0
595439,BRAZIL,0.0
595441,AUSTRALIA,0.0
595448,AUSTRALIA,0.0
595453,RUSSIAN FEDERATION,0.0
595455,AUSTRALIA,0.0
595465,BRAZIL,0.0
595483,SINGAPORE,0.0
595490,AUSTRALIA,1.0
595505,UKRAINE,0.0
595516,CHINA,0.0
595536,UNITED KINGDOM,0.0
595575,CHINA,0.0
595576,UNITED KINGDOM,0.0
595580,UNITED KINGDOM,0.0
595583,CHINA,0.0
595621,CHINA,0.0
595638,UNITED KINGDOM,0.0
595655,UNITED KINGDOM,0.0
595685,UNITED KINGDOM,0.0
595702,AUSTRALIA,0.0
595710,CHINA,0.0
595720,INDIA,0.0
595721,CHINA,0.0
595741,CHINA,0.0
595745,CHINA,0.0
595767,AUSTRALIA,0.0
595779,CHINA,0.0
595783,INDIA,0.0
595800,INDIA,0.0
595870,UNITED KINGDOM,0.0
595892,UNITED KINGDOM,0.0
595904,UNITED KINGDOM,0.0
595955,BRAZIL,0.0
595958,AUSTRALIA,0.0
595977,UNITED KINGDOM,0.0
595997,BRAZIL,0.0
596003,ITALY,0.0
596030,GERMANY,0.0
596046,UNITED KINGDOM,0.0
596049,UKRAINE,0.0
596057,CHINA,0.0
596060,CHINA,0.0
596090,GERMANY,0.0
596121,BRAZIL,0.0
596138,GERMANY,0.0
596156,UNITED KINGDOM,0.0
596178,BRAZIL,0.0
596185,GERMANY,0.0
596227,CHINA,0.0
596255,ITALY,0.0
596268,CHINA,0.0
596270,UNITED KINGDOM,0.0
596314,CHINA,0.0
596317,ITALY,0.0
596325,BRAZIL,0.0
596345,GERMANY,0.0
596379,AUSTRALIA,0.0
596391,UNITED KINGDOM,0.0
596401,UNITED KINGDOM,0.0
596412,GERMANY,0.0
596422,CHINA,0.0
596432,SINGAPORE,0.0
596450,BRAZIL,0.0
596454,UNITED KINGDOM,0.0
596475,UNITED KINGDOM,0.0
596490,BRAZIL,0.0
596494,CHINA,0.0
596503,CHINA,1.0
596529,CHINA,0.0
596551,AUSTRALIA,0.0
596571,RUSSIAN FEDERATION,0.0
596575,BRAZIL,0.0
596583,SINGAPORE,0.0
596585,GERMANY,0.0
596641,CHINA,0.0
596660,INDIA,0.0
596665,AUSTRALIA,0.0
596674,CHINA,0.0
596688,CHINA,0.0
596705,BRAZIL,0.0
596728,CHINA,0.0
596762,INDIA,0.0
596799,UNITED KINGDOM,0.0
596800,INDIA,0.0
596810,UNITED KINGDOM,0.0
596837,CHINA,0.0
596840,INDIA,0.0
596852,UNITED KINGDOM,0.0
596864,UNITED KINGDOM,0.0
596879,RUSSIAN FEDERATION,1.0
596900,AUSTRALIA,0.0
596905,AUSTRALIA,0.0
596915,AUSTRALIA,0.0
596935,CHINA,0.0
596943,ITALY,0.0
596949,UNITED KINGDOM,0.0
596965,ITALY,0.0
596984,RUSSIAN FEDERATION,0.0
596987,RUSSIAN FEDERATION,0.0
596988,UKRAINE,0.0
597021,SINGAPORE,0.0
597022,SINGAPORE,0.0
597068,CHINA,0.0
597080,UNITED KINGDOM,0.0
597083,AUSTRALIA,0.0
597085,ITALY,0.0
597096,CHINA,0.0
597111,UNITED KINGDOM,0.0
597131,CHINA,0.0
597144,AUSTRALIA,0.0
597171,CHINA,0.0
597184,CHINA,0.0
597204,UNITED KINGDOM,0.0
597235,AUSTRALIA,0.0
597249,UNITED KINGDOM,0.0
597278,SINGAPORE,0.0
597331,INDIA,0.0
597346,BRAZIL,0.0
597354,CHINA,0.0
597358,CHINA,0.0
597412,UNITED KINGDOM,0.0
597424,GERMANY,0.0
597440,AUSTRALIA,0.0
597497,UNITED KINGDOM,0.0
597557,CHINA,0.0
597561,CHINA,0.0
597581,CHINA,0.0
597587,CHINA,0.0
597600,RUSSIAN FEDERATION,0.0
597607,CHINA,0.0
597655,CHINA,0.0
597709,CHINA,0.0
597711,CHINA,0.0
597713,UNITED KINGDOM,0.0
597714,CHINA,0.0
597716,CHINA,0.0
597718,AUSTRALIA,0.0
597746,GERMANY,0.0
597772,BRAZIL,0.0
597774,CHINA,0.0
597809,SINGAPORE,0.0
597810,GERMANY,0.0
597819,BRAZIL,0.0
597871,UNITED KINGDOM,0.0
597873,SINGAPORE,0.0
597878,GERMANY,0.0
597902,AUSTRALIA,0.0
597927,CHINA,0.0
597928,CHINA,0.0
597935,UNITED KINGDOM,0.0
597946,INDIA,0.0
597957,GERMANY,0.0
597959,SINGAPORE,0.0
597965,SINGAPORE,0.0
597967,RUSSIAN FEDERATION,0.0
597974,INDIA,0.0
597978,UNITED KINGDOM,0.0
597992,UNITED KINGDOM,0.0
598008,CHINA,0.0
598069,UNITED KINGDOM,0.0
598075,INDIA,0.0
598104,CHINA,0.0
598118,UKRAINE,0.0
598119,UNITED KINGDOM,0.0
598140,AUSTRALIA,0.0
598144,AUSTRALIA,0.0
598147,GERMANY,0.0
598150,CHINA,0.0
598152,UKRAINE,0.0
598154,UNITED KINGDOM,0.0
598170,AUSTRALIA,0.0
598206,INDIA,0.0
598211,BRAZIL,0.0
598219,BRAZIL,0.0
598225,AUSTRALIA,1.0
598227,CHINA,0.0
598245,INDIA,0.0
598313,AUSTRALIA,0.0
598335,CHINA,0.0
598342,CHINA,0.0
598343,GERMANY,0.0
598355,GERMANY,0.0
598377,CHINA,0.0
598379,CHINA,0.0
598389,INDIA,0.0
598399,UKRAINE,0.0
598402,GERMANY,0.0
598403,RUSSIAN FEDERATION,0.0
598409,UNITED KINGDOM,0.0
598449,UKRAINE,0.0
598450,CHINA,0.0
598471,UNITED KINGDOM,0.0
598568,BRAZIL,0.0
598586,GERMANY,0.5
598597,CHINA,0.0
598605,INDIA,0.0
598607,RUSSIAN FEDERATION,0.0
598620,CHINA,0.0
598627,BRAZIL,0.0
598635,CHINA,0.0
598650,UNITED KINGDOM,0.0
598694,UNITED KINGDOM,1.0
598729,BRAZIL,1.0
598737,BRAZIL,0.5
598775,GERMANY,0.0
598783,AUSTRALIA,0.0
598809,UKRAINE,0.0
598901,RUSSIAN FEDERATION,0.0
598902,GERMANY,0.0
598941,UKRAINE,0.0
598972,SINGAPORE,0.0
598976,AUSTRALIA,0.0
598977,AUSTRALIA,0.0
598989,RUSSIAN FEDERATION,0.0
598990,GERMANY,0.0
598994,INDIA,0.0
599014,AUSTRALIA,0.0
599020,CHINA,0.0
599036,CHINA,0.0
599077,UNITED KINGDOM,0.0
599098,BRAZIL,0.0
599118,UNITED KINGDOM,0.0
599121,UNITED KINGDOM,0.0
599126,CHINA,0.0
599130,RUSSIAN FEDERATION,0.0
599146,BRAZIL,1.0
599164,UKRAINE,0.0
599170,INDIA,0.0
599176,SINGAPORE,0.0
599258,BRAZIL,0.0
599265,CHINA,0.0
599271,CHINA,0.0
599272,UNITED KINGDOM,0.0
599273,BRAZIL,1.0
599285,CHINA,0.0
599297,BRAZIL,0.0
599308,CHINA,0.0
599320,CHINA,0.0
599327,ITALY,0.0
599336,UNITED KINGDOM,0.0
599340,UNITED KINGDOM,0.0
599364,CHINA,0.0
599386,AUSTRALIA,0.0
599387,UNITED KINGDOM,0.0
599394,UNITED KINGDOM,0.0
599409,CHINA,0.0
599477,INDIA,0.0
599530,CHINA,0.0
599531,UNITED KINGDOM,0.0
599534,CHINA,0.0
599558,UNITED KINGDOM,0.0
599583,GERMANY,0.0
599624,GERMANY,1.0
599625,UNITED KINGDOM,0.0
599673,CHINA,0.0
599697,UNITED KINGDOM,0.0
599706,CHINA,0.0
599723,CHINA,0.0
599766,CHINA,0.0
599767,INDIA,0.0
599836,GERMANY,0.0
599851,INDIA,0.0
599875,CHINA,0.0
599883,RUSSIAN FEDERATION,0.0
599884,UNITED KINGDOM,0.0
599887,CHINA,0.0
599889,GERMANY,0.0
599904,UNITED KINGDOM,0.0
599908,UKRAINE,0.0
599957,UNITED KINGDOM,0.0
599959,UNITED KINGDOM,0.0
599976,RUSSIAN FEDERATION,0.0
599978,INDIA,0.0
599979,AUSTRALIA,0.0
599987,CHINA,0.0
599988,CHINA,0.0
599991,UNITED KINGDOM,0.0
600007,UNITED KINGDOM,0.0
600008,UNITED KINGDOM,0.0
600141,UNITED STATES,0.0
600206,INDIA,0.0
600229,UNITED STATES,0.0
600388,GERMANY,0.0
600438,UNITED STATES,0.0
600439,UNITED STATES,0.0
600465,UNITED STATES,0.0
600487,UNITED STATES,0.0
600585,UNITED STATES,0.0
600625,BRAZIL,0.0
600659,UNITED STATES,0.0
600666,UNITED STATES,0.0
600761,UNITED STATES,0.0
600766,UNITED STATES,0.0
600767,UNITED STATES,0.0
600768,UNITED STATES,0.0
600841,UNITED STATES,0.0
600849,UNITED STATES,0.0
600868,UNITED STATES,0.0
600870,UNITED STATES,0.0
600873,UNITED STATES,0.0
600888,UNITED STATES,0.0
600912,AUSTRALIA,0.0
600921,UNITED STATES,0.0
600927,UNITED STATES,0.0
600966,UNITED STATES,0.0
600967,UNITED STATES,0.0
600978,BRAZIL,0.0
600982,UNITED STATES,0.0
600997,UNITED STATES,0.0
601005,UNITED STATES,0.0
601025,UNITED STATES,0.0
601029,UNITED STATES,0.0
601033,UNITED STATES,0.0
601036,UNITED STATES,0.0
601044,UNITED STATES,0.0
601059,UNITED STATES,0.0
601062,UNITED STATES,0.0
601081,UNITED STATES,0.0
601089,PAKISTAN,0.0
601090,UNITED STATES,0.0
601101,UNITED STATES,0.0
601109,UNITED STATES,0.0
601111,UNITED STATES,0.0
601139,UNITED STATES,0.0
601141,UNITED STATES,0.0
601145,UNITED STATES,0.0
601188,UNITED STATES,0.0
601189,UNITED STATES,0.0
601197,UNITED STATES,0.0
601204,UNITED STATES,0.0
601205,UNITED STATES,0.0
601208,UNITED STATES,0.0
601280,UNITED STATES,0.0
601300,UNITED STATES,0.0
601310,UNITED STATES,0.0
601315,UNITED STATES,0.0
601320,UNITED STATES,0.0
601325,UNITED STATES,0.0
601328,UNITED STATES,0.0
601331,UNITED STATES,0.0
601332,UNITED STATES,0.0
601340,UNITED STATES,0.0
601346,UNITED STATES,0.0
601357,UNITED STATES,0.0
601368,UNITED STATES,1.0
601407,UNITED STATES,0.0
601428,CHINA,0.0
601429,UNITED STATES,0.0
601465,UNITED STATES,0.0
601466,UNITED STATES,0.0
601470,UNITED STATES,0.0
601477,UNITED STATES,0.0
601482,UNITED STATES,0.0
601494,UNITED STATES,1.0
601536,UNITED STATES,1.0
601567,UNITED STATES,0.0
601577,UNITED STATES,0.0
601615,UNITED STATES,0.0
601637,UNITED STATES,0.0
601703,UNITED STATES,0.0
601708,UNITED STATES,0.0
601709,UNITED STATES,0.0
601791,UNITED STATES,0.0
601793,UNITED STATES,0.0
601798,UNITED STATES,0.0
601823,UNITED STATES,0.0
601852,UNITED STATES,0.0
601901,UNITED STATES,0.0
601914,UNITED STATES,0.0
601916,UNITED STATES,0.0
601951,UNITED STATES,0.0
601961,UNITED STATES,0.0
601968,UNITED STATES,0.0
601973,UNITED STATES,0.0
601992,UNITED STATES,0.0
601995,UNITED STATES,0.0
601998,UNITED STATES,0.0
602000,UNITED STATES,0.0
602062,UNITED STATES,0.0
602071,UNITED STATES,0.0
602072,UNITED STATES,0.0
602080,UNITED STATES,0.0
602653,UNITED STATES,0.0
602654,UNITED STATES,0.0
602665,UNITED STATES,0.0
602841,UNITED STATES,1.0
602860,UNITED STATES,0.0
602865,UNITED STATES,0.0
602868,UNITED STATES,0.0
602870,UNITED STATES,0.0
602873,UNITED STATES,0.0
602878,UNITED STATES,0.0
602894,UNITED STATES,0.0
602918,UNITED STATES,0.0
602927,UNITED STATES,0.0
602928,UNITED STATES,0.0
602948,UNITED STATES,0.0
602958,UNITED STATES,0.0
602963,UNITED STATES,0.0
603000,UNITED STATES,0.0
603023,UNITED STATES,0.0
603044,UNITED STATES,0.0
603053,UNITED STATES,0.0
603055,UNITED STATES,0.0
603058,UNITED STATES,0.0
603073,UNITED STATES,0.0
603074,UNITED STATES,0.5
603079,UNITED STATES,0.0
603127,RUSSIAN FEDERATION,0.0
603130,UNITED STATES,0.0
603187,UNITED STATES,0.0
603212,UNITED STATES,0.0
603223,UNITED STATES,0.0
603226,UNITED STATES,0.0
603307,UNITED STATES,0.0
603328,UNITED STATES,0.0
603342,BRAZIL,0.0
603347,UNITED STATES,0.0
603475,BRAZIL,0.0
603509,UNITED STATES,0.0
603512,UNITED STATES,0.0
603516,UNITED STATES,0.0
603520,UNITED STATES,0.0
603523,UNITED STATES,0.0
603526,UNITED STATES,1.0
603553,UNITED STATES,0.0
603556,UNITED STATES,0.0
603579,UNITED STATES,0.0
603581,UNITED STATES,0.0
603601,CHINA,0.0
603615,UNITED STATES,0.0
603617,UNITED STATES,0.0
603619,UNITED STATES,0.0
603673,UNITED STATES,0.0
603681,MEXICO,0.0
603686,UNITED STATES,0.0
603696,UNITED STATES,0.0
603705,UNITED STATES,0.0
603706,UNITED STATES,0.0
603708,CHINA,0.0
603744,UNITED STATES,0.0
603754,UNITED STATES,1.0
603770,RUSSIAN FEDERATION,0.0
603832,UNITED STATES,0.0
603834,UNITED STATES,0.0
603835,UNITED STATES,0.0
603837,UNITED STATES,0.0
603868,BRAZIL,1.0
603911,UNITED STATES,0.0
603989,BRAZIL,0.0
604200,UNITED STATES,0.0
604258,BRAZIL,0.0
604271,BRAZIL,0.0
604272,BRAZIL,0.0
604277,BRAZIL,0.0
604287,BRAZIL,0.0
604290,BRAZIL,0.0
604293,BRAZIL,1.0
604306,BRAZIL,0.0
604307,BRAZIL,0.0
604326,BRAZIL,0.0
604328,BRAZIL,0.0
604349,BRAZIL,0.0
604358,BRAZIL,0.0
604361,BRAZIL,0.0
604384,BRAZIL,0.0
604385,BRAZIL,0.0
604388,BRAZIL,0.0
604399,BRAZIL,0.0
604620,UNITED STATES,0.0
604636,BRAZIL,0.5
604807,UNITED STATES,0.0
604816,UNITED STATES,0.0
604826,UNITED STATES,0.0
604829,UNITED STATES,0.0
604843,UNITED STATES,0.0
604856,UNITED STATES,0.0
604857,UNITED STATES,0.0
604858,UNITED STATES,0.0
604873,UNITED STATES,0.0
604875,UNITED STATES,0.0
604877,UNITED STATES,0.0
604885,UNITED STATES,0.0
604891,UNITED STATES,0.0
604894,UNITED STATES,0.0
604905,UNITED STATES,0.0
604917,UNITED STATES,0.0
605002,UNITED STATES,0.0
605048,UNITED STATES,0.0
605060,UNITED STATES,0.0
605064,UNITED STATES,0.0
605078,UNITED STATES,0.0
605109,UNITED STATES,0.0
605113,UNITED STATES,0.0
605125,UNITED STATES,1.0
605136,UNITED STATES,0.0
605139,UNITED STATES,0.0
605149,UNITED STATES,0.0
605159,UNITED STATES,0.0
605172,UNITED STATES,0.0
605173,UNITED STATES,0.0
605180,UNITED STATES,0.0
605181,UNITED STATES,0.0
605188,UNITED STATES,0.0
605663,UNITED STATES,0.0
605813,UNITED STATES,0.0
606111,INDIA,1.0
606121,INDIA,0.0
606138,INDIA,1.0
606139,UNITED STATES,0.0
606150,INDIA,0.0
606153,INDIA,0.0
606155,INDIA,0.0
606184,INDIA,0.0
606188,INDIA,0.0
606191,INDIA,0.0
606192,INDIA,0.0
606200,BRAZIL,0.0
606201,INDIA,0.0
606228,BRAZIL,1.0
606230,INDIA,0.0
606245,INDIA,0.0
606268,INDIA,0.0
606293,INDIA,0.0
606299,UNITED STATES,0.0
606323,INDIA,0.0
606340,INDIA,0.0
606344,INDIA,0.0
606350,INDIA,0.0
606369,INDIA,0.0
606370,UNITED STATES,0.0
606376,INDIA,0.0
606388,INDIA,0.0
606390,INDIA,0.0
606394,BRAZIL,1.0
606395,BRAZIL,0.0
606398,INDIA,0.0
606411,INDIA,0.0
606418,INDIA,0.0
606424,INDIA,0.0
606427,INDIA,0.0
606430,INDIA,0.0
606431,INDIA,0.0
606438,INDIA,0.0
606455,INDIA,0.0
606459,INDIA,0.0
606463,INDIA,0.0
606473,INDIA,0.0
606477,INDIA,0.0
606488,INDIA,0.0
606495,INDIA,0.0
606502,INDIA,0.0
606512,INDIA,0.0
606515,INDIA,0.0
606528,INDIA,0.0
606538,INDIA,0.0
606559,INDIA,0.0
606562,INDIA,0.0
606578,INDIA,0.0
606584,INDIA,0.0
606587,INDIA,0.0
606589,INDIA,0.0
606610,INDIA,0.0
606624,INDIA,0.0
606626,INDIA,0.0
606630,INDIA,0.0
606663,INDIA,0.0
606670,INDIA,0.0
606684,INDIA,0.0
606685,INDIA,0.0
606696,INDIA,0.0
606701,INDIA,0.0
606710,INDIA,0.0
606721,INDIA,0.0
606727,INDIA,0.0
606737,INDIA,0.0
606742,INDIA,0.0
606745,INDIA,0.0
606749,INDIA,0.0
606753,INDIA,0.0
606758,INDIA,0.0
606776,INDIA,0.0
606788,INDIA,0.0
606796,INDIA,0.0
606805,INDIA,0.0
606821,INDIA,0.0
606841,INDIA,0.0
606842,INDIA,0.0
606854,INDIA,0.0
606855,INDIA,1.0
606858,INDIA,0.0
606861,INDIA,0.0
606881,INDIA,0.0
606892,INDIA,0.0
606900,INDIA,0.0
606936,UNITED STATES,0.0
606941,INDIA,0.0
606947,INDIA,0.0
606948,INDIA,0.0
606952,INDIA,0.0
606954,INDIA,0.0
606957,INDIA,0.0
606958,INDIA,0.0
606961,INDIA,0.0
606963,INDIA,0.0
606965,INDIA,0.0
607002,INDIA,0.0
607020,INDIA,0.0
607040,INDIA,0.0
607046,INDIA,0.0
607052,INDIA,0.0
607056,INDIA,1.0
607071,INDIA,0.0
607075,INDIA,0.0
607082,INDIA,0.0
607086,INDIA,0.0
607087,INDIA,0.0
607088,INDIA,1.0
607089,INDIA,0.0
607098,INDIA,0.0
607101,INDIA,0.0
607111,INDIA,0.0
607114,INDIA,0.0
607117,INDIA,0.0
607121,INDIA,0.0
607131,INDIA,0.0
607137,INDIA,0.0
607153,INDIA,0.0
607157,INDIA,0.0
607176,INDIA,0.0
607199,INDIA,0.0
607200,INDIA,0.0
607216,INDIA,0.0
607229,INDIA,0.0
607237,INDIA,0.0
607261,INDIA,0.0
607272,INDIA,0.0
607273,INDIA,0.0
607275,INDIA,0.0
607285,INDIA,0.0
607286,INDIA,0.0
607290,INDIA,0.0
607292,INDIA,0.0
607305,INDIA,0.0
607309,INDIA,0.0
607332,INDIA,0.0
607357,INDIA,0.0
607383,INDIA,0.0
607390,INDIA,0.0
607392,INDIA,0.0
607394,INDIA,0.0
607403,INDIA,0.0
607405,INDIA,0.0
607412,INDIA,0.0
607421,INDIA,0.0
607435,INDIA,0.0
607440,INDIA,0.0
607444,INDIA,0.0
607450,INDIA,0.0
607451,INDIA,0.0
607461,INDIA,0.0
607477,INDIA,0.0
607478,INDIA,0.0
607494,INDIA,0.0
607495,INDIA,0.0
607498,INDIA,0.0
607509,INDIA,0.0
607516,INDIA,0.0
607523,INDIA,0.0
607538,INDIA,0.0
607547,INDIA,0.0
607560,INDIA,0.0
607561,INDIA,0.0
607565,INDIA,0.0
607572,INDIA,0.0
607574,INDIA,0.0
607575,INDIA,0.0
607585,INDIA,0.0
607587,INDIA,0.0
607589,INDIA,0.0
607610,INDIA,0.0
607615,INDIA,0.0
607623,INDIA,0.0
607647,INDIA,0.0
607665,INDIA,0.0
607669,INDIA,0.0
607675,INDIA,1.0
607679,INDIA,0.0
607686,INDIA,0.0
607710,INDIA,0.0
607720,INDIA,0.0
607726,INDIA,0.0
607732,INDIA,0.0
607741,INDIA,0.0
607743,INDIA,0.0
607751,INDIA,0.0
607756,INDIA,0.0
607757,INDIA,0.0
607777,INDIA,0.0
607802,INDIA,0.0
607804,INDIA,0.0
607818,INDIA,0.0
607826,INDIA,0.0
607839,INDIA,0.0
607841,INDIA,0.0
607848,INDIA,0.0
607862,INDIA,0.0
607890,INDIA,0.0
607913,INDIA,0.0
607914,INDIA,0.0
607918,INDIA,0.0
607926,INDIA,0.0
607930,INDIA,0.0
607961,INDIA,0.0
607968,INDIA,0.0
607984,INDIA,0.0
608030,INDIA,0.0
608042,INDIA,0.0
608045,INDIA,0.0
608054,INDIA,0.0
608065,INDIA,0.0
608070,INDIA,0.0
608085,INDIA,0.0
608107,INDIA,0.0
608112,INDIA,0.0
608114,INDIA,0.0
608117,INDIA,0.0
608128,INDIA,0.0
608133,INDIA,0.0
608138,INDIA,0.0
608139,INDIA,0.0
608146,INDIA,0.0
608156,INDIA,0.0
608180,INDIA,0.0
608195,INDIA,0.0
608198,INDIA,0.0
608204,INDIA,0.0
608254,INDIA,0.0
608270,INDIA,0.0
608276,INDIA,0.0
608280,INDIA,0.0
608283,INDIA,0.0
608313,INDIA,1.0
608328,INDIA,0.0
608337,INDIA,0.0
608338,INDIA,0.0
608343,INDIA,0.0
608354,INDIA,0.0
608372,INDIA,0.0
608379,INDIA,0.0
608386,INDIA,0.0
608391,INDIA,0.0
608396,INDIA,0.0
608403,INDIA,0.0
608404,INDIA,0.0
608427,INDIA,0.0
608441,INDIA,0.0
608442,INDIA,0.0
608443,INDIA,0.0
608454,INDIA,0.0
608469,INDIA,0.0
608482,INDIA,0.0
608501,INDIA,0.0
608505,INDIA,0.0
608512,INDIA,0.0
608525,INDIA,0.0
608528,INDIA,0.0
608538,INDIA,0.0
608547,INDIA,0.0
608548,INDIA,0.0
608562,INDIA,0.0
608565,INDIA,0.0
608568,INDIA,0.0
608571,INDIA,0.0
608573,INDIA,0.0
608575,INDIA,0.0
608593,INDIA,0.0
608600,INDIA,0.0
608601,INDIA,0.0
608602,INDIA,0.0
608606,INDIA,0.0
608608,INDIA,0.0
608614,INDIA,0.0
608621,INDIA,0.0
608622,INDIA,0.0
608627,INDIA,0.0
608632,INDIA,0.0
608637,INDIA,1.0
608648,INDIA,0.0
608649,INDIA,0.0
608653,INDIA,0.0
608661,INDIA,0.0
608671,INDIA,0.0
608673,INDIA,0.0
608691,INDIA,0.0
608714,INDIA,0.0
608717,INDIA,0.0
608721,INDIA,0.0
608725,INDIA,0.0
608727,INDIA,0.0
608756,INDIA,0.0
608763,INDIA,0.0
608787,INDIA,0.0
608792,INDIA,0.0
608806,INDIA,0.0
608810,INDIA,0.0
608835,INDIA,0.0
608842,INDIA,0.0
608847,INDIA,0.0
608851,INDIA,0.0
608855,INDIA,0.0
608859,INDIA,0.0
608864,INDIA,0.0
608865,INDIA,0.0
608871,INDIA,0.0
608875,INDIA,0.0
608878,INDIA,0.0
608881,INDIA,0.0
608883,INDIA,0.0
608885,INDIA,0.0
608902,INDIA,0.0
608912,INDIA,0.0
608933,INDIA,0.0
608939,INDIA,0.0
608943,INDIA,0.0
608950,INDIA,0.0
608951,INDIA,0.0
608960,INDIA,0.0
608965,INDIA,0.0
608968,INDIA,0.0
608969,INDIA,0.0
608973,INDIA,0.0
608975,INDIA,0.0
608982,INDIA,0.0
608984,INDIA,0.0
609753,UNITED STATES,0.0
609966,ITALY,0.0
610092,UNITED STATES,0.0
610099,UNITED STATES,0.0
610210,UNITED STATES,0.0
610239,UNITED STATES,0.0
610475,UNITED STATES,0.0
610478,UNITED STATES,0.0
610554,UNITED STATES,0.0
610602,INDIA,0.0
612025,UNITED STATES,0.0
612344,BRAZIL,0.0
614622,ITALY,0.0
615009,GERMANY,1.0
615521,UNITED STATES,0.0
615524,UNITED STATES,0.0
617805,UNITED STATES,0.0
620015,CHINA,0.0
620017,CHINA,0.0
620025,AUSTRALIA,0.0
620028,CHINA,0.0
620053,CHINA,0.0
620085,CHINA,0.0
620096,CHINA,0.0
620110,CHINA,0.0
620138,CHINA,0.0
620141,CHINA,0.0
620150,CHINA,0.0
620161,CHINA,0.0
620213,CHINA,0.0
620214,CHINA,0.0
620230,CHINA,0.0
620234,CHINA,0.0
620245,CHINA,0.0
620259,CHINA,0.0
620275,CHINA,0.0
620342,BELGIUM,0.0
620405,CHINA,0.0
620409,CHINA,0.0
620410,CHINA,0.0
620412,CHINA,0.0
620500,CHINA,0.0
620503,CHINA,0.0
620535,CHINA,0.0
620551,CHINA,0.0
620617,CHINA,0.0
620618,CHINA,0.0
620619,CHINA,1.0
620620,CHINA,0.0
620708,CHINA,0.0
620938,UNITED STATES,0.0
621010,CHINA,0.0
621017,CHINA,0.0
621024,CHINA,0.0
621036,CHINA,0.0
621063,CHINA,0.0
621072,CHINA,0.0
621073,CHINA,0.0
621074,CHINA,0.0
621098,CHINA,0.0
621102,CHINA,0.0
621211,CHINA,1.0
621217,CHINA,0.0
621233,CHINA,0.0
621239,CHINA,0.0
621250,CHINA,0.0
621261,CHINA,0.0
621271,CHINA,0.0
621280,CHINA,0.0
621282,CHINA,0.0
621284,CHINA,0.0
621293,AUSTRALIA,0.0
621310,CHINA,0.0
621313,CHINA,0.0
621338,CHINA,0.0
621348,CHINA,0.0
621385,CHINA,0.0
621401,CHINA,0.0
621403,CHINA,0.0
621461,CHINA,0.0
621468,CHINA,0.0
621476,CHINA,0.0
621480,CHINA,0.0
621481,CHINA,0.0
621486,CHINA,0.0
621520,CHINA,0.0
621559,CHINA,0.0
621598,CHINA,0.0
621621,CHINA,0.0
621630,CHINA,0.0
621668,CHINA,0.0
621680,CHINA,0.0
621727,CHINA,0.0
621737,CHINA,0.0
621751,CHINA,0.0
621771,CHINA,0.0
621776,CHINA,0.0
621797,CHINA,0.0
621814,CHINA,0.0
621834,UNITED STATES,0.0
621865,UNITED STATES,0.0
621872,CHINA,0.0
621873,CHINA,0.0
621876,CHINA,0.0
621883,UNITED STATES,0.0
621904,CHINA,0.0
621913,CHINA,0.0
621970,UNITED STATES,0.0
622005,UNITED STATES,0.0
622045,AUSTRALIA,0.0
622096,UNITED STATES,0.0
622112,UNITED STATES,0.0
622117,UNITED STATES,0.0
622120,UNITED STATES,0.0
622122,UNITED STATES,0.0
622125,UNITED STATES,0.0
622147,CHINA,0.0
622150,CHINA,0.0
622157,CHINA,0.0
622160,CHINA,0.0
622193,CHINA,1.0
622197,CHINA,0.0
622200,CHINA,0.0
622212,CHINA,0.0
622220,CHINA,0.0
622226,CHINA,0.0
622228,CHINA,0.0
622229,CHINA,0.0
622233,CHINA,1.0
622247,CHINA,0.0
622254,CHINA,0.0
622272,CHINA,0.0
622275,CHINA,0.0
622279,CHINA,0.0
622285,CHINA,0.0
622300,CHINA,0.0
622303,CHINA,0.0
622311,CHINA,0.0
622328,CHINA,0.0
622329,CHINA,0.0
622335,CHINA,0.0
622337,CHINA,0.0
622340,CHINA,0.0
622392,CHINA,0.0
622412,CHINA,0.0
622437,CHINA,0.0
622471,CHINA,0.0
622473,CHINA,0.0
622477,CHINA,0.0
622500,CHINA,0.0
622501,CHINA,0.0
622507,CHINA,0.0
622522,CHINA,0.0
622525,CHINA,0.0
622526,CHINA,0.0
622543,CHINA,0.0
622587,CHINA,0.0
622595,CHINA,0.0
622604,CHINA,0.0
622605,CHINA,0.0
622606,CHINA,0.0
622622,CHINA,0.0
622624,CHINA,0.0
622643,CHINA,0.0
622645,CHINA,0.0
622651,CHINA,0.0
622655,CHINA,0.0
622660,CHINA,0.0
622661,CHINA,1.0
622705,CHINA,1.0
622721,CHINA,0.0
622734,CHINA,0.0
622735,CHINA,0.0
622748,CHINA,0.0
622752,CHINA,0.0
622756,CHINA,0.0
622768,CHINA,0.0
622782,CHINA,1.0
622787,CHINA,0.0
622795,CHINA,0.0
622807,CHINA,0.0
622810,CHINA,0.0
622824,CHINA,0.0
622832,CHINA,0.0
622833,CHINA,0.0
622837,CHINA,0.0
622855,CHINA,0.0
622856,CHINA,0.0
622869,CHINA,0.0
622873,CHINA,0.0
622879,CHINA,0.0
622888,CHINA,0.0
622897,CHINA,0.0
622912,CHINA,0.0
622922,CHINA,0.0
622933,CHINA,0.0
622967,CHINA,0.0
622990,CHINA,0.0
622993,CHINA,0.0
622998,CHINA,0.0
623015,CHINA,0.0
623028,CHINA,0.0
623037,CHINA,1.0
623045,CHINA,0.0
623054,CHINA,0.0
623058,CHINA,0.0
623063,CHINA,0.0
623066,CHINA,0.0
623078,CHINA,0.0
623081,CHINA,0.0
623082,CHINA,0.0
623122,CHINA,0.0
623128,CHINA,0.0
623132,CHINA,0.0
623160,CHINA,1.0
623166,CHINA,0.0
623171,CHINA,0.0
623177,CHINA,0.0
623198,CHINA,0.0
623204,CHINA,0.0
623205,CHINA,0.0
623208,CHINA,0.0
623226,CHINA,0.0
623233,CHINA,0.0
623235,CHINA,0.0
623262,CHINA,0.0
623268,CHINA,0.0
623291,CHINA,0.0
623293,CHINA,0.0
623297,CHINA,0.0
623301,CHINA,0.0
623305,UNITED KINGDOM,0.0
623361,CHINA,0.0
623396,RUSSIAN FEDERATION,0.0
623401,PAKISTAN,0.0
623407,PAKISTAN,0.0
623440,KENYA,0.0
623474,CHINA,0.0
623501,CHINA,0.0
623506,CHINA,0.0
623507,CHINA,0.0
623512,CHINA,0.0
623517,CHINA,0.0
623529,CHINA,0.0
623531,CHINA,0.0
623534,CHINA,0.0
623542,CHINA,0.0
623543,CHINA,0.0
623547,CHINA,1.0
623549,CHINA,0.0
623578,CHINA,0.0
623582,CHINA,0.0
623600,CHINA,0.0
623604,CHINA,0.0
623605,CHINA,0.0
623609,CHINA,0.0
623611,CHINA,0.0
623622,CHINA,0.0
623630,CHINA,0.0
623635,CHINA,0.0
623637,CHINA,0.0
623642,CHINA,0.0
623647,CHINA,1.0
623651,CHINA,0.0
623663,CHINA,0.0
623686,CHINA,0.0
623689,CHINA,0.0
623690,CHINA,0.0
623707,CHINA,1.0
623711,CHINA,0.0
623712,CHINA,0.0
623715,CHINA,0.0
623734,CHINA,0.0
623749,CHINA,0.0
623754,CHINA,0.0
623761,CHINA,0.0
623791,CHINA,0.0
623793,CHINA,1.0
623795,CHINA,0.0
624009,CHINA,0.0
624034,CHINA,0.0
624036,CHINA,0.0
624053,CHINA,0.0
624066,CHINA,0.0
624067,CHINA,0.0
624076,CHINA,0.0
624078,CHINA,0.0
624085,CHINA,0.0
624089,CHINA,0.0
624096,CHINA,0.0
624119,CHINA,0.0
624125,CHINA,0.0
624131,CHINA,0.0
624142,CHINA,0.0
624157,CHINA,0.0
624167,CHINA,0.0
624168,CHINA,0.0
624180,CHINA,0.0
624182,CHINA,0.0
624191,CHINA,0.0
624196,CHINA,0.0
624204,CHINA,0.0
624207,UNITED STATES,0.0
624213,CHINA,0.0
624226,CHINA,0.0
624233,CHINA,0.0
624236,CHINA,0.0
624270,CHINA,0.0
624278,CHINA,0.0
624291,CHINA,0.0
624294,CHINA,0.0
624297,CHINA,0.0
624304,CHINA,0.0
624307,CHINA,0.0
624315,CHINA,0.0
624316,CHINA,0.0
624369,CHINA,0.0
624397,RUSSIAN FEDERATION,0.0
624402,CHINA,0.0
624409,RUSSIAN FEDERATION,0.0
624422,UNITED STATES,0.0
624504,CHINA,0.0
624522,CHINA,0.0
624523,CHINA,0.0
624525,CHINA,0.0
624532,CHINA,0.0
624539,CHINA,0.0
624540,CHINA,0.0
624547,CHINA,0.0
624550,CHINA,0.0
624553,CHINA,0.0
624558,CHINA,0.0
624563,CHINA,0.0
624582,CHINA,0.0
624587,CHINA,0.0
624594,CHINA,0.0
624613,CHINA,0.0
624616,CHINA,0.0
624617,CHINA,0.0
624622,CHINA,0.0
624625,CHINA,0.0
624636,CHINA,0.0
624646,CHINA,1.0
624650,CHINA,0.0
624659,CHINA,0.0
624668,CHINA,0.0
624685,CHINA,0.0
624694,CHINA,0.0
624696,CHINA,0.0
624712,CHINA,0.0
624715,CHINA,0.0
624730,CHINA,0.0
624733,CHINA,0.0
624737,CHINA,0.0
624747,CHINA,0.0
624751,CHINA,0.0
624752,CHINA,0.0
624774,CHINA,0.0
624815,CHINA,0.0
624840,CHINA,0.0
624850,CHINA,0.0
624868,CHINA,0.0
624884,CHINA,0.0
624893,CHINA,0.0
624894,CHINA,1.0
624898,CHINA,0.0
624904,CHINA,0.0
624908,CHINA,0.0
624919,CHINA,0.0
624938,CHINA,0.0
624963,CHINA,0.0
624964,CHINA,0.0
624969,CHINA,0.0
624980,CHINA,0.0
624985,CHINA,0.0
625000,CHINA,0.0
625037,CHINA,0.0
625041,CHINA,0.0
625054,CHINA,0.0
625067,CHINA,0.0
625071,CHINA,0.0
625077,CHINA,0.0
625083,CHINA,0.0
625094,CHINA,0.0
625100,CHINA,0.0
625118,CHINA,0.0
625126,CHINA,0.0
625135,CHINA,0.0
625160,CHINA,0.0
625164,CHINA,0.0
625173,CHINA,1.0
625180,CHINA,0.0
625197,CHINA,0.0
625210,CHINA,0.0
625215,CHINA,0.0
625216,CHINA,0.0
625225,CHINA,0.0
625250,CHINA,0.0
625262,CHINA,0.0
625272,CHINA,0.0
625273,CHINA,0.0
625292,CHINA,0.0
625294,CHINA,0.0
625306,CHINA,0.0
625308,CHINA,0.0
625336,CHINA,0.0
625342,CHINA,0.0
625344,CHINA,0.0
625348,CHINA,0.0
625370,CHINA,0.0
625390,CHINA,0.0
625408,CHINA,0.0
625416,CHINA,0.0
625418,CHINA,0.0
625443,CHINA,0.0
625449,CHINA,0.0
625459,CHINA,0.0
625467,CHINA,0.0
625482,CHINA,0.0
625484,CHINA,0.0
625494,CHINA,0.0
625495,CHINA,0.0
625496,CHINA,0.0
625502,CHINA,1.0
625508,CHINA,0.0
625513,CHINA,0.0
625523,CHINA,0.0
625558,CHINA,0.0
625567,CHINA,0.0
625572,CHINA,0.0
625575,CHINA,0.0
625581,CHINA,0.0
625613,CHINA,0.0
625622,CHINA,0.0
625626,CHINA,0.0
625628,CHINA,0.0
625661,CHINA,0.0
625664,CHINA,0.0
625674,CHINA,0.0
625676,CHINA,1.0
625681,CHINA,0.0
625695,CHINA,0.0
625696,CHINA,1.0
625698,CHINA,0.0
625729,CHINA,0.0
625746,CHINA,0.0
625761,CHINA,0.0
625766,CHINA,0.0
625774,CHINA,0.0
625782,CHINA,1.0
625785,CHINA,0.0
625788,CHINA,0.0
625791,CHINA,0.0
625792,CHINA,0.0
625795,CHINA,0.0
625816,CHINA,0.0
625819,CHINA,0.0
625824,CHINA,0.0
625835,CHINA,0.0
625849,CHINA,0.0
625854,CHINA,0.0
625857,CHINA,0.0
625859,CHINA,0.0
625865,CHINA,0.0
625875,CHINA,0.0
625881,CHINA,0.0
625889,CHINA,0.0
625894,CHINA,0.0
625909,CHINA,0.0
625943,MALAYSIA,1.0
625957,CHINA,0.0
625959,CHINA,0.0
625962,CHINA,0.0
625967,CHINA,0.0
625974,CHINA,0.0
625975,CHINA,0.0
625995,CHINA,0.0
625998,CHINA,0.0
626005,CHINA,0.0
626008,CHINA,0.0
626022,CHINA,0.0
626032,CHINA,0.0
626054,CHINA,0.0
626080,CHINA,0.0
626085,CHINA,0.0
626121,CHINA,0.0
626132,CHINA,0.0
626134,CHINA,0.0
626144,CHINA,0.0
626151,CHINA,0.0
626174,CHINA,0.0
626179,CHINA,0.0
626184,CHINA,0.0
626207,CHINA,0.0
626269,CHINA,0.0
626304,RUSSIAN FEDERATION,0.0
626325,CHINA,0.0
626333,CHINA,1.0
626360,CHINA,0.0
626364,CHINA,0.0
626366,CHINA,0.0
626371,CHINA,0.0
626381,CHINA,0.0
626382,CHINA,0.0
626389,CHINA,0.0
626429,RUSSIAN FEDERATION,0.0
626434,CHINA,1.0
626445,CHINA,0.0
626456,CHINA,0.0
626462,CHINA,0.0
626464,CHINA,0.0
626471,CHINA,0.0
626479,CHINA,0.0
626504,CHINA,0.3333333333333333
626522,CHINA,0.0
626524,CHINA,0.0
626548,CHINA,0.0
626551,CHINA,0.0
626563,CHINA,0.0
626570,CHINA,0.0
626571,CHINA,0.0
626574,CHINA,0.0
626582,CHINA,0.0
626586,CHINA,0.0
626591,CHINA,0.0
626597,CHINA,0.5
626600,CHINA,1.0
626603,CHINA,0.0
626608,CHINA,0.0
626612,CHINA,0.0
626617,CHINA,0.0
626633,CHINA,0.0
626636,CHINA,0.0
626638,CHINA,0.0
626655,CHINA,0.0
626657,CHINA,0.0
626666,CHINA,0.0
626667,CHINA,0.0
626672,CHINA,0.0
626679,CHINA,0.0
626682,CHINA,0.0
626685,CHINA,0.0
626700,CHINA,0.0
626716,CHINA,0.0
626717,CHINA,0.0
626718,CHINA,0.0
626720,CHINA,0.0
626742,CHINA,0.0
626752,CHINA,0.0
626759,CHINA,0.0
626763,CHINA,0.0
626775,CHINA,0.0
626780,CHINA,1.0
626784,CHINA,0.0
626795,CHINA,0.0
626800,CHINA,0.0
626807,CHINA,0.0
626809,CHINA,0.0
626810,CHINA,0.0
626817,CHINA,0.0
626830,CHINA,0.0
626839,CHINA,0.0
626841,CHINA,0.0
626842,CHINA,0.0
626844,CHINA,0.0
626857,CHINA,0.0
626866,CHINA,0.0
626878,CHINA,0.0
626882,CHINA,0.0
626888,CHINA,0.0
626889,CHINA,0.0
626895,CHINA,0.0
626905,CHINA,0.0
626919,CHINA,0.0
626925,CHINA,0.0
626939,CHINA,0.0
626940,CHINA,0.0
626959,CHINA,0.0
626966,CHINA,0.0
626971,CHINA,1.0
626988,CHINA,0.0
626993,CHINA,0.0
627026,CHINA,0.0
627042,CHINA,0.0
627101,UNITED STATES,0.0
627136,UNITED STATES,0.0
627165,UNITED STATES,0.0
627174,UNITED STATES,0.0
627188,UNITED STATES,0.0
627244,FRANCE,0.0
627257,UNITED STATES,0.0
627293,UNITED STATES,0.0
627313,UNITED STATES,0.0
627317,UNITED STATES,0.0
627348,KENYA,1.0
627356,UNITED STATES,0.0
627392,UNITED STATES,1.0
627394,UNITED STATES,0.0
627399,UNITED STATES,0.0
627403,UNITED STATES,0.0
627404,UNITED STATES,0.0
627441,UNITED STATES,0.0
627493,UNITED STATES,0.0
627494,UNITED STATES,0.0
627498,UNITED STATES,0.0
627516,UNITED STATES,0.0
627526,UNITED STATES,0.0
627552,UNITED STATES,0.0
627556,UNITED STATES,0.0
627559,UNITED STATES,0.0
627575,UNITED STATES,0.0
627584,UNITED STATES,0.0
627598,GERMANY,0.0
627600,UNITED STATES,0.0
627604,UNITED STATES,0.0
627607,UNITED STATES,0.0
627636,MEXICO,0.0
627647,UNITED STATES,0.0
627648,UNITED STATES,0.0
627659,UNITED STATES,0.0
627687,UNITED STATES,0.0
627696,UNITED STATES,0.0
627816,UNITED STATES,0.0
627820,UNITED STATES,0.0
627826,UNITED STATES,0.0
627827,UNITED STATES,0.0
627834,UNITED STATES,0.0
627841,UNITED STATES,0.0
627859,UNITED STATES,0.0
627866,UNITED STATES,0.0
627867,UNITED STATES,0.0
627898,UNITED STATES,0.0
627946,UNITED STATES,0.0
627956,UNITED STATES,1.0
627972,UNITED STATES,0.0
628004,UNITED STATES,1.0
628028,BRAZIL,0.0
628061,UNITED STATES,0.0
628068,UNITED STATES,0.0
628085,UNITED STATES,0.0
628136,UNITED STATES,0.0
628155,UNITED STATES,0.0
628184,UNITED STATES,0.0
628203,CHINA,0.0
628212,CHINA,0.0
628263,CHINA,0.0
628266,CHINA,0.0
628276,CHINA,0.0
628284,CHINA,0.0
628293,CHINA,0.0
628300,CHINA,0.0
628303,CHINA,0.0
628308,CHINA,0.0
628309,CHINA,0.0
628331,CHINA,0.0
628337,CHINA,0.0
628339,CHINA,0.0
628341,CHINA,0.0
628342,CHINA,0.0
628345,CHINA,0.0
628350,CHINA,0.0
628358,CHINA,0.0
628381,CHINA,0.0
628385,CHINA,0.0
628424,CHINA,0.0
628426,CHINA,0.0
628430,CHINA,0.0
628434,CHINA,0.0
628438,CHINA,0.0
628447,CHINA,0.0
628448,CHINA,0.0
628456,CHINA,0.0
628459,CHINA,0.0
628474,CHINA,0.0
628479,CHINA,0.0
628481,CHINA,1.0
628486,CHINA,0.0
628489,CHINA,1.0
628497,CHINA,0.0
628500,CHINA,0.0
628506,CHINA,0.0
628517,CHINA,0.0
628548,CHINA,0.0
628562,CHINA,0.0
628563,CHINA,0.0
628575,CHINA,0.0
628578,CHINA,0.0
628579,CHINA,0.0
628585,CHINA,0.0
628590,CHINA,0.0
628599,CHINA,0.0
628602,CHINA,0.0
628604,CHINA,0.0
628612,CHINA,0.0
628618,CHINA,0.0
628630,CHINA,0.0
628632,CHINA,0.0
628634,CHINA,0.0
628656,CHINA,0.0
628667,CHINA,0.0
628675,CHINA,0.0
628682,CHINA,0.0
628683,CHINA,0.0
628690,CHINA,0.0
628691,CHINA,0.0
628727,CHINA,0.0
628737,CHINA,0.0
628759,CHINA,0.0
628767,CHINA,0.0
628777,CHINA,0.0
628783,CHINA,0.0
628791,CHINA,0.0
628797,CHINA,0.0
628799,CHINA,0.0
628800,CHINA,0.0
628814,CHINA,0.0
628821,CHINA,0.0
628824,CHINA,0.0
628829,CHINA,0.0
628843,CHINA,0.0
628864,CHINA,0.0
628881,CHINA,0.0
628896,CHINA,0.0
628993,CHINA,0.0
629111,PAKISTAN,0.0
629117,PAKISTAN,0.0
629236,MALAYSIA,0.0
629261,CHINA,0.0
629448,UNITED STATES,0.0
629867,UNITED STATES,0.0
629890,UNITED STATES,0.0
629899,UNITED STATES,0.0
630041,CHINA,0.0
630222,UNITED KINGDOM,0.0
631909,UNITED KINGDOM,0.0
631913,UNITED KINGDOM,0.0
631915,UNITED KINGDOM,0.0
631930,UNITED KINGDOM,0.0
631940,UNITED KINGDOM,0.0
632402,UNITED STATES,0.0
633000,AUSTRALIA,0.0
633118,UNITED STATES,0.0
633312,UNITED KINGDOM,0.0
633316,UNITED KINGDOM,0.0
633331,UNITED KINGDOM,0.0
633340,UNITED KINGDOM,0.0
633348,UNITED KINGDOM,1.0
633465,UNITED KINGDOM,0.0
633468,UNITED KINGDOM,0.0
633471,UNITED KINGDOM,0.0
633477,UNITED KINGDOM,0.0
633479,UNITED KINGDOM,0.0
633494,UNITED KINGDOM,0.0
633674,UNITED STATES,0.0
633876,UNITED KINGDOM,0.0
635628,UNITED STATES,0.0
635903,UNITED KINGDOM,0.0
636012,UNITED STATES,0.0
636126,UNITED STATES,0.0
636164,UNITED STATES,0.0
636181,UNITED STATES,0.0
636196,UNITED STATES,0.0
636214,UNITED STATES,0.0
636240,UNITED STATES,0.0
636244,UNITED STATES,0.0
636329,INDIA,0.0
636346,UNITED STATES,0.0
636362,UNITED STATES,0.0
636379,MEXICO,0.0
636502,UNITED STATES,0.0
636540,UNITED STATES,0.0
636555,UNITED STATES,0.0
636567,UNITED STATES,0.0
636895,UNITED STATES,0.0
636920,RUSSIAN FEDERATION,0.0
637098,UNITED STATES,0.0
637580,UNITED STATES,0.0
637589,UNITED STATES,0.0
638038,UNITED STATES,0.0
638455,CHINA,0.0
639014,FRANCE,0.0
639020,FRANCE,0.0
639028,FRANCE,1.0
639041,FRANCE,0.0
639047,FRANCE,0.0
639049,FRANCE,0.0
639056,FRANCE,0.0
639064,FRANCE,0.0
639076,FRANCE,0.0
639077,FRANCE,0.0
639104,FRANCE,0.0
639119,FRANCE,0.0
639125,FRANCE,0.0
639140,UNITED STATES,0.0
639147,UNITED STATES,0.0
639149,UNITED STATES,0.0
639155,UNITED STATES,0.0
639213,AUSTRALIA,0.0
639215,UNITED STATES,0.0
639361,UNITED STATES,0.0
639401,BRAZIL,0.0
639425,UNITED STATES,0.0
639489,UNITED STATES,0.0
639559,MEXICO,0.0
639589,UNITED STATES,0.0
639610,UNITED STATES,0.0
639623,CHINA,0.0
639640,UNITED STATES,0.0
639642,UNITED STATES,0.0
639643,UNITED STATES,0.0
639673,KENYA,0.0
639762,UNITED STATES,0.0
640001,UNITED STATES,0.0
640006,UNITED STATES,0.0
640012,UNITED STATES,0.0
640016,UNITED STATES,0.0
640027,UNITED STATES,0.0
640048,UNITED STATES,0.0
640063,UNITED STATES,0.0
640078,UNITED STATES,0.0
640086,UNITED STATES,0.0
640090,UNITED STATES,0.0
640109,UNITED STATES,0.0
640115,UNITED STATES,0.0
640120,UNITED STATES,0.0
640144,UNITED STATES,0.0
640148,UNITED STATES,0.0
640168,UNITED STATES,0.0
640176,UNITED STATES,0.0
640186,UNITED STATES,0.0
640194,UNITED STATES,0.0
640195,UNITED STATES,0.0
640215,UNITED STATES,0.0
640240,UNITED STATES,0.0
640245,UNITED STATES,0.0
640249,UNITED STATES,0.0
640252,UNITED STATES,1.0
640254,UNITED STATES,0.0
640265,UNITED STATES,0.0
640266,UNITED STATES,0.0
640269,UNITED STATES,0.0
640288,UNITED STATES,0.0
640299,UNITED STATES,0.0
640319,UNITED STATES,0.0
640324,UNITED STATES,0.0
640331,UNITED STATES,0.0
640336,UNITED STATES,0.0
640339,UNITED STATES,0.0
640366,UNITED STATES,0.0
640381,UNITED STATES,0.0
640394,UNITED STATES,0.0
640404,UNITED STATES,0.0
640423,UNITED STATES,0.0
640425,UNITED STATES,0.0
640432,UNITED STATES,0.0
640434,UNITED STATES,0.0
640442,UNITED STATES,0.0
640460,UNITED STATES,0.0
640462,UNITED STATES,0.0
640471,UNITED STATES,0.0
640476,UNITED STATES,0.0
640477,UNITED STATES,0.0
640495,UNITED STATES,0.0
640515,UNITED STATES,0.0
640535,UNITED STATES,0.0
640536,UNITED STATES,0.0
640540,UNITED STATES,0.0
640571,UNITED STATES,0.5
640589,UNITED STATES,0.0
640594,UNITED STATES,0.0
640599,UNITED STATES,0.0
640619,UNITED STATES,0.5
640630,UNITED STATES,0.0
640632,UNITED STATES,0.0
640634,UNITED STATES,0.0
640637,UNITED STATES,0.0
640645,UNITED STATES,0.0
640648,UNITED STATES,0.0
640652,UNITED STATES,0.0
640656,UNITED STATES,0.0
640657,UNITED STATES,0.0
640659,UNITED STATES,0.0
640660,UNITED STATES,0.0
640673,UNITED STATES,0.0
640678,UNITED STATES,0.0
640691,UNITED STATES,0.0
640694,UNITED STATES,0.0
640706,UNITED STATES,0.0
640713,UNITED STATES,0.0
640743,UNITED STATES,0.0
640751,UNITED STATES,0.0
640755,UNITED STATES,0.0
640767,UNITED STATES,0.0
640770,UNITED STATES,0.0
640771,UNITED STATES,0.0
640775,UNITED STATES,0.0
640779,UNITED STATES,0.0
640790,UNITED STATES,0.0
640801,UNITED STATES,0.0
640813,UNITED STATES,0.0
640827,UNITED STATES,0.0
640833,UNITED STATES,0.0
640841,UNITED STATES,0.0
640843,UNITED STATES,0.0
640851,UNITED STATES,0.0
640866,UNITED STATES,0.0
640868,UNITED STATES,0.0
640877,UNITED STATES,0.0
640888,UNITED STATES,0.0
640897,UNITED STATES,0.0
640920,UNITED STATES,0.0
640934,UNITED STATES,0.0
640937,UNITED STATES,0.0
640945,UNITED STATES,0.0
640955,UNITED STATES,0.0
640972,UNITED STATES,0.0
640988,UNITED STATES,0.0
641002,UNITED STATES,0.0
641025,UNITED STATES,0.0
641035,UNITED STATES,0.0
641039,UNITED STATES,0.0
641042,UNITED STATES,0.0
641045,UNITED STATES,0.0
641046,UNITED STATES,0.0
641056,UNITED STATES,0.0
641071,UNITED STATES,0.0
641077,UNITED STATES,0.0
641078,UNITED STATES,0.0
641084,UNITED STATES,0.0
641088,UNITED STATES,0.0
641097,UNITED STATES,0.0
641104,UNITED STATES,0.0
641115,UNITED STATES,0.0
641116,UNITED STATES,0.0
641128,UNITED STATES,0.0
641130,UNITED STATES,0.0
641133,UNITED STATES,0.0
641137,UNITED STATES,0.0
641138,UNITED STATES,0.0
641142,UNITED STATES,0.0
641145,UNITED STATES,0.0
641146,UNITED STATES,0.0
641151,UNITED STATES,0.0
641155,UNITED STATES,0.0
641171,UNITED STATES,0.0
641179,UNITED STATES,0.0
641182,UNITED STATES,0.0
641184,UNITED STATES,0.0
641189,UNITED STATES,0.0
641203,UNITED STATES,0.0
641208,UNITED STATES,0.0
641217,UNITED STATES,0.0
641225,UNITED STATES,0.0
641239,UNITED STATES,0.0
641258,UNITED STATES,0.0
641260,UNITED STATES,0.0
641276,UNITED STATES,0.0
641291,UNITED STATES,0.0
641293,UNITED STATES,0.0
641305,UNITED STATES,0.0
641310,UNITED STATES,0.0
641316,UNITED STATES,0.0
641318,UNITED STATES,0.0
641324,UNITED STATES,0.0
641325,UNITED STATES,0.0
641330,UNITED STATES,0.0
641332,UNITED STATES,0.0
641341,UNITED STATES,0.0
641344,UNITED STATES,0.0
641370,UNITED STATES,1.0
641372,UNITED STATES,0.0
641388,UNITED STATES,0.0
641410,UNITED STATES,0.0
641417,UNITED STATES,0.0
641419,UNITED STATES,0.0
641421,UNITED STATES,0.0
641427,UNITED STATES,0.0
641434,UNITED STATES,0.0
641459,UNITED STATES,0.0
641460,UNITED STATES,0.0
641463,UNITED STATES,0.0
641482,UNITED STATES,0.0
641485,UNITED STATES,0.0
641502,UNITED STATES,0.0
641504,UNITED STATES,0.0
641505,UNITED STATES,0.0
641509,UNITED STATES,0.0
641515,UNITED STATES,0.0
641516,UNITED STATES,0.0
641523,UNITED STATES,0.0
641524,UNITED STATES,0.0
641529,UNITED STATES,0.0
641533,UNITED STATES,0.0
641557,UNITED STATES,0.0
641565,UNITED STATES,0.0
641582,UNITED STATES,0.0
641585,UNITED STATES,0.0
641586,UNITED STATES,0.0
641614,UNITED STATES,0.0
641626,UNITED STATES,0.0
641627,UNITED STATES,0.0
641674,UNITED STATES,1.0
641681,UNITED STATES,0.0
641684,UNITED STATES,0.0
641710,UNITED STATES,0.0
641716,UNITED STATES,0.0
641726,UNITED STATES,0.0
641730,UNITED STATES,0.0
641735,UNITED STATES,0.0
641737,UNITED STATES,0.0
641764,UNITED STATES,0.0
641778,UNITED STATES,0.0
641833,UNITED STATES,0.0
641848,UNITED STATES,0.0
641849,UNITED STATES,1.0
641877,UNITED STATES,0.0
641881,UNITED STATES,0.0
641890,UNITED STATES,0.0
641893,UNITED STATES,0.0
641899,UNITED STATES,0.0
641900,UNITED STATES,0.0
641906,UNITED STATES,0.0
641907,UNITED STATES,0.0
641912,UNITED STATES,0.0
641919,UNITED STATES,0.0
641926,UNITED STATES,0.0
641932,UNITED STATES,0.0
641937,UNITED STATES,0.0
641939,UNITED STATES,0.0
641947,UNITED STATES,0.0
641950,UNITED STATES,0.0
641951,UNITED STATES,0.0
641980,UNITED STATES,0.0
641999,UNITED STATES,0.0
642008,UNITED STATES,0.0
642016,UNITED STATES,0.0
642021,UNITED STATES,0.0
642030,UNITED STATES,0.0
642046,UNITED STATES,0.0
642054,UNITED STATES,0.0
642055,UNITED STATES,0.0
642062,UNITED STATES,0.0
642075,UNITED STATES,0.0
642094,UNITED STATES,0.0
642103,UNITED STATES,0.0
642111,UNITED STATES,0.0
642128,UNITED STATES,0.0
642135,UNITED STATES,0.0
642138,UNITED STATES,0.0
642147,UNITED STATES,0.0
642156,UNITED STATES,0.0
642184,UNITED STATES,0.0
642195,UNITED STATES,0.0
642200,UNITED STATES,0.0
642207,UNITED STATES,0.0
642208,UNITED STATES,0.0
642212,UNITED STATES,0.5
642218,UNITED STATES,0.0
642222,UNITED STATES,0.0
642226,UNITED STATES,0.0
642246,UNITED STATES,0.0
642286,UNITED STATES,0.0
642300,UNITED STATES,0.0
642307,UNITED STATES,0.0
642342,UNITED STATES,0.0
642346,UNITED STATES,0.0
642353,UNITED STATES,1.0
642378,UNITED STATES,0.0
642380,UNITED STATES,0.0
642385,UNITED STATES,0.0
642405,UNITED STATES,0.0
642416,UNITED STATES,1.0
642430,UNITED STATES,0.0
642438,UNITED STATES,0.0
642442,UNITED STATES,0.0
642466,UNITED STATES,0.0
642475,UNITED STATES,0.0
642487,UNITED STATES,0.0
642500,UNITED STATES,0.0
642506,UNITED STATES,0.0
642510,UNITED STATES,0.0
642512,UNITED STATES,0.0
642557,UNITED STATES,0.0
643204,MEXICO,0.0
644007,UNITED STATES,1.0
644009,UNITED STATES,0.0
644011,UNITED STATES,0.0
644020,UNITED STATES,0.0
644021,UNITED STATES,0.0
644027,UNITED STATES,0.0
644033,UNITED STATES,0.0
644041,UNITED STATES,0.0
644045,UNITED STATES,1.0
644050,UNITED STATES,0.0
644058,UNITED STATES,0.0
644063,UNITED STATES,0.0
644075,UNITED STATES,0.0
644081,UNITED STATES,0.0
644083,UNITED STATES,0.0
644091,UNITED STATES,1.0
644092,UNITED STATES,0.0
644123,UNITED STATES,0.0
644134,UNITED STATES,0.0
644148,UNITED STATES,0.5
644152,UNITED STATES,0.0
644161,UNITED STATES,0.0
644178,UNITED STATES,0.0
644179,UNITED STATES,1.0
644183,UNITED STATES,0.0
644187,UNITED STATES,0.0
644200,UNITED STATES,0.0
644201,UNITED STATES,0.0
644222,UNITED STATES,0.0
644232,UNITED STATES,0.0
644234,UNITED STATES,0.0
644238,UNITED STATES,0.0
644244,UNITED STATES,0.0
644251,UNITED STATES,0.0
644271,UNITED STATES,0.0
644281,UNITED STATES,0.0
644305,UNITED STATES,0.0
644306,UNITED STATES,0.0
644313,UNITED STATES,0.0
644319,UNITED STATES,0.0
644324,UNITED STATES,0.0
644336,UNITED STATES,0.0
644338,UNITED STATES,0.0
644353,UNITED STATES,0.0
644358,UNITED STATES,0.0
644370,UNITED STATES,0.0
644377,UNITED STATES,0.0
644380,UNITED STATES,0.0
644385,UNITED STATES,0.0
644397,UNITED STATES,0.0
644404,UNITED STATES,0.0
644407,UNITED STATES,0.0
644410,UNITED STATES,0.0
644413,UNITED STATES,0.0
644426,UNITED STATES,0.0
644435,UNITED STATES,0.0
644443,UNITED STATES,0.0
644444,UNITED STATES,0.0
644465,UNITED STATES,0.0
644470,UNITED STATES,0.0
644475,UNITED STATES,0.0
644482,UNITED STATES,0.0
644485,UNITED STATES,0.0
644491,UNITED STATES,0.0
644493,UNITED STATES,0.0
644525,UNITED STATES,0.0
644547,UNITED STATES,0.0
644548,UNITED STATES,0.0
644549,UNITED STATES,0.0
644562,UNITED STATES,0.0
644597,UNITED STATES,0.0
644598,UNITED STATES,0.0
644599,UNITED STATES,0.0
644610,UNITED STATES,0.0
644613,UNITED STATES,0.0
644618,UNITED STATES,0.0
644625,UNITED STATES,0.0
644635,UNITED STATES,0.0
644647,UNITED STATES,0.0
644648,UNITED STATES,0.0
644652,UNITED STATES,0.0
644657,UNITED STATES,0.0
644659,UNITED STATES,0.0
644665,UNITED STATES,0.0
644675,UNITED STATES,0.0
644689,UNITED STATES,0.0
644696,UNITED STATES,0.0
644698,UNITED STATES,0.0
644700,UNITED STATES,0.0
644722,UNITED STATES,0.0
644728,UNITED STATES,0.0
644736,UNITED STATES,0.0
644738,UNITED STATES,1.0
644753,UNITED STATES,0.0
644761,UNITED STATES,0.0
644768,UNITED STATES,0.0
644770,UNITED STATES,0.0
644771,UNITED STATES,0.0
644775,UNITED STATES,0.0
644786,UNITED STATES,0.0
644791,UNITED STATES,0.0
644798,UNITED STATES,0.0
644831,UNITED STATES,0.0
644840,UNITED STATES,0.0
644848,UNITED STATES,0.0
644853,UNITED STATES,0.0
644858,UNITED STATES,0.0
644862,UNITED STATES,0.0
644880,UNITED STATES,0.0
644882,UNITED STATES,0.0
644896,UNITED STATES,1.0
644904,UNITED STATES,0.0
644917,UNITED STATES,0.0
644918,UNITED STATES,0.0
644936,UNITED STATES,0.0
644951,UNITED STATES,0.0
644958,UNITED STATES,0.0
644963,UNITED STATES,0.0
644976,UNITED STATES,0.0
645005,UNITED STATES,0.0
645011,UNITED STATES,0.0
645014,UNITED STATES,0.0
645033,UNITED STATES,0.0
645045,UNITED STATES,0.0
645049,UNITED STATES,0.0
645053,UNITED STATES,0.0
645068,UNITED STATES,0.0
645071,UNITED STATES,0.0
645074,UNITED STATES,0.0
645086,UNITED STATES,0.0
645098,UNITED STATES,0.0
645102,UNITED STATES,0.0
645104,UNITED STATES,0.0
645109,UNITED STATES,0.0
645121,UNITED STATES,0.0
645125,UNITED STATES,0.0
645132,UNITED STATES,1.0
645149,UNITED STATES,0.0
645155,UNITED STATES,0.0
645161,UNITED STATES,0.0
645164,UNITED STATES,0.0
645169,UNITED STATES,0.0
645175,UNITED STATES,0.0
645178,UNITED STATES,0.0
645179,UNITED STATES,0.0
645183,UNITED STATES,0.0
645197,UNITED STATES,0.0
645202,UNITED STATES,0.0
645212,UNITED STATES,0.0
645216,UNITED STATES,0.0
645219,UNITED STATES,0.0
645229,UNITED STATES,0.0
645232,UNITED STATES,0.0
645235,UNITED STATES,0.0
645257,UNITED STATES,0.0
645265,UNITED STATES,0.0
645270,UNITED STATES,0.0
645276,UNITED STATES,0.0
645281,UNITED STATES,0.0
645289,UNITED STATES,1.0
645290,UNITED STATES,0.0
645318,UNITED STATES,0.0
645320,UNITED STATES,0.0
645322,UNITED STATES,0.0
645323,UNITED STATES,0.0
645332,UNITED STATES,0.0
645333,UNITED STATES,0.0
645364,UNITED STATES,0.0
645369,UNITED STATES,0.0
645370,UNITED STATES,0.0
645371,UNITED STATES,0.0
645374,UNITED STATES,0.0
645378,UNITED STATES,0.0
645387,UNITED STATES,0.0
645388,UNITED STATES,0.0
645422,UNITED STATES,0.0
645429,UNITED STATES,0.0
645438,UNITED STATES,0.0
645439,UNITED STATES,0.0
645440,UNITED STATES,0.0
645450,UNITED STATES,0.0
645454,UNITED STATES,0.0
645495,UNITED STATES,0.0
645496,UNITED STATES,0.0
645501,UNITED STATES,0.0
645507,UNITED STATES,0.0
645511,UNITED STATES,0.0
645513,UNITED STATES,0.0
645516,UNITED STATES,0.0
645518,UNITED STATES,0.0
645524,UNITED STATES,0.0
645525,UNITED STATES,0.0
645535,UNITED STATES,0.0
645556,UNITED STATES,0.0
645563,UNITED STATES,0.0
645580,UNITED STATES,0.0
645582,UNITED STATES,0.0
645598,UNITED STATES,0.0
645602,UNITED STATES,0.0
645605,UNITED STATES,0.0
645622,UNITED STATES,1.0
645624,UNITED STATES,0.0
645637,UNITED STATES,0.0
645640,UNITED STATES,0.0
645643,UNITED STATES,0.0
645658,UNITED STATES,0.0
645662,UNITED STATES,0.0
645679,UNITED STATES,0.0
645686,UNITED STATES,0.0
645691,UNITED STATES,0.0
645701,UNITED STATES,0.0
645703,UNITED STATES,0.0
645741,UNITED STATES,0.0
645750,UNITED STATES,0.0
645753,UNITED STATES,0.0
645758,UNITED STATES,0.0
645788,UNITED STATES,0.0
645794,UNITED STATES,0.0
645797,UNITED STATES,0.0
645804,UNITED STATES,0.0
645810,UNITED STATES,0.0
645812,UNITED STATES,0.0
645817,UNITED STATES,0.0
645819,UNITED STATES,0.0
645820,UNITED STATES,0.0
645821,UNITED STATES,0.0
645839,UNITED STATES,0.0
645856,UNITED STATES,0.0
645862,UNITED STATES,0.0
645869,UNITED STATES,0.0
645875,UNITED STATES,0.0
645876,UNITED STATES,0.0
645885,UNITED STATES,0.0
645895,UNITED STATES,0.0
645897,UNITED STATES,0.0
645900,UNITED STATES,0.0
645904,UNITED STATES,0.0
645906,UNITED STATES,0.0
645912,UNITED STATES,0.0
645914,UNITED STATES,0.0
645915,UNITED STATES,1.0
645943,UNITED STATES,0.0
645950,UNITED STATES,0.0
645951,UNITED STATES,0.0
645954,UNITED STATES,0.0
645967,UNITED STATES,0.0
645972,UNITED STATES,0.0
645982,UNITED STATES,0.0
645985,UNITED STATES,0.0
645998,UNITED STATES,0.0
646006,UNITED STATES,0.0
646020,UNITED STATES,0.0
646039,UNITED STATES,0.0
646045,UNITED STATES,0.0
646049,UNITED STATES,0.0
646053,UNITED STATES,0.0
646054,UNITED STATES,0.0
646060,UNITED STATES,0.0
646078,UNITED STATES,0.0
646085,UNITED STATES,0.0
646097,UNITED STATES,0.0
646109,UNITED STATES,0.0
646132,UNITED STATES,0.0
646143,UNITED STATES,0.0
646145,UNITED STATES,0.0
646148,UNITED STATES,0.0
646158,UNITED STATES,0.0
646169,UNITED STATES,0.0
646177,UNITED STATES,0.0
646181,UNITED STATES,0.0
646214,UNITED STATES,0.0
646263,UNITED STATES,0.0
646275,UNITED STATES,0.0
646278,UNITED STATES,0.0
646279,UNITED STATES,0.0
646291,UNITED STATES,0.0
646325,UNITED STATES,0.0
646331,UNITED STATES,0.0
646348,UNITED STATES,0.0
646353,UNITED STATES,0.0
646360,UNITED STATES,0.0
646376,UNITED STATES,0.0
646395,UNITED STATES,0.0
646412,UNITED STATES,0.0
646457,UNITED STATES,0.0
646472,UNITED STATES,0.0
646475,UNITED STATES,0.0
646489,UNITED STATES,1.0
646504,UNITED STATES,0.0
646523,UNITED STATES,0.0
646528,UNITED STATES,0.0
646536,UNITED STATES,0.0
646546,UNITED STATES,0.0
646554,UNITED STATES,0.0
646559,UNITED STATES,0.0
646560,UNITED STATES,0.0
646567,UNITED STATES,0.0
646569,UNITED STATES,0.0
646581,UNITED STATES,0.0
646585,UNITED STATES,0.0
646595,UNITED STATES,0.0
646601,UNITED STATES,0.0
646605,UNITED STATES,1.0
646637,UNITED STATES,0.0
646648,UNITED STATES,0.0
646656,UNITED STATES,0.0
646666,UNITED STATES,0.0
646671,UNITED STATES,0.0
646675,UNITED STATES,0.0
646683,UNITED STATES,0.0
646714,UNITED STATES,0.0
646721,UNITED STATES,0.0
646734,UNITED STATES,0.0
646735,UNITED STATES,0.0
646738,UNITED STATES,0.0
646740,UNITED STATES,0.0
646754,UNITED STATES,0.0
646759,UNITED STATES,0.0
646766,UNITED STATES,0.0
646781,UNITED STATES,0.0
646792,UNITED STATES,0.0
646829,UNITED STATES,0.0
646846,UNITED STATES,0.0
646866,UNITED STATES,0.0
646886,UNITED STATES,0.0
646890,UNITED STATES,0.0
646895,UNITED STATES,0.0
646899,UNITED STATES,0.0
646904,UNITED STATES,0.0
646935,UNITED STATES,0.0
646937,UNITED STATES,0.0
646939,UNITED STATES,0.0
646950,UNITED STATES,0.0
646951,UNITED STATES,0.0
646956,UNITED STATES,0.0
646962,UNITED STATES,0.0
646964,UNITED STATES,0.0
646965,UNITED STATES,0.0
646968,UNITED STATES,0.0
646982,UNITED STATES,0.0
646985,UNITED STATES,0.0
646990,UNITED STATES,0.0
646994,UNITED STATES,0.0
647001,UNITED STATES,1.0
647015,UNITED STATES,0.0
647018,UNITED STATES,1.0
647031,UNITED STATES,0.0
647037,UNITED STATES,0.0
647040,UNITED STATES,0.0
647046,UNITED STATES,0.0
647059,UNITED STATES,0.0
647064,UNITED STATES,0.0
647070,UNITED STATES,0.0
647076,UNITED STATES,0.0
647082,UNITED STATES,1.0
647083,UNITED STATES,0.0
647089,UNITED STATES,0.0
647090,UNITED STATES,0.0
647095,UNITED STATES,0.0
647098,UNITED STATES,0.0
647107,UNITED STATES,0.0
647137,UNITED STATES,0.0
647144,UNITED STATES,0.0
647147,UNITED STATES,0.0
647149,UNITED STATES,0.0
647155,UNITED STATES,0.0
647159,UNITED STATES,0.0
647162,UNITED STATES,0.0
647165,UNITED STATES,0.0
647166,UNITED STATES,0.0
647177,UNITED STATES,0.0
647188,UNITED STATES,0.0
647193,UNITED STATES,0.0
647206,UNITED STATES,0.0
647208,UNITED STATES,0.0
647210,UNITED STATES,0.0
647213,UNITED STATES,0.0
647230,UNITED STATES,1.0
647232,UNITED STATES,0.0
647240,UNITED STATES,0.0
647258,UNITED STATES,0.0
647265,UNITED STATES,0.0
647268,UNITED STATES,0.0
647270,UNITED STATES,0.0
647274,UNITED STATES,0.0
647292,UNITED STATES,0.0
647301,UNITED STATES,0.0
647306,UNITED STATES,0.0
647308,UNITED STATES,0.0
647310,UNITED STATES,0.0
647330,UNITED STATES,0.0
647335,UNITED STATES,0.0
647353,UNITED STATES,0.0
647354,UNITED STATES,0.0
647371,UNITED STATES,0.0
647391,UNITED STATES,0.0
647394,UNITED STATES,0.0
647400,UNITED STATES,0.0
647421,UNITED STATES,0.0
647423,UNITED STATES,0.0
647428,UNITED STATES,0.0
647430,UNITED STATES,0.0
647442,UNITED STATES,0.0
647455,UNITED STATES,0.0
647457,UNITED STATES,1.0
647476,UNITED STATES,0.0
647481,UNITED STATES,0.0
647486,UNITED STATES,0.0
647487,UNITED STATES,0.0
647497,UNITED STATES,0.0
647501,UNITED STATES,0.0
647526,UNITED STATES,0.0
647543,UNITED STATES,0.0
647546,UNITED STATES,0.0
647547,UNITED STATES,0.0
647552,UNITED STATES,0.0
647560,UNITED STATES,0.0
647561,UNITED STATES,0.0
647580,UNITED STATES,0.0
647584,UNITED STATES,0.0
647586,UNITED STATES,0.0
647594,UNITED STATES,0.0
647601,UNITED STATES,0.0
647610,UNITED STATES,0.0
647637,UNITED STATES,0.0
647639,UNITED STATES,0.0
647640,UNITED STATES,0.0
647645,UNITED STATES,0.0
647654,UNITED STATES,0.0
647658,UNITED STATES,0.0
647663,UNITED STATES,0.0
647666,UNITED STATES,0.0
647670,UNITED STATES,0.0
647686,UNITED STATES,0.0
647719,UNITED STATES,0.0
647726,UNITED STATES,0.0
647728,UNITED STATES,0.0
647729,UNITED STATES,0.0
647731,UNITED STATES,0.0
647733,UNITED STATES,0.0
647749,UNITED STATES,0.0
647750,UNITED STATES,0.0
647751,UNITED STATES,0.0
647765,UNITED STATES,0.0
647775,UNITED STATES,0.0
647776,UNITED STATES,0.0
647787,UNITED STATES,0.0
647788,UNITED STATES,0.0
647795,UNITED STATES,0.0
647804,UNITED STATES,0.0
647828,UNITED STATES,0.0
647835,UNITED STATES,0.0
647837,UNITED STATES,0.0
647839,UNITED STATES,0.0
647850,UNITED STATES,0.0
647853,UNITED STATES,0.0
647859,UNITED STATES,0.0
647865,UNITED STATES,0.0
647871,UNITED STATES,0.0
647877,UNITED STATES,0.0
647919,UNITED STATES,0.0
647923,UNITED STATES,0.0
647925,UNITED STATES,0.0
647937,UNITED STATES,0.0
647938,UNITED STATES,0.0
647940,UNITED STATES,0.0
647963,UNITED STATES,0.0
647965,UNITED STATES,0.0
647968,UNITED STATES,0.0
647976,UNITED STATES,0.0
647979,UNITED STATES,0.0
648004,UNITED STATES,0.0
648019,UNITED STATES,0.0
648034,UNITED STATES,0.0
648037,UNITED STATES,0.0
648051,UNITED STATES,0.0
648062,UNITED STATES,0.0
648097,UNITED STATES,0.0
648099,UNITED STATES,0.0
648100,UNITED STATES,0.0
648114,UNITED STATES,0.0
648116,UNITED STATES,0.0
648133,UNITED STATES,0.0
648137,UNITED STATES,0.0
648157,UNITED STATES,0.0
648167,UNITED STATES,0.0
648186,UNITED STATES,0.0
648188,UNITED STATES,0.0
648198,UNITED STATES,0.0
648200,UNITED STATES,0.0
648204,UNITED STATES,0.0
648212,UNITED STATES,0.0
648213,UNITED STATES,0.0
648214,UNITED STATES,0.0
648219,UNITED STATES,1.0
648229,UNITED STATES,0.0
648231,UNITED STATES,0.0
648241,UNITED STATES,1.0
648248,UNITED STATES,0.0
648264,UNITED STATES,0.0
648271,UNITED STATES,0.0
648273,UNITED STATES,0.0
648278,UNITED STATES,0.0
648279,UNITED STATES,0.0
648283,UNITED STATES,0.0
648292,UNITED STATES,0.0
648307,UNITED STATES,0.0
648323,UNITED STATES,0.0
648328,UNITED STATES,0.0
648344,UNITED STATES,0.0
648349,UNITED STATES,0.0
648369,UNITED STATES,0.0
648376,UNITED STATES,0.0
648406,UNITED STATES,0.0
648411,UNITED STATES,0.0
648414,UNITED STATES,0.0
648423,UNITED STATES,0.0
648424,UNITED STATES,0.0
648432,UNITED STATES,0.0
648433,UNITED STATES,0.0
648447,UNITED STATES,0.0
648454,UNITED STATES,0.0
648470,UNITED STATES,0.0
648473,UNITED STATES,0.0
648477,UNITED STATES,0.0
648481,UNITED STATES,0.0
648484,UNITED STATES,0.0
648486,UNITED STATES,0.0
648510,UNITED STATES,0.0
648513,UNITED STATES,0.0
648519,UNITED STATES,0.0
648526,UNITED STATES,0.0
648528,UNITED STATES,0.0
648530,UNITED STATES,0.0
648531,UNITED STATES,0.0
648539,UNITED STATES,0.0
648554,UNITED STATES,0.0
648562,UNITED STATES,0.0
648567,UNITED STATES,0.0
648574,UNITED STATES,0.0
648576,UNITED STATES,0.0
648582,UNITED STATES,0.0
648588,UNITED STATES,0.0
648611,UNITED STATES,0.0
648626,UNITED STATES,0.0
648635,UNITED STATES,0.0
648645,UNITED STATES,0.0
648647,UNITED STATES,0.0
648652,UNITED STATES,0.0
648660,UNITED STATES,0.0
648673,UNITED STATES,0.0
648701,UNITED STATES,0.0
648703,UNITED STATES,0.0
648713,UNITED STATES,0.0
648715,UNITED STATES,0.0
648725,UNITED STATES,0.0
648727,UNITED STATES,0.0
648751,UNITED STATES,0.0
648754,UNITED STATES,0.0
648755,UNITED STATES,0.0
648759,UNITED STATES,0.0
648773,UNITED STATES,0.0
648783,UNITED STATES,0.0
648793,UNITED STATES,0.0
648818,UNITED STATES,0.0
648827,UNITED STATES,0.0
648829,UNITED STATES,0.0
648833,UNITED STATES,1.0
648844,UNITED STATES,0.0
648845,UNITED STATES,1.0
648855,UNITED STATES,0.0
648896,UNITED STATES,0.0
648899,UNITED STATES,0.0
648925,UNITED STATES,0.0
648927,UNITED STATES,0.0
648950,UNITED STATES,0.0
648957,UNITED STATES,0.0
648962,UNITED STATES,0.0
648963,UNITED STATES,0.0
648973,UNITED STATES,0.0
648974,UNITED STATES,0.0
648977,UNITED STATES,0.0
648978,UNITED STATES,0.0
648979,UNITED STATES,0.0
648991,UNITED STATES,0.0
648995,UNITED STATES,0.0
648998,UNITED STATES,0.0
649001,UNITED STATES,0.0
649014,UNITED STATES,0.0
649017,UNITED STATES,0.0
649024,UNITED STATES,0.0
649034,UNITED STATES,0.0
649038,UNITED STATES,0.0
649057,UNITED STATES,0.0
649059,UNITED STATES,0.0
649082,UNITED STATES,0.0
649085,UNITED STATES,0.0
649099,UNITED STATES,0.0
649107,UNITED STATES,0.0
649119,UNITED STATES,0.0
649126,UNITED STATES,0.0
649129,UNITED STATES,0.0
649131,UNITED STATES,0.0
649140,UNITED STATES,0.0
649143,UNITED STATES,0.0
649153,UNITED STATES,0.0
649157,UNITED STATES,0.0
649159,UNITED STATES,0.0
649161,UNITED STATES,0.0
649164,UNITED STATES,0.0
649169,UNITED STATES,0.0
649189,UNITED STATES,0.0
649192,UNITED STATES,0.0
649194,UNITED STATES,0.0
649211,UNITED STATES,0.0
649233,UNITED STATES,0.0
649246,UNITED STATES,0.0
649252,UNITED STATES,0.0
649256,UNITED STATES,0.0
649264,UNITED STATES,0.0
649268,UNITED STATES,0.0
649281,UNITED STATES,0.0
649282,UNITED STATES,0.0
649284,UNITED STATES,0.0
649297,UNITED STATES,0.0
649304,UNITED STATES,0.0
649315,UNITED STATES,0.0
649340,UNITED STATES,0.0
649354,UNITED STATES,0.0
649355,UNITED STATES,0.0
649369,UNITED STATES,0.0
649378,UNITED STATES,0.0
649381,UNITED STATES,0.0
649383,UNITED STATES,0.0
649391,UNITED STATES,0.0
649392,UNITED STATES,0.0
649398,UNITED STATES,0.0
649399,UNITED STATES,0.0
649403,UNITED STATES,0.0
649407,UNITED STATES,0.0
649412,UNITED STATES,0.0
649434,UNITED STATES,0.0
649440,UNITED STATES,0.0
649459,UNITED STATES,0.0
649460,UNITED STATES,1.0
649470,UNITED STATES,0.0
649497,UNITED STATES,0.0
649503,UNITED STATES,0.0
649539,UNITED STATES,0.0
649576,UNITED STATES,0.0
649589,UNITED STATES,0.0
649621,UNITED STATES,0.0
649630,UNITED STATES,0.0
649634,UNITED STATES,0.0
649638,UNITED STATES,0.0
649655,UNITED STATES,0.0
649674,UNITED STATES,0.0
649689,UNITED STATES,0.0
649709,UNITED STATES,0.0
649732,UNITED STATES,0.0
649737,UNITED STATES,0.0
649740,UNITED STATES,0.0
649756,UNITED STATES,0.0
649768,UNITED STATES,0.0
649771,UNITED STATES,0.0
649791,UNITED STATES,0.0
649802,UNITED STATES,0.0
649804,UNITED STATES,0.0
649811,UNITED STATES,0.0
649824,UNITED STATES,0.0
649831,UNITED STATES,0.0
649841,UNITED STATES,0.0
649858,UNITED STATES,0.0
649876,UNITED STATES,0.0
649882,UNITED STATES,0.0
649884,UNITED STATES,0.0
649905,UNITED STATES,0.0
649915,UNITED STATES,0.0
649921,UNITED STATES,0.0
649922,UNITED STATES,0.0
649928,UNITED STATES,0.0
649943,UNITED STATES,0.0
649987,UNITED STATES,0.0
649995,UNITED STATES,0.0
650000,UNITED STATES,0.0
650026,UNITED STATES,0.0
650036,BRAZIL,0.0
650040,BRAZIL,1.0
650048,BRAZIL,0.0
650074,BRAZIL,0.0
650090,UNITED STATES,1.0
650098,UNITED STATES,0.0
650114,UNITED STATES,0.0
650121,UNITED STATES,1.0
650125,UNITED STATES,0.0
650126,UNITED STATES,0.0
650129,UNITED STATES,0.0
650131,UNITED STATES,0.0
650146,UNITED STATES,0.0
650150,UNITED STATES,0.0
650157,CHINA,0.0
650172,UNITED STATES,0.0
650220,UNITED STATES,0.0
650252,UNITED STATES,0.0
650254,UNITED STATES,0.0
650259,UNITED STATES,0.0
650280,UNITED STATES,0.0
650290,UNITED STATES,0.0
650301,UNITED STATES,0.0
650302,UNITED STATES,0.0
650306,UNITED STATES,0.0
650344,UNITED STATES,0.0
650346,UNITED STATES,0.0
650349,UNITED STATES,0.0
650356,UNITED STATES,0.0
650362,UNITED STATES,0.0
650367,UNITED STATES,0.0
650373,UNITED STATES,0.0
650375,UNITED STATES,0.0
650389,UNITED STATES,0.0
650403,UNITED STATES,1.0
650418,BRAZIL,0.0
650422,BRAZIL,0.0
650430,BRAZIL,0.0
650444,INDIA,0.0
650461,UNITED STATES,0.0
650476,UNITED STATES,0.0
650477,UNITED STATES,0.0
650490,BRAZIL,0.0
650504,BRAZIL,0.0
650544,INDIA,0.0
650559,BRAZIL,0.0
650569,BRAZIL,0.0
650580,BRAZIL,0.0
650583,BRAZIL,0.0
650584,BRAZIL,1.0
650593,BRAZIL,0.0
650600,UNITED STATES,0.0
650603,UNITED STATES,0.0
650605,UNITED STATES,0.0
650613,UNITED STATES,0.0
650615,UNITED STATES,0.0
650616,UNITED STATES,1.0
650627,UNITED STATES,0.0
650637,UNITED STATES,0.0
650645,UNITED STATES,0.0
650655,UNITED STATES,0.0
650677,UNITED STATES,0.0
650690,UNITED STATES,0.0
650692,UNITED STATES,1.0
650702,UNITED STATES,0.0
650704,UNITED STATES,0.0
650730,UNITED STATES,0.0
650732,UNITED STATES,0.0
650741,UNITED STATES,0.0
650751,UNITED STATES,0.0
650766,UNITED STATES,0.0
650770,UNITED STATES,0.0
650783,UNITED STATES,0.3333333333333333
650793,UNITED STATES,0.0
650809,UNITED KINGDOM,0.0
650812,UNITED KINGDOM,0.0
650821,UNITED STATES,0.0
650823,UNITED KINGDOM,0.0
650879,UNITED STATES,0.0
650881,UNITED STATES,0.0
650885,UNITED STATES,0.0
650889,UNITED STATES,0.0
650905,BRAZIL,1.0
650919,BRAZIL,0.0
650936,UNITED STATES,0.0
650947,BRAZIL,0.0
650950,BRAZIL,0.0
650953,BRAZIL,0.0
650959,BRAZIL,0.0
650970,BRAZIL,0.0
650985,UNITED STATES,0.0
650988,UNITED STATES,0.0
651003,UNITED STATES,0.0
651008,UNITED STATES,0.0
651009,UNITED STATES,0.0
651012,UNITED STATES,0.0
651013,UNITED STATES,0.0
651018,UNITED STATES,0.0
651024,UNITED STATES,0.0
651030,UNITED STATES,0.0
651042,UNITED STATES,0.0
651043,UNITED STATES,0.0
651053,UNITED STATES,0.0
651054,UNITED STATES,0.0
651060,UNITED STATES,0.0
651088,UNITED STATES,0.0
651093,UNITED STATES,0.0
651094,UNITED STATES,0.0
651104,UNITED STATES,1.0
651110,UNITED STATES,0.0
651111,UNITED STATES,0.0
651125,UNITED STATES,0.0
651133,UNITED STATES,0.0
651151,UNITED STATES,0.0
651170,UNITED STATES,0.0
651185,UNITED STATES,0.0
651186,UNITED STATES,0.0
651209,UNITED STATES,0.0
651211,UNITED STATES,0.0
651219,UNITED STATES,0.0
651228,UNITED STATES,0.0
651234,UNITED STATES,0.0
651240,UNITED STATES,0.0
651255,UNITED STATES,1.0
651259,UNITED STATES,0.0
651261,UNITED STATES,0.0
651272,UNITED STATES,0.0
651290,UNITED STATES,0.0
651293,UNITED STATES,0.0
651299,UNITED STATES,0.0
651338,UNITED STATES,0.0
651357,UNITED STATES,0.0
651359,UNITED STATES,0.0
651365,UNITED STATES,1.0
651368,UNITED STATES,0.0
651370,UNITED STATES,0.0
651373,UNITED STATES,0.0
651379,UNITED STATES,0.0
651384,UNITED STATES,0.0
651397,UNITED STATES,0.0
651410,UNITED STATES,1.0
651416,UNITED STATES,0.0
651417,UNITED STATES,0.0
651419,UNITED STATES,0.0
651422,UNITED STATES,0.0
651424,UNITED STATES,0.0
651435,UNITED STATES,0.0
651441,UNITED STATES,0.0
651460,UNITED STATES,0.0
651475,UNITED STATES,0.0
651479,UNITED STATES,0.0
651497,UNITED STATES,0.0
651502,UNITED STATES,0.0
651511,UNITED STATES,0.0
651529,UNITED STATES,0.0
651532,UNITED STATES,0.0
651534,UNITED STATES,0.0
651541,UNITED STATES,0.0
651553,UNITED STATES,1.0
651556,UNITED STATES,0.0
651564,UNITED STATES,0.0
651575,UNITED STATES,0.0
651578,UNITED STATES,0.0
651589,UNITED STATES,0.0
651595,UNITED STATES,0.0
651608,UNITED STATES,0.0
651610,UNITED STATES,1.0
651614,UNITED STATES,0.0
651620,UNITED STATES,0.0
651624,UNITED STATES,1.0
651637,UNITED STATES,0.0
651639,UNITED STATES,0.0
651640,UNITED STATES,0.0
651656,BRAZIL,0.0
651667,BRAZIL,0.0
651671,BRAZIL,0.0
651694,BRAZIL,0.0
651707,UNITED STATES,0.0
651731,UNITED STATES,0.0
651738,UNITED STATES,0.0
651751,UNITED STATES,0.0
651766,UNITED STATES,0.0
651774,UNITED STATES,0.0
651775,UNITED STATES,0.0
651776,UNITED STATES,1.0
651794,UNITED STATES,0.0
651823,UNITED STATES,0.0
651843,UNITED STATES,0.0
651846,UNITED STATES,0.0
651852,UNITED STATES,0.0
651861,UNITED STATES,0.0
651863,UNITED STATES,0.0
651878,UNITED STATES,0.0
651880,UNITED STATES,0.0
651886,UNITED STATES,0.0
651889,UNITED STATES,0.0
651900,UNITED STATES,0.0
651909,UNITED STATES,0.0
651922,UNITED STATES,1.0
651924,UNITED STATES,0.0
651943,UNITED STATES,0.0
651944,UNITED STATES,0.0
651945,UNITED STATES,0.0
651965,UNITED STATES,0.0
651968,UNITED STATES,0.0
651972,UNITED STATES,0.0
651981,UNITED STATES,0.0
651996,UNITED STATES,0.0
652012,UNITED STATES,0.0
652021,UNITED STATES,0.0
652026,UNITED STATES,0.0
652027,UNITED STATES,0.0
652036,UNITED STATES,0.0
652038,UNITED STATES,0.0
652045,UNITED STATES,0.0
652056,UNITED STATES,0.0
652057,UNITED STATES,0.0
652058,UNITED STATES,0.0
652064,UNITED STATES,0.0
652079,UNITED STATES,0.0
652083,UNITED STATES,0.0
652089,UNITED STATES,0.0
652095,UNITED STATES,0.0
652103,UNITED STATES,0.0
652128,UNITED STATES,0.0
652140,UNITED STATES,0.0
652142,UNITED STATES,0.0
652156,INDIA,0.0
652162,INDIA,0.0
652171,INDIA,0.0
652172,INDIA,0.0
652194,INDIA,0.0
652197,INDIA,0.0
652198,INDIA,0.0
652201,INDIA,0.0
652205,INDIA,0.0
652209,INDIA,1.0
652221,INDIA,0.0
652225,INDIA,0.0
652227,INDIA,0.0
652231,INDIA,0.0
652243,INDIA,0.0
652244,INDIA,0.0
652272,INDIA,0.0
652281,INDIA,0.0
652282,INDIA,0.0
652296,INDIA,0.0
652298,INDIA,0.0
652303,INDIA,0.0
652323,INDIA,0.0
652342,INDIA,0.0
652359,INDIA,0.0
652380,INDIA,0.5
652383,INDIA,0.0
652387,INDIA,0.0
652389,INDIA,0.0
652410,INDIA,0.0
652423,UNITED STATES,0.0
652434,UNITED STATES,0.0
652439,UNITED STATES,0.0
652449,UNITED STATES,0.0
652454,UNITED STATES,0.0
652457,UNITED STATES,0.0
652475,UNITED STATES,0.0
652504,INDIA,0.0
652513,INDIA,0.0
652515,INDIA,0.5
652534,UNITED STATES,0.0
652561,UNITED STATES,0.0
652597,UNITED STATES,0.0
652599,UNITED STATES,0.0
652602,INDIA,0.0
652617,UNITED STATES,0.0
652628,INDIA,0.0
652640,UNITED STATES,0.0
652643,UNITED STATES,0.0
652653,UNITED STATES,0.0
652656,UNITED STATES,0.0
652660,UNITED STATES,0.0
652678,UNITED STATES,0.0
652691,UNITED STATES,0.0
652694,UNITED STATES,0.0
652705,UNITED STATES,0.0
652714,UNITED STATES,0.0
652717,INDIA,0.0
652726,UNITED STATES,0.0
652737,INDIA,0.0
652755,UNITED STATES,0.0
652758,INDIA,0.0
652786,UNITED STATES,0.0
652789,UNITED STATES,0.0
652795,UNITED STATES,0.0
652799,UNITED STATES,0.0
652807,UNITED STATES,0.0
652825,UNITED STATES,0.0
652831,INDIA,0.0
652834,UNITED STATES,0.0
652845,UNITED STATES,0.0
652854,INDIA,0.0
652864,INDIA,0.0
652866,INDIA,0.0
652867,INDIA,0.0
652872,INDIA,0.0
652891,INDIA,0.0
652892,INDIA,0.0
652893,INDIA,0.0
652895,INDIA,0.0
652903,INDIA,0.0
652909,INDIA,0.0
652912,UNITED STATES,0.0
652914,UNITED STATES,0.0
652915,INDIA,0.0
652920,INDIA,0.0
652924,INDIA,0.0
652932,INDIA,0.0
652969,UNITED STATES,0.0
652971,INDIA,0.0
652975,INDIA,0.0
652986,INDIA,0.0
652990,INDIA,0.0
652994,INDIA,0.0
653001,INDIA,0.0
653009,INDIA,0.0
653011,INDIA,1.0
653016,INDIA,0.0
653022,INDIA,0.0
653029,INDIA,0.0
653054,UNITED STATES,0.0
653058,UNITED STATES,0.0
653060,UNITED STATES,0.0
653064,UNITED STATES,0.0
653068,UNITED STATES,0.0
653073,UNITED STATES,0.0
653074,UNITED STATES,0.0
653076,UNITED STATES,0.0
653085,UNITED STATES,0.0
653086,UNITED STATES,0.0
653093,UNITED STATES,0.0
653113,UNITED STATES,0.0
653114,UNITED STATES,0.0
653117,UNITED STATES,0.0
653155,UNITED STATES,0.0
653189,UNITED STATES,0.0
653192,UNITED STATES,0.0
653193,UNITED STATES,0.0
653196,UNITED STATES,0.0
653207,UNITED STATES,0.0
653209,UNITED STATES,0.0
653212,UNITED STATES,0.0
653218,UNITED STATES,0.0
653220,UNITED STATES,0.0
653229,UNITED STATES,0.0
653235,UNITED STATES,0.0
653250,UNITED STATES,0.0
653282,UNITED STATES,0.0
653287,UNITED STATES,0.0
653298,UNITED STATES,0.0
653324,UNITED STATES,0.0
653326,UNITED STATES,0.0
653329,UNITED STATES,0.0
653333,UNITED STATES,0.0
653335,UNITED STATES,0.0
653337,UNITED STATES,0.0
653339,UNITED STATES,0.0
653353,UNITED STATES,0.0
653365,UNITED STATES,0.0
653367,UNITED STATES,0.0
653368,UNITED STATES,0.0
653376,UNITED STATES,0.0
653392,UNITED STATES,0.0
653395,UNITED STATES,0.0
653397,UNITED STATES,0.0
653401,UNITED STATES,0.0
653413,UNITED STATES,0.0
653421,UNITED STATES,0.0
653426,UNITED STATES,0.0
653430,UNITED STATES,0.0
653438,UNITED STATES,0.0
653447,UNITED STATES,0.0
653449,UNITED STATES,0.0
653451,UNITED STATES,0.0
653452,UNITED STATES,0.0
653456,UNITED STATES,0.0
653472,UNITED STATES,0.0
653479,UNITED STATES,0.0
653510,UNITED STATES,0.0
653514,UNITED STATES,0.0
653534,UNITED STATES,0.0
653556,UNITED STATES,0.0
653561,UNITED STATES,0.0
653573,UNITED STATES,0.0
653591,UNITED STATES,0.0
653595,UNITED STATES,0.0
653596,UNITED STATES,0.0
653602,UNITED STATES,0.0
653605,UNITED STATES,0.0
653615,UNITED STATES,0.0
653621,UNITED STATES,0.0
653628,UNITED STATES,0.0
653644,UNITED STATES,0.0
653648,UNITED STATES,0.0
653668,UNITED STATES,0.0
653669,UNITED STATES,0.0
653692,UNITED STATES,0.0
653697,UNITED STATES,0.0
653698,UNITED STATES,0.0
653711,UNITED STATES,0.0
653712,UNITED STATES,0.0
653713,UNITED STATES,0.0
653717,UNITED STATES,0.0
653728,UNITED STATES,0.0
653739,UNITED STATES,0.0
653745,UNITED STATES,0.0
653748,UNITED STATES,0.0
653749,UNITED STATES,0.0
653755,UNITED STATES,0.0
653757,UNITED STATES,0.0
653764,UNITED STATES,1.0
653775,UNITED STATES,0.0
653781,UNITED STATES,0.0
653790,UNITED STATES,0.0
653802,UNITED STATES,0.0
653804,UNITED STATES,0.0
653805,UNITED STATES,0.0
653812,UNITED STATES,0.0
653826,UNITED STATES,0.0
653833,UNITED STATES,0.0
653836,UNITED STATES,0.0
653851,UNITED STATES,1.0
653857,UNITED STATES,0.0
653861,UNITED STATES,0.0
653890,UNITED STATES,0.0
653908,UNITED STATES,0.0
653910,UNITED STATES,0.0
653914,UNITED STATES,0.0
653946,UNITED STATES,0.0
653957,UNITED STATES,0.0
653965,UNITED STATES,1.0
653967,UNITED STATES,0.0
653986,UNITED STATES,0.0
653990,UNITED STATES,0.0
653991,UNITED STATES,0.0
653995,UNITED STATES,0.0
654025,UNITED STATES,0.0
654030,UNITED STATES,0.0
654050,UNITED STATES,0.0
654052,UNITED STATES,0.0
654082,UNITED STATES,0.0
654089,UNITED STATES,0.0
654097,UNITED STATES,0.0
654109,UNITED STATES,0.0
654128,UNITED STATES,0.0
654129,UNITED STATES,0.0
654130,UNITED STATES,0.0
654134,UNITED STATES,0.0
654151,UNITED STATES,0.0
654152,UNITED STATES,0.0
654153,UNITED STATES,0.0
654160,UNITED STATES,0.0
654164,UNITED STATES,0.0
654168,UNITED STATES,0.0
654181,UNITED STATES,0.0
654182,UNITED STATES,0.0
654195,UNITED STATES,0.0
654209,UNITED STATES,0.0
654241,UNITED STATES,0.0
654245,UNITED STATES,0.0
654246,UNITED STATES,0.0
654273,UNITED STATES,1.0
654274,UNITED STATES,0.0
654291,UNITED STATES,0.0
654294,UNITED STATES,0.0
654297,UNITED STATES,0.0
654315,UNITED STATES,0.0
654322,UNITED STATES,0.0
654324,UNITED STATES,0.0
654326,UNITED STATES,0.0
654333,UNITED STATES,0.0
654343,UNITED STATES,0.0
654356,UNITED STATES,0.0
654358,UNITED STATES,0.0
654361,UNITED STATES,0.0
654370,UNITED STATES,0.0
654376,UNITED STATES,0.0
654381,UNITED STATES,0.0
654398,UNITED STATES,0.0
654409,UNITED STATES,0.0
654413,UNITED STATES,0.0
654417,UNITED STATES,0.0
654439,UNITED STATES,0.0
654440,UNITED STATES,0.0
654447,UNITED STATES,0.0
654455,UNITED STATES,0.0
654467,UNITED STATES,0.0
654485,UNITED STATES,0.0
654493,UNITED STATES,0.0
654504,UNITED STATES,0.0
654507,UNITED STATES,0.0
654533,UNITED STATES,0.0
654537,UNITED STATES,0.0
654538,UNITED STATES,0.0
654544,UNITED STATES,0.0
654581,UNITED STATES,0.0
654589,UNITED STATES,0.0
654590,UNITED STATES,0.0
654616,UNITED STATES,0.0
654619,UNITED STATES,0.0
654620,UNITED STATES,0.0
654623,UNITED STATES,0.0
654650,UNITED STATES,0.0
654669,UNITED STATES,0.0
654674,UNITED STATES,0.0
654679,UNITED STATES,0.0
654683,UNITED STATES,0.0
654684,UNITED STATES,0.0
654687,UNITED STATES,0.0
654704,UNITED STATES,0.0
654707,UNITED STATES,0.0
654716,UNITED STATES,0.0
654719,UNITED STATES,0.0
654759,UNITED STATES,0.0
654762,UNITED STATES,0.0
654764,UNITED STATES,0.0
654775,UNITED STATES,0.0
654778,UNITED STATES,0.0
654787,UNITED STATES,0.0
654793,UNITED STATES,0.0
654809,UNITED STATES,0.0
654822,UNITED STATES,0.0
654826,UNITED STATES,0.0
654829,UNITED STATES,0.0
654831,UNITED STATES,0.0
654836,UNITED STATES,0.0
654845,UNITED STATES,0.0
654850,UNITED STATES,0.0
654863,UNITED STATES,0.0
654866,UNITED STATES,0.0
654876,UNITED STATES,0.0
654897,UNITED STATES,0.0
654904,UNITED STATES,0.0
654915,UNITED STATES,0.0
654919,UNITED STATES,0.0
654920,UNITED STATES,0.0
654946,UNITED STATES,0.0
654947,UNITED STATES,0.0
654954,UNITED STATES,0.0
654966,UNITED STATES,0.0
654972,UNITED STATES,0.0
654973,UNITED STATES,0.0
654988,UNITED STATES,0.0
654999,UNITED STATES,0.0
655001,BRAZIL,0.0
655024,BRAZIL,0.0
655025,BRAZIL,0.0
655029,BRAZIL,0.0
655032,BRAZIL,0.0
655054,BRAZIL,0.0
655075,UNITED STATES,0.0
655076,UNITED STATES,1.0
655090,UNITED STATES,0.0
655106,UNITED STATES,0.0
655112,UNITED STATES,0.0
655119,UNITED STATES,0.0
655126,UNITED STATES,0.0
655142,UNITED STATES,0.0
655145,UNITED STATES,0.0
655174,UNITED STATES,0.0
655175,UNITED STATES,0.0
655178,UNITED STATES,0.0
655179,UNITED STATES,0.0
655190,UNITED STATES,0.0
655201,UNITED STATES,0.0
655232,UNITED STATES,0.0
655244,UNITED STATES,0.0
655250,UNITED STATES,0.0
655254,UNITED STATES,0.0
655263,UNITED STATES,0.0
655270,UNITED STATES,0.0
655272,UNITED STATES,0.0
655283,UNITED STATES,0.0
655288,UNITED STATES,0.0
655291,UNITED STATES,0.0
655293,UNITED STATES,0.0
655298,UNITED STATES,1.0
655319,UNITED STATES,0.0
655331,UNITED STATES,0.0
655336,UNITED STATES,0.0
655341,UNITED STATES,0.0
655351,UNITED STATES,0.0
655357,UNITED STATES,0.0
655358,UNITED STATES,1.0
655361,UNITED STATES,0.0
655363,UNITED STATES,0.0
655368,UNITED STATES,0.0
655380,UNITED STATES,0.0
655381,UNITED STATES,0.0
655383,UNITED STATES,0.0
655384,UNITED STATES,0.0
655386,UNITED STATES,0.0
655395,UNITED STATES,0.0
655397,UNITED STATES,0.0
655401,UNITED STATES,0.0
655402,UNITED STATES,0.0
655407,UNITED STATES,0.0
655424,UNITED STATES,0.0
655425,UNITED STATES,0.0
655428,UNITED STATES,0.0
655436,UNITED STATES,0.0
655437,UNITED STATES,0.0
655440,UNITED STATES,0.0
655442,UNITED STATES,0.0
655461,UNITED STATES,0.0
655465,UNITED STATES,0.0
655468,UNITED STATES,0.0
655476,UNITED STATES,0.0
655478,UNITED STATES,0.0
655482,UNITED STATES,0.0
655483,UNITED STATES,0.0
655484,UNITED STATES,0.0
655514,UNITED STATES,0.0
655530,UNITED STATES,0.0
655532,UNITED STATES,0.0
655545,UNITED STATES,0.0
655549,UNITED STATES,0.0
655550,UNITED STATES,0.0
655552,UNITED STATES,0.0
655554,UNITED STATES,0.0
655570,UNITED STATES,0.0
655575,UNITED STATES,0.0
655576,UNITED STATES,0.0
655581,UNITED STATES,0.0
655630,UNITED STATES,0.0
655638,UNITED STATES,0.0
655642,UNITED STATES,0.0
655648,UNITED STATES,0.0
655658,UNITED STATES,0.0
655707,UNITED STATES,0.0
655711,UNITED STATES,0.0
655720,UNITED STATES,0.0
655723,UNITED STATES,0.0
655745,UNITED STATES,0.0
655747,UNITED STATES,0.0
655759,UNITED STATES,0.0
655772,UNITED STATES,0.0
655774,UNITED STATES,1.0
655794,UNITED STATES,0.0
655796,UNITED STATES,0.0
655829,UNITED STATES,0.0
655835,UNITED STATES,0.0
655838,UNITED STATES,0.0
655842,UNITED STATES,0.0
655843,UNITED STATES,0.0
655855,UNITED STATES,0.0
655877,UNITED STATES,0.0
655887,UNITED STATES,0.0
655926,UNITED STATES,0.0
655928,UNITED STATES,0.0
655953,UNITED STATES,0.0
655955,UNITED STATES,0.0
655960,UNITED STATES,0.0
655963,UNITED STATES,0.0
655968,UNITED STATES,0.0
655978,UNITED STATES,0.0
655994,UNITED STATES,0.0
656003,UNITED STATES,0.0
656008,UNITED STATES,0.0
656012,UNITED STATES,0.0
656014,UNITED STATES,1.0
656015,UNITED STATES,0.0
656016,UNITED STATES,0.0
656023,UNITED STATES,0.0
656032,UNITED STATES,0.0
656038,UNITED STATES,0.0
656073,UNITED STATES,1.0
656076,UNITED STATES,0.0
656077,UNITED STATES,0.0
656087,UNITED STATES,0.0
656089,UNITED STATES,0.0
656095,UNITED STATES,0.0
656097,UNITED STATES,0.0
656112,UNITED STATES,0.0
656118,UNITED STATES,0.0
656121,UNITED STATES,0.0
656133,UNITED STATES,0.0
656157,UNITED STATES,0.0
656165,UNITED STATES,0.0
656174,UNITED STATES,0.0
656183,UNITED STATES,0.0
656194,UNITED STATES,1.0
656197,UNITED STATES,0.0
656198,UNITED STATES,0.0
656212,UNITED STATES,0.0
656215,UNITED STATES,0.0
656223,UNITED STATES,0.0
656228,UNITED STATES,0.0
656239,UNITED STATES,0.0
656256,UNITED STATES,0.0
656263,UNITED STATES,0.0
656276,UNITED STATES,0.0
656283,UNITED STATES,0.0
656287,UNITED STATES,0.0
656291,UNITED STATES,0.0
656308,UNITED STATES,0.0
656325,UNITED STATES,0.0
656333,UNITED STATES,0.0
656339,UNITED STATES,0.0
656344,UNITED STATES,0.0
656350,UNITED STATES,0.0
656357,UNITED STATES,0.0
656394,UNITED STATES,1.0
656403,UNITED STATES,0.0
656406,UNITED STATES,0.0
656407,UNITED STATES,0.0
656428,UNITED STATES,0.0
656453,UNITED STATES,0.0
656468,UNITED STATES,0.0
656478,UNITED STATES,0.0
656481,UNITED STATES,0.0
656493,UNITED STATES,0.0
656505,UNITED STATES,0.0
656520,UNITED STATES,1.0
656523,UNITED STATES,0.0
656527,UNITED STATES,0.0
656532,UNITED STATES,0.0
656541,UNITED STATES,0.0
656556,UNITED STATES,0.0
656572,UNITED STATES,0.0
656574,UNITED STATES,0.0
656585,UNITED STATES,0.0
656594,UNITED STATES,0.0
656596,UNITED STATES,0.0
656601,UNITED STATES,0.0
656625,UNITED STATES,0.0
656628,UNITED STATES,0.0
656629,UNITED STATES,0.0
656635,UNITED STATES,0.0
656649,UNITED STATES,0.0
656651,UNITED STATES,0.0
656655,UNITED STATES,0.0
656679,UNITED STATES,0.0
656681,UNITED STATES,0.0
656709,UNITED STATES,0.0
656725,UNITED STATES,0.0
656729,UNITED STATES,0.0
656734,UNITED STATES,0.0
656753,UNITED STATES,0.0
656766,UNITED STATES,0.0
656789,UNITED STATES,0.0
656790,UNITED STATES,0.0
656802,UNITED STATES,0.0
656811,UNITED STATES,0.0
656816,UNITED STATES,0.0
656820,UNITED STATES,0.0
656824,UNITED STATES,1.0
656825,UNITED STATES,1.0
656832,UNITED STATES,0.0
656853,UNITED STATES,0.0
656856,UNITED STATES,0.0
656876,UNITED STATES,0.0
656888,UNITED STATES,0.0
656895,UNITED STATES,0.0
656897,UNITED STATES,0.0
656900,UNITED STATES,0.0
656920,UNITED STATES,0.0
656923,UNITED STATES,0.0
656930,UNITED STATES,0.0
656934,UNITED STATES,0.0
656949,UNITED STATES,0.0
656960,UNITED STATES,0.0
656975,UNITED STATES,0.0
656981,UNITED STATES,0.0
656998,UNITED STATES,0.0
657024,UNITED STATES,0.0
657038,UNITED STATES,0.0
657041,UNITED STATES,0.0
657048,UNITED STATES,0.0
657054,UNITED STATES,0.0
657055,UNITED STATES,1.0
657057,UNITED STATES,0.0
657061,UNITED STATES,0.0
657062,UNITED STATES,0.0
657070,UNITED STATES,0.0
657072,UNITED STATES,0.0
657096,UNITED STATES,0.0
657100,UNITED STATES,0.0
657102,UNITED STATES,0.0
657103,UNITED STATES,0.0
657110,UNITED STATES,0.0
657137,UNITED STATES,0.0
657139,UNITED STATES,0.0
657157,UNITED STATES,0.0
657171,UNITED STATES,0.0
657177,UNITED STATES,0.0
657178,UNITED STATES,0.0
657200,UNITED STATES,0.0
657202,UNITED STATES,1.0
657207,UNITED STATES,0.0
657211,UNITED STATES,1.0
657213,UNITED STATES,0.0
657244,UNITED STATES,0.0
657247,UNITED STATES,0.0
657262,UNITED STATES,0.0
657279,UNITED STATES,0.0
657301,UNITED STATES,0.0
657310,UNITED STATES,0.0
657324,UNITED STATES,0.0
657330,UNITED STATES,0.0
657344,UNITED STATES,0.0
657347,UNITED STATES,0.0
657563,UNITED STATES,0.0
657574,UNITED STATES,0.0
657579,UNITED STATES,0.0
657615,UNITED STATES,0.0
657624,UNITED STATES,0.0
657625,UNITED STATES,0.0
657632,UNITED STATES,0.0
657633,UNITED STATES,0.0
657648,UNITED STATES,0.0
657655,UNITED STATES,0.0
657663,UNITED STATES,0.0
657669,UNITED STATES,0.0
657671,UNITED STATES,0.0
657675,UNITED STATES,0.0
657682,UNITED STATES,0.0
657704,UNITED STATES,0.0
657711,UNITED STATES,0.0
657722,UNITED STATES,1.0
657724,UNITED STATES,0.0
657730,UNITED STATES,0.0
657735,UNITED STATES,0.0
657756,UNITED STATES,0.0
657757,UNITED STATES,0.0
657760,UNITED STATES,0.0
657769,UNITED STATES,0.0
657779,UNITED STATES,0.0
657780,UNITED STATES,0.0
657792,UNITED STATES,0.0
657822,UNITED STATES,0.0
657841,UNITED STATES,0.0
657849,UNITED STATES,0.0
657860,UNITED STATES,0.0
657874,UNITED STATES,0.0
657884,UNITED STATES,0.0
657889,UNITED STATES,0.0
657897,UNITED STATES,0.0
657915,UNITED STATES,0.0
657921,UNITED STATES,0.0
657926,UNITED STATES,0.0
657933,UNITED STATES,0.0
657938,UNITED STATES,0.0
657953,UNITED STATES,0.0
657962,UNITED STATES,0.0
657982,UNITED STATES,0.0
657986,UNITED STATES,0.0
658027,UNITED STATES,0.0
658058,UNITED STATES,0.0
658072,UNITED STATES,0.0
658079,UNITED STATES,0.0
658081,UNITED STATES,0.0
658092,UNITED STATES,0.0
658096,UNITED STATES,0.0
658099,UNITED STATES,0.0
658102,UNITED STATES,0.0
658118,UNITED STATES,0.0
658130,UNITED STATES,0.0
658161,UNITED STATES,0.0
658176,UNITED STATES,0.0
658184,UNITED STATES,0.0
658187,UNITED STATES,0.0
658188,UNITED STATES,0.0
658197,UNITED STATES,0.0
658203,UNITED STATES,0.0
658208,UNITED STATES,0.0
658209,UNITED STATES,0.0
658215,UNITED STATES,0.0
658218,UNITED STATES,0.0
658221,UNITED STATES,0.0
658247,UNITED STATES,0.0
658260,UNITED STATES,0.0
658261,UNITED STATES,0.0
658262,UNITED STATES,0.0
658304,UNITED STATES,0.0
658324,UNITED STATES,0.0
658326,UNITED STATES,0.0
658334,UNITED STATES,0.0
658337,UNITED STATES,0.0
658340,UNITED STATES,0.0
658348,UNITED STATES,0.0
658369,UNITED STATES,0.0
658372,UNITED STATES,0.0
658388,UNITED STATES,0.0
658395,UNITED STATES,0.0
658412,UNITED STATES,0.0
658435,UNITED STATES,0.0
658438,UNITED STATES,0.0
658449,UNITED STATES,0.0
658454,UNITED STATES,0.0
658459,UNITED STATES,0.0
658487,UNITED STATES,0.0
658489,UNITED STATES,0.0
658492,UNITED STATES,0.0
658509,UNITED STATES,0.0
658510,UNITED STATES,0.0
658520,UNITED STATES,0.0
658527,UNITED STATES,0.0
658531,UNITED STATES,0.0
658540,UNITED STATES,0.0
658552,UNITED STATES,0.0
658555,UNITED STATES,0.0
658563,UNITED STATES,0.0
658565,UNITED STATES,0.0
658569,UNITED STATES,0.0
658575,UNITED STATES,0.0
658588,UNITED STATES,0.0
658595,UNITED STATES,0.0
658606,UNITED STATES,0.0
658612,UNITED STATES,0.0
658614,UNITED STATES,0.0
658633,UNITED STATES,0.0
658634,UNITED STATES,0.0
658643,UNITED STATES,0.0
658655,UNITED STATES,0.0
658662,UNITED STATES,0.0
658669,UNITED STATES,0.0
658672,UNITED STATES,0.0
658702,UNITED STATES,0.0
658718,UNITED STATES,0.0
658737,UNITED STATES,0.0
658738,UNITED STATES,0.0
658772,UNITED STATES,0.0
658778,UNITED STATES,0.0
658779,UNITED STATES,0.0
658782,UNITED STATES,0.0
658785,UNITED STATES,1.0
658791,UNITED STATES,0.0
658807,UNITED STATES,0.0
658817,UNITED STATES,0.0
658821,UNITED STATES,0.0
658827,UNITED STATES,0.0
658838,UNITED STATES,0.0
658842,UNITED STATES,0.0
658848,UNITED STATES,0.0
658855,UNITED STATES,0.0
658875,UNITED STATES,0.0
658887,UNITED STATES,0.0
658891,UNITED STATES,0.0
658900,UNITED STATES,0.0
658904,UNITED STATES,0.0
658907,UNITED STATES,0.0
658909,UNITED STATES,0.0
658912,UNITED STATES,0.0
658923,UNITED STATES,0.0
658944,UNITED STATES,0.0
658945,UNITED STATES,0.0
658963,UNITED STATES,0.0
658977,UNITED STATES,0.0
658990,UNITED STATES,0.0
659001,UNITED STATES,0.0
659012,UNITED STATES,0.0
659013,UNITED STATES,0.0
659016,UNITED STATES,0.0
659017,UNITED STATES,0.0
659028,UNITED STATES,0.0
659032,UNITED STATES,0.0
659038,UNITED STATES,0.0
659044,UNITED STATES,0.0
659048,UNITED STATES,0.0
659050,UNITED STATES,0.0
659055,UNITED STATES,0.0
659060,UNITED STATES,0.0
659090,UNITED STATES,0.0
659093,UNITED STATES,0.0
659096,UNITED STATES,0.0
659128,UNITED STATES,0.0
659138,UNITED STATES,0.0
659140,UNITED STATES,0.0
659163,UNITED STATES,0.0
659182,UNITED STATES,0.0
659206,UNITED STATES,0.0
659222,UNITED STATES,0.0
659231,UNITED STATES,0.0
659233,UNITED STATES,0.0
659239,UNITED STATES,0.0
659249,UNITED STATES,0.0
659250,UNITED STATES,0.0
659254,UNITED STATES,0.0
659273,UNITED STATES,0.0
659288,UNITED STATES,0.0
659297,UNITED STATES,0.0
659298,UNITED STATES,0.0
659331,UNITED STATES,0.0
659341,UNITED STATES,0.0
659344,UNITED STATES,0.0
659347,UNITED STATES,0.0
659383,UNITED STATES,0.0
659386,UNITED STATES,0.0
659392,UNITED STATES,0.0
659395,UNITED STATES,0.0
659404,UNITED STATES,0.0
659426,UNITED STATES,0.0
659428,UNITED STATES,0.0
659441,UNITED STATES,0.0
659462,UNITED STATES,0.0
659513,UNITED STATES,1.0
659517,UNITED STATES,0.0
659520,UNITED STATES,0.0
659523,UNITED STATES,0.0
659524,UNITED STATES,0.0
659527,UNITED STATES,0.0
659529,UNITED STATES,0.0
659534,UNITED STATES,0.0
659535,UNITED STATES,0.0
659545,UNITED STATES,0.0
659551,UNITED STATES,0.0
659560,UNITED STATES,0.0
659563,UNITED STATES,0.0
659567,UNITED STATES,0.0
659570,UNITED STATES,0.0
659571,UNITED STATES,0.0
659582,UNITED STATES,0.0
659595,UNITED STATES,0.0
659597,UNITED STATES,0.0
659605,UNITED STATES,0.0
659627,UNITED STATES,0.0
659632,UNITED STATES,0.0
659639,UNITED STATES,0.0
659640,UNITED STATES,0.0
659642,UNITED STATES,0.0
659643,UNITED STATES,0.0
659647,UNITED STATES,0.0
659660,UNITED STATES,0.0
659668,UNITED STATES,0.0
659674,UNITED STATES,0.0
659708,UNITED STATES,0.0
659724,UNITED STATES,0.0
659729,UNITED STATES,0.0
659732,UNITED STATES,0.0
659733,UNITED STATES,0.0
659737,UNITED STATES,0.0
659752,UNITED STATES,0.3333333333333333
659771,UNITED STATES,0.0
659772,UNITED STATES,0.0
659778,UNITED STATES,0.0
659785,UNITED STATES,0.0
659790,UNITED STATES,0.0
659799,UNITED STATES,0.0
659804,UNITED STATES,1.0
659815,UNITED STATES,0.0
659820,UNITED STATES,0.0
659837,UNITED STATES,0.0
659865,UNITED STATES,0.0
659875,UNITED STATES,0.0
659876,UNITED STATES,0.0
659879,UNITED STATES,0.0
659885,UNITED STATES,0.0
659908,UNITED STATES,0.0
659910,UNITED STATES,0.0
659923,UNITED STATES,0.0
659946,UNITED STATES,0.0
659959,UNITED STATES,0.0
659970,UNITED STATES,0.0
659981,UNITED STATES,0.0
659982,UNITED STATES,0.0
659991,UNITED STATES,0.0
661129,UNITED STATES,1.0
661258,UNITED STATES,0.0
661600,UNITED STATES,0.0
661748,UNITED STATES,0.0
661884,UNITED STATES,0.0
662241,UNITED KINGDOM,0.0
662637,BRAZIL,0.0
663105,RUSSIAN FEDERATION,0.0
663270,UNITED KINGDOM,0.0
664386,UNITED KINGDOM,0.0
665042,INDIA,1.0
665531,RUSSIAN FEDERATION,0.0
665722,UNITED KINGDOM,0.0
666739,BRAZIL,0.0
667051,MALAYSIA,0.5
667226,CHINA,0.0
667295,RUSSIAN FEDERATION,0.0
667997,BRAZIL,1.0
668020,BRAZIL,1.0
670300,BELGIUM,1.0
670305,BELGIUM,0.0
670310,BELGIUM,0.0
670322,BELGIUM,0.0
670336,BELGIUM,0.0
670340,BELGIUM,0.0
670360,BELGIUM,0.0
670368,BELGIUM,0.0
670371,BELGIUM,0.0
670400,ITALY,0.0
670516,UKRAINE,0.0
670526,UKRAINE,0.0
670541,ITALY,0.0
670548,RUSSIAN FEDERATION,0.0
670562,RUSSIAN FEDERATION,0.0
670577,GERMANY,0.0
670581,RUSSIAN FEDERATION,1.0
670587,RUSSIAN FEDERATION,0.0
670623,RUSSIAN FEDERATION,0.0
670625,RUSSIAN FEDERATION,0.0
670630,UKRAINE,0.0
670651,UKRAINE,0.0
670654,RUSSIAN FEDERATION,0.0
670655,RUSSIAN FEDERATION,0.0
670666,UNITED KINGDOM,0.0
670667,UNITED KINGDOM,0.0
670674,RUSSIAN FEDERATION,0.0
670801,RUSSIAN FEDERATION,0.0
670824,RUSSIAN FEDERATION,0.0
670826,UKRAINE,0.0
670851,RUSSIAN FEDERATION,0.0
670852,RUSSIAN FEDERATION,0.0
670870,RUSSIAN FEDERATION,0.0
670891,RUSSIAN FEDERATION,0.0
670901,UNITED KINGDOM,0.0
670902,RUSSIAN FEDERATION,0.0
670945,UNITED KINGDOM,0.0
670981,RUSSIAN FEDERATION,0.0
671103,UKRAINE,0.0
671110,ITALY,0.0
671115,ITALY,0.0
671117,ITALY,0.0
671128,RUSSIAN FEDERATION,0.0
671136,RUSSIAN FEDERATION,0.0
671158,RUSSIAN FEDERATION,0.0
671162,RUSSIAN FEDERATION,0.0
671180,UNITED KINGDOM,0.0
671195,RUSSIAN FEDERATION,1.0
671540,GERMANY,0.0
671718,UNITED KINGDOM,0.0
671802,UNITED KINGDOM,0.0
671806,UNITED KINGDOM,0.0
671824,UNITED KINGDOM,0.0
671846,UNITED KINGDOM,0.0
671847,UNITED KINGDOM,0.0
671850,UNITED KINGDOM,1.0
671861,UNITED KINGDOM,0.0
671867,UNITED KINGDOM,0.0
671871,UNITED KINGDOM,0.0
671872,UNITED KINGDOM,0.0
671884,UNITED KINGDOM,0.0
671960,RUSSIAN FEDERATION,0.0
671977,UNITED KINGDOM,0.0
672041,GERMANY,0.0
672052,GERMANY,0.0
672061,GERMANY,0.0
672062,GERMANY,0.0
672079,GERMANY,0.0
672080,GERMANY,0.0
672086,GERMANY,0.0
672102,GERMANY,0.0
672106,GERMANY,0.0
672132,GERMANY,0.0
672137,GERMANY,0.0
672142,GERMANY,0.0
672147,GERMANY,0.0
672166,GERMANY,0.0
672170,GERMANY,0.0
672174,GERMANY,0.0
672175,GERMANY,0.0
672181,GERMANY,0.0
672185,GERMANY,0.0
672186,GERMANY,1.0
672198,GERMANY,0.0
672205,GERMANY,0.0
672207,GERMANY,0.0
672223,GERMANY,0.0
672226,GERMANY,0.0
672227,GERMANY,0.0
672229,GERMANY,0.0
672233,GERMANY,0.0
672234,GERMANY,0.0
672240,GERMANY,0.0
672244,GERMANY,0.0
672245,GERMANY,0.0
672268,GERMANY,0.0
672277,GERMANY,0.0
672303,GERMANY,0.0
672310,GERMANY,0.0
672312,GERMANY,0.0
672314,GERMANY,0.0
672329,GERMANY,0.0
672362,GERMANY,0.0
672364,GERMANY,0.0
672365,GERMANY,0.0
672370,GERMANY,0.0
672373,GERMANY,0.0
672387,GERMANY,1.0
672388,GERMANY,0.0
672389,GERMANY,0.0
672393,GERMANY,0.0
672421,GERMANY,0.0
672449,GERMANY,0.0
672454,GERMANY,0.0
672461,GERMANY,0.0
672462,GERMANY,0.0
672469,GERMANY,0.0
672476,GERMANY,0.0
672482,GERMANY,0.0
672487,GERMANY,0.0
672501,GERMANY,0.0
672507,GERMANY,0.0
672509,GERMANY,0.0
672512,GERMANY,0.0
672520,GERMANY,0.0
672530,GERMANY,0.0
672552,GERMANY,0.0
672553,GERMANY,0.0
672576,GERMANY,0.0
672577,GERMANY,0.0
672578,GERMANY,0.0
672594,GERMANY,0.0
672598,GERMANY,0.0
672600,GERMANY,0.0
672614,GERMANY,0.0
672616,GERMANY,0.0
672619,GERMANY,0.0
672620,GERMANY,0.0
672621,GERMANY,0.0
672638,GERMANY,0.0
672647,GERMANY,0.0
672654,GERMANY,0.0
672659,GERMANY,0.0
672673,GERMANY,0.0
672677,GERMANY,0.0
672700,GERMANY,1.0
672707,GERMANY,0.0
672710,GERMANY,0.0
672727,GERMANY,0.0
672735,GERMANY,0.0
672744,GERMANY,0.0
672745,GERMANY,0.0
672765,GERMANY,0.0
672785,GERMANY,0.0
672813,GERMANY,0.0
672817,GERMANY,0.0
672829,GERMANY,0.0
672841,GERMANY,0.0
672847,GERMANY,0.0
672863,GERMANY,0.0
672867,GERMANY,0.0
672880,GERMANY,0.0
672881,GERMANY,0.0
672885,GERMANY,0.0
672888,GERMANY,0.0
672896,GERMANY,0.0
672899,GERMANY,0.0
672903,GERMANY,0.0
672911,GERMANY,0.0
672915,GERMANY,0.0
672923,GERMANY,0.0
672935,GERMANY,0.0
672957,GERMANY,0.0
672964,GERMANY,0.0
672967,GERMANY,0.0
672969,GERMANY,0.0
672970,GERMANY,1.0
672979,GERMANY,0.0
672984,GERMANY,0.0
672994,GERMANY,0.0
672997,GERMANY,0.0
673979,UNITED KINGDOM,0.0
674307,ITALY,0.0
674318,ITALY,0.0
674323,ITALY,0.0
674327,ITALY,0.0
674331,ITALY,0.0
674338,ITALY,1.0
674351,ITALY,0.0
674366,ITALY,0.0
674370,ITALY,0.0
674378,ITALY,0.0
674379,ITALY,0.0
674392,ITALY,0.0
674397,ITALY,0.0
674405,ITALY,0.0
674437,ITALY,0.0
674445,ITALY,0.0
674453,ITALY,0.0
674466,ITALY,0.0
674470,ITALY,0.0
674471,ITALY,0.0
674483,ITALY,0.0
674509,ITALY,0.0
674512,ITALY,0.0
674525,ITALY,0.0
674558,ITALY,0.0
674565,ITALY,0.0
674570,ITALY,0.0
674573,ITALY,0.0
674624,ITALY,0.0
674636,ITALY,0.0
674645,ITALY,0.0
674656,ITALY,0.0
674661,ITALY,0.0
674669,ITALY,0.0
674672,ITALY,0.0
674685,ITALY,0.0
674688,ITALY,0.0
674692,ITALY,0.0
674716,ITALY,0.0
674724,ITALY,0.0
674732,ITALY,0.0
674759,ITALY,0.0
674766,ITALY,0.0
674772,ITALY,0.0
674782,ITALY,0.0
674783,ITALY,0.0
674784,ITALY,0.0
674790,ITALY,0.0
674843,ITALY,0.0
674847,ITALY,0.0
674849,ITALY,0.0
674856,ITALY,0.0
674872,ITALY,0.0
674875,ITALY,0.0
674881,ITALY,0.0
674973,FRANCE,0.0
675113,UNITED KINGDOM,0.0
675397,MEXICO,0.0
675489,UNITED KINGDOM,0.0
675549,ITALY,0.0
675906,UNITED KINGDOM,0.0
675919,UNITED KINGDOM,0.0
675924,UNITED KINGDOM,0.0
675932,UNITED KINGDOM,0.0
675935,UNITED KINGDOM,0.0
675950,UNITED KINGDOM,0.0
675963,UNITED KINGDOM,0.0
675976,UNITED KINGDOM,0.0
676036,AUSTRALIA,0.0
676197,RUSSIAN FEDERATION,0.0
676216,UKRAINE,0.0
676231,RUSSIAN FEDERATION,0.0
676237,RUSSIAN FEDERATION,0.0
676342,ITALY,0.0
676448,RUSSIAN FEDERATION,0.0
676488,ITALY,0.0
676511,ITALY,0.0
676513,ITALY,0.0
676519,ITALY,0.0
676521,ITALY,0.0
676549,ITALY,0.0
676555,ITALY,0.0
676558,ITALY,0.0
676563,ITALY,0.0
676575,ITALY,1.0
676582,UKRAINE,0.0
676598,ITALY,0.0
676620,UKRAINE,0.0
676621,UKRAINE,0.0
676627,ITALY,0.0
676635,ITALY,0.0
676636,RUSSIAN FEDERATION,0.0
676638,RUSSIAN FEDERATION,0.0
676641,UNITED KINGDOM,0.0
676643,UKRAINE,0.0
676649,ITALY,0.0
676665,UKRAINE,0.0
676672,RUSSIAN FEDERATION,0.0
676673,UKRAINE,0.0
676711,UNITED KINGDOM,1.0
676713,UNITED KINGDOM,0.0
676715,UNITED KINGDOM,0.0
676718,UNITED KINGDOM,0.0
676769,UNITED KINGDOM,0.0
676773,UNITED KINGDOM,0.0
676777,UNITED KINGDOM,0.0
676781,UNITED KINGDOM,0.0
676785,UNITED KINGDOM,0.0
676787,UNITED KINGDOM,0.0
676790,UNITED KINGDOM,0.0
676792,UNITED KINGDOM,0.0
676820,ITALY,0.0
676841,RUSSIAN FEDERATION,0.0
676892,ITALY,0.0
676917,ITALY,0.0
676959,ITALY,0.0
676966,UKRAINE,0.0
676974,RUSSIAN FEDERATION,0.0
677024,ITALY,0.0
677026,ITALY,0.0
677038,ITALY,0.0
677043,UNITED KINGDOM,0.0
677044,UNITED KINGDOM,0.0
677057,RUSSIAN FEDERATION,0.0
677104,UNITED KINGDOM,0.0
677107,ITALY,0.0
677110,RUSSIAN FEDERATION,0.0
677123,ITALY,0.0
677124,RUSSIAN FEDERATION,0.0
677127,RUSSIAN FEDERATION,0.0
677146,RUSSIAN FEDERATION,0.0
677174,UKRAINE,0.0
677175,RUSSIAN FEDERATION,0.0
677224,RUSSIAN FEDERATION,0.0
677286,ITALY,0.0
677291,RUSSIAN FEDERATION,0.0
677302,RUSSIAN FEDERATION,0.0
677335,RUSSIAN FEDERATION,0.0
677340,ITALY,0.0
677355,ITALY,0.0
677364,FRANCE,0.0
677375,RUSSIAN FEDERATION,0.0
677381,ITALY,0.0
677382,RUSSIAN FEDERATION,0.0
677388,RUSSIAN FEDERATION,0.0
677399,RUSSIAN FEDERATION,0.0
677422,RUSSIAN FEDERATION,0.0
677429,RUSSIAN FEDERATION,0.0
677434,RUSSIAN FEDERATION,1.0
677447,RUSSIAN FEDERATION,0.0
677493,RUSSIAN FEDERATION,1.0
677495,RUSSIAN FEDERATION,0.0
677497,RUSSIAN FEDERATION,0.0
677502,RUSSIAN FEDERATION,0.0
677506,RUSSIAN FEDERATION,0.0
677509,RUSSIAN FEDERATION,0.0
677538,RUSSIAN FEDERATION,0.0
677541,RUSSIAN FEDERATION,0.0
677545,RUSSIAN FEDERATION,0.0
677596,RUSSIAN FEDERATION,0.0
677597,RUSSIAN FEDERATION,0.0
677606,RUSSIAN FEDERATION,0.0
677609,UKRAINE,0.0
677625,ITALY,0.0
677630,GERMANY,0.0
677632,ITALY,0.0
677640,GERMANY,0.0
677647,ITALY,0.0
677659,RUSSIAN FEDERATION,0.0
677694,RUSSIAN FEDERATION,0.0
677702,ITALY,0.0
677708,RUSSIAN FEDERATION,0.0
677717,RUSSIAN FEDERATION,0.0
677727,ITALY,0.0
678009,ITALY,0.0
678203,UNITED KINGDOM,0.0
678549,ITALY,0.0
678912,GERMANY,0.0
679006,UNITED KINGDOM,0.0
679139,BELGIUM,0.0
679146,UNITED KINGDOM,0.0
679161,UNITED STATES,0.0
679162,UNITED KINGDOM,0.0
679165,UNITED STATES,0.0
679169,UNITED STATES,0.0
679170,UNITED KINGDOM,0.0
679176,UNITED STATES,0.0
679180,UNITED STATES,0.0
679186,ITALY,0.0
679187,UNITED STATES,0.0
679196,UNITED KINGDOM,0.0
680006,GERMANY,1.0
680022,GERMANY,0.0
680032,GERMANY,0.0
680034,GERMANY,0.0
680044,GERMANY,0.0
680056,GERMANY,0.0
680085,GERMANY,0.0
680101,GERMANY,0.0
680111,GERMANY,0.0
680124,GERMANY,0.0
680134,GERMANY,0.0
680169,GERMANY,0.0
680172,GERMANY,0.0
680176,GERMANY,0.0
680188,GERMANY,0.0
680217,GERMANY,0.0
680221,GERMANY,0.0
680227,GERMANY,0.0
680245,GERMANY,0.0
680260,GERMANY,0.0
680263,GERMANY,0.0
680328,GERMANY,0.0
680329,GERMANY,0.0
680336,GERMANY,0.0
680338,GERMANY,0.0
680340,GERMANY,0.0
680350,GERMANY,0.0
680353,GERMANY,0.0
680374,GERMANY,0.0
680380,GERMANY,0.0
680397,GERMANY,0.0
680398,GERMANY,0.0
680402,GERMANY,0.0
680424,GERMANY,0.0
680425,GERMANY,0.0
680426,GERMANY,0.0
680438,GERMANY,0.0
680439,GERMANY,0.0
680449,GERMANY,0.0
680461,GERMANY,0.0
680466,GERMANY,0.0
680471,GERMANY,1.0
680472,GERMANY,0.0
680476,GERMANY,0.0
680481,GERMANY,0.0
680490,GERMANY,1.0
680496,GERMANY,0.0
680505,GERMANY,0.0
680512,GERMANY,1.0
680517,GERMANY,0.0
680533,GERMANY,0.0
680538,GERMANY,0.0
680540,GERMANY,0.0
680546,GERMANY,0.0
680554,GERMANY,1.0
680561,GERMANY,0.0
680574,GERMANY,0.0
680575,GERMANY,0.0
680577,GERMANY,0.0
680578,GERMANY,0.0
680584,GERMANY,0.0
680593,GERMANY,0.0
680602,GERMANY,0.0
680620,GERMANY,0.0
680622,GERMANY,0.0
680627,GERMANY,0.0
680629,GERMANY,0.0
680633,GERMANY,0.0
680634,GERMANY,0.0
680644,GERMANY,0.0
680651,GERMANY,1.0
680660,GERMANY,0.0
680663,GERMANY,0.0
680677,GERMANY,0.0
680680,GERMANY,0.0
680684,GERMANY,0.0
680702,GERMANY,0.0
680703,GERMANY,0.0
680712,GERMANY,0.0
680728,GERMANY,0.0
680734,GERMANY,0.0
680735,GERMANY,0.0
680746,GERMANY,0.0
680748,GERMANY,0.0
680754,GERMANY,0.0
680760,GERMANY,0.0
680761,GERMANY,0.0
680766,GERMANY,0.0
680778,GERMANY,0.0
680791,GERMANY,1.0
680813,GERMANY,0.0
680817,GERMANY,0.0
680829,GERMANY,0.0
680840,GERMANY,0.0
680847,GERMANY,0.0
680863,GERMANY,0.0
680873,GERMANY,0.0
680888,GERMANY,0.0
680892,GERMANY,0.0
680895,GERMANY,0.0
680902,GERMANY,0.0
680910,GERMANY,0.0
680917,GERMANY,0.0
680937,GERMANY,0.0
680987,GERMANY,0.0
685068,BRAZIL,1.0
685211,UNITED STATES,0.0
685403,UNITED STATES,0.0
686117,INDIA,0.0
687722,UNITED STATES,0.0
689235,UKRAINE,0.0
690006,UNITED STATES,0.0
690013,UNITED STATES,0.0
690026,UNITED STATES,0.0
690044,UNITED STATES,0.0
690053,UNITED STATES,0.0
690059,UNITED STATES,0.0
690069,UNITED STATES,0.0
690072,UNITED STATES,0.0
690073,UNITED STATES,0.0
690093,UNITED STATES,0.0
690750,CHINA,0.0
690970,GERMANY,0.0
691131,JAPAN,0.0
691842,UNITED STATES,0.0
693057,UNITED KINGDOM,0.0
693800,UNITED KINGDOM,0.0
695809,CHINA,1.0
695896,BRAZIL,0.0
699341,RUSSIAN FEDERATION,0.0
699423,BRAZIL,0.0
700004,UNITED KINGDOM,0.0
700134,UNITED STATES,0.0
700238,UNITED STATES,0.0
700346,UNITED STATES,0.0
700403,UNITED STATES,0.0
700433,UNITED STATES,0.0
700548,UNITED STATES,0.0
700598,UNITED STATES,0.0
700638,UNITED STATES,0.0
700676,UNITED KINGDOM,0.0
700835,UNITED STATES,0.0
700837,UNITED STATES,0.0
700887,UNITED STATES,0.0
703902,UNITED STATES,0.0
706630,UNITED KINGDOM,0.0
706633,UNITED KINGDOM,0.0
706635,UNITED KINGDOM,0.0
706641,UNITED KINGDOM,0.0
706662,UNITED KINGDOM,0.0
706668,UNITED KINGDOM,0.0
706669,UNITED KINGDOM,0.0
706670,UNITED KINGDOM,0.0
706675,UNITED KINGDOM,0.0
706676,UNITED KINGDOM,0.0
706687,UNITED KINGDOM,0.0
706691,UNITED KINGDOM,0.0
706693,UNITED KINGDOM,0.0
706697,UNITED KINGDOM,0.0
707020,JAPAN,0.0
707117,UNITED STATES,0.0
707123,UNITED STATES,0.0
707134,UNITED STATES,0.0
707162,UNITED STATES,0.0
707178,UNITED STATES,0.0
707198,UNITED STATES,0.0
707208,UNITED KINGDOM,0.0
707209,UNITED KINGDOM,0.0
707210,UNITED KINGDOM,0.0
707227,UNITED KINGDOM,0.0
707245,UNITED KINGDOM,0.0
707250,UNITED KINGDOM,0.0
707254,UNITED KINGDOM,0.0
707261,UNITED KINGDOM,0.0
707267,UNITED KINGDOM,0.0
707269,UNITED KINGDOM,0.0
707272,UNITED KINGDOM,0.0
707281,UNITED KINGDOM,0.0
707285,UNITED KINGDOM,0.0
707288,UNITED KINGDOM,0.0
707298,UNITED KINGDOM,0.0
707622,UNITED STATES,0.0
707630,UNITED KINGDOM,0.0
707641,UNITED STATES,0.0
707643,UNITED STATES,0.0
707646,UNITED STATES,0.0
707647,UNITED STATES,0.0
707651,UNITED STATES,0.0
707652,UNITED STATES,0.0
707681,UNITED STATES,0.0
707682,UNITED STATES,0.0
707687,UNITED STATES,0.0
707880,UNITED KINGDOM,0.0
708318,UNITED KINGDOM,0.0
708834,UNITED STATES,0.0
708845,UNITED STATES,0.0
708850,UNITED STATES,0.0
710063,UNITED STATES,0.0
710066,UNITED STATES,0.0
710102,UNITED STATES,0.0
710114,UNITED STATES,0.0
710116,UNITED STATES,0.0
710127,UNITED STATES,0.0
710141,UNITED STATES,0.0
710151,UNITED STATES,0.0
710175,UNITED STATES,0.0
710179,UNITED STATES,0.0
710189,UNITED STATES,0.0
710191,UNITED STATES,0.0
710195,UNITED STATES,0.0
710202,UNITED STATES,0.0
710207,UNITED STATES,0.0
710209,UNITED STATES,0.0
710233,UNITED STATES,0.0
710236,UNITED STATES,0.0
710240,UNITED STATES,0.0
710253,UNITED STATES,0.0
710255,UNITED STATES,0.0
710257,UNITED STATES,0.0
710270,UNITED STATES,0.0
710275,UNITED STATES,0.0
710277,UNITED STATES,0.0
710282,UNITED STATES,0.0
710306,UNITED STATES,0.0
710309,UNITED STATES,0.0
710316,UNITED STATES,0.0
710323,UNITED STATES,0.0
710327,UNITED STATES,0.0
710342,UNITED STATES,0.0
710362,UNITED STATES,0.0
710396,UNITED STATES,0.0
711400,UNITED STATES,0.0
711406,UNITED STATES,0.0
711407,UNITED STATES,0.0
711409,UNITED STATES,0.0
711412,UNITED STATES,0.0
711419,UNITED STATES,0.0
711420,UNITED STATES,0.0
711422,UNITED STATES,0.0
711426,UNITED STATES,0.0
711428,UNITED STATES,0.0
711433,UNITED STATES,1.0
711439,UNITED STATES,1.0
712000,UNITED STATES,0.0
714101,UNITED STATES,0.0
720694,UNITED STATES,0.0
721224,UNITED STATES,0.0
721227,UNITED STATES,0.0
721229,UNITED STATES,0.0
721263,UNITED STATES,0.0
721296,UNITED STATES,0.0
721298,UNITED STATES,0.0
721307,UNITED STATES,0.0
721309,UNITED STATES,0.0
721332,UNITED STATES,0.0
721355,UNITED STATES,0.0
721453,UNITED STATES,0.0
721464,UNITED STATES,0.0
721467,UNITED STATES,0.0
721469,UNITED STATES,0.0
721480,UNITED STATES,0.0
721753,UNITED STATES,0.0
721789,UNITED STATES,0.0
723212,UNITED STATES,0.0
723249,UNITED STATES,0.0
723253,UNITED STATES,0.0
723262,UNITED STATES,0.0
724097,UNITED STATES,0.0
724206,UNITED STATES,0.0
724214,UNITED STATES,0.0
724704,UNITED STATES,0.0
724714,UNITED STATES,0.0
724767,UNITED STATES,0.0
724787,UNITED STATES,0.0
724796,UNITED STATES,0.0
724884,UNITED STATES,0.0
725056,UNITED STATES,0.0
725608,UNITED STATES,0.0
726627,UNITED STATES,0.0
726642,UNITED STATES,0.0
727191,UNITED STATES,0.0
727279,UNITED STATES,0.0
727288,UNITED STATES,0.0
727341,UNITED STATES,1.0
727460,UNITED STATES,0.0
727626,UNITED STATES,0.0
727707,UNITED STATES,0.0
727743,UNITED STATES,0.0
727750,UNITED STATES,0.0
727796,UNITED STATES,0.0
727808,UNITED STATES,0.0
727810,UNITED STATES,0.0
727834,UNITED STATES,0.0
727837,UNITED STATES,0.0
728065,UNITED STATES,0.0
728070,UNITED STATES,0.0
728149,UNITED STATES,0.0
728377,UNITED STATES,0.0
728517,UNITED STATES,0.0
728555,UNITED STATES,0.0
728562,UNITED STATES,0.0
728595,UNITED STATES,0.0
728650,UNITED STATES,0.0
728781,UNITED STATES,0.0
728930,UNITED STATES,0.0
728964,UNITED STATES,0.0
729131,UNITED STATES,0.0
729314,UNITED STATES,0.0
729364,UNITED STATES,0.0
729475,UNITED STATES,0.0
729581,UNITED STATES,0.0
729804,UNITED STATES,0.0
729808,UNITED STATES,0.0
729822,UNITED STATES,0.0
729978,UNITED STATES,0.0
735017,UNITED STATES,0.0
735018,UNITED STATES,0.0
735019,UNITED STATES,0.0
735023,UNITED STATES,0.0
735029,UNITED STATES,0.0
735032,UNITED STATES,0.0
735045,UNITED STATES,0.0
735047,UNITED STATES,0.0
735048,UNITED STATES,0.0
735051,UNITED STATES,0.0
735063,UNITED STATES,0.0
735067,UNITED STATES,0.0
735068,UNITED STATES,0.0
735071,UNITED STATES,0.0
735075,UNITED STATES,0.0
735078,UNITED STATES,0.0
735082,UNITED STATES,0.0
735083,UNITED STATES,0.0
735088,UNITED STATES,0.0
735101,UNITED STATES,0.0
735107,UNITED STATES,0.0
735115,UNITED STATES,0.0
735143,UNITED STATES,0.0
735147,UNITED STATES,0.0
735230,UNITED STATES,0.0
735369,UNITED STATES,0.0
735420,UNITED STATES,0.0
735466,UNITED STATES,0.0
735467,UNITED STATES,0.0
735593,UNITED STATES,0.0
735750,UNITED STATES,0.0
735885,UNITED STATES,0.0
735904,UNITED STATES,0.0
735905,UNITED STATES,0.0
735962,UNITED STATES,0.0
735971,UNITED STATES,0.0
735995,UNITED STATES,0.0
736946,UNITED STATES,0.0
737436,UNITED STATES,0.0
738043,UNITED STATES,0.0
738044,UNITED STATES,0.0
738048,UNITED STATES,0.0
738316,UNITED STATES,0.0
738353,UNITED STATES,0.0
738629,UNITED STATES,0.0
738907,GERMANY,1.0
739140,UNITED STATES,0.0
739158,UNITED STATES,0.0
739164,UNITED STATES,0.0
739235,UNITED STATES,0.0
739246,UNITED STATES,0.0
739439,UNITED STATES,0.0
739736,UNITED STATES,0.0
740007,UNITED STATES,0.0
740156,UNITED STATES,0.0
740177,UNITED STATES,0.0
740183,UNITED STATES,0.0
740271,UNITED STATES,0.0
740342,UNITED STATES,0.0
740346,UNITED STATES,0.0
746829,UNITED STATES,0.0
746836,UNITED STATES,0.0
746844,UNITED STATES,0.0
746857,UNITED STATES,0.0
748720,KENYA,0.0
748835,KENYA,0.0
750014,UNITED STATES,0.0
750095,UNITED STATES,0.0
750103,UNITED STATES,0.0
750104,UNITED STATES,0.0
750112,UNITED STATES,0.0
750134,UNITED STATES,0.0
751435,UNITED STATES,0.0
751439,UNITED STATES,0.0
751461,UNITED STATES,0.0
751466,UNITED STATES,0.0
755378,UNITED STATES,0.0
762090,UNITED STATES,0.0
762233,UNITED STATES,0.0
762294,UNITED STATES,0.0
762308,UNITED STATES,0.0
762584,UNITED STATES,0.0
762603,UNITED STATES,0.0
762866,UNITED STATES,0.0
762867,UNITED STATES,0.0
763136,UNITED STATES,0.0
763616,UNITED STATES,0.0
763693,UNITED STATES,0.0
763700,UNITED STATES,0.0
764035,UNITED STATES,0.0
764054,UNITED STATES,0.0
764121,UNITED STATES,0.0
764224,UNITED STATES,0.0
764249,UNITED STATES,0.0
764263,UNITED STATES,0.0
764268,UNITED STATES,0.0
764273,UNITED STATES,0.0
764317,UNITED STATES,0.0
764392,UNITED STATES,0.0
764490,UNITED STATES,0.0
764555,UNITED STATES,0.0
764557,UNITED STATES,0.0
770013,UNITED STATES,0.0
770016,UNITED STATES,0.0
770018,UNITED STATES,1.0
770022,UNITED STATES,0.0
770043,UNITED STATES,0.0
770065,UNITED STATES,0.0
770069,UNITED STATES,0.0
770071,UNITED STATES,0.0
770072,UNITED STATES,0.0
770078,UNITED STATES,0.0
770086,UNITED STATES,0.0
770093,UNITED STATES,0.0
770095,UNITED STATES,0.0
770114,UNITED STATES,0.0
770143,UNITED STATES,0.0
770152,UNITED STATES,0.0
770153,UNITED STATES,0.0
770170,UNITED STATES,0.0
770189,UNITED STATES,0.0
770190,UNITED STATES,0.0
770202,UNITED STATES,0.0
770282,UNITED STATES,0.0
770300,UNITED STATES,0.0
770512,UNITED STATES,0.0
770525,UNITED STATES,0.0
770550,UNITED STATES,0.0
770553,UNITED STATES,0.0
770556,UNITED STATES,0.0
770559,UNITED STATES,0.0
770724,UNITED STATES,0.0
770764,UNITED STATES,0.0
770786,UNITED STATES,0.0
771015,UNITED STATES,0.0
771018,UNITED STATES,0.0
771020,UNITED STATES,0.0
771028,UNITED STATES,0.5
771055,UNITED STATES,0.0
771072,UNITED STATES,0.0
771074,UNITED STATES,0.0
771079,UNITED STATES,0.0
771097,UNITED STATES,0.0
771151,UNITED STATES,0.0
771184,UNITED STATES,0.0
771232,UNITED STATES,0.0
771233,UNITED STATES,0.0
771238,UNITED STATES,0.0
771330,UNITED STATES,0.0
771340,UNITED STATES,0.0
771349,UNITED STATES,0.0
771353,UNITED STATES,0.0
771354,UNITED STATES,0.0
771366,UNITED STATES,0.0
771371,UNITED STATES,0.0
771395,UNITED STATES,0.0
771623,UNITED STATES,0.0
771624,UNITED STATES,0.0
771640,UNITED STATES,0.0
771647,UNITED STATES,0.0
771656,UNITED STATES,0.0
771671,UNITED STATES,0.0
771672,UNITED STATES,0.0
771698,UNITED STATES,0.0
771716,UNITED STATES,0.0
771737,UNITED STATES,0.0
771751,UNITED STATES,0.0
771800,UNITED STATES,0.0
771802,UNITED STATES,0.0
771804,UNITED STATES,0.0
771805,UNITED STATES,0.0
771853,UNITED STATES,0.0
771890,UNITED STATES,0.0
771953,UNITED STATES,0.0
773123,UNITED STATES,0.0
773141,UNITED STATES,0.0
773175,UNITED STATES,0.0
773850,UNITED STATES,0.0
775008,UNITED STATES,0.0
775031,UNITED STATES,0.0
775039,UNITED STATES,0.0
775045,UNITED STATES,0.0
775056,UNITED STATES,0.0
775074,UNITED STATES,0.0
775138,UNITED STATES,0.0
775172,UNITED STATES,0.0
775191,UNITED STATES,0.0
775196,UNITED STATES,1.0
775236,UNITED STATES,0.0
775239,UNITED STATES,0.0
775252,UNITED STATES,0.0
775255,UNITED STATES,0.0
775275,UNITED STATES,0.0
775307,UNITED STATES,0.0
775314,UNITED STATES,0.0
775316,UNITED STATES,0.0
775325,UNITED STATES,0.0
775615,UNITED STATES,0.0
775636,UNITED STATES,0.0
775658,UNITED STATES,0.0
775660,UNITED STATES,0.0
775663,UNITED STATES,0.0
775701,UNITED STATES,0.0
775729,UNITED STATES,0.0
775736,UNITED STATES,0.0
775752,UNITED STATES,0.0
775760,UNITED STATES,0.0
775788,UNITED STATES,0.0
775861,UNITED STATES,0.0
775878,UNITED STATES,0.0
775890,UNITED STATES,0.0
775928,UNITED STATES,0.0
775939,UNITED STATES,0.0
776011,UNITED STATES,0.0
776016,UNITED STATES,0.0
776017,UNITED STATES,0.0
776024,UNITED STATES,0.0
776045,UNITED STATES,0.0
776048,UNITED STATES,0.0
776085,UNITED STATES,0.0
776096,UNITED STATES,0.0
776113,UNITED STATES,0.0
776116,UNITED STATES,0.0
776136,UNITED STATES,0.0
776145,UNITED STATES,0.0
776254,UNITED STATES,0.0
776255,UNITED STATES,0.0
776257,UNITED STATES,0.0
776831,UNITED STATES,0.0
776837,UNITED STATES,0.0
776842,UNITED STATES,0.0
776846,UNITED STATES,0.0
776847,UNITED STATES,0.0
776862,UNITED STATES,0.0
776866,UNITED STATES,0.0
776867,UNITED STATES,0.0
776896,UNITED STATES,0.0
776929,UNITED STATES,0.0
776931,UNITED STATES,0.0
776935,UNITED STATES,0.0
776941,UNITED STATES,0.0
777286,UNITED STATES,0.0
777287,UNITED STATES,1.0
777301,UNITED STATES,0.0
777336,UNITED STATES,0.0
777341,UNITED STATES,0.0
777346,UNITED STATES,0.0
777386,UNITED STATES,0.0
777401,UNITED STATES,0.0
777449,UNITED STATES,0.0
777712,UNITED STATES,0.0
777725,UNITED STATES,0.0
777729,UNITED STATES,0.0
777730,UNITED STATES,0.0
777739,UNITED STATES,0.0
777847,UNITED STATES,0.0
777881,UNITED STATES,0.0
777891,UNITED STATES,0.0
779900,UNITED STATES,0.0
779901,UNITED STATES,1.0
779909,UNITED STATES,0.0
779919,UNITED STATES,0.0
779936,UNITED STATES,0.0
779942,UNITED STATES,0.0
779948,UNITED STATES,0.0
779956,UNITED STATES,0.0
779966,UNITED STATES,0.0
779977,UNITED STATES,0.0
779994,UNITED STATES,0.0
779998,UNITED STATES,0.0
789673,UNITED KINGDOM,0.0
789718,UNITED KINGDOM,0.0
800375,JAPAN,0.0
803039,CHINA,0.0
810010,CHINA,0.0
810019,CHINA,0.0
810027,CHINA,0.0
810030,CHINA,0.0
810031,CHINA,0.0
810034,CHINA,0.0
810040,CHINA,0.0
810051,CHINA,0.0
810064,CHINA,0.0
810070,CHINA,0.0
810076,CHINA,0.0
810082,CHINA,0.0
810088,CHINA,0.0
810093,CHINA,0.0
810096,CHINA,0.0
810098,CHINA,0.0
810101,CHINA,0.0
810115,CHINA,0.0
810125,CHINA,0.0
810134,CHINA,0.0
810160,CHINA,0.0
810167,CHINA,1.0
810178,CHINA,0.0
810184,CHINA,0.0
810185,CHINA,0.0
810190,CHINA,0.0
810204,CHINA,0.0
810211,CHINA,0.0
810214,CHINA,0.0
810237,CHINA,0.0
810241,CHINA,0.0
810242,CHINA,0.0
810289,CHINA,0.0
810310,CHINA,1.0
810322,CHINA,0.0
810329,CHINA,0.0
810341,CHINA,0.0
810373,CHINA,0.0
810383,CHINA,0.0
810388,CHINA,1.0
810391,CHINA,0.0
810400,CHINA,0.0
810419,CHINA,0.0
810421,CHINA,0.0
810423,CHINA,0.0
810424,CHINA,0.0
810451,CHINA,0.0
810455,CHINA,0.0
810457,CHINA,0.0
810472,CHINA,0.0
810483,CHINA,0.0
810485,CHINA,0.0
810487,CHINA,0.0
810499,CHINA,0.0
810505,CHINA,0.0
810507,CHINA,0.0
810512,CHINA,0.0
810517,CHINA,0.0
810519,CHINA,0.0
810540,CHINA,0.0
810541,CHINA,0.0
810542,CHINA,0.0
810545,CHINA,0.0
810598,CHINA,0.0
810618,CHINA,0.0
810629,CHINA,0.0
810650,CHINA,0.0
810654,CHINA,0.0
810656,CHINA,0.0
810658,CHINA,0.0
810667,CHINA,0.0
810672,CHINA,0.0
810674,CHINA,0.0
810688,CHINA,0.0
810703,CHINA,0.0
810708,CHINA,0.0
810725,CHINA,0.0
810726,CHINA,0.0
810729,CHINA,0.0
810737,CHINA,0.0
810741,CHINA,0.0
810751,CHINA,0.0
810752,CHINA,0.0
810754,CHINA,0.0
810763,CHINA,0.0
810782,CHINA,1.0
810792,CHINA,0.0
810804,CHINA,0.0
810817,CHINA,0.0
810826,CHINA,0.0
810841,CHINA,0.0
810847,CHINA,0.0
810848,CHINA,0.0
810863,CHINA,0.0
810864,CHINA,1.0
810866,CHINA,0.0
810879,CHINA,0.0
810881,CHINA,0.0
810887,CHINA,0.0
810888,CHINA,0.0
810899,CHINA,0.0
810921,CHINA,0.0
810923,CHINA,0.0
810928,CHINA,0.0
810936,CHINA,0.0
810949,CHINA,0.0
810958,CHINA,0.0
810993,CHINA,0.0
811001,CHINA,0.0
811009,CHINA,0.0
811013,CHINA,0.0
811027,CHINA,0.0
811030,CHINA,0.0
811033,CHINA,0.0
811038,CHINA,0.0
811041,CHINA,1.0
811042,CHINA,0.0
811057,CHINA,0.0
811075,CHINA,0.0
811094,CHINA,0.0
811103,CHINA,0.0
811113,CHINA,0.0
811125,CHINA,0.0
811129,CHINA,0.0
811136,CHINA,0.0
811151,CHINA,0.0
811156,CHINA,0.0
811163,CHINA,0.0
811172,CHINA,1.0
811176,CHINA,0.0
811183,CHINA,0.0
811184,CHINA,0.0
811221,CHINA,0.0
811228,CHINA,0.0
811231,CHINA,0.0
811237,CHINA,0.0
811251,CHINA,0.0
811254,CHINA,0.0
811258,CHINA,0.0
811260,CHINA,0.0
811261,CHINA,0.0
811262,CHINA,0.0
811274,CHINA,0.0
811281,CHINA,0.0
811283,CHINA,0.0
811300,CHINA,0.0
811303,CHINA,0.0
811304,CHINA,0.0
811311,CHINA,0.0
811314,CHINA,0.0
811318,CHINA,0.0
811325,CHINA,0.0
811326,CHINA,0.0
811338,CHINA,0.0
811353,CHINA,0.0
811359,CHINA,0.0
811366,CHINA,0.0
811369,CHINA,0.0
811386,CHINA,0.0
811387,CHINA,0.0
811392,CHINA,0.0
811397,CHINA,0.0
811399,CHINA,0.0
811407,CHINA,0.0
811413,CHINA,0.0
811427,CHINA,0.0
811432,CHINA,0.0
811436,CHINA,0.0
811443,CHINA,0.0
811455,CHINA,0.0
811460,CHINA,0.0
811463,CHINA,0.0
811465,CHINA,0.0
811467,CHINA,0.0
811475,CHINA,0.0
811479,CHINA,0.0
811487,CHINA,0.0
811518,CHINA,0.0
811519,CHINA,0.0
811536,CHINA,1.0
811538,CHINA,0.0
811540,CHINA,0.0
811547,CHINA,0.0
811548,CHINA,0.0
811552,CHINA,0.0
811553,CHINA,0.0
811557,CHINA,0.0
811558,CHINA,0.0
811566,CHINA,0.0
811581,CHINA,0.0
811587,CHINA,0.0
811595,CHINA,0.0
811600,CHINA,0.0
811604,CHINA,0.0
811632,CHINA,0.0
811636,CHINA,0.0
811653,CHINA,0.5
811674,CHINA,0.0
811681,CHINA,0.0
811683,CHINA,0.0
811693,CHINA,0.0
811697,CHINA,0.0
811702,CHINA,0.0
811719,CHINA,0.0
811724,CHINA,0.0
811733,CHINA,0.0
811745,CHINA,0.0
811748,CHINA,0.0
811753,CHINA,0.0
811760,CHINA,0.0
811765,CHINA,0.5
811778,CHINA,0.0
811780,CHINA,0.0
811783,CHINA,1.0
811794,CHINA,0.0
811799,CHINA,0.0
811800,CHINA,0.0
811802,CHINA,0.0
811825,CHINA,0.0
811833,CHINA,1.0
811835,CHINA,0.0
811844,CHINA,0.0
811847,CHINA,0.0
811848,CHINA,0.0
811852,CHINA,0.0
811860,CHINA,0.0
811866,CHINA,0.0
811873,CHINA,0.0
811879,CHINA,1.0
811887,CHINA,0.0
811891,CHINA,0.0
811899,CHINA,0.0
811906,CHINA,0.0
811910,CHINA,0.0
811914,CHINA,0.0
811918,CHINA,0.0
811921,CHINA,0.0
811922,CHINA,0.0
811926,CHINA,1.0
811933,CHINA,0.0
811935,CHINA,0.0
811969,CHINA,0.0
811994,CHINA,0.0
812002,CHINA,0.0
812034,CHINA,0.0
812036,CHINA,0.0
812052,CHINA,0.0
812059,CHINA,0.0
812063,CHINA,0.0
812075,CHINA,0.0
812076,CHINA,0.0
812084,CHINA,0.0
812091,CHINA,0.0
812105,CHINA,0.0
812111,CHINA,0.0
812112,CHINA,0.0
812115,CHINA,0.0
812118,CHINA,0.0
812124,CHINA,0.0
812130,CHINA,0.0
812155,CHINA,0.0
812172,CHINA,0.0
812184,CHINA,0.0
812187,CHINA,1.0
812189,CHINA,0.0
812196,CHINA,0.0
812198,CHINA,0.0
812199,CHINA,0.0
812206,CHINA,0.0
812214,CHINA,0.0
812216,CHINA,0.0
812217,CHINA,0.0
812219,CHINA,0.0
812221,CHINA,0.0
812222,CHINA,0.0
812256,CHINA,0.0
812261,CHINA,0.0
812263,CHINA,0.0
812265,CHINA,0.0
812295,CHINA,0.0
812308,CHINA,0.0
812318,CHINA,0.0
812329,CHINA,0.0
812342,CHINA,0.0
812343,CHINA,0.0
812347,CHINA,0.0
812353,CHINA,0.0
812366,CHINA,0.0
812368,CHINA,0.0
812377,CHINA,0.0
812382,CHINA,0.0
812383,CHINA,0.0
812386,CHINA,0.0
812435,CHINA,0.0
812443,CHINA,0.0
812453,CHINA,0.0
812466,CHINA,0.0
812476,CHINA,0.0
812511,CHINA,0.0
812519,CHINA,0.0
812522,CHINA,0.0
812531,CHINA,0.0
812535,CHINA,0.0
812565,CHINA,0.0
812592,CHINA,0.0
812593,CHINA,0.0
812598,CHINA,0.0
812608,CHINA,0.0
812610,CHINA,0.0
812624,CHINA,0.0
812633,CHINA,0.0
812638,CHINA,0.0
812670,CHINA,0.0
812674,CHINA,0.0
812679,CHINA,0.0
812682,CHINA,0.0
812683,CHINA,0.0
812687,CHINA,0.0
812695,CHINA,0.0
812729,CHINA,0.0
812733,CHINA,0.0
812738,CHINA,0.0
812742,CHINA,0.0
812752,CHINA,0.0
812754,CHINA,0.0
812760,CHINA,0.0
812771,CHINA,0.0
812783,CHINA,0.0
812788,CHINA,0.0
812789,CHINA,0.0
812794,CHINA,0.0
812799,CHINA,0.0
812808,CHINA,0.0
812832,CHINA,0.0
812847,CHINA,0.0
812854,CHINA,0.0
812869,CHINA,0.0
812873,CHINA,0.0
812879,CHINA,0.0
812888,CHINA,0.0
812890,CHINA,0.0
812897,CHINA,0.0
812908,CHINA,0.0
812910,CHINA,0.0
812933,CHINA,0.0
812940,CHINA,0.0
812944,CHINA,0.0
812951,CHINA,0.0
812958,CHINA,0.0
812959,CHINA,0.0
812970,CHINA,0.0
812997,CHINA,0.0
813001,CHINA,0.0
813010,CHINA,0.0
813013,CHINA,0.0
813029,CHINA,0.0
813038,CHINA,0.0
813041,CHINA,0.0
813046,CHINA,0.0
813056,CHINA,0.0
813058,CHINA,0.0
813079,CHINA,0.0
813090,CHINA,0.0
813108,CHINA,0.0
813119,CHINA,0.0
813135,CHINA,0.0
813142,CHINA,0.0
813152,CHINA,0.0
813154,CHINA,0.0
813162,CHINA,1.0
813178,CHINA,0.0
813186,CHINA,0.0
813198,CHINA,0.0
813209,CHINA,0.0
813223,CHINA,0.0
813268,CHINA,0.0
813270,CHINA,0.0
813279,CHINA,0.0
813286,CHINA,0.0
813302,CHINA,0.0
813318,CHINA,0.0
813322,CHINA,0.0
813331,CHINA,0.3333333333333333
813332,CHINA,0.0
813333,CHINA,0.0
813335,CHINA,0.0
813347,CHINA,0.0
813364,CHINA,0.0
813366,CHINA,0.0
813367,CHINA,0.0
813389,CHINA,0.0
813398,CHINA,0.0
813402,CHINA,0.0
813407,CHINA,0.0
813408,CHINA,0.0
813411,CHINA,0.0
813413,CHINA,0.0
813424,CHINA,0.0
813432,CHINA,0.0
813437,CHINA,0.0
813440,CHINA,0.0
813443,CHINA,0.0
813445,CHINA,0.0
813446,CHINA,0.0
813447,CHINA,1.0
813455,CHINA,0.0
813465,CHINA,0.0
813468,CHINA,0.0
813479,CHINA,0.0
813483,CHINA,0.0
813494,CHINA,0.0
813508,CHINA,0.0
813529,CHINA,0.0
813536,CHINA,0.0
813551,CHINA,0.0
813561,CHINA,0.0
813572,CHINA,0.0
813579,CHINA,0.0
813583,CHINA,0.0
813596,CHINA,0.0
813598,CHINA,0.0
813604,CHINA,0.0
813607,CHINA,0.0
813616,CHINA,0.0
813617,CHINA,0.0
813629,CHINA,0.0
813647,CHINA,0.0
813656,CHINA,0.0
813659,CHINA,0.0
813674,CHINA,0.0
813678,CHINA,0.0
813688,CHINA,0.0
813689,CHINA,0.0
813723,CHINA,0.0
813731,CHINA,1.0
813738,CHINA,0.0
813742,CHINA,1.0
813755,CHINA,0.0
813756,CHINA,0.0
813759,CHINA,0.0
813761,CHINA,0.0
813778,CHINA,0.0
813800,CHINA,0.0
813808,CHINA,0.0
813814,CHINA,0.0
813825,CHINA,0.0
813872,CHINA,0.0
813874,CHINA,0.0
813879,CHINA,0.0
813882,CHINA,0.0
813887,CHINA,0.0
813891,CHINA,0.0
813904,CHINA,0.0
813911,CHINA,0.0
813912,CHINA,0.0
813940,CHINA,0.0
813953,CHINA,0.0
813956,CHINA,0.0
813957,CHINA,0.0
813959,CHINA,0.0
813973,CHINA,0.0
813979,CHINA,0.0
813989,CHINA,0.0
813991,CHINA,0.0
814004,CHINA,0.0
814006,CHINA,0.0
814010,CHINA,0.0
814031,CHINA,0.0
814037,CHINA,0.0
814039,CHINA,0.0
814040,CHINA,0.0
814057,CHINA,0.0
814072,CHINA,0.0
814078,CHINA,0.0
814092,CHINA,0.0
814094,CHINA,1.0
814099,CHINA,0.0
814104,CHINA,0.0
814120,CHINA,0.0
814127,CHINA,0.0
814135,CHINA,0.0
814139,CHINA,0.0
814142,CHINA,0.0
814149,CHINA,0.0
814150,CHINA,0.0
814152,CHINA,0.0
814159,CHINA,0.0
814170,CHINA,0.0
814172,CHINA,0.0
814176,CHINA,0.0
814191,CHINA,0.0
814205,CHINA,0.0
814206,CHINA,0.0
814207,CHINA,0.0
814225,CHINA,0.0
814238,CHINA,0.0
814248,CHINA,0.0
814254,CHINA,0.0
814255,CHINA,1.0
814257,CHINA,0.0
814266,CHINA,0.0
814278,CHINA,0.0
814279,CHINA,0.0
814291,CHINA,0.0
814294,CHINA,0.0
814295,CHINA,0.0
814306,CHINA,0.0
814319,CHINA,0.0
814334,CHINA,0.0
814340,CHINA,0.0
814350,CHINA,0.0
814351,CHINA,0.0
814357,CHINA,0.0
814358,CHINA,0.0
814360,CHINA,0.0
814365,CHINA,0.0
814368,CHINA,0.0
814377,CHINA,0.0
814379,CHINA,0.0
814384,CHINA,0.0
814401,CHINA,0.0
814410,CHINA,0.0
814432,CHINA,0.0
814439,CHINA,0.0
814443,CHINA,0.0
814450,CHINA,0.0
814471,CHINA,0.0
814474,CHINA,0.0
814477,CHINA,0.0
814486,CHINA,0.0
814498,CHINA,0.0
814512,CHINA,0.0
814513,CHINA,0.0
814522,CHINA,0.0
814535,CHINA,0.0
814541,CHINA,0.0
814555,CHINA,0.0
814562,CHINA,0.0
814572,CHINA,0.0
814576,CHINA,0.0
814577,CHINA,0.0
814598,CHINA,0.0
814603,CHINA,0.0
814622,CHINA,0.0
814642,CHINA,0.0
814643,CHINA,0.0
814646,CHINA,0.0
814649,CHINA,0.0
814656,CHINA,0.0
814657,CHINA,0.0
814672,CHINA,0.0
814675,CHINA,0.0
814693,CHINA,0.0
814699,CHINA,0.0
814713,CHINA,0.0
814714,CHINA,0.0
814716,CHINA,0.0
814720,CHINA,0.0
814744,CHINA,0.0
814747,CHINA,0.0
814751,CHINA,0.0
814752,CHINA,0.0
814753,CHINA,0.0
814787,CHINA,1.0
814790,CHINA,0.0
814807,CHINA,0.0
814822,CHINA,0.0
814824,CHINA,0.0
814841,CHINA,0.0
814848,CHINA,0.0
814858,CHINA,0.0
814870,CHINA,0.0
814876,CHINA,0.0
814878,CHINA,0.0
814889,CHINA,0.0
814893,CHINA,0.0
814913,CHINA,0.0
814940,CHINA,0.0
814961,CHINA,0.0
814997,CHINA,0.0
815011,CHINA,0.0
815015,CHINA,0.0
815022,CHINA,0.0
815033,CHINA,0.0
815048,CHINA,0.0
815069,CHINA,0.0
815071,CHINA,0.0
815072,CHINA,0.0
815086,CHINA,0.0
815087,CHINA,0.0
815092,CHINA,0.0
815095,CHINA,0.0
815097,CHINA,0.0
815103,CHINA,0.0
815109,CHINA,0.0
815120,CHINA,0.0
815133,CHINA,0.0
815138,CHINA,0.0
815169,CHINA,0.0
815172,CHINA,1.0
815179,CHINA,0.0
815190,CHINA,0.0
815197,CHINA,0.0
815201,CHINA,0.0
815202,CHINA,0.0
815209,CHINA,0.0
815210,CHINA,0.0
815225,CHINA,0.0
815234,CHINA,0.0
815236,CHINA,0.0
815248,CHINA,0.0
815257,CHINA,0.0
815265,CHINA,1.0
815272,CHINA,0.0
815274,CHINA,0.0
815283,CHINA,0.0
815290,CHINA,0.0
815294,CHINA,0.0
815299,CHINA,0.0
815301,CHINA,0.0
815304,CHINA,0.0
815313,CHINA,0.0
815328,CHINA,0.0
815331,CHINA,0.0
815332,CHINA,0.0
815345,CHINA,0.0
815352,CHINA,0.0
815362,CHINA,0.0
815381,CHINA,0.0
815386,CHINA,0.0
815393,CHINA,0.0
815400,CHINA,0.0
815402,CHINA,0.0
815419,CHINA,0.0
815453,CHINA,0.0
815469,CHINA,0.0
815471,CHINA,0.0
815491,CHINA,0.0
815500,CHINA,0.0
815509,CHINA,0.0
815515,CHINA,0.0
815517,CHINA,0.0
815523,CHINA,0.0
815525,CHINA,0.0
815528,CHINA,0.0
815531,CHINA,0.0
815534,CHINA,0.0
815537,CHINA,0.0
815539,CHINA,0.0
815540,CHINA,0.0
815552,CHINA,0.0
815556,CHINA,0.0
815559,CHINA,0.0
815568,CHINA,0.0
815597,CHINA,0.0
815608,CHINA,0.0
815609,CHINA,0.0
815616,CHINA,0.0
815626,CHINA,0.0
815632,CHINA,0.0
815638,CHINA,0.0
815640,CHINA,0.0
815647,CHINA,0.0
815651,CHINA,0.0
815663,CHINA,0.0
815664,CHINA,0.0
815665,CHINA,0.0
815679,CHINA,0.0
815709,CHINA,0.0
815710,CHINA,0.0
815718,CHINA,0.0
815719,CHINA,0.0
815726,CHINA,0.0
815728,CHINA,0.0
815732,CHINA,0.0
815734,CHINA,0.0
815738,CHINA,0.0
815747,CHINA,0.0
815757,CHINA,0.0
815759,CHINA,0.0
815773,CHINA,0.0
815784,CHINA,0.0
815786,CHINA,0.0
815806,CHINA,0.0
815819,CHINA,0.0
815829,CHINA,0.0
815841,CHINA,0.0
815847,CHINA,0.0
815850,CHINA,0.0
815853,CHINA,0.0
815855,CHINA,0.0
815857,CHINA,0.0
815876,CHINA,0.0
815892,CHINA,0.0
815905,CHINA,0.0
815918,CHINA,0.0
815923,CHINA,0.0
815928,CHINA,0.0
815950,CHINA,0.0
815971,CHINA,0.0
815988,CHINA,0.0
815997,CHINA,0.0
816018,CHINA,0.0
816021,CHINA,0.0
816023,CHINA,0.0
816025,CHINA,0.0
816033,CHINA,0.0
816039,CHINA,0.0
816073,CHINA,0.0
816077,CHINA,0.0
816078,CHINA,0.0
816082,CHINA,0.0
816085,CHINA,0.0
816106,CHINA,0.0
816118,CHINA,0.0
816130,CHINA,0.0
816133,CHINA,0.0
816135,CHINA,0.0
816164,CHINA,0.0
816167,CHINA,0.0
816184,CHINA,0.0
816192,CHINA,0.0
816194,CHINA,0.0
816201,CHINA,0.0
816205,CHINA,0.0
816218,CHINA,0.0
816228,CHINA,0.0
816234,CHINA,0.0
816243,CHINA,0.0
816245,CHINA,0.0
816259,CHINA,0.0
816265,CHINA,0.0
816270,CHINA,0.0
816279,CHINA,0.0
816292,CHINA,0.0
816294,CHINA,0.0
816297,CHINA,0.0
816299,CHINA,0.0
816301,CHINA,0.0
816309,CHINA,0.0
816314,CHINA,0.0
816353,CHINA,0.0
816416,CHINA,0.0
816419,CHINA,0.0
816428,CHINA,0.0
816430,CHINA,0.0
816435,CHINA,0.0
816462,CHINA,0.0
816464,CHINA,0.0
816471,CHINA,0.0
816481,CHINA,0.0
816482,CHINA,0.0
816507,CHINA,1.0
816514,CHINA,0.0
816526,CHINA,0.0
816534,CHINA,0.0
816561,CHINA,0.0
816567,CHINA,0.0
816575,CHINA,0.0
816612,CHINA,0.0
816622,CHINA,0.0
816634,CHINA,0.0
816641,CHINA,0.0
816642,CHINA,0.0
816648,CHINA,0.0
816668,CHINA,0.0
816671,CHINA,0.0
816687,CHINA,0.0
816714,CHINA,0.0
816718,CHINA,0.0
816735,CHINA,0.0
816739,CHINA,0.0
816745,CHINA,0.0
816755,CHINA,0.0
816773,CHINA,0.0
816776,CHINA,1.0
816807,CHINA,0.0
816809,CHINA,0.0
816827,CHINA,0.0
816845,CHINA,0.0
816859,CHINA,0.0
816864,CHINA,0.0
816872,CHINA,0.0
816876,CHINA,0.0
816919,CHINA,0.0
816920,CHINA,0.0
816922,CHINA,0.0
816933,CHINA,0.0
816937,CHINA,0.0
816939,CHINA,0.0
816948,CHINA,0.0
816955,CHINA,0.0
816962,CHINA,0.0
816965,CHINA,0.0
817028,CHINA,0.0
817029,CHINA,0.0
817037,CHINA,0.0
817042,CHINA,0.0
817046,CHINA,0.0
817053,CHINA,0.0
817055,CHINA,0.0
817058,CHINA,0.5
817065,CHINA,0.0
817092,CHINA,0.0
817093,CHINA,0.0
817098,CHINA,1.0
817100,CHINA,0.0
817106,CHINA,0.0
817108,CHINA,0.0
817111,CHINA,0.0
817116,CHINA,0.0
817127,CHINA,0.0
817146,CHINA,0.0
817147,CHINA,0.0
817156,CHINA,0.0
817157,CHINA,0.0
817165,CHINA,0.0
817173,CHINA,0.0
817175,CHINA,0.0
817176,CHINA,0.0
817178,CHINA,0.0
817183,CHINA,0.0
817188,CHINA,0.0
817196,CHINA,0.0
817200,INDIA,0.0
817219,INDIA,0.0
817228,INDIA,0.0
817234,INDIA,0.0
817247,INDIA,0.0
817253,INDIA,0.0
817254,INDIA,1.0
817262,INDIA,0.0
817268,INDIA,0.0
817275,INDIA,0.0
817281,INDIA,0.0
817296,INDIA,0.0
817299,INDIA,0.0
817345,INDIA,0.0
817348,INDIA,0.0
817349,INDIA,0.0
817368,INDIA,0.0
817379,INDIA,0.0
817380,INDIA,0.0
817398,INDIA,0.0
817402,INDIA,0.0
817406,INDIA,0.0
817418,INDIA,0.0
817431,INDIA,0.0
817432,INDIA,0.0
817438,INDIA,0.0
817447,INDIA,0.0
817459,INDIA,0.0
817460,INDIA,0.0
817476,INDIA,0.0
817479,INDIA,0.0
817483,INDIA,0.0
817491,INDIA,0.0
817504,INDIA,0.0
817507,INDIA,0.0
817527,INDIA,0.0
817539,INDIA,0.0
817548,INDIA,0.0
817555,INDIA,0.0
817557,INDIA,0.0
817574,INDIA,0.0
817579,INDIA,0.0
817585,INDIA,0.0
817586,INDIA,0.0
817589,INDIA,0.0
817590,INDIA,0.0
817645,INDIA,0.0
817646,INDIA,0.0
817650,INDIA,0.0
817670,INDIA,0.0
817683,INDIA,0.0
817687,INDIA,0.0
817689,INDIA,0.0
817690,INDIA,0.0
817691,INDIA,0.0
817694,INDIA,1.0
817722,INDIA,0.0
817729,INDIA,0.0
817736,INDIA,0.0
817739,INDIA,0.0
817743,INDIA,0.0
817792,INDIA,0.0
817816,INDIA,0.0
817830,INDIA,0.0
817842,INDIA,0.0
817844,INDIA,0.0
817846,INDIA,0.0
817861,INDIA,0.0
817862,INDIA,0.0
817881,INDIA,0.0
817888,INDIA,0.0
817889,INDIA,0.0
817894,INDIA,0.0
817896,INDIA,0.0
817901,INDIA,0.0
817921,INDIA,0.0
817927,INDIA,0.0
817933,INDIA,0.0
817939,INDIA,0.0
817953,INDIA,0.0
817956,INDIA,0.0
818006,INDIA,0.0
818010,INDIA,0.0
818017,INDIA,0.0
818028,INDIA,0.0
818045,INDIA,0.0
818065,INDIA,0.0
818074,INDIA,0.0
818088,INDIA,0.0
818089,INDIA,0.0
818137,INDIA,0.0
818168,INDIA,0.0
818172,INDIA,1.0
818174,INDIA,0.0
818176,INDIA,0.0
818181,INDIA,0.0
818192,INDIA,0.0
818206,INDIA,0.0
818253,INDIA,0.0
818261,INDIA,0.0
818263,INDIA,0.0
818279,INDIA,0.0
818289,INDIA,0.0
818292,INDIA,0.0
818299,INDIA,1.0
818325,INDIA,0.0
818357,INDIA,0.0
818360,INDIA,0.0
818362,INDIA,0.0
818368,INDIA,0.0
818369,INDIA,0.0
818399,INDIA,0.0
818403,INDIA,0.0
818407,INDIA,0.0
818410,INDIA,0.0
818417,INDIA,0.0
818447,INDIA,0.0
818478,INDIA,0.0
818479,INDIA,0.0
818481,INDIA,0.0
818483,INDIA,0.0
818493,INDIA,0.0
818495,INDIA,0.0
818496,INDIA,0.0
818511,INDIA,0.0
818512,INDIA,0.0
818514,INDIA,0.0
818526,INDIA,0.0
818536,INDIA,0.0
818540,INDIA,0.0
818552,INDIA,0.0
818556,INDIA,0.0
818559,INDIA,0.0
818563,INDIA,0.0
818567,INDIA,0.0
818573,INDIA,0.0
818577,INDIA,0.0
818580,INDIA,0.0
818595,INDIA,0.0
818598,INDIA,0.0
818603,INDIA,0.0
818605,INDIA,0.0
818614,INDIA,0.0
818626,INDIA,0.0
818629,INDIA,0.0
818639,INDIA,0.0
818640,INDIA,0.0
818641,INDIA,0.0
818647,INDIA,0.0
818652,INDIA,0.0
818675,INDIA,0.0
818678,INDIA,0.0
818681,INDIA,0.0
818683,INDIA,0.0
818687,INDIA,0.0
818720,INDIA,0.0
818747,INDIA,0.0
818751,INDIA,0.0
818762,INDIA,1.0
818769,INDIA,0.0
818775,INDIA,0.0
818796,INDIA,0.0
818800,INDIA,0.0
818808,INDIA,0.0
818812,INDIA,0.0
818823,INDIA,0.0
818838,INDIA,0.0
818856,INDIA,0.0
818883,INDIA,0.0
818888,INDIA,0.0
818890,INDIA,0.0
818891,INDIA,0.0
818895,INDIA,0.0
818897,INDIA,0.0
818906,INDIA,0.0
818922,INDIA,0.0
818944,INDIA,0.0
818947,INDIA,0.0
818953,INDIA,0.0
818962,INDIA,0.0
819003,INDIA,0.0
819010,INDIA,0.0
819014,INDIA,0.0
819015,INDIA,0.0
819019,INDIA,0.0
819037,INDIA,0.0
819066,INDIA,0.0
819068,INDIA,0.0
819073,INDIA,0.0
819084,INDIA,1.0
819087,INDIA,0.0
819088,INDIA,0.0
819089,INDIA,0.0
819095,INDIA,0.0
819106,INDIA,0.0
819112,INDIA,0.0
819117,INDIA,0.0
819123,INDIA,0.0
819126,INDIA,0.0
819130,INDIA,0.0
819144,INDIA,0.0
819155,INDIA,0.0
819156,INDIA,0.0
819161,INDIA,0.0
819171,INDIA,0.0
819182,INDIA,0.0
819185,INDIA,0.0
819189,INDIA,0.0
819190,INDIA,0.0
819195,INDIA,0.0
819201,INDIA,0.0
819208,INDIA,0.0
819210,INDIA,0.0
819215,INDIA,0.0
819220,INDIA,0.0
819228,INDIA,0.0
819241,INDIA,0.0
819246,INDIA,0.0
819266,INDIA,0.0
819267,INDIA,0.0
819275,INDIA,0.0
819311,INDIA,0.0
819317,INDIA,0.0
819321,INDIA,0.0
819343,INDIA,0.0
819352,INDIA,0.0
819363,INDIA,0.0
819395,INDIA,0.0
819412,INDIA,0.0
819413,INDIA,0.0
819415,INDIA,0.0
819416,INDIA,0.0
819441,INDIA,0.0
819454,INDIA,0.0
819458,INDIA,0.0
819478,INDIA,0.0
819487,INDIA,0.0
819489,INDIA,0.0
819504,INDIA,0.0
819511,INDIA,0.0
819523,INDIA,0.0
819525,INDIA,0.0
819527,INDIA,0.0
819550,INDIA,0.0
819561,INDIA,0.0
819587,INDIA,0.0
819599,INDIA,0.0
819612,INDIA,0.0
819620,INDIA,0.0
819637,INDIA,0.0
819639,INDIA,0.0
819645,INDIA,0.0
819653,INDIA,0.0
819665,INDIA,0.0
819675,INDIA,0.0
819681,INDIA,0.0
819690,INDIA,0.0
819693,INDIA,0.0
819704,INDIA,0.0
819708,INDIA,0.0
819719,INDIA,0.0
819738,INDIA,0.0
819741,INDIA,0.0
819753,INDIA,0.0
819755,INDIA,0.0
819764,INDIA,0.0
819767,INDIA,0.0
819775,INDIA,0.0
819789,INDIA,0.0
819807,INDIA,0.0
819812,INDIA,0.0
819819,INDIA,0.0
819826,INDIA,0.0
819851,INDIA,0.0
819867,INDIA,0.0
819897,INDIA,0.0
819899,INDIA,0.0
819902,INDIA,0.0
819905,INDIA,0.0
819913,INDIA,0.0
819918,INDIA,0.0
819925,INDIA,0.0
819934,INDIA,0.0
819950,INDIA,0.0
819956,INDIA,0.0
819959,INDIA,0.0
819961,INDIA,0.0
819974,INDIA,0.0
819979,INDIA,0.0
819980,INDIA,0.0
819985,INDIA,0.0
820009,INDIA,0.0
820019,INDIA,0.0
820022,INDIA,0.0
820024,INDIA,0.0
820025,INDIA,0.0
820028,INDIA,0.0
820033,INDIA,0.0
820067,INDIA,0.0
820080,INDIA,0.0
820083,INDIA,0.0
820091,INDIA,0.0
820102,INDIA,0.0
820119,INDIA,0.0
820122,INDIA,0.0
820123,INDIA,0.0
820135,INDIA,0.0
820138,INDIA,0.0
820139,INDIA,0.0
820141,INDIA,0.0
820146,INDIA,0.0
820151,INDIA,0.0
820156,INDIA,0.0
820182,INDIA,0.0
820184,INDIA,0.0
820188,INDIA,0.0
820189,INDIA,0.0
820191,INDIA,0.0
824650,CHINA,0.0
843013,CHINA,0.0
843017,CHINA,0.0
843369,CHINA,0.0
843613,CHINA,0.0
843617,CHINA,0.0
843802,CHINA,0.0
843850,CHINA,0.0
843853,CHINA,0.0
854881,MEXICO,0.0
870000,CHINA,0.0
870007,CHINA,0.0
870008,CHINA,0.0
870009,CHINA,0.0
870104,CHINA,0.0
870105,CHINA,1.0
870108,CHINA,0.0
870309,CHINA,0.0
870407,CHINA,0.0
870409,CHINA,0.0
870503,CHINA,0.0
870504,CHINA,0.0
870508,CHINA,0.0
877149,UNITED STATES,0.0
877309,UNITED STATES,0.0
877369,UNITED STATES,0.0
888014,CHINA,0.0
888017,CHINA,1.0
888029,CHINA,0.0
888031,CHINA,0.0
888033,CHINA,0.0
888034,CHINA,0.0
888050,CHINA,0.0
888061,CHINA,0.0
888076,CHINA,0.0
888079,CHINA,0.0
888081,CHINA,0.0
888087,CHINA,0.0
888094,CHINA,0.0
888097,CHINA,0.0
888102,CHINA,0.0
888112,CHINA,0.0
888139,CHINA,0.0
888158,CHINA,0.0
888165,CHINA,0.0
888179,CHINA,0.0
888181,CHINA,0.0
888184,CHINA,0.0
888193,CHINA,0.0
888194,CHINA,0.0
888196,CHINA,0.0
888207,CHINA,1.0
888208,CHINA,0.0
888216,CHINA,0.0
888224,CHINA,0.0
888226,CHINA,0.0
888227,CHINA,0.0
888228,CHINA,0.0
888231,CHINA,0.0
888240,CHINA,0.0
888249,CHINA,0.0
888262,CHINA,0.0
888264,CHINA,0.0
888265,CHINA,0.0
888267,CHINA,0.0
888272,CHINA,0.0
888275,CHINA,0.0
888276,CHINA,0.0
888287,CHINA,0.0
888293,CHINA,0.0
888302,CHINA,0.0
888310,CHINA,0.0
888322,CHINA,0.0
888332,CHINA,0.0
888338,CHINA,0.0
888356,CHINA,0.0
888375,CHINA,0.0
888388,CHINA,0.0
888391,CHINA,0.0
888408,CHINA,0.0
888418,CHINA,0.0
888424,CHINA,0.0
888431,CHINA,0.0
888435,CHINA,0.0
888443,CHINA,0.0
888457,CHINA,0.0
888459,CHINA,0.0
888463,CHINA,0.0
888464,CHINA,0.0
888481,CHINA,0.0
888487,CHINA,0.0
888488,CHINA,0.0
888491,CHINA,0.0
888503,CHINA,0.0
888514,CHINA,0.0
888528,CHINA,0.0
888544,CHINA,0.0
888546,CHINA,0.0
888548,CHINA,0.0
888553,CHINA,0.0
888564,CHINA,0.5
888567,CHINA,0.0
888569,CHINA,0.0
888590,CHINA,0.0
888641,CHINA,0.0
888646,CHINA,0.0
888655,CHINA,0.0
888678,CHINA,0.0
888679,CHINA,0.0
888701,CHINA,1.0
888706,CHINA,0.0
888707,CHINA,0.0
888708,CHINA,0.0
888720,CHINA,1.0
888729,CHINA,0.0
888752,CHINA,0.0
888758,CHINA,0.0
888760,CHINA,1.0
888786,CHINA,0.0
888787,CHINA,0.0
888791,CHINA,0.0
888794,CHINA,0.0
888797,CHINA,0.0
888831,CHINA,0.0
888837,CHINA,0.0
888839,CHINA,0.0
888845,CHINA,0.0
888851,CHINA,0.0
888852,CHINA,0.0
888866,CHINA,0.0
888867,CHINA,0.0
888881,CHINA,0.0
888882,CHINA,0.0
888889,CHINA,0.0
888902,CHINA,0.0
888914,CHINA,0.0
888924,CHINA,0.0
888928,CHINA,0.0
888933,CHINA,0.0
888942,CHINA,0.0
888949,CHINA,0.0
888955,CHINA,0.0
888960,CHINA,0.0
888961,CHINA,0.0
888967,CHINA,0.0
888971,CHINA,0.0
888976,CHINA,0.0
888990,CHINA,0.0
900681,UNITED STATES,1.0
900688,UNITED STATES,0.0
909602,UNITED STATES,0.0
911121,CHINA,0.0
911122,CHINA,0.0
911136,CHINA,0.0
911138,CHINA,0.0
911146,CHINA,0.0
911150,CHINA,0.0
911157,CHINA,0.0
911167,CHINA,0.0
911194,CHINA,0.0
916840,BRAZIL,0.0
918838,SINGAPORE,0.0
934423,UNITED STATES,0.0
936002,UNITED STATES,0.0
936007,UNITED STATES,0.0
940043,CHINA,0.0
940047,CHINA,0.0
940049,CHINA,0.0
940051,CHINA,0.0
940058,CHINA,0.0
944608,UNITED STATES,0.0
951201,UNITED STATES,0.0
951207,UNITED STATES,0.0
951208,UNITED STATES,0.0
951232,UNITED STATES,0.0
951234,UNITED STATES,0.0
951237,UNITED STATES,0.0
955591,CHINA,0.0
955820,CHINA,0.0
955843,CHINA,0.0
955872,CHINA,0.0
955878,CHINA,0.0
955885,CHINA,1.0
955886,CHINA,0.0
955958,CHINA,0.0
955975,CHINA,0.0
955979,CHINA,0.0
955981,CHINA,0.0
960802,UNITED STATES,0.0
963404,UNITED STATES,0.0
963408,UNITED STATES,0.0
963409,UNITED STATES,0.0
964301,RUSSIAN FEDERATION,0.0
964307,RUSSIAN FEDERATION,0.0
964310,RUSSIAN FEDERATION,0.0
964313,RUSSIAN FEDERATION,1.0
964319,RUSSIAN FEDERATION,0.0
964328,RUSSIAN FEDERATION,0.0
964334,RUSSIAN FEDERATION,0.0
964336,RUSSIAN FEDERATION,0.0
964345,RUSSIAN FEDERATION,0.0
964350,RUSSIAN FEDERATION,0.0
964359,RUSSIAN FEDERATION,1.0
964369,RUSSIAN FEDERATION,0.0
964373,RUSSIAN FEDERATION,1.0
964374,RUSSIAN FEDERATION,1.0
964397,RUSSIAN FEDERATION,0.0
964398,RUSSIAN FEDERATION,0.0
968283,CHINA,0.0
968289,CHINA,0.0
976408,UNITED STATES,0.0
976409,UNITED STATES,0.0
980440,UKRAINE,0.0
980614,UNITED STATES,1.0
985262,CHINA,1.0
989612,CHINA,0.0
989616,CHINA,0.0
989622,CHINA,0.0
989624,CHINA,0.0
989630,CHINA,0.0
989636,CHINA,0.0
989652,CHINA,0.0
989662,CHINA,0.0
989664,CHINA,0.0
989669,CHINA,0.0
989675,CHINA,0.0
989677,CHINA,0.0
989684,CHINA,0.0
989693,CHINA,0.0
989696,CHINA,0.0
990024,INDIA,0.0
990031,INDIA,0.0
990037,INDIA,0.0
990039,INDIA,0.0
990042,INDIA,0.0
990063,INDIA,0.0
990065,INDIA,0.0
990075,INDIA,0.0
990078,INDIA,0.0
990090,INDIA,0.0
990092,INDIA,0.0
990096,INDIA,0.0
990110,INDIA,0.0
990112,INDIA,0.0
990126,INDIA,0.0
990128,INDIA,0.0
990132,INDIA,0.0
990158,INDIA,0.0
990167,INDIA,0.0
990169,INDIA,0.0
990181,INDIA,0.0
990186,INDIA,0.0
990187,INDIA,0.0
990191,INDIA,0.0
990214,INDIA,0.0
990223,INDIA,0.0
990253,INDIA,0.0
990259,INDIA,0.0
990260,INDIA,0.0
990267,INDIA,0.0
