BIN,Complaint,Feedback,ChargebackFlag,Complaint_Encoded
568603,Fraudulent Transaction,"I reported fraud, but no action taken!",1,2
344638,Unauthorized Charge,I was charged without my knowledge!,1,6
537295,Unauthorized Charge,I was charged without my knowledge!,1,6
311501,Unauthorized Charge,"I raised a dispute, but no resolution yet!",1,6
353969,Unauthorized Charge,I was charged without my knowledge!,1,6
478700,Unauthorized Charge,"I raised a dispute, but no resolution yet!",1,6
610472,Unauthorized Charge,I was charged without my knowledge!,1,6
340143,Unauthorized Charge,Unauthorized transaction detected on my account.,1,6
431563,Fraudulent Transaction,Someone used my card fraudulently!,1,2
442346,Fraudulent Transaction,"I reported fraud, but no action taken!",1,2
430162,Unauthorized Charge,Unauthorized transaction detected on my account.,1,6
425973,Fraudulent Transaction,"Suspicious transaction on my card, please investigate!",1,2
467385,Unauthorized Charge,I was charged without my knowledge!,1,6
343694,Unauthorized Charge,I was charged without my knowledge!,1,6
353209,Unauthorized Charge,"I raised a dispute, but no resolution yet!",1,6
775744,Unauthorized Charge,Unauthorized transaction detected on my account.,1,6
334638,Fraudulent Transaction,Someone used my card fraudulently!,1,2
583707,Unauthorized Charge,Unauthorized transaction detected on my account.,1,6
775641,Fraudulent Transaction,Someone used my card fraudulently!,1,2
497914,Unauthorized Charge,I was charged without my knowledge!,1,6
644257,Fraudulent Transaction,"I reported fraud, but no action taken!",1,2
505497,Unauthorized Charge,I was charged without my knowledge!,1,6
500100,Fraudulent Transaction,"Suspicious transaction on my card, please investigate!",1,2
484482,Unauthorized Charge,"I raised a dispute, but no resolution yet!",1,6
398701,Unauthorized Charge,Unauthorized transaction detected on my account.,1,6
581210,Fraudulent Transaction,Someone used my card fraudulently!,1,2
598372,Fraudulent Transaction,"Suspicious transaction on my card, please investigate!",1,2
363785,Fraudulent Transaction,"I reported fraud, but no action taken!",1,2
393595,Unauthorized Charge,I was charged without my knowledge!,1,6
564061,Fraudulent Transaction,"Suspicious transaction on my card, please investigate!",1,2
103285,Unauthorized Charge,"I raised a dispute, but no resolution yet!",1,6
347723,Fraudulent Transaction,"Suspicious transaction on my card, please investigate!",1,2
505347,Fraudulent Transaction,Someone used my card fraudulently!,1,2
519417,Unauthorized Charge,I was charged without my knowledge!,1,6
305235,Fraudulent Transaction,Someone used my card fraudulently!,1,2
444601,Fraudulent Transaction,"I reported fraud, but no action taken!",1,2
550454,Fraudulent Transaction,Someone used my card fraudulently!,1,2
302391,Fraudulent Transaction,"I reported fraud, but no action taken!",1,2
512189,Unauthorized Charge,Unauthorized transaction detected on my account.,1,6
586968,Fraudulent Transaction,"I reported fraud, but no action taken!",1,2
647097,Unauthorized Charge,Unauthorized transaction detected on my account.,1,6
503063,Fraudulent Transaction,Someone used my card fraudulently!,1,2
388306,Fraudulent Transaction,"I reported fraud, but no action taken!",1,2
354410,Unauthorized Charge,I was charged without my knowledge!,1,6
396353,Fraudulent Transaction,"Suspicious transaction on my card, please investigate!",1,2
349403,Unauthorized Charge,Unauthorized transaction detected on my account.,1,6
348580,Unauthorized Charge,Unauthorized transaction detected on my account.,1,6
608474,Unauthorized Charge,Unauthorized transaction detected on my account.,1,6
420036,Fraudulent Transaction,"I reported fraud, but no action taken!",1,2
525962,Unauthorized Charge,"I raised a dispute, but no resolution yet!",1,6
371628,Fraudulent Transaction,"Suspicious transaction on my card, please investigate!",1,2
341148,Fraudulent Transaction,Someone used my card fraudulently!,1,2
650708,Fraudulent Transaction,Someone used my card fraudulently!,1,2
489558,Unauthorized Charge,I was charged without my knowledge!,1,6
352951,Fraudulent Transaction,"Suspicious transaction on my card, please investigate!",1,2
485736,Unauthorized Charge,"I raised a dispute, but no resolution yet!",1,6
389061,Unauthorized Charge,Unauthorized transaction detected on my account.,1,6
385155,Fraudulent Transaction,"Suspicious transaction on my card, please investigate!",1,2
318926,Fraudulent Transaction,"Suspicious transaction on my card, please investigate!",1,2
361872,Unauthorized Charge,"I raised a dispute, but no resolution yet!",1,6
819691,Unauthorized Charge,"I raised a dispute, but no resolution yet!",1,6
302655,Fraudulent Transaction,"Suspicious transaction on my card, please investigate!",1,2
482537,Unauthorized Charge,Unauthorized transaction detected on my account.,1,6
394349,Unauthorized Charge,Unauthorized transaction detected on my account.,1,6
707121,Fraudulent Transaction,Someone used my card fraudulently!,1,2
644765,Fraudulent Transaction,"Suspicious transaction on my card, please investigate!",1,2
384746,Unauthorized Charge,"I raised a dispute, but no resolution yet!",1,6
395155,Fraudulent Transaction,Someone used my card fraudulently!,1,2
478970,Fraudulent Transaction,"Suspicious transaction on my card, please investigate!",1,2
587489,Unauthorized Charge,Unauthorized transaction detected on my account.,1,6
556444,Unauthorized Charge,Unauthorized transaction detected on my account.,1,6
506728,Fraudulent Transaction,"Suspicious transaction on my card, please investigate!",1,2
373972,Fraudulent Transaction,"I reported fraud, but no action taken!",1,2
540609,Unauthorized Charge,I was charged without my knowledge!,1,6
409555,Fraudulent Transaction,Someone used my card fraudulently!,1,2
680420,Unauthorized Charge,"I raised a dispute, but no resolution yet!",1,6
812440,Unauthorized Charge,"I raised a dispute, but no resolution yet!",1,6
161792,Fraudulent Transaction,Someone used my card fraudulently!,1,2
401723,Fraudulent Transaction,"I reported fraud, but no action taken!",1,2
625223,Fraudulent Transaction,"I reported fraud, but no action taken!",1,2
363525,Fraudulent Transaction,"I reported fraud, but no action taken!",1,2
385039,Unauthorized Charge,"I raised a dispute, but no resolution yet!",1,6
388157,Fraudulent Transaction,"Suspicious transaction on my card, please investigate!",1,2
557434,Unauthorized Charge,Unauthorized transaction detected on my account.,1,6
348150,Unauthorized Charge,Unauthorized transaction detected on my account.,1,6
467637,Fraudulent Transaction,Someone used my card fraudulently!,1,2
481232,Fraudulent Transaction,"I reported fraud, but no action taken!",1,2
597407,Unauthorized Charge,Unauthorized transaction detected on my account.,1,6
648279,Unauthorized Charge,Unauthorized transaction detected on my account.,1,6
657129,Unauthorized Charge,"I raised a dispute, but no resolution yet!",1,6
508537,Unauthorized Charge,Unauthorized transaction detected on my account.,1,6
648801,Unauthorized Charge,I was charged without my knowledge!,1,6
492883,Unauthorized Charge,Unauthorized transaction detected on my account.,1,6
599662,Unauthorized Charge,"I raised a dispute, but no resolution yet!",1,6
304932,Unauthorized Charge,I was charged without my knowledge!,1,6
539210,Fraudulent Transaction,"Suspicious transaction on my card, please investigate!",1,2
813202,Unauthorized Charge,I was charged without my knowledge!,1,6
406285,Fraudulent Transaction,"Suspicious transaction on my card, please investigate!",1,2
810370,Unauthorized Charge,I was charged without my knowledge!,1,6
536536,Unauthorized Charge,I was charged without my knowledge!,1,6
380216,Unauthorized Charge,Unauthorized transaction detected on my account.,1,6
467357,Fraudulent Transaction,Someone used my card fraudulently!,1,2
366045,Fraudulent Transaction,"I reported fraud, but no action taken!",1,2
371898,Fraudulent Transaction,Someone used my card fraudulently!,1,2
392505,Fraudulent Transaction,"Suspicious transaction on my card, please investigate!",1,2
459702,Fraudulent Transaction,Someone used my card fraudulently!,1,2
348091,Fraudulent Transaction,"Suspicious transaction on my card, please investigate!",1,2
357365,Unauthorized Charge,Unauthorized transaction detected on my account.,1,6
444259,Fraudulent Transaction,Someone used my card fraudulently!,1,2
652580,Fraudulent Transaction,Someone used my card fraudulently!,1,2
360773,Fraudulent Transaction,"I reported fraud, but no action taken!",1,2
650726,Unauthorized Charge,Unauthorized transaction detected on my account.,1,6
608635,Unauthorized Charge,I was charged without my knowledge!,1,6
504933,Fraudulent Transaction,"Suspicious transaction on my card, please investigate!",1,2
488639,Fraudulent Transaction,"I reported fraud, but no action taken!",1,2
340231,Fraudulent Transaction,"I reported fraud, but no action taken!",1,2
407102,Fraudulent Transaction,Someone used my card fraudulently!,1,2
509647,Fraudulent Transaction,"Suspicious transaction on my card, please investigate!",1,2
520603,Unauthorized Charge,Unauthorized transaction detected on my account.,1,6
381839,Fraudulent Transaction,Someone used my card fraudulently!,1,2
550313,Fraudulent Transaction,Someone used my card fraudulently!,1,2
470120,Unauthorized Charge,"I raised a dispute, but no resolution yet!",1,6
365396,Fraudulent Transaction,"I reported fraud, but no action taken!",1,2
387391,Unauthorized Charge,"I raised a dispute, but no resolution yet!",1,6
812679,Unauthorized Charge,Unauthorized transaction detected on my account.,1,6
535570,Unauthorized Charge,Unauthorized transaction detected on my account.,1,6
567761,Fraudulent Transaction,Someone used my card fraudulently!,1,2
573254,Unauthorized Charge,Unauthorized transaction detected on my account.,1,6
400721,Fraudulent Transaction,Someone used my card fraudulently!,1,2
500633,Unauthorized Charge,I was charged without my knowledge!,1,6
539415,Unauthorized Charge,Unauthorized transaction detected on my account.,1,6
464306,Fraudulent Transaction,Someone used my card fraudulently!,1,2
499106,Unauthorized Charge,"I raised a dispute, but no resolution yet!",1,6
424668,Unauthorized Charge,I was charged without my knowledge!,1,6
438964,Unauthorized Charge,Unauthorized transaction detected on my account.,1,6
601477,Fraudulent Transaction,"Suspicious transaction on my card, please investigate!",1,2
644841,Unauthorized Charge,I was charged without my knowledge!,1,6
427328,Unauthorized Charge,Unauthorized transaction detected on my account.,1,6
460879,Unauthorized Charge,I was charged without my knowledge!,1,6
376085,Unauthorized Charge,Unauthorized transaction detected on my account.,1,6
540890,Unauthorized Charge,Unauthorized transaction detected on my account.,1,6
509041,Fraudulent Transaction,"I reported fraud, but no action taken!",1,2
813108,Unauthorized Charge,"I raised a dispute, but no resolution yet!",1,6
395149,Unauthorized Charge,I was charged without my knowledge!,1,6
449942,Fraudulent Transaction,"Suspicious transaction on my card, please investigate!",1,2
815064,Unauthorized Charge,"I raised a dispute, but no resolution yet!",1,6
550060,Fraudulent Transaction,"Suspicious transaction on my card, please investigate!",1,2
507725,Fraudulent Transaction,Someone used my card fraudulently!,1,2
500170,Fraudulent Transaction,"I reported fraud, but no action taken!",1,2
340882,Unauthorized Charge,Unauthorized transaction detected on my account.,1,6
536093,Fraudulent Transaction,Someone used my card fraudulently!,1,2
456687,Unauthorized Charge,I was charged without my knowledge!,1,6
304834,Unauthorized Charge,Unauthorized transaction detected on my account.,1,6
390992,Fraudulent Transaction,Someone used my card fraudulently!,1,2
640587,Fraudulent Transaction,"I reported fraud, but no action taken!",1,2
483843,Unauthorized Charge,I was charged without my knowledge!,1,6
581779,Fraudulent Transaction,"Suspicious transaction on my card, please investigate!",1,2
812340,Unauthorized Charge,I was charged without my knowledge!,1,6
538395,Fraudulent Transaction,"Suspicious transaction on my card, please investigate!",1,2
658429,Unauthorized Charge,Unauthorized transaction detected on my account.,1,6
478088,Unauthorized Charge,I was charged without my knowledge!,1,6
579113,Unauthorized Charge,I was charged without my knowledge!,1,6
497625,Unauthorized Charge,Unauthorized transaction detected on my account.,1,6
566526,Unauthorized Charge,Unauthorized transaction detected on my account.,1,6
391388,Unauthorized Charge,I was charged without my knowledge!,1,6
562509,Unauthorized Charge,I was charged without my knowledge!,1,6
810876,Fraudulent Transaction,"Suspicious transaction on my card, please investigate!",1,2
623073,Fraudulent Transaction,Someone used my card fraudulently!,1,2
680942,Fraudulent Transaction,Someone used my card fraudulently!,1,2
427445,Fraudulent Transaction,"Suspicious transaction on my card, please investigate!",1,2
801429,Fraudulent Transaction,Someone used my card fraudulently!,1,2
498160,Fraudulent Transaction,"I reported fraud, but no action taken!",1,2
529310,Fraudulent Transaction,Someone used my card fraudulently!,1,2
490116,Fraudulent Transaction,Someone used my card fraudulently!,1,2
382704,Unauthorized Charge,"I raised a dispute, but no resolution yet!",1,6
313940,Fraudulent Transaction,"Suspicious transaction on my card, please investigate!",1,2
355644,Unauthorized Charge,I was charged without my knowledge!,1,6
570917,Unauthorized Charge,"I raised a dispute, but no resolution yet!",1,6
415820,Fraudulent Transaction,Someone used my card fraudulently!,1,2
223692,Unauthorized Charge,I was charged without my knowledge!,1,6
528207,Fraudulent Transaction,"I reported fraud, but no action taken!",1,2
111208,Fraudulent Transaction,Someone used my card fraudulently!,1,2
451135,Fraudulent Transaction,"Suspicious transaction on my card, please investigate!",1,2
594519,Fraudulent Transaction,Someone used my card fraudulently!,1,2
420918,Unauthorized Charge,"I raised a dispute, but no resolution yet!",1,6
519442,Fraudulent Transaction,Someone used my card fraudulently!,1,2
462859,Unauthorized Charge,Unauthorized transaction detected on my account.,1,6
437095,Unauthorized Charge,"I raised a dispute, but no resolution yet!",1,6
498759,Unauthorized Charge,I was charged without my knowledge!,1,6
444634,Unauthorized Charge,Unauthorized transaction detected on my account.,1,6
396404,Unauthorized Charge,I was charged without my knowledge!,1,6
478009,Unauthorized Charge,I was charged without my knowledge!,1,6
445921,Fraudulent Transaction,"Suspicious transaction on my card, please investigate!",1,2
415793,Fraudulent Transaction,"Suspicious transaction on my card, please investigate!",1,2
584732,Unauthorized Charge,Unauthorized transaction detected on my account.,1,6
421793,Unauthorized Charge,I was charged without my knowledge!,1,6
514666,Fraudulent Transaction,"Suspicious transaction on my card, please investigate!",1,2
429200,Unauthorized Charge,I was charged without my knowledge!,1,6
652577,Unauthorized Charge,Unauthorized transaction detected on my account.,1,6
629453,Unauthorized Charge,I was charged without my knowledge!,1,6
409441,Fraudulent Transaction,"Suspicious transaction on my card, please investigate!",1,2
601879,Unauthorized Charge,"I raised a dispute, but no resolution yet!",1,6
479253,Unauthorized Charge,"I raised a dispute, but no resolution yet!",1,6
423279,Fraudulent Transaction,"Suspicious transaction on my card, please investigate!",1,2
388010,Unauthorized Charge,I was charged without my knowledge!,1,6
370603,Unauthorized Charge,I was charged without my knowledge!,1,6
397010,Fraudulent Transaction,"I reported fraud, but no action taken!",1,2
380828,Fraudulent Transaction,"I reported fraud, but no action taken!",1,2
528697,Fraudulent Transaction,Someone used my card fraudulently!,1,2
473398,Unauthorized Charge,Unauthorized transaction detected on my account.,1,6
599093,Unauthorized Charge,Unauthorized transaction detected on my account.,1,6
436229,Unauthorized Charge,I was charged without my knowledge!,1,6
395099,Fraudulent Transaction,"I reported fraud, but no action taken!",1,2
446417,Unauthorized Charge,Unauthorized transaction detected on my account.,1,6
368559,Unauthorized Charge,Unauthorized transaction detected on my account.,1,6
495358,Unauthorized Charge,Unauthorized transaction detected on my account.,1,6
523599,Fraudulent Transaction,Someone used my card fraudulently!,1,2
478552,Fraudulent Transaction,Someone used my card fraudulently!,1,2
439229,Unauthorized Charge,"I raised a dispute, but no resolution yet!",1,6
549516,Fraudulent Transaction,"Suspicious transaction on my card, please investigate!",1,2
388661,Unauthorized Charge,I was charged without my knowledge!,1,6
372987,Unauthorized Charge,Unauthorized transaction detected on my account.,1,6
472113,Unauthorized Charge,Unauthorized transaction detected on my account.,1,6
508953,Unauthorized Charge,Unauthorized transaction detected on my account.,1,6
370469,Unauthorized Charge,Unauthorized transaction detected on my account.,1,6
507032,Unauthorized Charge,"I raised a dispute, but no resolution yet!",1,6
345772,Unauthorized Charge,"I raised a dispute, but no resolution yet!",1,6
557734,Unauthorized Charge,I was charged without my knowledge!,1,6
454678,Unauthorized Charge,Unauthorized transaction detected on my account.,1,6
464882,Fraudulent Transaction,"I reported fraud, but no action taken!",1,2
435266,Unauthorized Charge,Unauthorized transaction detected on my account.,1,6
354676,Unauthorized Charge,I was charged without my knowledge!,1,6
334768,Fraudulent Transaction,"Suspicious transaction on my card, please investigate!",1,2
393507,Unauthorized Charge,Unauthorized transaction detected on my account.,1,6
393527,Fraudulent Transaction,Someone used my card fraudulently!,1,2
491780,Fraudulent Transaction,"I reported fraud, but no action taken!",1,2
626749,Unauthorized Charge,I was charged without my knowledge!,1,6
504359,Unauthorized Charge,I was charged without my knowledge!,1,6
427340,Unauthorized Charge,"I raised a dispute, but no resolution yet!",1,6
627696,Fraudulent Transaction,"I reported fraud, but no action taken!",1,2
369061,Unauthorized Charge,I was charged without my knowledge!,1,6
382172,Unauthorized Charge,I was charged without my knowledge!,1,6
658976,Fraudulent Transaction,Someone used my card fraudulently!,1,2
515369,Fraudulent Transaction,"Suspicious transaction on my card, please investigate!",1,2
371230,Fraudulent Transaction,"I reported fraud, but no action taken!",1,2
813825,Unauthorized Charge,I was charged without my knowledge!,1,6
470885,Fraudulent Transaction,Someone used my card fraudulently!,1,2
650276,Unauthorized Charge,I was charged without my knowledge!,1,6
608586,Unauthorized Charge,I was charged without my knowledge!,1,6
383591,Fraudulent Transaction,"I reported fraud, but no action taken!",1,2
430826,Fraudulent Transaction,"Suspicious transaction on my card, please investigate!",1,2
357673,Unauthorized Charge,I was charged without my knowledge!,1,6
400229,Unauthorized Charge,I was charged without my knowledge!,1,6
646185,Unauthorized Charge,Unauthorized transaction detected on my account.,1,6
308855,Fraudulent Transaction,"I reported fraud, but no action taken!",1,2
376965,Unauthorized Charge,I was charged without my knowledge!,1,6
477347,Unauthorized Charge,I was charged without my knowledge!,1,6
492134,Unauthorized Charge,"I raised a dispute, but no resolution yet!",1,6
498305,Unauthorized Charge,I was charged without my knowledge!,1,6
313319,Unauthorized Charge,Unauthorized transaction detected on my account.,1,6
607275,Unauthorized Charge,Unauthorized transaction detected on my account.,1,6
816296,Unauthorized Charge,I was charged without my knowledge!,1,6
518767,Unauthorized Charge,Unauthorized transaction detected on my account.,1,6
577047,Fraudulent Transaction,"I reported fraud, but no action taken!",1,2
469090,Unauthorized Charge,I was charged without my knowledge!,1,6
626773,Fraudulent Transaction,"I reported fraud, but no action taken!",1,2
436324,Unauthorized Charge,"I raised a dispute, but no resolution yet!",1,6
369762,Fraudulent Transaction,"I reported fraud, but no action taken!",1,2
382298,Unauthorized Charge,"I raised a dispute, but no resolution yet!",1,6
460667,Unauthorized Charge,I was charged without my knowledge!,1,6
303164,Unauthorized Charge,Unauthorized transaction detected on my account.,1,6
533385,Fraudulent Transaction,"Suspicious transaction on my card, please investigate!",1,2
680397,Unauthorized Charge,Unauthorized transaction detected on my account.,1,6
429308,Unauthorized Charge,"I raised a dispute, but no resolution yet!",1,6
420071,Fraudulent Transaction,Someone used my card fraudulently!,1,2
390995,Unauthorized Charge,"I raised a dispute, but no resolution yet!",1,6
418553,Fraudulent Transaction,Someone used my card fraudulently!,1,2
455055,Fraudulent Transaction,"Suspicious transaction on my card, please investigate!",1,2
525255,Fraudulent Transaction,Someone used my card fraudulently!,1,2
813364,Fraudulent Transaction,Someone used my card fraudulently!,1,2
640816,Fraudulent Transaction,"Suspicious transaction on my card, please investigate!",1,2
435648,Unauthorized Charge,Unauthorized transaction detected on my account.,1,6
648110,Unauthorized Charge,"I raised a dispute, but no resolution yet!",1,6
500671,Unauthorized Charge,"I raised a dispute, but no resolution yet!",1,6
628510,Unauthorized Charge,"I raised a dispute, but no resolution yet!",1,6
400743,Fraudulent Transaction,"Suspicious transaction on my card, please investigate!",1,2
423472,Fraudulent Transaction,"Suspicious transaction on my card, please investigate!",1,2
582835,Unauthorized Charge,"I raised a dispute, but no resolution yet!",1,6
596670,Fraudulent Transaction,"Suspicious transaction on my card, please investigate!",1,2
426197,Fraudulent Transaction,"I reported fraud, but no action taken!",1,2
587202,Fraudulent Transaction,Someone used my card fraudulently!,1,2
817679,Fraudulent Transaction,Someone used my card fraudulently!,1,2
345806,Unauthorized Charge,I was charged without my knowledge!,1,6
384891,Fraudulent Transaction,"I reported fraud, but no action taken!",1,2
480152,Fraudulent Transaction,Someone used my card fraudulently!,1,2
655348,Unauthorized Charge,"I raised a dispute, but no resolution yet!",1,6
355038,Unauthorized Charge,Unauthorized transaction detected on my account.,1,6
305045,Unauthorized Charge,"I raised a dispute, but no resolution yet!",1,6
656795,Unauthorized Charge,I was charged without my knowledge!,1,6
552420,Fraudulent Transaction,"Suspicious transaction on my card, please investigate!",1,2
647313,Unauthorized Charge,Unauthorized transaction detected on my account.,1,6
583375,Fraudulent Transaction,Someone used my card fraudulently!,1,2
407143,Fraudulent Transaction,"Suspicious transaction on my card, please investigate!",1,2
655660,Fraudulent Transaction,Someone used my card fraudulently!,1,2
814960,Fraudulent Transaction,"Suspicious transaction on my card, please investigate!",1,2
509330,Fraudulent Transaction,Someone used my card fraudulently!,1,2
398866,Fraudulent Transaction,"Suspicious transaction on my card, please investigate!",1,2
415621,Unauthorized Charge,Unauthorized transaction detected on my account.,1,6
429380,Unauthorized Charge,Unauthorized transaction detected on my account.,1,6
491653,Unauthorized Charge,"I raised a dispute, but no resolution yet!",1,6
559969,Unauthorized Charge,"I raised a dispute, but no resolution yet!",1,6
499319,Fraudulent Transaction,Someone used my card fraudulently!,1,2
457488,Fraudulent Transaction,Someone used my card fraudulently!,1,2
529785,Fraudulent Transaction,"Suspicious transaction on my card, please investigate!",1,2
402080,Fraudulent Transaction,"Suspicious transaction on my card, please investigate!",1,2
487762,Fraudulent Transaction,Someone used my card fraudulently!,1,2
677420,Unauthorized Charge,Unauthorized transaction detected on my account.,1,6
547778,Unauthorized Charge,"I raised a dispute, but no resolution yet!",1,6
583885,Fraudulent Transaction,"I reported fraud, but no action taken!",1,2
506048,Unauthorized Charge,"I raised a dispute, but no resolution yet!",1,6
465512,Unauthorized Charge,I was charged without my knowledge!,1,6
223503,Unauthorized Charge,Unauthorized transaction detected on my account.,1,6
487179,Fraudulent Transaction,Someone used my card fraudulently!,1,2
502039,Unauthorized Charge,"I raised a dispute, but no resolution yet!",1,6
515153,Fraudulent Transaction,"I reported fraud, but no action taken!",1,2
521443,Fraudulent Transaction,"I reported fraud, but no action taken!",1,2
626743,Unauthorized Charge,I was charged without my knowledge!,1,6
372605,Unauthorized Charge,"I raised a dispute, but no resolution yet!",1,6
222898,Fraudulent Transaction,"Suspicious transaction on my card, please investigate!",1,2
657231,Fraudulent Transaction,"Suspicious transaction on my card, please investigate!",1,2
355750,Unauthorized Charge,Unauthorized transaction detected on my account.,1,6
547952,Fraudulent Transaction,"Suspicious transaction on my card, please investigate!",1,2
624680,Fraudulent Transaction,"I reported fraud, but no action taken!",1,2
555038,Fraudulent Transaction,Someone used my card fraudulently!,1,2
480184,Fraudulent Transaction,"I reported fraud, but no action taken!",1,2
599139,Unauthorized Charge,"I raised a dispute, but no resolution yet!",1,6
530187,Unauthorized Charge,"I raised a dispute, but no resolution yet!",1,6
393507,Fraudulent Transaction,"Suspicious transaction on my card, please investigate!",1,2
503714,Fraudulent Transaction,Someone used my card fraudulently!,1,2
378623,Fraudulent Transaction,"I reported fraud, but no action taken!",1,2
334979,Unauthorized Charge,"I raised a dispute, but no resolution yet!",1,6
816164,Unauthorized Charge,"I raised a dispute, but no resolution yet!",1,6
622122,Unauthorized Charge,"I raised a dispute, but no resolution yet!",1,6
467766,Fraudulent Transaction,"Suspicious transaction on my card, please investigate!",1,2
574200,Fraudulent Transaction,"I reported fraud, but no action taken!",1,2
490977,Fraudulent Transaction,"I reported fraud, but no action taken!",1,2
362264,Unauthorized Charge,"I raised a dispute, but no resolution yet!",1,6
403030,Unauthorized Charge,Unauthorized transaction detected on my account.,1,6
448027,Unauthorized Charge,"I raised a dispute, but no resolution yet!",1,6
810738,Unauthorized Charge,"I raised a dispute, but no resolution yet!",1,6
641011,Fraudulent Transaction,Someone used my card fraudulently!,1,2
435246,Unauthorized Charge,I was charged without my knowledge!,1,6
534760,Unauthorized Charge,"I raised a dispute, but no resolution yet!",1,6
659007,Fraudulent Transaction,"I reported fraud, but no action taken!",1,2
408039,Unauthorized Charge,"I raised a dispute, but no resolution yet!",1,6
399633,Fraudulent Transaction,"I reported fraud, but no action taken!",1,2
300599,Unauthorized Charge,"I raised a dispute, but no resolution yet!",1,6
423072,Fraudulent Transaction,Someone used my card fraudulently!,1,2
506066,Fraudulent Transaction,"I reported fraud, but no action taken!",1,2
397299,Unauthorized Charge,Unauthorized transaction detected on my account.,1,6
546153,Unauthorized Charge,"I raised a dispute, but no resolution yet!",1,6
607116,Fraudulent Transaction,"Suspicious transaction on my card, please investigate!",1,2
376608,Fraudulent Transaction,"Suspicious transaction on my card, please investigate!",1,2
436821,Unauthorized Charge,Unauthorized transaction detected on my account.,1,6
447750,Unauthorized Charge,Unauthorized transaction detected on my account.,1,6
477648,Unauthorized Charge,"I raised a dispute, but no resolution yet!",1,6
392641,Unauthorized Charge,I was charged without my knowledge!,1,6
564044,Unauthorized Charge,Unauthorized transaction detected on my account.,1,6
422280,Unauthorized Charge,Unauthorized transaction detected on my account.,1,6
529949,Fraudulent Transaction,"I reported fraud, but no action taken!",1,2
407730,Fraudulent Transaction,"Suspicious transaction on my card, please investigate!",1,2
491490,Fraudulent Transaction,Someone used my card fraudulently!,1,2
375053,Fraudulent Transaction,"I reported fraud, but no action taken!",1,2
608915,Fraudulent Transaction,"I reported fraud, but no action taken!",1,2
888197,Unauthorized Charge,Unauthorized transaction detected on my account.,1,6
398537,Fraudulent Transaction,Someone used my card fraudulently!,1,2
529062,Fraudulent Transaction,"Suspicious transaction on my card, please investigate!",1,2
401515,Fraudulent Transaction,"Suspicious transaction on my card, please investigate!",1,2
544878,Fraudulent Transaction,"Suspicious transaction on my card, please investigate!",1,2
100101,Unauthorized Charge,I was charged without my knowledge!,1,6
641861,Fraudulent Transaction,"I reported fraud, but no action taken!",1,2
468460,Unauthorized Charge,I was charged without my knowledge!,1,6
480137,Fraudulent Transaction,"I reported fraud, but no action taken!",1,2
656891,Unauthorized Charge,"I raised a dispute, but no resolution yet!",1,6
811385,Fraudulent Transaction,Someone used my card fraudulently!,1,2
817441,Fraudulent Transaction,Someone used my card fraudulently!,1,2
648058,Fraudulent Transaction,"I reported fraud, but no action taken!",1,2
648014,Unauthorized Charge,"I raised a dispute, but no resolution yet!",1,6
348967,Unauthorized Charge,I was charged without my knowledge!,1,6
414036,Unauthorized Charge,Unauthorized transaction detected on my account.,1,6
642129,Unauthorized Charge,I was charged without my knowledge!,1,6
381258,Fraudulent Transaction,"Suspicious transaction on my card, please investigate!",1,2
418444,Fraudulent Transaction,Someone used my card fraudulently!,1,2
640640,Unauthorized Charge,I was charged without my knowledge!,1,6
391871,Fraudulent Transaction,"Suspicious transaction on my card, please investigate!",1,2
582467,Fraudulent Transaction,"I reported fraud, but no action taken!",1,2
343430,Unauthorized Charge,I was charged without my knowledge!,1,6
651980,Unauthorized Charge,Unauthorized transaction detected on my account.,1,6
524473,Unauthorized Charge,Unauthorized transaction detected on my account.,1,6
659871,Unauthorized Charge,"I raised a dispute, but no resolution yet!",1,6
449874,Unauthorized Charge,"I raised a dispute, but no resolution yet!",1,6
656570,Unauthorized Charge,"I raised a dispute, but no resolution yet!",1,6
394303,Unauthorized Charge,"I raised a dispute, but no resolution yet!",1,6
648727,Fraudulent Transaction,"I reported fraud, but no action taken!",1,2
304035,Fraudulent Transaction,Someone used my card fraudulently!,1,2
581476,Fraudulent Transaction,Someone used my card fraudulently!,1,2
490371,Unauthorized Charge,"I raised a dispute, but no resolution yet!",1,6
658583,Fraudulent Transaction,"Suspicious transaction on my card, please investigate!",1,2
888585,Unauthorized Charge,I was charged without my knowledge!,1,6
640012,Unauthorized Charge,Unauthorized transaction detected on my account.,1,6
770063,Fraudulent Transaction,"I reported fraud, but no action taken!",1,2
548622,Unauthorized Charge,"I raised a dispute, but no resolution yet!",1,6
622700,Unauthorized Charge,Unauthorized transaction detected on my account.,1,6
340853,Unauthorized Charge,"I raised a dispute, but no resolution yet!",1,6
407355,Fraudulent Transaction,Someone used my card fraudulently!,1,2
655017,Unauthorized Charge,"I raised a dispute, but no resolution yet!",1,6
520524,Unauthorized Charge,I was charged without my knowledge!,1,6
420691,Fraudulent Transaction,"I reported fraud, but no action taken!",1,2
365969,Unauthorized Charge,Unauthorized transaction detected on my account.,1,6
658573,Unauthorized Charge,I was charged without my knowledge!,1,6
510086,Unauthorized Charge,"I raised a dispute, but no resolution yet!",1,6
392546,Fraudulent Transaction,"I reported fraud, but no action taken!",1,2
525298,Fraudulent Transaction,"Suspicious transaction on my card, please investigate!",1,2
396880,Fraudulent Transaction,"I reported fraud, but no action taken!",1,2
346483,Fraudulent Transaction,"Suspicious transaction on my card, please investigate!",1,2
815032,Fraudulent Transaction,"I reported fraud, but no action taken!",1,2
302274,Unauthorized Charge,"I raised a dispute, but no resolution yet!",1,6
816944,Fraudulent Transaction,"I reported fraud, but no action taken!",1,2
813872,Unauthorized Charge,I was charged without my knowledge!,1,6
455358,Unauthorized Charge,"I raised a dispute, but no resolution yet!",1,6
483598,Fraudulent Transaction,"Suspicious transaction on my card, please investigate!",1,2
366536,Fraudulent Transaction,"I reported fraud, but no action taken!",1,2
522669,Fraudulent Transaction,"I reported fraud, but no action taken!",1,2
426545,Fraudulent Transaction,"Suspicious transaction on my card, please investigate!",1,2
305852,Unauthorized Charge,"I raised a dispute, but no resolution yet!",1,6
116927,Unauthorized Charge,I was charged without my knowledge!,1,6
373629,Fraudulent Transaction,"I reported fraud, but no action taken!",1,2
816443,Fraudulent Transaction,Someone used my card fraudulently!,1,2
386533,Fraudulent Transaction,Someone used my card fraudulently!,1,2
548083,Fraudulent Transaction,Someone used my card fraudulently!,1,2
530832,Unauthorized Charge,"I raised a dispute, but no resolution yet!",1,6
432028,Unauthorized Charge,Unauthorized transaction detected on my account.,1,6
437673,Unauthorized Charge,I was charged without my knowledge!,1,6
505397,Unauthorized Charge,Unauthorized transaction detected on my account.,1,6
511184,Fraudulent Transaction,Someone used my card fraudulently!,1,2
641495,Fraudulent Transaction,"I reported fraud, but no action taken!",1,2
581950,Unauthorized Charge,Unauthorized transaction detected on my account.,1,6
432380,Fraudulent Transaction,Someone used my card fraudulently!,1,2
378875,Fraudulent Transaction,Someone used my card fraudulently!,1,2
304593,Unauthorized Charge,"I raised a dispute, but no resolution yet!",1,6
556932,Fraudulent Transaction,"Suspicious transaction on my card, please investigate!",1,2
627657,Fraudulent Transaction,"Suspicious transaction on my card, please investigate!",1,2
407719,Fraudulent Transaction,"Suspicious transaction on my card, please investigate!",1,2
811658,Fraudulent Transaction,Someone used my card fraudulently!,1,2
817083,Fraudulent Transaction,"I reported fraud, but no action taken!",1,2
494641,Unauthorized Charge,"I raised a dispute, but no resolution yet!",1,6
654300,Unauthorized Charge,"I raised a dispute, but no resolution yet!",1,6
420443,Unauthorized Charge,Unauthorized transaction detected on my account.,1,6
463136,Fraudulent Transaction,"I reported fraud, but no action taken!",1,2
428885,Unauthorized Charge,"I raised a dispute, but no resolution yet!",1,6
646068,Fraudulent Transaction,"I reported fraud, but no action taken!",1,2
503894,Fraudulent Transaction,"I reported fraud, but no action taken!",1,2
311458,Unauthorized Charge,"I raised a dispute, but no resolution yet!",1,6
545799,Fraudulent Transaction,"I reported fraud, but no action taken!",1,2
366425,Unauthorized Charge,Unauthorized transaction detected on my account.,1,6
370113,Fraudulent Transaction,"Suspicious transaction on my card, please investigate!",1,2
524703,Fraudulent Transaction,"I reported fraud, but no action taken!",1,2
547222,Unauthorized Charge,"I raised a dispute, but no resolution yet!",1,6
387751,Fraudulent Transaction,Someone used my card fraudulently!,1,2
392494,Unauthorized Charge,Unauthorized transaction detected on my account.,1,6
445173,Fraudulent Transaction,"I reported fraud, but no action taken!",1,2
363763,Fraudulent Transaction,"Suspicious transaction on my card, please investigate!",1,2
771358,Fraudulent Transaction,"I reported fraud, but no action taken!",1,2
379445,Unauthorized Charge,"I raised a dispute, but no resolution yet!",1,6
818721,Unauthorized Charge,"I raised a dispute, but no resolution yet!",1,6
550142,Unauthorized Charge,I was charged without my knowledge!,1,6
341217,Fraudulent Transaction,"Suspicious transaction on my card, please investigate!",1,2
468686,Unauthorized Charge,I was charged without my knowledge!,1,6
532252,Unauthorized Charge,I was charged without my knowledge!,1,6
429907,Fraudulent Transaction,"I reported fraud, but no action taken!",1,2
442804,Unauthorized Charge,I was charged without my knowledge!,1,6
587484,Unauthorized Charge,Unauthorized transaction detected on my account.,1,6
435137,Unauthorized Charge,Unauthorized transaction detected on my account.,1,6
368576,Fraudulent Transaction,"I reported fraud, but no action taken!",1,2
538433,Unauthorized Charge,Unauthorized transaction detected on my account.,1,6
492999,Unauthorized Charge,I was charged without my knowledge!,1,6
437816,Unauthorized Charge,Unauthorized transaction detected on my account.,1,6
810491,Unauthorized Charge,"I raised a dispute, but no resolution yet!",1,6
302654,Fraudulent Transaction,Someone used my card fraudulently!,1,2
626489,Unauthorized Charge,"I raised a dispute, but no resolution yet!",1,6
818163,Unauthorized Charge,I was charged without my knowledge!,1,6
582139,Unauthorized Charge,I was charged without my knowledge!,1,6
402066,Fraudulent Transaction,Someone used my card fraudulently!,1,2
401447,Fraudulent Transaction,"Suspicious transaction on my card, please investigate!",1,2
490531,Unauthorized Charge,"I raised a dispute, but no resolution yet!",1,6
507195,Fraudulent Transaction,"I reported fraud, but no action taken!",1,2
900683,Unauthorized Charge,I was charged without my knowledge!,1,6
771767,Fraudulent Transaction,"Suspicious transaction on my card, please investigate!",1,2
455493,Fraudulent Transaction,Someone used my card fraudulently!,1,2
383321,Fraudulent Transaction,"I reported fraud, but no action taken!",1,2
513200,Fraudulent Transaction,Someone used my card fraudulently!,1,2
403700,Fraudulent Transaction,"I reported fraud, but no action taken!",1,2
494418,Fraudulent Transaction,"Suspicious transaction on my card, please investigate!",1,2
305535,Unauthorized Charge,I was charged without my knowledge!,1,6
304198,Fraudulent Transaction,"I reported fraud, but no action taken!",1,2
199945,Unauthorized Charge,I was charged without my knowledge!,1,6
551030,Fraudulent Transaction,Someone used my card fraudulently!,1,2
584234,Fraudulent Transaction,"Suspicious transaction on my card, please investigate!",1,2
586135,Unauthorized Charge,Unauthorized transaction detected on my account.,1,6
476296,Fraudulent Transaction,Someone used my card fraudulently!,1,2
414818,Unauthorized Charge,"I raised a dispute, but no resolution yet!",1,6
588324,Unauthorized Charge,I was charged without my knowledge!,1,6
402091,Unauthorized Charge,"I raised a dispute, but no resolution yet!",1,6
473922,Fraudulent Transaction,"Suspicious transaction on my card, please investigate!",1,2
250051,Unauthorized Charge,I was charged without my knowledge!,1,6
538715,Unauthorized Charge,Unauthorized transaction detected on my account.,1,6
570322,Fraudulent Transaction,Someone used my card fraudulently!,1,2
309397,Fraudulent Transaction,Someone used my card fraudulently!,1,2
415538,Fraudulent Transaction,"I reported fraud, but no action taken!",1,2
486575,Unauthorized Charge,I was charged without my knowledge!,1,6
380109,Fraudulent Transaction,"Suspicious transaction on my card, please investigate!",1,2
625162,Unauthorized Charge,"I raised a dispute, but no resolution yet!",1,6
623092,Fraudulent Transaction,"Suspicious transaction on my card, please investigate!",1,2
360635,Fraudulent Transaction,"I reported fraud, but no action taken!",1,2
633469,Fraudulent Transaction,"Suspicious transaction on my card, please investigate!",1,2
543011,Fraudulent Transaction,"I reported fraud, but no action taken!",1,2
625237,Unauthorized Charge,I was charged without my knowledge!,1,6
103439,Unauthorized Charge,Unauthorized transaction detected on my account.,1,6
499780,Unauthorized Charge,"I raised a dispute, but no resolution yet!",1,6
640680,Unauthorized Charge,"I raised a dispute, but no resolution yet!",1,6
362661,Fraudulent Transaction,"Suspicious transaction on my card, please investigate!",1,2
384325,Unauthorized Charge,"I raised a dispute, but no resolution yet!",1,6
811786,Unauthorized Charge,I was charged without my knowledge!,1,6
658234,Fraudulent Transaction,"Suspicious transaction on my card, please investigate!",1,2
395682,Unauthorized Charge,I was charged without my knowledge!,1,6
430210,Unauthorized Charge,"I raised a dispute, but no resolution yet!",1,6
398109,Fraudulent Transaction,"Suspicious transaction on my card, please investigate!",1,2
511646,Fraudulent Transaction,"Suspicious transaction on my card, please investigate!",1,2
386411,Fraudulent Transaction,"Suspicious transaction on my card, please investigate!",1,2
465422,Unauthorized Charge,"I raised a dispute, but no resolution yet!",1,6
426000,Unauthorized Charge,I was charged without my knowledge!,1,6
592427,Unauthorized Charge,I was charged without my knowledge!,1,6
528363,Fraudulent Transaction,"Suspicious transaction on my card, please investigate!",1,2
521857,Unauthorized Charge,I was charged without my knowledge!,1,6
453003,Unauthorized Charge,Unauthorized transaction detected on my account.,1,6
584561,Fraudulent Transaction,"I reported fraud, but no action taken!",1,2
589881,Fraudulent Transaction,Someone used my card fraudulently!,1,2
357886,Unauthorized Charge,I was charged without my knowledge!,1,6
584311,Fraudulent Transaction,"I reported fraud, but no action taken!",1,2
492431,Fraudulent Transaction,"I reported fraud, but no action taken!",1,2
655018,Unauthorized Charge,I was charged without my knowledge!,1,6
316716,Fraudulent Transaction,"I reported fraud, but no action taken!",1,2
771328,Fraudulent Transaction,"Suspicious transaction on my card, please investigate!",1,2
604380,Fraudulent Transaction,"I reported fraud, but no action taken!",1,2
651923,Fraudulent Transaction,"Suspicious transaction on my card, please investigate!",1,2
111278,Unauthorized Charge,I was charged without my knowledge!,1,6
399588,Fraudulent Transaction,Someone used my card fraudulently!,1,2
558025,Fraudulent Transaction,"Suspicious transaction on my card, please investigate!",1,2
386633,Fraudulent Transaction,"Suspicious transaction on my card, please investigate!",1,2
626305,Unauthorized Charge,Unauthorized transaction detected on my account.,1,6
444394,Unauthorized Charge,"I raised a dispute, but no resolution yet!",1,6
384530,Fraudulent Transaction,"I reported fraud, but no action taken!",1,2
399803,Unauthorized Charge,I was charged without my knowledge!,1,6
355870,Unauthorized Charge,"I raised a dispute, but no resolution yet!",1,6
592529,Fraudulent Transaction,Someone used my card fraudulently!,1,2
644634,Fraudulent Transaction,Someone used my card fraudulently!,1,2
340414,Unauthorized Charge,"I raised a dispute, but no resolution yet!",1,6
581600,Fraudulent Transaction,"Suspicious transaction on my card, please investigate!",1,2
459658,Fraudulent Transaction,"Suspicious transaction on my card, please investigate!",1,2
817958,Unauthorized Charge,Unauthorized transaction detected on my account.,1,6
477775,Unauthorized Charge,Unauthorized transaction detected on my account.,1,6
364296,Unauthorized Charge,I was charged without my knowledge!,1,6
911164,Unauthorized Charge,Unauthorized transaction detected on my account.,1,6
351570,Unauthorized Charge,Unauthorized transaction detected on my account.,1,6
494645,Unauthorized Charge,"I raised a dispute, but no resolution yet!",1,6
432204,Fraudulent Transaction,"Suspicious transaction on my card, please investigate!",1,2
818304,Fraudulent Transaction,Someone used my card fraudulently!,1,2
402032,Unauthorized Charge,Unauthorized transaction detected on my account.,1,6
444938,Fraudulent Transaction,Someone used my card fraudulently!,1,2
413921,Unauthorized Charge,I was charged without my knowledge!,1,6
465605,Fraudulent Transaction,Someone used my card fraudulently!,1,2
452505,Unauthorized Charge,I was charged without my knowledge!,1,6
421621,Fraudulent Transaction,"Suspicious transaction on my card, please investigate!",1,2
100682,Unauthorized Charge,"I raised a dispute, but no resolution yet!",1,6
560548,Fraudulent Transaction,"I reported fraud, but no action taken!",1,2
539743,Unauthorized Charge,I was charged without my knowledge!,1,6
437871,Fraudulent Transaction,"Suspicious transaction on my card, please investigate!",1,2
178183,Unauthorized Charge,"I raised a dispute, but no resolution yet!",1,6
656515,Unauthorized Charge,Unauthorized transaction detected on my account.,1,6
814688,Fraudulent Transaction,Someone used my card fraudulently!,1,2
371695,Fraudulent Transaction,"I reported fraud, but no action taken!",1,2
342231,Unauthorized Charge,"I raised a dispute, but no resolution yet!",1,6
368067,Fraudulent Transaction,Someone used my card fraudulently!,1,2
542188,Fraudulent Transaction,"Suspicious transaction on my card, please investigate!",1,2
401974,Fraudulent Transaction,Someone used my card fraudulently!,1,2
603748,Fraudulent Transaction,"Suspicious transaction on my card, please investigate!",1,2
430024,Unauthorized Charge,"I raised a dispute, but no resolution yet!",1,6
580474,Fraudulent Transaction,"I reported fraud, but no action taken!",1,2
426001,Fraudulent Transaction,"I reported fraud, but no action taken!",1,2
370954,Fraudulent Transaction,Someone used my card fraudulently!,1,2
547930,Fraudulent Transaction,Someone used my card fraudulently!,1,2
597102,Unauthorized Charge,Unauthorized transaction detected on my account.,1,6
345429,Fraudulent Transaction,"Suspicious transaction on my card, please investigate!",1,2
577613,Fraudulent Transaction,"Suspicious transaction on my card, please investigate!",1,2
674374,Unauthorized Charge,I was charged without my knowledge!,1,6
507048,Fraudulent Transaction,"Suspicious transaction on my card, please investigate!",1,2
497392,Unauthorized Charge,I was charged without my knowledge!,1,6
371454,Unauthorized Charge,Unauthorized transaction detected on my account.,1,6
443251,Unauthorized Charge,"I raised a dispute, but no resolution yet!",1,6
372902,Unauthorized Charge,"I raised a dispute, but no resolution yet!",1,6
553128,Fraudulent Transaction,Someone used my card fraudulently!,1,2
401524,Fraudulent Transaction,"I reported fraud, but no action taken!",1,2
381710,Unauthorized Charge,Unauthorized transaction detected on my account.,1,6
520242,Unauthorized Charge,I was charged without my knowledge!,1,6
432601,Fraudulent Transaction,"I reported fraud, but no action taken!",1,2
604876,Unauthorized Charge,Unauthorized transaction detected on my account.,1,6
312083,Fraudulent Transaction,Someone used my card fraudulently!,1,2
559041,Fraudulent Transaction,"Suspicious transaction on my card, please investigate!",1,2
620500,Unauthorized Charge,"I raised a dispute, but no resolution yet!",1,6
421780,Unauthorized Charge,"I raised a dispute, but no resolution yet!",1,6
396563,Fraudulent Transaction,"Suspicious transaction on my card, please investigate!",1,2
385794,Fraudulent Transaction,Someone used my card fraudulently!,1,2
777284,Fraudulent Transaction,"Suspicious transaction on my card, please investigate!",1,2
567265,Unauthorized Charge,Unauthorized transaction detected on my account.,1,6
506357,Fraudulent Transaction,Someone used my card fraudulently!,1,2
654234,Fraudulent Transaction,"Suspicious transaction on my card, please investigate!",1,2
645520,Unauthorized Charge,I was charged without my knowledge!,1,6
419621,Fraudulent Transaction,"Suspicious transaction on my card, please investigate!",1,2
506769,Unauthorized Charge,I was charged without my knowledge!,1,6
377085,Unauthorized Charge,Unauthorized transaction detected on my account.,1,6
425586,Fraudulent Transaction,Someone used my card fraudulently!,1,2
349595,Unauthorized Charge,Unauthorized transaction detected on my account.,1,6
408463,Fraudulent Transaction,"I reported fraud, but no action taken!",1,2
434640,Unauthorized Charge,I was charged without my knowledge!,1,6
603110,Unauthorized Charge,Unauthorized transaction detected on my account.,1,6
534884,Unauthorized Charge,"I raised a dispute, but no resolution yet!",1,6
472180,Fraudulent Transaction,Someone used my card fraudulently!,1,2
596046,Fraudulent Transaction,"Suspicious transaction on my card, please investigate!",1,2
557703,Unauthorized Charge,I was charged without my knowledge!,1,6
488166,Unauthorized Charge,"I raised a dispute, but no resolution yet!",1,6
598137,Fraudulent Transaction,"Suspicious transaction on my card, please investigate!",1,2
317058,Unauthorized Charge,"I raised a dispute, but no resolution yet!",1,6
511175,Unauthorized Charge,I was charged without my knowledge!,1,6
334393,Unauthorized Charge,Unauthorized transaction detected on my account.,1,6
344517,Fraudulent Transaction,"I reported fraud, but no action taken!",1,2
400920,Fraudulent Transaction,Someone used my card fraudulently!,1,2
492513,Unauthorized Charge,"I raised a dispute, but no resolution yet!",1,6
398442,Unauthorized Charge,Unauthorized transaction detected on my account.,1,6
446389,Fraudulent Transaction,"I reported fraud, but no action taken!",1,2
435398,Fraudulent Transaction,Someone used my card fraudulently!,1,2
428727,Unauthorized Charge,I was charged without my knowledge!,1,6
775319,Unauthorized Charge,Unauthorized transaction detected on my account.,1,6
378936,Unauthorized Charge,Unauthorized transaction detected on my account.,1,6
232016,Unauthorized Charge,I was charged without my knowledge!,1,6
610554,Unauthorized Charge,"I raised a dispute, but no resolution yet!",1,6
103217,Fraudulent Transaction,"Suspicious transaction on my card, please investigate!",1,2
764636,Fraudulent Transaction,"I reported fraud, but no action taken!",1,2
433891,Fraudulent Transaction,"Suspicious transaction on my card, please investigate!",1,2
467351,Unauthorized Charge,"I raised a dispute, but no resolution yet!",1,6
356431,Unauthorized Charge,Unauthorized transaction detected on my account.,1,6
443502,Unauthorized Charge,"I raised a dispute, but no resolution yet!",1,6
347977,Fraudulent Transaction,Someone used my card fraudulently!,1,2
398678,Fraudulent Transaction,"Suspicious transaction on my card, please investigate!",1,2
507230,Fraudulent Transaction,"Suspicious transaction on my card, please investigate!",1,2
103471,Unauthorized Charge,"I raised a dispute, but no resolution yet!",1,6
399770,Fraudulent Transaction,"Suspicious transaction on my card, please investigate!",1,2
507965,Fraudulent Transaction,"I reported fraud, but no action taken!",1,2
455324,Fraudulent Transaction,Someone used my card fraudulently!,1,2
539746,Unauthorized Charge,"I raised a dispute, but no resolution yet!",1,6
482010,Unauthorized Charge,"I raised a dispute, but no resolution yet!",1,6
103436,Fraudulent Transaction,"Suspicious transaction on my card, please investigate!",1,2
646773,Fraudulent Transaction,"I reported fraud, but no action taken!",1,2
386465,Fraudulent Transaction,Someone used my card fraudulently!,1,2
476565,Fraudulent Transaction,"Suspicious transaction on my card, please investigate!",1,2
353729,Fraudulent Transaction,Someone used my card fraudulently!,1,2
815573,Fraudulent Transaction,"I reported fraud, but no action taken!",1,2
392370,Fraudulent Transaction,Someone used my card fraudulently!,1,2
507208,Fraudulent Transaction,Someone used my card fraudulently!,1,2
508009,Fraudulent Transaction,Someone used my card fraudulently!,1,2
493137,Unauthorized Charge,I was charged without my knowledge!,1,6
333723,Fraudulent Transaction,"I reported fraud, but no action taken!",1,2
418090,Fraudulent Transaction,"Suspicious transaction on my card, please investigate!",1,2
672321,Fraudulent Transaction,"Suspicious transaction on my card, please investigate!",1,2
396356,Unauthorized Charge,I was charged without my knowledge!,1,6
449151,Fraudulent Transaction,Someone used my card fraudulently!,1,2
558244,Fraudulent Transaction,"Suspicious transaction on my card, please investigate!",1,2
544008,Fraudulent Transaction,"I reported fraud, but no action taken!",1,2
556069,Unauthorized Charge,"I raised a dispute, but no resolution yet!",1,6
577431,Fraudulent Transaction,"Suspicious transaction on my card, please investigate!",1,2
425005,Fraudulent Transaction,"Suspicious transaction on my card, please investigate!",1,2
357320,Fraudulent Transaction,Someone used my card fraudulently!,1,2
418891,Fraudulent Transaction,Someone used my card fraudulently!,1,2
465038,Unauthorized Charge,"I raised a dispute, but no resolution yet!",1,6
562223,Unauthorized Charge,Unauthorized transaction detected on my account.,1,6
463445,Unauthorized Charge,Unauthorized transaction detected on my account.,1,6
482384,Fraudulent Transaction,Someone used my card fraudulently!,1,2
440150,Unauthorized Charge,I was charged without my knowledge!,1,6
640515,Unauthorized Charge,Unauthorized transaction detected on my account.,1,6
122057,Unauthorized Charge,I was charged without my knowledge!,1,6
812267,Fraudulent Transaction,Someone used my card fraudulently!,1,2
340866,Fraudulent Transaction,"I reported fraud, but no action taken!",1,2
646614,Fraudulent Transaction,"I reported fraud, but no action taken!",1,2
626178,Unauthorized Charge,Unauthorized transaction detected on my account.,1,6
493545,Fraudulent Transaction,Someone used my card fraudulently!,1,2
374971,Unauthorized Charge,"I raised a dispute, but no resolution yet!",1,6
396870,Unauthorized Charge,Unauthorized transaction detected on my account.,1,6
504564,Fraudulent Transaction,"I reported fraud, but no action taken!",1,2
509127,Fraudulent Transaction,Someone used my card fraudulently!,1,2
479447,Fraudulent Transaction,"I reported fraud, but no action taken!",1,2
450508,Unauthorized Charge,Unauthorized transaction detected on my account.,1,6
596721,Fraudulent Transaction,"Suspicious transaction on my card, please investigate!",1,2
479246,Unauthorized Charge,"I raised a dispute, but no resolution yet!",1,6
816795,Unauthorized Charge,Unauthorized transaction detected on my account.,1,6
369531,Unauthorized Charge,"I raised a dispute, but no resolution yet!",1,6
563181,Unauthorized Charge,"I raised a dispute, but no resolution yet!",1,6
606263,Unauthorized Charge,Unauthorized transaction detected on my account.,1,6
624213,Unauthorized Charge,"I raised a dispute, but no resolution yet!",1,6
456403,Unauthorized Charge,I was charged without my knowledge!,1,6
301217,Unauthorized Charge,I was charged without my knowledge!,1,6
465497,Unauthorized Charge,Unauthorized transaction detected on my account.,1,6
415797,Fraudulent Transaction,"Suspicious transaction on my card, please investigate!",1,2
515050,Fraudulent Transaction,Someone used my card fraudulently!,1,2
364894,Fraudulent Transaction,"I reported fraud, but no action taken!",1,2
383318,Unauthorized Charge,"I raised a dispute, but no resolution yet!",1,6
658581,Unauthorized Charge,Unauthorized transaction detected on my account.,1,6
710195,Fraudulent Transaction,"Suspicious transaction on my card, please investigate!",1,2
434438,Fraudulent Transaction,"I reported fraud, but no action taken!",1,2
585438,Unauthorized Charge,"I raised a dispute, but no resolution yet!",1,6
343310,Unauthorized Charge,I was charged without my knowledge!,1,6
367671,Unauthorized Charge,"I raised a dispute, but no resolution yet!",1,6
551241,Unauthorized Charge,Unauthorized transaction detected on my account.,1,6
340942,Fraudulent Transaction,"I reported fraud, but no action taken!",1,2
656914,Fraudulent Transaction,"Suspicious transaction on my card, please investigate!",1,2
371835,Fraudulent Transaction,Someone used my card fraudulently!,1,2
380343,Unauthorized Charge,Unauthorized transaction detected on my account.,1,6
497824,Fraudulent Transaction,Someone used my card fraudulently!,1,2
347117,Unauthorized Charge,Unauthorized transaction detected on my account.,1,6
436083,Unauthorized Charge,I was charged without my knowledge!,1,6
582831,Fraudulent Transaction,"Suspicious transaction on my card, please investigate!",1,2
815442,Unauthorized Charge,I was charged without my knowledge!,1,6
658704,Fraudulent Transaction,"Suspicious transaction on my card, please investigate!",1,2
356387,Fraudulent Transaction,"I reported fraud, but no action taken!",1,2
477429,Fraudulent Transaction,"I reported fraud, but no action taken!",1,2
152612,Unauthorized Charge,"I raised a dispute, but no resolution yet!",1,6
389746,Fraudulent Transaction,Someone used my card fraudulently!,1,2
750222,Fraudulent Transaction,Someone used my card fraudulently!,1,2
422193,Fraudulent Transaction,"Suspicious transaction on my card, please investigate!",1,2
433057,Fraudulent Transaction,"Suspicious transaction on my card, please investigate!",1,2
400086,Unauthorized Charge,"I raised a dispute, but no resolution yet!",1,6
386399,Unauthorized Charge,"I raised a dispute, but no resolution yet!",1,6
369810,Unauthorized Charge,I was charged without my knowledge!,1,6
816768,Unauthorized Charge,Unauthorized transaction detected on my account.,1,6
489659,Fraudulent Transaction,"Suspicious transaction on my card, please investigate!",1,2
491717,Unauthorized Charge,Unauthorized transaction detected on my account.,1,6
603393,Fraudulent Transaction,Someone used my card fraudulently!,1,2
380850,Unauthorized Charge,I was charged without my knowledge!,1,6
334426,Unauthorized Charge,"I raised a dispute, but no resolution yet!",1,6
498917,Unauthorized Charge,I was charged without my knowledge!,1,6
452247,Unauthorized Charge,Unauthorized transaction detected on my account.,1,6
362700,Fraudulent Transaction,"Suspicious transaction on my card, please investigate!",1,2
531466,Unauthorized Charge,"I raised a dispute, but no resolution yet!",1,6
677960,Unauthorized Charge,Unauthorized transaction detected on my account.,1,6
457487,Fraudulent Transaction,Someone used my card fraudulently!,1,2
304043,Unauthorized Charge,I was charged without my knowledge!,1,6
520685,Unauthorized Charge,"I raised a dispute, but no resolution yet!",1,6
810819,Unauthorized Charge,Unauthorized transaction detected on my account.,1,6
453038,Fraudulent Transaction,"I reported fraud, but no action taken!",1,2
582397,Fraudulent Transaction,"I reported fraud, but no action taken!",1,2
347116,Unauthorized Charge,I was charged without my knowledge!,1,6
546071,Fraudulent Transaction,Someone used my card fraudulently!,1,2
378718,Fraudulent Transaction,Someone used my card fraudulently!,1,2
388672,Unauthorized Charge,Unauthorized transaction detected on my account.,1,6
468206,Unauthorized Charge,Unauthorized transaction detected on my account.,1,6
355301,Fraudulent Transaction,"I reported fraud, but no action taken!",1,2
454481,Fraudulent Transaction,"I reported fraud, but no action taken!",1,2
388396,Fraudulent Transaction,Someone used my card fraudulently!,1,2
674438,Unauthorized Charge,I was charged without my knowledge!,1,6
487206,Unauthorized Charge,"I raised a dispute, but no resolution yet!",1,6
353845,Fraudulent Transaction,Someone used my card fraudulently!,1,2
429987,Fraudulent Transaction,"Suspicious transaction on my card, please investigate!",1,2
446668,Fraudulent Transaction,"I reported fraud, but no action taken!",1,2
517519,Unauthorized Charge,"I raised a dispute, but no resolution yet!",1,6
423346,Fraudulent Transaction,Someone used my card fraudulently!,1,2
421435,Unauthorized Charge,"I raised a dispute, but no resolution yet!",1,6
366117,Unauthorized Charge,I was charged without my knowledge!,1,6
644387,Fraudulent Transaction,"I reported fraud, but no action taken!",1,2
309657,Unauthorized Charge,Unauthorized transaction detected on my account.,1,6
417121,Fraudulent Transaction,Someone used my card fraudulently!,1,2
416591,Fraudulent Transaction,"I reported fraud, but no action taken!",1,2
435285,Unauthorized Charge,Unauthorized transaction detected on my account.,1,6
504612,Unauthorized Charge,Unauthorized transaction detected on my account.,1,6
644005,Fraudulent Transaction,"I reported fraud, but no action taken!",1,2
645881,Fraudulent Transaction,Someone used my card fraudulently!,1,2
436267,Fraudulent Transaction,"Suspicious transaction on my card, please investigate!",1,2
490315,Unauthorized Charge,I was charged without my knowledge!,1,6
425499,Unauthorized Charge,Unauthorized transaction detected on my account.,1,6
417836,Fraudulent Transaction,Someone used my card fraudulently!,1,2
361427,Unauthorized Charge,I was charged without my knowledge!,1,6
655205,Unauthorized Charge,"I raised a dispute, but no resolution yet!",1,6
491710,Fraudulent Transaction,Someone used my card fraudulently!,1,2
470815,Customer Support Issue,Customer service was rude and unhelpful!,0,1
651794,No Issue,"Everything went smoothly, highly recommended.",0,4
485431,Late Refund,"Refund process is very slow, not happy!",0,3
779927,No Issue,"No issues, smooth transactions every time.",0,4
334775,Late Refund,Finally got my refund after multiple calls.,0,3
512848,Customer Support Issue,"Long wait time for support, very frustrating!",0,1
413594,Late Refund,Finally got my refund after multiple calls.,0,3
497324,No Issue,"Happy with the service, would recommend.",0,4
481323,Billing Issue,"Billing discrepancy, support is not helping!",0,0
818394,No Issue,"Everything went smoothly, highly recommended.",0,4
346446,No Issue,"Everything went smoothly, highly recommended.",0,4
515006,No Issue,"No issues, smooth transactions every time.",0,4
304387,Billing Issue,"Incorrect amount charged, need a refund!",0,0
817601,No Issue,Customer support was helpful in resolving my concern.,0,4
311964,No Issue,"Great experience, very satisfied!",0,4
601255,Service Quality,"Very satisfied with the service, will recommend!",0,5
642025,Billing Issue,Had to call multiple times for a simple billing issue!,0,0
406160,Late Refund,Still waiting for my refund after 2 weeks!,0,3
542639,No Issue,"Great experience, very satisfied!",0,4
535081,No Issue,"No issues, smooth transactions every time.",0,4
645061,Service Quality,Service was excellent and very professional.,0,5
491981,Billing Issue,"Incorrect amount charged, need a refund!",0,0
652464,Late Refund,"Refund process is very slow, not happy!",0,3
650443,Late Refund,"Refund process is very slow, not happy!",0,3
504052,Billing Issue,Had to call multiple times for a simple billing issue!,0,0
100174,No Issue,"No issues, smooth transactions every time.",0,4
672123,Billing Issue,"Billing discrepancy, support is not helping!",0,0
371093,No Issue,"No issues, smooth transactions every time.",0,4
514261,Service Quality,Quality of service was not up to the mark!,0,5
369532,Late Refund,"Refund process is very slow, not happy!",0,3
548265,No Issue,"Everything went smoothly, highly recommended.",0,4
507148,Customer Support Issue,Support team was responsive and helpful.,0,1
349286,Service Quality,"Very satisfied with the service, will recommend!",0,5
495329,Billing Issue,Had to call multiple times for a simple billing issue!,0,0
342734,Customer Support Issue,Customer service was rude and unhelpful!,0,1
445272,Customer Support Issue,Customer service was rude and unhelpful!,0,1
469146,Late Refund,"Refund process is very slow, not happy!",0,3
527339,Service Quality,"Very satisfied with the service, will recommend!",0,5
626645,Late Refund,Finally got my refund after multiple calls.,0,3
626158,No Issue,"Everything went smoothly, highly recommended.",0,4
355028,Billing Issue,"Billing discrepancy, support is not helping!",0,0
477453,No Issue,"No issues, smooth transactions every time.",0,4
333724,Service Quality,"Very satisfied with the service, will recommend!",0,5
453415,Late Refund,Finally got my refund after multiple calls.,0,3
447776,Service Quality,Service was excellent and very professional.,0,5
353997,Billing Issue,"Incorrect amount charged, need a refund!",0,0
387587,No Issue,Customer support was helpful in resolving my concern.,0,4
541401,Late Refund,"Refund process is very slow, not happy!",0,3
427999,Service Quality,Service was excellent and very professional.,0,5
648053,Customer Support Issue,"Long wait time for support, very frustrating!",0,1
376081,No Issue,"Everything went smoothly, highly recommended.",0,4
592040,Late Refund,Still waiting for my refund after 2 weeks!,0,3
522731,Service Quality,I'm disappointed with the overall experience!,0,5
195787,Service Quality,I'm disappointed with the overall experience!,0,5
623707,Customer Support Issue,"Long wait time for support, very frustrating!",0,1
462598,Customer Support Issue,Support team was responsive and helpful.,0,1
386020,Billing Issue,Had to call multiple times for a simple billing issue!,0,0
502724,Billing Issue,Had to call multiple times for a simple billing issue!,0,0
607972,Service Quality,"Very satisfied with the service, will recommend!",0,5
460672,Service Quality,Quality of service was not up to the mark!,0,5
487874,Late Refund,"Refund process is very slow, not happy!",0,3
406035,No Issue,"No issues, smooth transactions every time.",0,4
571921,Late Refund,Still waiting for my refund after 2 weeks!,0,3
346002,Customer Support Issue,Support team was responsive and helpful.,0,1
304913,Late Refund,"Refund process is very slow, not happy!",0,3
500212,No Issue,Customer support was helpful in resolving my concern.,0,4
815940,No Issue,Customer support was helpful in resolving my concern.,0,4
319680,Late Refund,Finally got my refund after multiple calls.,0,3
585403,Late Refund,"Refund process is very slow, not happy!",0,3
348803,No Issue,"Great experience, very satisfied!",0,4
505845,Billing Issue,"Incorrect amount charged, need a refund!",0,0
551087,Late Refund,"Refund process is very slow, not happy!",0,3
517366,No Issue,"Everything went smoothly, highly recommended.",0,4
497914,Billing Issue,Had to call multiple times for a simple billing issue!,0,0
515503,Customer Support Issue,Support team was responsive and helpful.,0,1
413603,Customer Support Issue,"Long wait time for support, very frustrating!",0,1
101659,No Issue,"Happy with the service, would recommend.",0,4
628752,Late Refund,Still waiting for my refund after 2 weeks!,0,3
355905,No Issue,"No issues, smooth transactions every time.",0,4
382055,Service Quality,Quality of service was not up to the mark!,0,5
478030,Service Quality,Quality of service was not up to the mark!,0,5
129095,Service Quality,"Very satisfied with the service, will recommend!",0,5
302997,Billing Issue,Had to call multiple times for a simple billing issue!,0,0
477627,Late Refund,Still waiting for my refund after 2 weeks!,0,3
309259,Billing Issue,Had to call multiple times for a simple billing issue!,0,0
888018,Billing Issue,"Incorrect amount charged, need a refund!",0,0
498841,Late Refund,Finally got my refund after multiple calls.,0,3
501232,Customer Support Issue,Customer service was rude and unhelpful!,0,1
497582,Service Quality,Quality of service was not up to the mark!,0,5
525145,Service Quality,I'm disappointed with the overall experience!,0,5
562626,No Issue,"Happy with the service, would recommend.",0,4
344185,Service Quality,Service was excellent and very professional.,0,5
654249,No Issue,"Great experience, very satisfied!",0,4
343102,No Issue,"Happy with the service, would recommend.",0,4
122030,No Issue,"No issues, smooth transactions every time.",0,4
817540,No Issue,"Great experience, very satisfied!",0,4
522033,Customer Support Issue,"Long wait time for support, very frustrating!",0,1
622702,Customer Support Issue,"Long wait time for support, very frustrating!",0,1
751414,Billing Issue,Had to call multiple times for a simple billing issue!,0,0
497255,Customer Support Issue,Customer service was rude and unhelpful!,0,1
654903,Customer Support Issue,Customer service was rude and unhelpful!,0,1
356943,Billing Issue,"Incorrect amount charged, need a refund!",0,0
401800,Customer Support Issue,Customer service was rude and unhelpful!,0,1
413296,Billing Issue,"Billing discrepancy, support is not helping!",0,0
816981,Service Quality,I'm disappointed with the overall experience!,0,5
376853,Customer Support Issue,Support team was responsive and helpful.,0,1
493025,Service Quality,The service was too slow and unprofessional!,0,5
425004,Billing Issue,"Billing discrepancy, support is not helping!",0,0
418572,Billing Issue,"Incorrect amount charged, need a refund!",0,0
549248,Billing Issue,"Incorrect amount charged, need a refund!",0,0
625153,Billing Issue,"Billing discrepancy, support is not helping!",0,0
522217,Late Refund,"Refund process is very slow, not happy!",0,3
819036,No Issue,"Happy with the service, would recommend.",0,4
523195,Service Quality,I'm disappointed with the overall experience!,0,5
127510,Billing Issue,Had to call multiple times for a simple billing issue!,0,0
500377,Customer Support Issue,Customer service was rude and unhelpful!,0,1
509824,Customer Support Issue,"Long wait time for support, very frustrating!",0,1
672904,Service Quality,I'm disappointed with the overall experience!,0,5
367044,Late Refund,Still waiting for my refund after 2 weeks!,0,3
652367,No Issue,"Everything went smoothly, highly recommended.",0,4
405505,No Issue,Customer support was helpful in resolving my concern.,0,4
502234,Customer Support Issue,"Long wait time for support, very frustrating!",0,1
440071,Billing Issue,Had to call multiple times for a simple billing issue!,0,0
441102,Customer Support Issue,"Long wait time for support, very frustrating!",0,1
462884,Service Quality,I'm disappointed with the overall experience!,0,5
555397,No Issue,"Everything went smoothly, highly recommended.",0,4
424781,Late Refund,Still waiting for my refund after 2 weeks!,0,3
656952,Billing Issue,Had to call multiple times for a simple billing issue!,0,0
672693,Service Quality,Quality of service was not up to the mark!,0,5
300789,Customer Support Issue,Support team was responsive and helpful.,0,1
384455,Billing Issue,"Incorrect amount charged, need a refund!",0,0
305598,No Issue,"Happy with the service, would recommend.",0,4
677296,Customer Support Issue,Support team was responsive and helpful.,0,1
380969,Late Refund,"Refund process is very slow, not happy!",0,3
346410,Billing Issue,"Billing discrepancy, support is not helping!",0,0
504108,Customer Support Issue,"Long wait time for support, very frustrating!",0,1
680722,Late Refund,Still waiting for my refund after 2 weeks!,0,3
376767,Service Quality,Service was excellent and very professional.,0,5
581256,Customer Support Issue,Support team was responsive and helpful.,0,1
476572,Billing Issue,"Billing discrepancy, support is not helping!",0,0
348903,Late Refund,Still waiting for my refund after 2 weeks!,0,3
568132,Late Refund,Finally got my refund after multiple calls.,0,3
817090,Billing Issue,Had to call multiple times for a simple billing issue!,0,0
474017,Customer Support Issue,Customer service was rude and unhelpful!,0,1
423360,Late Refund,Finally got my refund after multiple calls.,0,3
550969,Customer Support Issue,Customer service was rude and unhelpful!,0,1
568106,Late Refund,Still waiting for my refund after 2 weeks!,0,3
650762,No Issue,Customer support was helpful in resolving my concern.,0,4
650243,No Issue,"Happy with the service, would recommend.",0,4
568250,Billing Issue,"Billing discrepancy, support is not helping!",0,0
434404,Billing Issue,"Billing discrepancy, support is not helping!",0,0
392989,Service Quality,I'm disappointed with the overall experience!,0,5
395970,No Issue,"Great experience, very satisfied!",0,4
302270,Billing Issue,"Billing discrepancy, support is not helping!",0,0
446744,Billing Issue,"Billing discrepancy, support is not helping!",0,0
585125,No Issue,"Great experience, very satisfied!",0,4
657734,Customer Support Issue,Customer service was rude and unhelpful!,0,1
461597,Billing Issue,"Incorrect amount charged, need a refund!",0,0
384142,Late Refund,Finally got my refund after multiple calls.,0,3
374972,Service Quality,"Very satisfied with the service, will recommend!",0,5
814689,Service Quality,The service was too slow and unprofessional!,0,5
582331,No Issue,Customer support was helpful in resolving my concern.,0,4
489286,Billing Issue,Had to call multiple times for a simple billing issue!,0,0
466049,No Issue,"Happy with the service, would recommend.",0,4
346510,Customer Support Issue,"Long wait time for support, very frustrating!",0,1
388804,Billing Issue,"Billing discrepancy, support is not helping!",0,0
371123,Customer Support Issue,"Long wait time for support, very frustrating!",0,1
442244,Service Quality,Quality of service was not up to the mark!,0,5
368686,Service Quality,Service was excellent and very professional.,0,5
451705,Billing Issue,"Billing discrepancy, support is not helping!",0,0
301530,Service Quality,Quality of service was not up to the mark!,0,5
534704,Late Refund,Still waiting for my refund after 2 weeks!,0,3
454569,No Issue,"No issues, smooth transactions every time.",0,4
433150,Late Refund,Finally got my refund after multiple calls.,0,3
460312,Late Refund,Finally got my refund after multiple calls.,0,3
622580,Billing Issue,"Billing discrepancy, support is not helping!",0,0
577903,No Issue,"Everything went smoothly, highly recommended.",0,4
475240,Late Refund,Still waiting for my refund after 2 weeks!,0,3
161156,No Issue,"Happy with the service, would recommend.",0,4
559173,Service Quality,I'm disappointed with the overall experience!,0,5
463844,No Issue,Customer support was helpful in resolving my concern.,0,4
344166,Late Refund,"Refund process is very slow, not happy!",0,3
344783,Customer Support Issue,Support team was responsive and helpful.,0,1
655092,Service Quality,The service was too slow and unprofessional!,0,5
379045,No Issue,"Everything went smoothly, highly recommended.",0,4
816722,Late Refund,Still waiting for my refund after 2 weeks!,0,3
574347,Service Quality,"Very satisfied with the service, will recommend!",0,5
420000,Service Quality,Service was excellent and very professional.,0,5
505140,Service Quality,"Very satisfied with the service, will recommend!",0,5
510993,Customer Support Issue,Support team was responsive and helpful.,0,1
348665,Customer Support Issue,"Long wait time for support, very frustrating!",0,1
656137,Service Quality,"Very satisfied with the service, will recommend!",0,5
402165,Late Refund,"Refund process is very slow, not happy!",0,3
648898,Customer Support Issue,Customer service was rude and unhelpful!,0,1
517167,Service Quality,The service was too slow and unprofessional!,0,5
363250,No Issue,"No issues, smooth transactions every time.",0,4
506582,Customer Support Issue,"Long wait time for support, very frustrating!",0,1
372359,No Issue,Customer support was helpful in resolving my concern.,0,4
815082,Customer Support Issue,Support team was responsive and helpful.,0,1
370940,Service Quality,"Very satisfied with the service, will recommend!",0,5
549068,Customer Support Issue,"Long wait time for support, very frustrating!",0,1
656388,Billing Issue,Had to call multiple times for a simple billing issue!,0,0
558879,No Issue,"No issues, smooth transactions every time.",0,4
349425,Customer Support Issue,Customer service was rude and unhelpful!,0,1
397611,Service Quality,Service was excellent and very professional.,0,5
353762,Late Refund,Finally got my refund after multiple calls.,0,3
577868,Billing Issue,Had to call multiple times for a simple billing issue!,0,0
475377,No Issue,"Everything went smoothly, highly recommended.",0,4
525791,Service Quality,Quality of service was not up to the mark!,0,5
518577,Service Quality,The service was too slow and unprofessional!,0,5
403044,Customer Support Issue,Support team was responsive and helpful.,0,1
438207,Service Quality,I'm disappointed with the overall experience!,0,5
423348,Service Quality,Service was excellent and very professional.,0,5
625514,No Issue,"Everything went smoothly, highly recommended.",0,4
550716,Customer Support Issue,"Long wait time for support, very frustrating!",0,1
650954,No Issue,"Great experience, very satisfied!",0,4
677649,No Issue,"No issues, smooth transactions every time.",0,4
425094,Late Refund,Still waiting for my refund after 2 weeks!,0,3
457214,Service Quality,Quality of service was not up to the mark!,0,5
564279,Customer Support Issue,"Long wait time for support, very frustrating!",0,1
562773,Late Refund,Finally got my refund after multiple calls.,0,3
533194,Billing Issue,"Billing discrepancy, support is not helping!",0,0
398653,Late Refund,Finally got my refund after multiple calls.,0,3
376233,Late Refund,Finally got my refund after multiple calls.,0,3
384649,Customer Support Issue,"Long wait time for support, very frustrating!",0,1
374575,Late Refund,"Refund process is very slow, not happy!",0,3
435399,Service Quality,Service was excellent and very professional.,0,5
575803,Late Refund,Finally got my refund after multiple calls.,0,3
429824,No Issue,"No issues, smooth transactions every time.",0,4
514624,No Issue,"Happy with the service, would recommend.",0,4
345592,Service Quality,Quality of service was not up to the mark!,0,5
512389,Service Quality,The service was too slow and unprofessional!,0,5
343896,Late Refund,Finally got my refund after multiple calls.,0,3
368291,Customer Support Issue,Support team was responsive and helpful.,0,1
523290,Service Quality,Quality of service was not up to the mark!,0,5
103763,No Issue,"Great experience, very satisfied!",0,4
491624,Service Quality,I'm disappointed with the overall experience!,0,5
397064,Customer Support Issue,Support team was responsive and helpful.,0,1
422212,Billing Issue,"Billing discrepancy, support is not helping!",0,0
474839,No Issue,"Everything went smoothly, highly recommended.",0,4
591573,Customer Support Issue,"Long wait time for support, very frustrating!",0,1
818131,Customer Support Issue,Customer service was rude and unhelpful!,0,1
501572,Late Refund,Finally got my refund after multiple calls.,0,3
440430,Billing Issue,Had to call multiple times for a simple billing issue!,0,0
596967,Late Refund,Finally got my refund after multiple calls.,0,3
810382,Customer Support Issue,Support team was responsive and helpful.,0,1
545683,Billing Issue,"Billing discrepancy, support is not helping!",0,0
398713,Late Refund,Still waiting for my refund after 2 weeks!,0,3
442326,Service Quality,I'm disappointed with the overall experience!,0,5
354890,No Issue,"Great experience, very satisfied!",0,4
581574,Late Refund,"Refund process is very slow, not happy!",0,3
345054,Service Quality,The service was too slow and unprofessional!,0,5
432424,Service Quality,I'm disappointed with the overall experience!,0,5
223054,Late Refund,"Refund process is very slow, not happy!",0,3
354362,Customer Support Issue,Customer service was rude and unhelpful!,0,1
438360,Service Quality,Service was excellent and very professional.,0,5
353788,No Issue,"Happy with the service, would recommend.",0,4
414889,Service Quality,The service was too slow and unprofessional!,0,5
622404,Late Refund,Finally got my refund after multiple calls.,0,3
333997,Late Refund,Still waiting for my refund after 2 weeks!,0,3
385219,Service Quality,I'm disappointed with the overall experience!,0,5
458866,Service Quality,Quality of service was not up to the mark!,0,5
445382,Late Refund,Still waiting for my refund after 2 weeks!,0,3
355263,No Issue,Customer support was helpful in resolving my concern.,0,4
554332,Late Refund,"Refund process is very slow, not happy!",0,3
532851,Service Quality,I'm disappointed with the overall experience!,0,5
490492,Late Refund,Still waiting for my refund after 2 weeks!,0,3
818974,Customer Support Issue,"Long wait time for support, very frustrating!",0,1
355567,Late Refund,"Refund process is very slow, not happy!",0,3
508898,Service Quality,"Very satisfied with the service, will recommend!",0,5
536731,Service Quality,Service was excellent and very professional.,0,5
367620,Late Refund,"Refund process is very slow, not happy!",0,3
371146,No Issue,Customer support was helpful in resolving my concern.,0,4
810765,Service Quality,"Very satisfied with the service, will recommend!",0,5
811977,Late Refund,Finally got my refund after multiple calls.,0,3
391482,Customer Support Issue,Support team was responsive and helpful.,0,1
366656,No Issue,"Great experience, very satisfied!",0,4
646678,Service Quality,I'm disappointed with the overall experience!,0,5
348545,Service Quality,The service was too slow and unprofessional!,0,5
516551,No Issue,"Great experience, very satisfied!",0,4
446219,Billing Issue,Had to call multiple times for a simple billing issue!,0,0
493316,Late Refund,Still waiting for my refund after 2 weeks!,0,3
642323,Billing Issue,Had to call multiple times for a simple billing issue!,0,0
394273,Late Refund,"Refund process is very slow, not happy!",0,3
378881,Late Refund,"Refund process is very slow, not happy!",0,3
468096,No Issue,"No issues, smooth transactions every time.",0,4
541538,Late Refund,Still waiting for my refund after 2 weeks!,0,3
353597,No Issue,"No issues, smooth transactions every time.",0,4
462594,Billing Issue,"Incorrect amount charged, need a refund!",0,0
588172,Late Refund,Still waiting for my refund after 2 weeks!,0,3
358976,Late Refund,Still waiting for my refund after 2 weeks!,0,3
469244,Billing Issue,"Billing discrepancy, support is not helping!",0,0
395127,Customer Support Issue,Customer service was rude and unhelpful!,0,1
636894,Service Quality,Service was excellent and very professional.,0,5
547272,Billing Issue,Had to call multiple times for a simple billing issue!,0,0
584638,Customer Support Issue,Customer service was rude and unhelpful!,0,1
386679,Customer Support Issue,"Long wait time for support, very frustrating!",0,1
368680,No Issue,Customer support was helpful in resolving my concern.,0,4
557154,Late Refund,Finally got my refund after multiple calls.,0,3
583155,No Issue,"No issues, smooth transactions every time.",0,4
360376,Customer Support Issue,Support team was responsive and helpful.,0,1
474173,No Issue,"Everything went smoothly, highly recommended.",0,4
312030,Customer Support Issue,Customer service was rude and unhelpful!,0,1
676630,Service Quality,Service was excellent and very professional.,0,5
562399,Service Quality,Quality of service was not up to the mark!,0,5
397802,No Issue,"No issues, smooth transactions every time.",0,4
700181,Late Refund,"Refund process is very slow, not happy!",0,3
403703,No Issue,"Everything went smoothly, highly recommended.",0,4
473802,Service Quality,I'm disappointed with the overall experience!,0,5
391005,Service Quality,"Very satisfied with the service, will recommend!",0,5
553544,Billing Issue,Had to call multiple times for a simple billing issue!,0,0
595864,Service Quality,"Very satisfied with the service, will recommend!",0,5
420072,Service Quality,The service was too slow and unprofessional!,0,5
393922,Late Refund,Finally got my refund after multiple calls.,0,3
454113,Billing Issue,"Billing discrepancy, support is not helping!",0,0
812138,Billing Issue,"Billing discrepancy, support is not helping!",0,0
473802,Customer Support Issue,Customer service was rude and unhelpful!,0,1
596348,Service Quality,Service was excellent and very professional.,0,5
449030,No Issue,"Happy with the service, would recommend.",0,4
524448,Service Quality,The service was too slow and unprofessional!,0,5
625321,Billing Issue,"Incorrect amount charged, need a refund!",0,0
458681,Customer Support Issue,"Long wait time for support, very frustrating!",0,1
509775,Late Refund,Still waiting for my refund after 2 weeks!,0,3
468676,Billing Issue,Had to call multiple times for a simple billing issue!,0,0
346776,Late Refund,Still waiting for my refund after 2 weeks!,0,3
398023,Billing Issue,"Billing discrepancy, support is not helping!",0,0
810640,Late Refund,Finally got my refund after multiple calls.,0,3
428852,Billing Issue,"Incorrect amount charged, need a refund!",0,0
586797,Late Refund,Finally got my refund after multiple calls.,0,3
362329,Customer Support Issue,Support team was responsive and helpful.,0,1
566747,Late Refund,Finally got my refund after multiple calls.,0,3
391417,Customer Support Issue,Customer service was rude and unhelpful!,0,1
367978,Service Quality,I'm disappointed with the overall experience!,0,5
419079,Late Refund,Still waiting for my refund after 2 weeks!,0,3
540215,Late Refund,"Refund process is very slow, not happy!",0,3
503922,Late Refund,"Refund process is very slow, not happy!",0,3
433505,Customer Support Issue,Support team was responsive and helpful.,0,1
525533,Billing Issue,Had to call multiple times for a simple billing issue!,0,0
498684,Service Quality,"Very satisfied with the service, will recommend!",0,5
504183,No Issue,"No issues, smooth transactions every time.",0,4
490598,No Issue,"No issues, smooth transactions every time.",0,4
488739,Service Quality,Quality of service was not up to the mark!,0,5
392116,Customer Support Issue,"Long wait time for support, very frustrating!",0,1
431521,Customer Support Issue,Support team was responsive and helpful.,0,1
522312,Customer Support Issue,"Long wait time for support, very frustrating!",0,1
478396,No Issue,Customer support was helpful in resolving my concern.,0,4
503279,Customer Support Issue,"Long wait time for support, very frustrating!",0,1
541193,Late Refund,"Refund process is very slow, not happy!",0,3
311495,Late Refund,Still waiting for my refund after 2 weeks!,0,3
594152,Service Quality,Service was excellent and very professional.,0,5
641133,No Issue,"Great experience, very satisfied!",0,4
477742,No Issue,Customer support was helpful in resolving my concern.,0,4
621831,Customer Support Issue,Support team was responsive and helpful.,0,1
432047,Customer Support Issue,Customer service was rude and unhelpful!,0,1
641133,Late Refund,"Refund process is very slow, not happy!",0,3
605045,Billing Issue,"Billing discrepancy, support is not helping!",0,0
444393,No Issue,"Happy with the service, would recommend.",0,4
484938,No Issue,"No issues, smooth transactions every time.",0,4
816353,Late Refund,Finally got my refund after multiple calls.,0,3
401221,Customer Support Issue,Customer service was rude and unhelpful!,0,1
428036,Service Quality,"Very satisfied with the service, will recommend!",0,5
347779,Billing Issue,"Billing discrepancy, support is not helping!",0,0
483540,No Issue,"No issues, smooth transactions every time.",0,4
710229,Service Quality,I'm disappointed with the overall experience!,0,5
451413,Billing Issue,"Billing discrepancy, support is not helping!",0,0
650365,Billing Issue,"Incorrect amount charged, need a refund!",0,0
816808,Service Quality,"Very satisfied with the service, will recommend!",0,5
353830,No Issue,"No issues, smooth transactions every time.",0,4
342427,Customer Support Issue,Support team was responsive and helpful.,0,1
608663,Billing Issue,"Billing discrepancy, support is not helping!",0,0
590777,No Issue,"Great experience, very satisfied!",0,4
449018,Service Quality,Quality of service was not up to the mark!,0,5
535648,Service Quality,The service was too slow and unprofessional!,0,5
645614,Billing Issue,"Billing discrepancy, support is not helping!",0,0
361656,No Issue,"Everything went smoothly, highly recommended.",0,4
552850,Late Refund,"Refund process is very slow, not happy!",0,3
680049,Late Refund,Still waiting for my refund after 2 weeks!,0,3
426538,Customer Support Issue,Support team was responsive and helpful.,0,1
301186,Late Refund,Still waiting for my refund after 2 weeks!,0,3
315938,Customer Support Issue,"Long wait time for support, very frustrating!",0,1
426623,Late Refund,"Refund process is very slow, not happy!",0,3
655474,Service Quality,"Very satisfied with the service, will recommend!",0,5
414232,Service Quality,The service was too slow and unprofessional!,0,5
363793,Late Refund,"Refund process is very slow, not happy!",0,3
510426,No Issue,Customer support was helpful in resolving my concern.,0,4
444500,Billing Issue,"Billing discrepancy, support is not helping!",0,0
348334,No Issue,"Everything went smoothly, highly recommended.",0,4
488688,Late Refund,Finally got my refund after multiple calls.,0,3
376698,Billing Issue,"Incorrect amount charged, need a refund!",0,0
582032,No Issue,"No issues, smooth transactions every time.",0,4
408172,Billing Issue,Had to call multiple times for a simple billing issue!,0,0
448505,Billing Issue,"Billing discrepancy, support is not helping!",0,0
396901,Service Quality,The service was too slow and unprofessional!,0,5
357084,Customer Support Issue,Customer service was rude and unhelpful!,0,1
513294,Billing Issue,"Billing discrepancy, support is not helping!",0,0
397400,Customer Support Issue,Support team was responsive and helpful.,0,1
447370,Billing Issue,Had to call multiple times for a simple billing issue!,0,0
388559,Late Refund,Still waiting for my refund after 2 weeks!,0,3
374601,Customer Support Issue,"Long wait time for support, very frustrating!",0,1
354525,Late Refund,Finally got my refund after multiple calls.,0,3
442002,Service Quality,The service was too slow and unprofessional!,0,5
378008,Service Quality,The service was too slow and unprofessional!,0,5
588560,Service Quality,Service was excellent and very professional.,0,5
302473,Customer Support Issue,"Long wait time for support, very frustrating!",0,1
533927,Late Refund,"Refund process is very slow, not happy!",0,3
305324,No Issue,"Great experience, very satisfied!",0,4
498759,Customer Support Issue,Customer service was rude and unhelpful!,0,1
608527,Customer Support Issue,Support team was responsive and helpful.,0,1
395614,Customer Support Issue,"Long wait time for support, very frustrating!",0,1
383794,Late Refund,"Refund process is very slow, not happy!",0,3
347710,Late Refund,"Refund process is very slow, not happy!",0,3
911122,Customer Support Issue,Customer service was rude and unhelpful!,0,1
394300,Late Refund,Finally got my refund after multiple calls.,0,3
507015,Customer Support Issue,"Long wait time for support, very frustrating!",0,1
406592,Service Quality,I'm disappointed with the overall experience!,0,5
525461,Customer Support Issue,"Long wait time for support, very frustrating!",0,1
549262,Billing Issue,"Billing discrepancy, support is not helping!",0,0
406128,Late Refund,"Refund process is very slow, not happy!",0,3
608379,No Issue,"Great experience, very satisfied!",0,4
461963,Customer Support Issue,Support team was responsive and helpful.,0,1
488689,Service Quality,"Very satisfied with the service, will recommend!",0,5
343754,Late Refund,"Refund process is very slow, not happy!",0,3
376027,Billing Issue,"Incorrect amount charged, need a refund!",0,0
505035,No Issue,"No issues, smooth transactions every time.",0,4
432690,Service Quality,I'm disappointed with the overall experience!,0,5
558360,Customer Support Issue,Customer service was rude and unhelpful!,0,1
489538,No Issue,"No issues, smooth transactions every time.",0,4
523184,Customer Support Issue,"Long wait time for support, very frustrating!",0,1
534722,Customer Support Issue,"Long wait time for support, very frustrating!",0,1
561084,Service Quality,"Very satisfied with the service, will recommend!",0,5
393545,Billing Issue,"Incorrect amount charged, need a refund!",0,0
334965,Late Refund,Finally got my refund after multiple calls.,0,3
653849,Billing Issue,"Incorrect amount charged, need a refund!",0,0
465363,Late Refund,Still waiting for my refund after 2 weeks!,0,3
645529,No Issue,"Happy with the service, would recommend.",0,4
362439,No Issue,"Great experience, very satisfied!",0,4
361314,Customer Support Issue,Customer service was rude and unhelpful!,0,1
534436,Service Quality,The service was too slow and unprofessional!,0,5
515555,Service Quality,Service was excellent and very professional.,0,5
428972,Billing Issue,"Incorrect amount charged, need a refund!",0,0
816885,Late Refund,"Refund process is very slow, not happy!",0,3
397431,Late Refund,"Refund process is very slow, not happy!",0,3
558519,Billing Issue,"Billing discrepancy, support is not helping!",0,0
503484,Service Quality,I'm disappointed with the overall experience!,0,5
544394,Billing Issue,"Incorrect amount charged, need a refund!",0,0
437835,No Issue,"Happy with the service, would recommend.",0,4
445443,Service Quality,I'm disappointed with the overall experience!,0,5
505377,Customer Support Issue,Customer service was rude and unhelpful!,0,1
690043,No Issue,"No issues, smooth transactions every time.",0,4
485584,Customer Support Issue,Support team was responsive and helpful.,0,1
344051,No Issue,"Everything went smoothly, highly recommended.",0,4
820048,Service Quality,I'm disappointed with the overall experience!,0,5
554364,No Issue,"Great experience, very satisfied!",0,4
386378,Customer Support Issue,Support team was responsive and helpful.,0,1
486779,Customer Support Issue,"Long wait time for support, very frustrating!",0,1
100020,Billing Issue,"Billing discrepancy, support is not helping!",0,0
334827,Customer Support Issue,Support team was responsive and helpful.,0,1
461757,Customer Support Issue,Customer service was rude and unhelpful!,0,1
346029,No Issue,"Great experience, very satisfied!",0,4
818131,Late Refund,Still waiting for my refund after 2 weeks!,0,3
811500,Customer Support Issue,Support team was responsive and helpful.,0,1
387865,Late Refund,Still waiting for my refund after 2 weeks!,0,3
499328,No Issue,"Everything went smoothly, highly recommended.",0,4
352523,Late Refund,Finally got my refund after multiple calls.,0,3
304416,Billing Issue,Had to call multiple times for a simple billing issue!,0,0
370569,No Issue,"Great experience, very satisfied!",0,4
366041,No Issue,"Great experience, very satisfied!",0,4
538055,Late Refund,"Refund process is very slow, not happy!",0,3
311682,Late Refund,Finally got my refund after multiple calls.,0,3
391538,Billing Issue,Had to call multiple times for a simple billing issue!,0,0
410940,Service Quality,Quality of service was not up to the mark!,0,5
512841,No Issue,"Happy with the service, would recommend.",0,4
397381,Customer Support Issue,Customer service was rude and unhelpful!,0,1
499880,Billing Issue,"Billing discrepancy, support is not helping!",0,0
394603,No Issue,"Happy with the service, would recommend.",0,4
488813,No Issue,Customer support was helpful in resolving my concern.,0,4
486404,Service Quality,"Very satisfied with the service, will recommend!",0,5
815624,Service Quality,I'm disappointed with the overall experience!,0,5
488262,Billing Issue,"Billing discrepancy, support is not helping!",0,0
318582,Customer Support Issue,Customer service was rude and unhelpful!,0,1
474080,Billing Issue,"Incorrect amount charged, need a refund!",0,0
647330,Customer Support Issue,Support team was responsive and helpful.,0,1
515939,Late Refund,Still waiting for my refund after 2 weeks!,0,3
116920,Customer Support Issue,Support team was responsive and helpful.,0,1
593009,Customer Support Issue,Support team was responsive and helpful.,0,1
452521,No Issue,"Great experience, very satisfied!",0,4
672694,Customer Support Issue,"Long wait time for support, very frustrating!",0,1
410245,Late Refund,Still waiting for my refund after 2 weeks!,0,3
650492,Customer Support Issue,Customer service was rude and unhelpful!,0,1
481852,Late Refund,Still waiting for my refund after 2 weeks!,0,3
955824,Service Quality,Quality of service was not up to the mark!,0,5
504596,Billing Issue,"Incorrect amount charged, need a refund!",0,0
436572,Customer Support Issue,"Long wait time for support, very frustrating!",0,1
655101,Customer Support Issue,Customer service was rude and unhelpful!,0,1
491654,No Issue,Customer support was helpful in resolving my concern.,0,4
607688,No Issue,"Great experience, very satisfied!",0,4
384192,Customer Support Issue,Support team was responsive and helpful.,0,1
502942,Service Quality,Service was excellent and very professional.,0,5
498097,Service Quality,Quality of service was not up to the mark!,0,5
385873,Customer Support Issue,Support team was responsive and helpful.,0,1
468684,No Issue,Customer support was helpful in resolving my concern.,0,4
348334,Late Refund,Still waiting for my refund after 2 weeks!,0,3
512714,Service Quality,Service was excellent and very professional.,0,5
355947,No Issue,"Everything went smoothly, highly recommended.",0,4
626504,Billing Issue,"Billing discrepancy, support is not helping!",0,0
362126,Customer Support Issue,Customer service was rude and unhelpful!,0,1
366064,Billing Issue,Had to call multiple times for a simple billing issue!,0,0
608381,Customer Support Issue,Customer service was rude and unhelpful!,0,1
379299,Late Refund,Still waiting for my refund after 2 weeks!,0,3
521318,Late Refund,Still waiting for my refund after 2 weeks!,0,3
621057,No Issue,"No issues, smooth transactions every time.",0,4
395249,No Issue,"No issues, smooth transactions every time.",0,4
103717,No Issue,"Everything went smoothly, highly recommended.",0,4
405424,Customer Support Issue,Customer service was rude and unhelpful!,0,1
459106,Service Quality,I'm disappointed with the overall experience!,0,5
383713,Late Refund,"Refund process is very slow, not happy!",0,3
672343,Service Quality,Quality of service was not up to the mark!,0,5
100595,Late Refund,"Refund process is very slow, not happy!",0,3
367895,Billing Issue,"Incorrect amount charged, need a refund!",0,0
311304,Customer Support Issue,"Long wait time for support, very frustrating!",0,1
362291,No Issue,"No issues, smooth transactions every time.",0,4
466119,No Issue,"Happy with the service, would recommend.",0,4
385938,No Issue,"Great experience, very satisfied!",0,4
399063,No Issue,"Happy with the service, would recommend.",0,4
353217,Service Quality,I'm disappointed with the overall experience!,0,5
811951,Service Quality,Quality of service was not up to the mark!,0,5
586989,Billing Issue,"Incorrect amount charged, need a refund!",0,0
812969,No Issue,"Everything went smoothly, highly recommended.",0,4
596325,Service Quality,Quality of service was not up to the mark!,0,5
814800,Service Quality,Service was excellent and very professional.,0,5
301927,Service Quality,"Very satisfied with the service, will recommend!",0,5
606925,Service Quality,Quality of service was not up to the mark!,0,5
551796,Customer Support Issue,Support team was responsive and helpful.,0,1
446563,Service Quality,Service was excellent and very professional.,0,5
439889,Service Quality,Quality of service was not up to the mark!,0,5
357252,No Issue,"No issues, smooth transactions every time.",0,4
540188,No Issue,"No issues, smooth transactions every time.",0,4
448879,Service Quality,I'm disappointed with the overall experience!,0,5
657808,Service Quality,"Very satisfied with the service, will recommend!",0,5
444329,Billing Issue,"Billing discrepancy, support is not helping!",0,0
372451,Service Quality,I'm disappointed with the overall experience!,0,5
479335,Billing Issue,"Billing discrepancy, support is not helping!",0,0
562291,Billing Issue,"Billing discrepancy, support is not helping!",0,0
509347,Billing Issue,"Incorrect amount charged, need a refund!",0,0
608818,No Issue,"Happy with the service, would recommend.",0,4
532927,Customer Support Issue,Support team was responsive and helpful.,0,1
625075,No Issue,"Everything went smoothly, highly recommended.",0,4
820190,Customer Support Issue,Support team was responsive and helpful.,0,1
810805,Late Refund,"Refund process is very slow, not happy!",0,3
387489,Late Refund,Finally got my refund after multiple calls.,0,3
651146,Late Refund,Finally got my refund after multiple calls.,0,3
533361,Late Refund,Finally got my refund after multiple calls.,0,3
819596,No Issue,"Great experience, very satisfied!",0,4
470889,Late Refund,"Refund process is very slow, not happy!",0,3
302062,Late Refund,"Refund process is very slow, not happy!",0,3
504681,Late Refund,Still waiting for my refund after 2 weeks!,0,3
366934,No Issue,"Everything went smoothly, highly recommended.",0,4
504956,Customer Support Issue,Customer service was rude and unhelpful!,0,1
815506,Customer Support Issue,Customer service was rude and unhelpful!,0,1
311564,Billing Issue,Had to call multiple times for a simple billing issue!,0,0
502635,Late Refund,Finally got my refund after multiple calls.,0,3
388609,Late Refund,Finally got my refund after multiple calls.,0,3
430089,Service Quality,I'm disappointed with the overall experience!,0,5
710268,Customer Support Issue,"Long wait time for support, very frustrating!",0,1
446112,No Issue,"Everything went smoothly, highly recommended.",0,4
621875,Customer Support Issue,Customer service was rude and unhelpful!,0,1
657570,Service Quality,"Very satisfied with the service, will recommend!",0,5
448790,Late Refund,Still waiting for my refund after 2 weeks!,0,3
462603,Service Quality,"Very satisfied with the service, will recommend!",0,5
495166,No Issue,"Happy with the service, would recommend.",0,4
540215,Late Refund,"Refund process is very slow, not happy!",0,3
469900,No Issue,Customer support was helpful in resolving my concern.,0,4
633456,No Issue,Customer support was helpful in resolving my concern.,0,4
502208,Late Refund,Finally got my refund after multiple calls.,0,3
345502,Late Refund,Finally got my refund after multiple calls.,0,3
563392,Service Quality,Quality of service was not up to the mark!,0,5
530633,Service Quality,I'm disappointed with the overall experience!,0,5
497570,Late Refund,Still waiting for my refund after 2 weeks!,0,3
820170,Service Quality,I'm disappointed with the overall experience!,0,5
355146,No Issue,"Great experience, very satisfied!",0,4
499590,Service Quality,The service was too slow and unprofessional!,0,5
461105,Late Refund,Finally got my refund after multiple calls.,0,3
384279,Service Quality,Quality of service was not up to the mark!,0,5
539160,Customer Support Issue,Support team was responsive and helpful.,0,1
547027,Customer Support Issue,Customer service was rude and unhelpful!,0,1
123412,Customer Support Issue,"Long wait time for support, very frustrating!",0,1
370123,Customer Support Issue,Customer service was rude and unhelpful!,0,1
371089,Customer Support Issue,Support team was responsive and helpful.,0,1
441229,Billing Issue,Had to call multiple times for a simple billing issue!,0,0
478920,Service Quality,Quality of service was not up to the mark!,0,5
459497,Customer Support Issue,Support team was responsive and helpful.,0,1
459113,Late Refund,"Refund process is very slow, not happy!",0,3
394539,Late Refund,"Refund process is very slow, not happy!",0,3
595092,Customer Support Issue,Customer service was rude and unhelpful!,0,1
503572,No Issue,"Everything went smoothly, highly recommended.",0,4
511299,Late Refund,Finally got my refund after multiple calls.,0,3
594521,No Issue,Customer support was helpful in resolving my concern.,0,4
582828,Customer Support Issue,Support team was responsive and helpful.,0,1
443069,Late Refund,Finally got my refund after multiple calls.,0,3
311974,Billing Issue,Had to call multiple times for a simple billing issue!,0,0
492614,No Issue,"Great experience, very satisfied!",0,4
419039,Customer Support Issue,Support team was responsive and helpful.,0,1
352839,Late Refund,Finally got my refund after multiple calls.,0,3
622504,Service Quality,Service was excellent and very professional.,0,5
584870,No Issue,"Happy with the service, would recommend.",0,4
818097,Service Quality,"Very satisfied with the service, will recommend!",0,5
445323,Service Quality,The service was too slow and unprofessional!,0,5
556265,Late Refund,Finally got my refund after multiple calls.,0,3
362013,Customer Support Issue,Customer service was rude and unhelpful!,0,1
652178,Service Quality,Service was excellent and very professional.,0,5
466371,Service Quality,I'm disappointed with the overall experience!,0,5
657666,Customer Support Issue,Support team was responsive and helpful.,0,1
550900,Billing Issue,"Billing discrepancy, support is not helping!",0,0
418299,Late Refund,Still waiting for my refund after 2 weeks!,0,3
396688,No Issue,"Happy with the service, would recommend.",0,4
334506,Billing Issue,"Incorrect amount charged, need a refund!",0,0
379214,Late Refund,"Refund process is very slow, not happy!",0,3
470678,No Issue,"Happy with the service, would recommend.",0,4
592833,Customer Support Issue,"Long wait time for support, very frustrating!",0,1
740360,Service Quality,"Very satisfied with the service, will recommend!",0,5
334638,Service Quality,Quality of service was not up to the mark!,0,5
485961,Service Quality,"Very satisfied with the service, will recommend!",0,5
376706,Billing Issue,"Billing discrepancy, support is not helping!",0,0
493070,No Issue,"Everything went smoothly, highly recommended.",0,4
552043,Customer Support Issue,Customer service was rude and unhelpful!,0,1
420149,Customer Support Issue,Customer service was rude and unhelpful!,0,1
446472,Customer Support Issue,"Long wait time for support, very frustrating!",0,1
396105,Customer Support Issue,"Long wait time for support, very frustrating!",0,1
620153,No Issue,"No issues, smooth transactions every time.",0,4
425158,No Issue,"No issues, smooth transactions every time.",0,4
538032,No Issue,Customer support was helpful in resolving my concern.,0,4
817638,Late Refund,Still waiting for my refund after 2 weeks!,0,3
510027,Late Refund,Finally got my refund after multiple calls.,0,3
644531,Service Quality,Service was excellent and very professional.,0,5
423530,Customer Support Issue,Customer service was rude and unhelpful!,0,1
557631,Billing Issue,"Incorrect amount charged, need a refund!",0,0
514501,Service Quality,I'm disappointed with the overall experience!,0,5
812938,Customer Support Issue,Customer service was rude and unhelpful!,0,1
671805,Customer Support Issue,Support team was responsive and helpful.,0,1
816362,Customer Support Issue,"Long wait time for support, very frustrating!",0,1
469925,Service Quality,Quality of service was not up to the mark!,0,5
305691,No Issue,"No issues, smooth transactions every time.",0,4
555142,Billing Issue,"Incorrect amount charged, need a refund!",0,0
311347,Late Refund,"Refund process is very slow, not happy!",0,3
467349,Billing Issue,Had to call multiple times for a simple billing issue!,0,0
503165,Service Quality,Service was excellent and very professional.,0,5
559981,Billing Issue,"Billing discrepancy, support is not helping!",0,0
462248,Service Quality,I'm disappointed with the overall experience!,0,5
647335,Late Refund,"Refund process is very slow, not happy!",0,3
477331,Late Refund,Finally got my refund after multiple calls.,0,3
819820,Service Quality,"Very satisfied with the service, will recommend!",0,5
813608,Late Refund,"Refund process is very slow, not happy!",0,3
452166,Customer Support Issue,Customer service was rude and unhelpful!,0,1
471522,Service Quality,Quality of service was not up to the mark!,0,5
658992,Billing Issue,"Billing discrepancy, support is not helping!",0,0
507033,Customer Support Issue,"Long wait time for support, very frustrating!",0,1
390857,Service Quality,The service was too slow and unprofessional!,0,5
345553,Customer Support Issue,Customer service was rude and unhelpful!,0,1
428906,Customer Support Issue,"Long wait time for support, very frustrating!",0,1
354172,Service Quality,"Very satisfied with the service, will recommend!",0,5
516565,Late Refund,Still waiting for my refund after 2 weeks!,0,3
564148,No Issue,"No issues, smooth transactions every time.",0,4
382503,Customer Support Issue,Customer service was rude and unhelpful!,0,1
655775,Late Refund,Finally got my refund after multiple calls.,0,3
491820,Late Refund,Still waiting for my refund after 2 weeks!,0,3
396948,Late Refund,Finally got my refund after multiple calls.,0,3
470301,Late Refund,Finally got my refund after multiple calls.,0,3
659141,No Issue,"No issues, smooth transactions every time.",0,4
371086,Billing Issue,"Billing discrepancy, support is not helping!",0,0
302134,Customer Support Issue,Support team was responsive and helpful.,0,1
313185,No Issue,"Happy with the service, would recommend.",0,4
418846,Late Refund,"Refund process is very slow, not happy!",0,3
496321,Billing Issue,"Incorrect amount charged, need a refund!",0,0
622824,Late Refund,Still waiting for my refund after 2 weeks!,0,3
370556,Customer Support Issue,Customer service was rude and unhelpful!,0,1
524498,Customer Support Issue,Support team was responsive and helpful.,0,1
474467,Customer Support Issue,Customer service was rude and unhelpful!,0,1
816182,Late Refund,Still waiting for my refund after 2 weeks!,0,3
577038,Late Refund,Finally got my refund after multiple calls.,0,3
309713,Late Refund,"Refund process is very slow, not happy!",0,3
305130,Customer Support Issue,Support team was responsive and helpful.,0,1
362878,Late Refund,Finally got my refund after multiple calls.,0,3
640865,No Issue,"Happy with the service, would recommend.",0,4
501317,Late Refund,Still waiting for my refund after 2 weeks!,0,3
626881,Billing Issue,"Billing discrepancy, support is not helping!",0,0
392893,Late Refund,"Refund process is very slow, not happy!",0,3
386727,Service Quality,"Very satisfied with the service, will recommend!",0,5
558689,Billing Issue,Had to call multiple times for a simple billing issue!,0,0
380058,Late Refund,Finally got my refund after multiple calls.,0,3
349817,Billing Issue,"Incorrect amount charged, need a refund!",0,0
555161,Late Refund,Finally got my refund after multiple calls.,0,3
653118,Service Quality,"Very satisfied with the service, will recommend!",0,5
646378,Late Refund,"Refund process is very slow, not happy!",0,3
680707,No Issue,Customer support was helpful in resolving my concern.,0,4
422457,No Issue,"No issues, smooth transactions every time.",0,4
530758,No Issue,"No issues, smooth transactions every time.",0,4
487918,Customer Support Issue,Customer service was rude and unhelpful!,0,1
641158,No Issue,"Great experience, very satisfied!",0,4
388583,Late Refund,Still waiting for my refund after 2 weeks!,0,3
422942,Billing Issue,"Billing discrepancy, support is not helping!",0,0
382960,Customer Support Issue,Customer service was rude and unhelpful!,0,1
311913,Service Quality,"Very satisfied with the service, will recommend!",0,5
451059,Billing Issue,"Incorrect amount charged, need a refund!",0,0
360017,Billing Issue,Had to call multiple times for a simple billing issue!,0,0
816342,Customer Support Issue,Support team was responsive and helpful.,0,1
505701,Service Quality,"Very satisfied with the service, will recommend!",0,5
103178,Customer Support Issue,Customer service was rude and unhelpful!,0,1
628615,Customer Support Issue,Support team was responsive and helpful.,0,1
628792,Service Quality,"Very satisfied with the service, will recommend!",0,5
476579,Late Refund,Finally got my refund after multiple calls.,0,3
470658,Customer Support Issue,Customer service was rude and unhelpful!,0,1
502556,Late Refund,Still waiting for my refund after 2 weeks!,0,3
603123,Late Refund,"Refund process is very slow, not happy!",0,3
607468,Late Refund,Still waiting for my refund after 2 weeks!,0,3
497803,Billing Issue,"Billing discrepancy, support is not helping!",0,0
812260,Service Quality,Service was excellent and very professional.,0,5
446814,Billing Issue,Had to call multiple times for a simple billing issue!,0,0
639456,Late Refund,Finally got my refund after multiple calls.,0,3
403564,Late Refund,Still waiting for my refund after 2 weeks!,0,3
585858,No Issue,"Everything went smoothly, highly recommended.",0,4
343024,Customer Support Issue,Support team was responsive and helpful.,0,1
422971,Customer Support Issue,Customer service was rude and unhelpful!,0,1
432494,Late Refund,Still waiting for my refund after 2 weeks!,0,3
374542,Service Quality,Service was excellent and very professional.,0,5
468919,Billing Issue,"Incorrect amount charged, need a refund!",0,0
450142,Service Quality,"Very satisfied with the service, will recommend!",0,5
399536,No Issue,"No issues, smooth transactions every time.",0,4
402145,Customer Support Issue,Support team was responsive and helpful.,0,1
343139,Billing Issue,"Billing discrepancy, support is not helping!",0,0
583278,Late Refund,Finally got my refund after multiple calls.,0,3
472521,Late Refund,Finally got my refund after multiple calls.,0,3
470613,No Issue,"Everything went smoothly, highly recommended.",0,4
511908,Customer Support Issue,Customer service was rude and unhelpful!,0,1
393994,No Issue,"Happy with the service, would recommend.",0,4
383229,Service Quality,Service was excellent and very professional.,0,5
534246,No Issue,"No issues, smooth transactions every time.",0,4
305603,Late Refund,"Refund process is very slow, not happy!",0,3
582508,Customer Support Issue,"Long wait time for support, very frustrating!",0,1
396148,Customer Support Issue,Customer service was rude and unhelpful!,0,1
394768,Customer Support Issue,Customer service was rude and unhelpful!,0,1
584616,Customer Support Issue,Support team was responsive and helpful.,0,1
372895,Customer Support Issue,"Long wait time for support, very frustrating!",0,1
522738,Billing Issue,"Billing discrepancy, support is not helping!",0,0
305007,Service Quality,Service was excellent and very professional.,0,5
654854,Customer Support Issue,Support team was responsive and helpful.,0,1
607689,Billing Issue,"Billing discrepancy, support is not helping!",0,0
591829,Late Refund,Finally got my refund after multiple calls.,0,3
847084,Customer Support Issue,"Long wait time for support, very frustrating!",0,1
461933,Late Refund,Finally got my refund after multiple calls.,0,3
600968,No Issue,"Everything went smoothly, highly recommended.",0,4
388370,Service Quality,Service was excellent and very professional.,0,5
819186,Late Refund,Still waiting for my refund after 2 weeks!,0,3
399482,Billing Issue,"Billing discrepancy, support is not helping!",0,0
587846,Service Quality,Quality of service was not up to the mark!,0,5
550509,Service Quality,The service was too slow and unprofessional!,0,5
357346,No Issue,"Great experience, very satisfied!",0,4
509795,No Issue,"Happy with the service, would recommend.",0,4
547249,Service Quality,"Very satisfied with the service, will recommend!",0,5
497613,No Issue,"Happy with the service, would recommend.",0,4
813524,Billing Issue,Had to call multiple times for a simple billing issue!,0,0
503222,Service Quality,I'm disappointed with the overall experience!,0,5
820100,Customer Support Issue,"Long wait time for support, very frustrating!",0,1
302996,Customer Support Issue,"Long wait time for support, very frustrating!",0,1
403593,No Issue,"No issues, smooth transactions every time.",0,4
680560,Late Refund,"Refund process is very slow, not happy!",0,3
649271,Service Quality,The service was too slow and unprofessional!,0,5
810749,Service Quality,I'm disappointed with the overall experience!,0,5
468511,Late Refund,Still waiting for my refund after 2 weeks!,0,3
425346,Late Refund,"Refund process is very slow, not happy!",0,3
648265,Late Refund,Finally got my refund after multiple calls.,0,3
384266,Billing Issue,"Incorrect amount charged, need a refund!",0,0
353451,No Issue,"Happy with the service, would recommend.",0,4
640680,Customer Support Issue,"Long wait time for support, very frustrating!",0,1
639002,Customer Support Issue,Customer service was rude and unhelpful!,0,1
649981,No Issue,Customer support was helpful in resolving my concern.,0,4
655204,Billing Issue,"Billing discrepancy, support is not helping!",0,0
538693,No Issue,"Great experience, very satisfied!",0,4
607519,Customer Support Issue,"Long wait time for support, very frustrating!",0,1
531100,Late Refund,Finally got my refund after multiple calls.,0,3
480938,Billing Issue,"Incorrect amount charged, need a refund!",0,0
812659,Customer Support Issue,Customer service was rude and unhelpful!,0,1
412999,Billing Issue,"Billing discrepancy, support is not helping!",0,0
439344,Customer Support Issue,"Long wait time for support, very frustrating!",0,1
588182,No Issue,"Great experience, very satisfied!",0,4
443069,Customer Support Issue,Customer service was rude and unhelpful!,0,1
628749,Billing Issue,Had to call multiple times for a simple billing issue!,0,0
592699,Customer Support Issue,"Long wait time for support, very frustrating!",0,1
816074,Billing Issue,"Billing discrepancy, support is not helping!",0,0
625750,Service Quality,"Very satisfied with the service, will recommend!",0,5
383316,No Issue,"Happy with the service, would recommend.",0,4
674710,Late Refund,Finally got my refund after multiple calls.,0,3
557976,Service Quality,Quality of service was not up to the mark!,0,5
363415,No Issue,"Happy with the service, would recommend.",0,4
658139,Late Refund,Finally got my refund after multiple calls.,0,3
387027,Billing Issue,"Incorrect amount charged, need a refund!",0,0
403499,No Issue,"Happy with the service, would recommend.",0,4
656799,Customer Support Issue,"Long wait time for support, very frustrating!",0,1
391057,Billing Issue,"Incorrect amount charged, need a refund!",0,0
509459,Customer Support Issue,Customer service was rude and unhelpful!,0,1
312040,No Issue,"Great experience, very satisfied!",0,4
459460,Billing Issue,Had to call multiple times for a simple billing issue!,0,0
672595,No Issue,Customer support was helpful in resolving my concern.,0,4
531181,Late Refund,"Refund process is very slow, not happy!",0,3
587945,Late Refund,Finally got my refund after multiple calls.,0,3
412605,No Issue,"Great experience, very satisfied!",0,4
516149,Service Quality,I'm disappointed with the overall experience!,0,5
309458,No Issue,"Happy with the service, would recommend.",0,4
816826,Billing Issue,Had to call multiple times for a simple billing issue!,0,0
498466,Late Refund,Still waiting for my refund after 2 weeks!,0,3
659998,No Issue,"Happy with the service, would recommend.",0,4
586836,Customer Support Issue,"Long wait time for support, very frustrating!",0,1
539088,Late Refund,Finally got my refund after multiple calls.,0,3
103006,Service Quality,"Very satisfied with the service, will recommend!",0,5
377264,Service Quality,The service was too slow and unprofessional!,0,5
516700,Late Refund,Still waiting for my refund after 2 weeks!,0,3
770024,No Issue,"Everything went smoothly, highly recommended.",0,4
607887,Late Refund,Finally got my refund after multiple calls.,0,3
509302,Customer Support Issue,"Long wait time for support, very frustrating!",0,1
817007,Customer Support Issue,Support team was responsive and helpful.,0,1
112591,Customer Support Issue,"Long wait time for support, very frustrating!",0,1
450812,Customer Support Issue,"Long wait time for support, very frustrating!",0,1
513946,No Issue,"Great experience, very satisfied!",0,4
376446,No Issue,"Great experience, very satisfied!",0,4
444853,Late Refund,Finally got my refund after multiple calls.,0,3
374218,Late Refund,Still waiting for my refund after 2 weeks!,0,3
556457,Billing Issue,"Billing discrepancy, support is not helping!",0,0
680228,Billing Issue,"Incorrect amount charged, need a refund!",0,0
600666,Late Refund,"Refund process is very slow, not happy!",0,3
476998,No Issue,Customer support was helpful in resolving my concern.,0,4
381743,Service Quality,"Very satisfied with the service, will recommend!",0,5
401260,Late Refund,Finally got my refund after multiple calls.,0,3
357193,Late Refund,Finally got my refund after multiple calls.,0,3
593313,Billing Issue,"Incorrect amount charged, need a refund!",0,0
508937,Service Quality,I'm disappointed with the overall experience!,0,5
590369,Late Refund,Still waiting for my refund after 2 weeks!,0,3
395209,Late Refund,Finally got my refund after multiple calls.,0,3
401337,Customer Support Issue,Support team was responsive and helpful.,0,1
458136,Billing Issue,Had to call multiple times for a simple billing issue!,0,0
483241,Late Refund,"Refund process is very slow, not happy!",0,3
381193,No Issue,"No issues, smooth transactions every time.",0,4
651691,Billing Issue,"Incorrect amount charged, need a refund!",0,0
508242,Billing Issue,Had to call multiple times for a simple billing issue!,0,0
453467,Service Quality,The service was too slow and unprofessional!,0,5
477754,No Issue,"Great experience, very satisfied!",0,4
516837,Customer Support Issue,Support team was responsive and helpful.,0,1
565604,Service Quality,I'm disappointed with the overall experience!,0,5
374344,Billing Issue,"Billing discrepancy, support is not helping!",0,0
817961,Service Quality,The service was too slow and unprofessional!,0,5
301258,No Issue,"Happy with the service, would recommend.",0,4
474035,Service Quality,"Very satisfied with the service, will recommend!",0,5
371568,Billing Issue,"Billing discrepancy, support is not helping!",0,0
548582,Customer Support Issue,Customer service was rude and unhelpful!,0,1
372223,Customer Support Issue,Customer service was rude and unhelpful!,0,1
378799,Service Quality,Service was excellent and very professional.,0,5
396121,Customer Support Issue,Support team was responsive and helpful.,0,1
647412,Customer Support Issue,Customer service was rude and unhelpful!,0,1
100693,Late Refund,Still waiting for my refund after 2 weeks!,0,3
515210,Customer Support Issue,Support team was responsive and helpful.,0,1
597414,Service Quality,I'm disappointed with the overall experience!,0,5
770563,Billing Issue,Had to call multiple times for a simple billing issue!,0,0
397176,Billing Issue,"Incorrect amount charged, need a refund!",0,0
487332,Billing Issue,"Billing discrepancy, support is not helping!",0,0
626810,Late Refund,"Refund process is very slow, not happy!",0,3
505502,Late Refund,"Refund process is very slow, not happy!",0,3
614552,Customer Support Issue,Customer service was rude and unhelpful!,0,1
647826,No Issue,Customer support was helpful in resolving my concern.,0,4
463805,No Issue,"Happy with the service, would recommend.",0,4
674725,Late Refund,Finally got my refund after multiple calls.,0,3
431169,Service Quality,Service was excellent and very professional.,0,5
353400,Late Refund,Still waiting for my refund after 2 weeks!,0,3
624623,Service Quality,Service was excellent and very professional.,0,5
413943,Billing Issue,Had to call multiple times for a simple billing issue!,0,0
370658,Late Refund,"Refund process is very slow, not happy!",0,3
532823,Billing Issue,Had to call multiple times for a simple billing issue!,0,0
388331,No Issue,Customer support was helpful in resolving my concern.,0,4
651865,Billing Issue,"Billing discrepancy, support is not helping!",0,0
740400,No Issue,"No issues, smooth transactions every time.",0,4
349636,Service Quality,The service was too slow and unprofessional!,0,5
466454,No Issue,"Great experience, very satisfied!",0,4
538221,Customer Support Issue,Customer service was rude and unhelpful!,0,1
524929,Service Quality,"Very satisfied with the service, will recommend!",0,5
771226,Service Quality,I'm disappointed with the overall experience!,0,5
465769,Customer Support Issue,Customer service was rude and unhelpful!,0,1
127268,Customer Support Issue,Support team was responsive and helpful.,0,1
652563,Service Quality,Quality of service was not up to the mark!,0,5
495408,Service Quality,"Very satisfied with the service, will recommend!",0,5
354371,Customer Support Issue,Customer service was rude and unhelpful!,0,1
442115,Billing Issue,"Billing discrepancy, support is not helping!",0,0
532096,Customer Support Issue,Support team was responsive and helpful.,0,1
368581,Billing Issue,"Billing discrepancy, support is not helping!",0,0
429370,Customer Support Issue,Customer service was rude and unhelpful!,0,1
484195,Service Quality,I'm disappointed with the overall experience!,0,5
409762,Service Quality,The service was too slow and unprofessional!,0,5
364438,Customer Support Issue,"Long wait time for support, very frustrating!",0,1
508553,Late Refund,"Refund process is very slow, not happy!",0,3
419973,No Issue,"Happy with the service, would recommend.",0,4
587072,Late Refund,Still waiting for my refund after 2 weeks!,0,3
816391,Service Quality,The service was too slow and unprofessional!,0,5
355725,Billing Issue,"Billing discrepancy, support is not helping!",0,0
816472,Customer Support Issue,Customer service was rude and unhelpful!,0,1
433037,Customer Support Issue,Customer service was rude and unhelpful!,0,1
111234,No Issue,"No issues, smooth transactions every time.",0,4
814175,No Issue,Customer support was helpful in resolving my concern.,0,4
409331,Service Quality,I'm disappointed with the overall experience!,0,5
385950,Service Quality,Service was excellent and very professional.,0,5
648398,Late Refund,"Refund process is very slow, not happy!",0,3
425365,Billing Issue,Had to call multiple times for a simple billing issue!,0,0
542361,Customer Support Issue,Customer service was rude and unhelpful!,0,1
471023,Billing Issue,Had to call multiple times for a simple billing issue!,0,0
410256,Late Refund,"Refund process is very slow, not happy!",0,3
433081,Billing Issue,Had to call multiple times for a simple billing issue!,0,0
393157,Customer Support Issue,Support team was responsive and helpful.,0,1
605103,Billing Issue,"Billing discrepancy, support is not helping!",0,0
315346,Customer Support Issue,Support team was responsive and helpful.,0,1
817206,Late Refund,Finally got my refund after multiple calls.,0,3
541491,Billing Issue,"Billing discrepancy, support is not helping!",0,0
474584,Customer Support Issue,Support team was responsive and helpful.,0,1
368388,Late Refund,Finally got my refund after multiple calls.,0,3
514454,Late Refund,Finally got my refund after multiple calls.,0,3
434629,Service Quality,Service was excellent and very professional.,0,5
550112,Late Refund,Still waiting for my refund after 2 weeks!,0,3
656961,Service Quality,Quality of service was not up to the mark!,0,5
450676,Late Refund,Finally got my refund after multiple calls.,0,3
373917,No Issue,"Happy with the service, would recommend.",0,4
670816,Late Refund,Finally got my refund after multiple calls.,0,3
672060,Service Quality,Quality of service was not up to the mark!,0,5
352960,Late Refund,Still waiting for my refund after 2 weeks!,0,3
356013,Customer Support Issue,Support team was responsive and helpful.,0,1
313905,Customer Support Issue,Customer service was rude and unhelpful!,0,1
671806,Billing Issue,"Billing discrepancy, support is not helping!",0,0
488739,Billing Issue,"Incorrect amount charged, need a refund!",0,0
302936,Billing Issue,"Incorrect amount charged, need a refund!",0,0
533622,Late Refund,Still waiting for my refund after 2 weeks!,0,3
118528,No Issue,"Happy with the service, would recommend.",0,4
425672,No Issue,"Everything went smoothly, highly recommended.",0,4
402796,Customer Support Issue,Support team was responsive and helpful.,0,1
379928,Late Refund,"Refund process is very slow, not happy!",0,3
354313,Billing Issue,"Incorrect amount charged, need a refund!",0,0
394057,Customer Support Issue,Customer service was rude and unhelpful!,0,1
498298,Billing Issue,Had to call multiple times for a simple billing issue!,0,0
393187,Billing Issue,"Incorrect amount charged, need a refund!",0,0
516660,Service Quality,The service was too slow and unprofessional!,0,5
418483,No Issue,"Happy with the service, would recommend.",0,4
510907,Late Refund,Still waiting for my refund after 2 weeks!,0,3
515939,Billing Issue,Had to call multiple times for a simple billing issue!,0,0
577099,Service Quality,I'm disappointed with the overall experience!,0,5
570670,Customer Support Issue,Customer service was rude and unhelpful!,0,1
341438,Billing Issue,"Incorrect amount charged, need a refund!",0,0
621098,Customer Support Issue,Support team was responsive and helpful.,0,1
388556,No Issue,Customer support was helpful in resolving my concern.,0,4
445639,Late Refund,"Refund process is very slow, not happy!",0,3
815649,No Issue,"Happy with the service, would recommend.",0,4
620226,Service Quality,I'm disappointed with the overall experience!,0,5
311607,Service Quality,Quality of service was not up to the mark!,0,5
407036,Service Quality,The service was too slow and unprofessional!,0,5
588095,Customer Support Issue,"Long wait time for support, very frustrating!",0,1
571342,Service Quality,Service was excellent and very professional.,0,5
545682,Customer Support Issue,"Long wait time for support, very frustrating!",0,1
771749,No Issue,"Everything went smoothly, highly recommended.",0,4
505104,Billing Issue,"Incorrect amount charged, need a refund!",0,0
414767,Late Refund,"Refund process is very slow, not happy!",0,3
400770,Billing Issue,"Billing discrepancy, support is not helping!",0,0
628212,No Issue,"Everything went smoothly, highly recommended.",0,4
384867,Late Refund,"Refund process is very slow, not happy!",0,3
387890,Customer Support Issue,Support team was responsive and helpful.,0,1
445969,Customer Support Issue,Customer service was rude and unhelpful!,0,1
372419,Customer Support Issue,"Long wait time for support, very frustrating!",0,1
528641,No Issue,"Happy with the service, would recommend.",0,4
817343,Customer Support Issue,Customer service was rude and unhelpful!,0,1
556091,Billing Issue,"Billing discrepancy, support is not helping!",0,0
399066,Late Refund,"Refund process is very slow, not happy!",0,3
347019,Billing Issue,"Billing discrepancy, support is not helping!",0,0
366721,No Issue,"Happy with the service, would recommend.",0,4
305681,Customer Support Issue,Support team was responsive and helpful.,0,1
445791,Customer Support Issue,Support team was responsive and helpful.,0,1
494575,No Issue,"Happy with the service, would recommend.",0,4
506785,Billing Issue,"Billing discrepancy, support is not helping!",0,0
424761,Late Refund,Finally got my refund after multiple calls.,0,3
553704,Service Quality,I'm disappointed with the overall experience!,0,5
646535,No Issue,"Great experience, very satisfied!",0,4
563110,No Issue,Customer support was helpful in resolving my concern.,0,4
602848,No Issue,"Happy with the service, would recommend.",0,4
427868,Late Refund,Still waiting for my refund after 2 weeks!,0,3
525276,Late Refund,Still waiting for my refund after 2 weeks!,0,3
499100,Late Refund,"Refund process is very slow, not happy!",0,3
406668,Service Quality,"Very satisfied with the service, will recommend!",0,5
474322,Service Quality,Service was excellent and very professional.,0,5
373232,Billing Issue,"Incorrect amount charged, need a refund!",0,0
481921,Service Quality,Service was excellent and very professional.,0,5
457020,Service Quality,I'm disappointed with the overall experience!,0,5
458935,Billing Issue,"Billing discrepancy, support is not helping!",0,0
431631,Service Quality,The service was too slow and unprofessional!,0,5
542727,Billing Issue,"Billing discrepancy, support is not helping!",0,0
415584,No Issue,"No issues, smooth transactions every time.",0,4
540153,Late Refund,"Refund process is very slow, not happy!",0,3
387718,Billing Issue,Had to call multiple times for a simple billing issue!,0,0
990284,No Issue,"Happy with the service, would recommend.",0,4
423597,No Issue,"No issues, smooth transactions every time.",0,4
680746,No Issue,"Great experience, very satisfied!",0,4
469017,Late Refund,Still waiting for my refund after 2 weeks!,0,3
470535,Billing Issue,"Incorrect amount charged, need a refund!",0,0
405711,Service Quality,Quality of service was not up to the mark!,0,5
493666,Billing Issue,Had to call multiple times for a simple billing issue!,0,0
495692,Customer Support Issue,Customer service was rude and unhelpful!,0,1
653732,Billing Issue,Had to call multiple times for a simple billing issue!,0,0
408571,Service Quality,The service was too slow and unprofessional!,0,5
536404,Customer Support Issue,"Long wait time for support, very frustrating!",0,1
593171,Late Refund,Still waiting for my refund after 2 weeks!,0,3
598745,Late Refund,"Refund process is very slow, not happy!",0,3
430587,Service Quality,The service was too slow and unprofessional!,0,5
474399,Service Quality,"Very satisfied with the service, will recommend!",0,5
557977,No Issue,"No issues, smooth transactions every time.",0,4
220367,No Issue,"Happy with the service, would recommend.",0,4
888921,Service Quality,"Very satisfied with the service, will recommend!",0,5
554215,No Issue,"Everything went smoothly, highly recommended.",0,4
487832,Late Refund,Still waiting for my refund after 2 weeks!,0,3
451397,No Issue,"Great experience, very satisfied!",0,4
122041,Late Refund,"Refund process is very slow, not happy!",0,3
487440,Billing Issue,Had to call multiple times for a simple billing issue!,0,0
644105,No Issue,"Happy with the service, would recommend.",0,4
499787,Billing Issue,"Incorrect amount charged, need a refund!",0,0
502877,Service Quality,"Very satisfied with the service, will recommend!",0,5
499374,Late Refund,Still waiting for my refund after 2 weeks!,0,3
488696,Service Quality,The service was too slow and unprofessional!,0,5
341196,Late Refund,"Refund process is very slow, not happy!",0,3
485829,Billing Issue,"Incorrect amount charged, need a refund!",0,0
435157,Service Quality,Service was excellent and very professional.,0,5
622659,Late Refund,Still waiting for my refund after 2 weeks!,0,3
598173,Late Refund,Still waiting for my refund after 2 weeks!,0,3
444964,Billing Issue,"Incorrect amount charged, need a refund!",0,0
316653,Late Refund,Finally got my refund after multiple calls.,0,3
405052,Billing Issue,Had to call multiple times for a simple billing issue!,0,0
489767,Customer Support Issue,Support team was responsive and helpful.,0,1
499162,Late Refund,"Refund process is very slow, not happy!",0,3
305873,Customer Support Issue,Support team was responsive and helpful.,0,1
509350,Late Refund,"Refund process is very slow, not happy!",0,3
559622,Service Quality,Service was excellent and very professional.,0,5
522636,No Issue,Customer support was helpful in resolving my concern.,0,4
810337,Customer Support Issue,"Long wait time for support, very frustrating!",0,1
311002,Customer Support Issue,Support team was responsive and helpful.,0,1
608201,Billing Issue,Had to call multiple times for a simple billing issue!,0,0
624131,No Issue,"Great experience, very satisfied!",0,4
687679,Service Quality,The service was too slow and unprofessional!,0,5
641216,Billing Issue,Had to call multiple times for a simple billing issue!,0,0
607751,Billing Issue,Had to call multiple times for a simple billing issue!,0,0
393652,Billing Issue,"Incorrect amount charged, need a refund!",0,0
509773,Service Quality,Quality of service was not up to the mark!,0,5
222850,Service Quality,The service was too slow and unprofessional!,0,5
982630,Service Quality,Quality of service was not up to the mark!,0,5
437728,Customer Support Issue,"Long wait time for support, very frustrating!",0,1
529001,Billing Issue,"Incorrect amount charged, need a refund!",0,0
603674,Late Refund,"Refund process is very slow, not happy!",0,3
370309,Billing Issue,"Incorrect amount charged, need a refund!",0,0
354710,Customer Support Issue,Customer service was rude and unhelpful!,0,1
454559,Customer Support Issue,"Long wait time for support, very frustrating!",0,1
420427,Billing Issue,Had to call multiple times for a simple billing issue!,0,0
476973,No Issue,"No issues, smooth transactions every time.",0,4
310049,Late Refund,Finally got my refund after multiple calls.,0,3
353631,Late Refund,Finally got my refund after multiple calls.,0,3
607840,Billing Issue,Had to call multiple times for a simple billing issue!,0,0
405970,Billing Issue,Had to call multiple times for a simple billing issue!,0,0
504299,No Issue,"Everything went smoothly, highly recommended.",0,4
812061,Customer Support Issue,"Long wait time for support, very frustrating!",0,1
302715,Late Refund,"Refund process is very slow, not happy!",0,3
464404,Billing Issue,Had to call multiple times for a simple billing issue!,0,0
492329,Late Refund,Still waiting for my refund after 2 weeks!,0,3
577700,Billing Issue,"Billing discrepancy, support is not helping!",0,0
464538,Service Quality,Quality of service was not up to the mark!,0,5
586785,No Issue,"Everything went smoothly, highly recommended.",0,4
441908,Late Refund,"Refund process is very slow, not happy!",0,3
343896,Late Refund,Still waiting for my refund after 2 weeks!,0,3
362012,Service Quality,The service was too slow and unprofessional!,0,5
391118,Late Refund,Still waiting for my refund after 2 weeks!,0,3
520864,Billing Issue,Had to call multiple times for a simple billing issue!,0,0
819627,No Issue,"Everything went smoothly, highly recommended.",0,4
354989,Billing Issue,"Incorrect amount charged, need a refund!",0,0
475891,No Issue,"Happy with the service, would recommend.",0,4
300756,Late Refund,Still waiting for my refund after 2 weeks!,0,3
467468,Billing Issue,"Billing discrepancy, support is not helping!",0,0
592374,Service Quality,Quality of service was not up to the mark!,0,5
403492,Billing Issue,Had to call multiple times for a simple billing issue!,0,0
594419,Billing Issue,"Incorrect amount charged, need a refund!",0,0
388516,Service Quality,I'm disappointed with the overall experience!,0,5
223428,Customer Support Issue,"Long wait time for support, very frustrating!",0,1
425684,Service Quality,The service was too slow and unprofessional!,0,5
367016,Billing Issue,"Billing discrepancy, support is not helping!",0,0
625619,No Issue,"Great experience, very satisfied!",0,4
626044,Billing Issue,Had to call multiple times for a simple billing issue!,0,0
495850,No Issue,"Great experience, very satisfied!",0,4
392761,Billing Issue,Had to call multiple times for a simple billing issue!,0,0
311583,Late Refund,Finally got my refund after multiple calls.,0,3
515524,Service Quality,Quality of service was not up to the mark!,0,5
301033,No Issue,Customer support was helpful in resolving my concern.,0,4
489556,Billing Issue,"Incorrect amount charged, need a refund!",0,0
502374,Late Refund,"Refund process is very slow, not happy!",0,3
525879,Billing Issue,Had to call multiple times for a simple billing issue!,0,0
517249,Late Refund,"Refund process is very slow, not happy!",0,3
558240,Customer Support Issue,"Long wait time for support, very frustrating!",0,1
381242,Billing Issue,Had to call multiple times for a simple billing issue!,0,0
230377,No Issue,"Everything went smoothly, highly recommended.",0,4
395661,No Issue,"No issues, smooth transactions every time.",0,4
471777,Billing Issue,Had to call multiple times for a simple billing issue!,0,0
409274,Late Refund,Still waiting for my refund after 2 weeks!,0,3
496453,Service Quality,"Very satisfied with the service, will recommend!",0,5
357526,Service Quality,I'm disappointed with the overall experience!,0,5
601743,Service Quality,The service was too slow and unprofessional!,0,5
476378,Billing Issue,"Incorrect amount charged, need a refund!",0,0
492799,Service Quality,Service was excellent and very professional.,0,5
394722,Customer Support Issue,Support team was responsive and helpful.,0,1
580849,Customer Support Issue,Customer service was rude and unhelpful!,0,1
651423,Service Quality,I'm disappointed with the overall experience!,0,5
364441,No Issue,Customer support was helpful in resolving my concern.,0,4
511681,Late Refund,Still waiting for my refund after 2 weeks!,0,3
597509,Late Refund,Finally got my refund after multiple calls.,0,3
448610,Customer Support Issue,Support team was responsive and helpful.,0,1
349871,No Issue,Customer support was helpful in resolving my concern.,0,4
402096,Late Refund,"Refund process is very slow, not happy!",0,3
477727,Service Quality,Quality of service was not up to the mark!,0,5
816486,Service Quality,I'm disappointed with the overall experience!,0,5
723244,No Issue,"Everything went smoothly, highly recommended.",0,4
111236,No Issue,"Happy with the service, would recommend.",0,4
344205,No Issue,"Happy with the service, would recommend.",0,4
484667,No Issue,"Happy with the service, would recommend.",0,4
523270,Late Refund,Still waiting for my refund after 2 weeks!,0,3
492181,Service Quality,The service was too slow and unprofessional!,0,5
500929,Late Refund,"Refund process is very slow, not happy!",0,3
446516,Service Quality,I'm disappointed with the overall experience!,0,5
495286,Service Quality,"Very satisfied with the service, will recommend!",0,5
413956,Late Refund,Finally got my refund after multiple calls.,0,3
510301,Billing Issue,Had to call multiple times for a simple billing issue!,0,0
463933,Late Refund,"Refund process is very slow, not happy!",0,3
503413,Billing Issue,"Billing discrepancy, support is not helping!",0,0
482094,Service Quality,Service was excellent and very professional.,0,5
517636,Billing Issue,"Incorrect amount charged, need a refund!",0,0
483852,Late Refund,Finally got my refund after multiple calls.,0,3
432795,Late Refund,Still waiting for my refund after 2 weeks!,0,3
645984,Service Quality,The service was too slow and unprofessional!,0,5
394748,Late Refund,Finally got my refund after multiple calls.,0,3
378871,Service Quality,The service was too slow and unprofessional!,0,5
555707,Billing Issue,"Billing discrepancy, support is not helping!",0,0
301119,Service Quality,I'm disappointed with the overall experience!,0,5
532521,No Issue,"Happy with the service, would recommend.",0,4
497929,Service Quality,The service was too slow and unprofessional!,0,5
348521,No Issue,"Great experience, very satisfied!",0,4
355008,Billing Issue,Had to call multiple times for a simple billing issue!,0,0
390907,Service Quality,Service was excellent and very professional.,0,5
372734,No Issue,"Great experience, very satisfied!",0,4
356477,Late Refund,"Refund process is very slow, not happy!",0,3
608383,Billing Issue,"Incorrect amount charged, need a refund!",0,0
562492,Late Refund,"Refund process is very slow, not happy!",0,3
628446,Customer Support Issue,Customer service was rude and unhelpful!,0,1
645450,Service Quality,Service was excellent and very professional.,0,5
516210,Customer Support Issue,Customer service was rude and unhelpful!,0,1
127587,No Issue,"Great experience, very satisfied!",0,4
521332,Billing Issue,"Billing discrepancy, support is not helping!",0,0
356492,Late Refund,"Refund process is very slow, not happy!",0,3
100648,Late Refund,Finally got my refund after multiple calls.,0,3
606601,Service Quality,The service was too slow and unprofessional!,0,5
410950,Customer Support Issue,"Long wait time for support, very frustrating!",0,1
513711,Late Refund,Finally got my refund after multiple calls.,0,3
397030,Service Quality,"Very satisfied with the service, will recommend!",0,5
437330,Late Refund,Finally got my refund after multiple calls.,0,3
448970,Billing Issue,"Billing discrepancy, support is not helping!",0,0
654061,Service Quality,"Very satisfied with the service, will recommend!",0,5
103744,Billing Issue,"Incorrect amount charged, need a refund!",0,0
502903,No Issue,"Happy with the service, would recommend.",0,4
592471,Service Quality,Quality of service was not up to the mark!,0,5
531971,No Issue,"Everything went smoothly, highly recommended.",0,4
346788,Service Quality,Quality of service was not up to the mark!,0,5
353668,Service Quality,"Very satisfied with the service, will recommend!",0,5
383647,Service Quality,"Very satisfied with the service, will recommend!",0,5
582074,No Issue,"Great experience, very satisfied!",0,4
418059,Customer Support Issue,Customer service was rude and unhelpful!,0,1
431649,Customer Support Issue,Support team was responsive and helpful.,0,1
342274,Billing Issue,"Incorrect amount charged, need a refund!",0,0
628497,Late Refund,Still waiting for my refund after 2 weeks!,0,3
405149,Customer Support Issue,"Long wait time for support, very frustrating!",0,1
391792,Billing Issue,Had to call multiple times for a simple billing issue!,0,0
396810,Customer Support Issue,Support team was responsive and helpful.,0,1
636769,Customer Support Issue,Customer service was rude and unhelpful!,0,1
499786,Service Quality,I'm disappointed with the overall experience!,0,5
625424,Service Quality,The service was too slow and unprofessional!,0,5
418704,Customer Support Issue,Support team was responsive and helpful.,0,1
654253,Customer Support Issue,"Long wait time for support, very frustrating!",0,1
393567,Billing Issue,Had to call multiple times for a simple billing issue!,0,0
371490,Late Refund,Still waiting for my refund after 2 weeks!,0,3
600988,Service Quality,"Very satisfied with the service, will recommend!",0,5
360643,Billing Issue,"Incorrect amount charged, need a refund!",0,0
103645,No Issue,"Great experience, very satisfied!",0,4
814276,Late Refund,Finally got my refund after multiple calls.,0,3
563041,Customer Support Issue,Customer service was rude and unhelpful!,0,1
651142,Late Refund,"Refund process is very slow, not happy!",0,3
346055,Customer Support Issue,"Long wait time for support, very frustrating!",0,1
426509,Customer Support Issue,"Long wait time for support, very frustrating!",0,1
415838,Service Quality,The service was too slow and unprofessional!,0,5
811120,Late Refund,"Refund process is very slow, not happy!",0,3
340749,Customer Support Issue,"Long wait time for support, very frustrating!",0,1
500470,Service Quality,The service was too slow and unprofessional!,0,5
494289,No Issue,"Great experience, very satisfied!",0,4
564114,No Issue,"Happy with the service, would recommend.",0,4
385910,No Issue,"No issues, smooth transactions every time.",0,4
812100,Service Quality,"Very satisfied with the service, will recommend!",0,5
566175,Customer Support Issue,Support team was responsive and helpful.,0,1
541739,No Issue,"No issues, smooth transactions every time.",0,4
562429,No Issue,"Great experience, very satisfied!",0,4
567081,Late Refund,Still waiting for my refund after 2 weeks!,0,3
815184,Customer Support Issue,Support team was responsive and helpful.,0,1
511512,Billing Issue,Had to call multiple times for a simple billing issue!,0,0
628114,Billing Issue,Had to call multiple times for a simple billing issue!,0,0
390685,Customer Support Issue,"Long wait time for support, very frustrating!",0,1
771750,Billing Issue,Had to call multiple times for a simple billing issue!,0,0
640544,Service Quality,I'm disappointed with the overall experience!,0,5
500320,Late Refund,Finally got my refund after multiple calls.,0,3
305410,Late Refund,"Refund process is very slow, not happy!",0,3
471571,No Issue,"No issues, smooth transactions every time.",0,4
606212,Billing Issue,Had to call multiple times for a simple billing issue!,0,0
585790,Late Refund,"Refund process is very slow, not happy!",0,3
811042,Service Quality,Service was excellent and very professional.,0,5
989656,Service Quality,"Very satisfied with the service, will recommend!",0,5
390347,Service Quality,The service was too slow and unprofessional!,0,5
581417,Billing Issue,"Billing discrepancy, support is not helping!",0,0
402994,Service Quality,Quality of service was not up to the mark!,0,5
451443,No Issue,Customer support was helpful in resolving my concern.,0,4
633442,No Issue,"Happy with the service, would recommend.",0,4
452401,Customer Support Issue,Customer service was rude and unhelpful!,0,1
439958,No Issue,"Everything went smoothly, highly recommended.",0,4
591759,Service Quality,Quality of service was not up to the mark!,0,5
621560,No Issue,Customer support was helpful in resolving my concern.,0,4
554114,Customer Support Issue,"Long wait time for support, very frustrating!",0,1
659348,Service Quality,"Very satisfied with the service, will recommend!",0,5
433444,Customer Support Issue,"Long wait time for support, very frustrating!",0,1
372982,Billing Issue,"Incorrect amount charged, need a refund!",0,0
410871,Billing Issue,"Incorrect amount charged, need a refund!",0,0
357045,Late Refund,"Refund process is very slow, not happy!",0,3
533376,Late Refund,Still waiting for my refund after 2 weeks!,0,3
391513,Customer Support Issue,Customer service was rude and unhelpful!,0,1
348139,Late Refund,Finally got my refund after multiple calls.,0,3
590438,No Issue,"Happy with the service, would recommend.",0,4
445378,Late Refund,"Refund process is very slow, not happy!",0,3
815040,Service Quality,"Very satisfied with the service, will recommend!",0,5
560719,Service Quality,Quality of service was not up to the mark!,0,5
677521,Customer Support Issue,Customer service was rude and unhelpful!,0,1
656986,No Issue,"Great experience, very satisfied!",0,4
372459,Billing Issue,"Billing discrepancy, support is not helping!",0,0
389085,Billing Issue,"Incorrect amount charged, need a refund!",0,0
465318,No Issue,"No issues, smooth transactions every time.",0,4
401757,Billing Issue,"Billing discrepancy, support is not helping!",0,0
423677,Service Quality,Service was excellent and very professional.,0,5
496467,Billing Issue,"Billing discrepancy, support is not helping!",0,0
567544,Late Refund,Still waiting for my refund after 2 weeks!,0,3
710125,Service Quality,Service was excellent and very professional.,0,5
672144,Service Quality,"Very satisfied with the service, will recommend!",0,5
495013,Customer Support Issue,Customer service was rude and unhelpful!,0,1
649817,Late Refund,Finally got my refund after multiple calls.,0,3
302754,No Issue,"No issues, smooth transactions every time.",0,4
401441,Billing Issue,Had to call multiple times for a simple billing issue!,0,0
362140,Late Refund,"Refund process is very slow, not happy!",0,3
940032,Billing Issue,Had to call multiple times for a simple billing issue!,0,0
641815,Billing Issue,Had to call multiple times for a simple billing issue!,0,0
495407,No Issue,"No issues, smooth transactions every time.",0,4
311678,Service Quality,Service was excellent and very professional.,0,5
301827,Customer Support Issue,Support team was responsive and helpful.,0,1
301941,Billing Issue,"Billing discrepancy, support is not helping!",0,0
511556,No Issue,"Everything went smoothly, highly recommended.",0,4
779983,Service Quality,Quality of service was not up to the mark!,0,5
672677,Service Quality,I'm disappointed with the overall experience!,0,5
814091,Customer Support Issue,Customer service was rude and unhelpful!,0,1
363984,Service Quality,Quality of service was not up to the mark!,0,5
309127,Service Quality,Quality of service was not up to the mark!,0,5
820139,No Issue,"Great experience, very satisfied!",0,4
488845,Billing Issue,Had to call multiple times for a simple billing issue!,0,0
358855,Customer Support Issue,Customer service was rude and unhelpful!,0,1
302959,Late Refund,Finally got my refund after multiple calls.,0,3
819698,Billing Issue,"Incorrect amount charged, need a refund!",0,0
435669,Late Refund,Still waiting for my refund after 2 weeks!,0,3
103923,Customer Support Issue,"Long wait time for support, very frustrating!",0,1
406594,Billing Issue,"Billing discrepancy, support is not helping!",0,0
381599,No Issue,Customer support was helpful in resolving my concern.,0,4
486102,Late Refund,Still waiting for my refund after 2 weeks!,0,3
518275,No Issue,"Everything went smoothly, highly recommended.",0,4
536893,Customer Support Issue,Support team was responsive and helpful.,0,1
520286,Billing Issue,"Billing discrepancy, support is not helping!",0,0
395490,Service Quality,The service was too slow and unprofessional!,0,5
312066,Late Refund,Still waiting for my refund after 2 weeks!,0,3
379107,Billing Issue,Had to call multiple times for a simple billing issue!,0,0
486941,Customer Support Issue,Support team was responsive and helpful.,0,1
392996,Late Refund,Still waiting for my refund after 2 weeks!,0,3
597641,No Issue,Customer support was helpful in resolving my concern.,0,4
544276,Customer Support Issue,Customer service was rude and unhelpful!,0,1
672625,No Issue,"Happy with the service, would recommend.",0,4
368659,Billing Issue,Had to call multiple times for a simple billing issue!,0,0
300820,Service Quality,I'm disappointed with the overall experience!,0,5
409186,Late Refund,"Refund process is very slow, not happy!",0,3
673899,Service Quality,Quality of service was not up to the mark!,0,5
532003,Service Quality,Service was excellent and very professional.,0,5
641991,No Issue,"Great experience, very satisfied!",0,4
590616,No Issue,Customer support was helpful in resolving my concern.,0,4
133336,Service Quality,The service was too slow and unprofessional!,0,5
816704,Service Quality,I'm disappointed with the overall experience!,0,5
819937,Service Quality,Quality of service was not up to the mark!,0,5
396607,Customer Support Issue,"Long wait time for support, very frustrating!",0,1
591606,Late Refund,Still waiting for my refund after 2 weeks!,0,3
396535,Late Refund,Finally got my refund after multiple calls.,0,3
648253,Late Refund,Still waiting for my refund after 2 weeks!,0,3
812520,Customer Support Issue,Support team was responsive and helpful.,0,1
469983,Customer Support Issue,Support team was responsive and helpful.,0,1
334055,Service Quality,I'm disappointed with the overall experience!,0,5
513748,Service Quality,Service was excellent and very professional.,0,5
557089,Billing Issue,"Incorrect amount charged, need a refund!",0,0
397287,Service Quality,"Very satisfied with the service, will recommend!",0,5
346222,Late Refund,"Refund process is very slow, not happy!",0,3
810467,Customer Support Issue,"Long wait time for support, very frustrating!",0,1
627834,Service Quality,"Very satisfied with the service, will recommend!",0,5
302415,No Issue,"Everything went smoothly, highly recommended.",0,4
594063,Service Quality,Quality of service was not up to the mark!,0,5
656258,Late Refund,Still waiting for my refund after 2 weeks!,0,3
623124,Customer Support Issue,Customer service was rude and unhelpful!,0,1
382061,Billing Issue,"Billing discrepancy, support is not helping!",0,0
590719,Late Refund,"Refund process is very slow, not happy!",0,3
501856,No Issue,"Everything went smoothly, highly recommended.",0,4
536020,Late Refund,"Refund process is very slow, not happy!",0,3
397857,Service Quality,I'm disappointed with the overall experience!,0,5
483982,Billing Issue,"Billing discrepancy, support is not helping!",0,0
659887,Billing Issue,"Billing discrepancy, support is not helping!",0,0
435245,No Issue,"No issues, smooth transactions every time.",0,4
404392,Service Quality,The service was too slow and unprofessional!,0,5
482532,Billing Issue,Had to call multiple times for a simple billing issue!,0,0
303103,Late Refund,Still waiting for my refund after 2 weeks!,0,3
432654,Service Quality,I'm disappointed with the overall experience!,0,5
559112,Customer Support Issue,Customer service was rude and unhelpful!,0,1
710259,Service Quality,The service was too slow and unprofessional!,0,5
670548,No Issue,"Everything went smoothly, highly recommended.",0,4
659117,Billing Issue,Had to call multiple times for a simple billing issue!,0,0
495680,Late Refund,"Refund process is very slow, not happy!",0,3
625066,Late Refund,Finally got my refund after multiple calls.,0,3
593938,Service Quality,Service was excellent and very professional.,0,5
462586,Late Refund,"Refund process is very slow, not happy!",0,3
543478,Service Quality,I'm disappointed with the overall experience!,0,5
362858,No Issue,"Happy with the service, would recommend.",0,4
621228,Customer Support Issue,Support team was responsive and helpful.,0,1
533838,No Issue,"No issues, smooth transactions every time.",0,4
549296,Late Refund,Finally got my refund after multiple calls.,0,3
410867,Service Quality,I'm disappointed with the overall experience!,0,5
680351,Service Quality,Service was excellent and very professional.,0,5
449528,Customer Support Issue,Support team was responsive and helpful.,0,1
771616,Customer Support Issue,Customer service was rude and unhelpful!,0,1
681234,Billing Issue,Had to call multiple times for a simple billing issue!,0,0
381881,No Issue,"Happy with the service, would recommend.",0,4
548282,Customer Support Issue,"Long wait time for support, very frustrating!",0,1
382005,Billing Issue,Had to call multiple times for a simple billing issue!,0,0
368803,Late Refund,"Refund process is very slow, not happy!",0,3
624999,No Issue,"Happy with the service, would recommend.",0,4
384610,Billing Issue,"Incorrect amount charged, need a refund!",0,0
535942,Billing Issue,Had to call multiple times for a simple billing issue!,0,0
344832,Billing Issue,"Billing discrepancy, support is not helping!",0,0
528966,Late Refund,Still waiting for my refund after 2 weeks!,0,3
651963,No Issue,"Everything went smoothly, highly recommended.",0,4
529658,Late Refund,Still waiting for my refund after 2 weeks!,0,3
521376,Customer Support Issue,Customer service was rude and unhelpful!,0,1
449596,Late Refund,Finally got my refund after multiple calls.,0,3
649911,Service Quality,The service was too slow and unprofessional!,0,5
552405,Late Refund,Finally got my refund after multiple calls.,0,3
383673,Service Quality,The service was too slow and unprofessional!,0,5
511804,Service Quality,Service was excellent and very professional.,0,5
674742,Service Quality,The service was too slow and unprofessional!,0,5
499227,Billing Issue,"Billing discrepancy, support is not helping!",0,0
598371,Customer Support Issue,"Long wait time for support, very frustrating!",0,1
559778,No Issue,"Everything went smoothly, highly recommended.",0,4
567524,Billing Issue,"Incorrect amount charged, need a refund!",0,0
550789,No Issue,"Happy with the service, would recommend.",0,4
472844,No Issue,"Happy with the service, would recommend.",0,4
390018,Customer Support Issue,Support team was responsive and helpful.,0,1
393008,Service Quality,Quality of service was not up to the mark!,0,5
393050,Billing Issue,"Incorrect amount charged, need a refund!",0,0
529114,Service Quality,Quality of service was not up to the mark!,0,5
103026,Billing Issue,"Incorrect amount charged, need a refund!",0,0
367393,Late Refund,Still waiting for my refund after 2 weeks!,0,3
387371,Service Quality,Quality of service was not up to the mark!,0,5
465605,Customer Support Issue,Customer service was rude and unhelpful!,0,1
423932,Billing Issue,Had to call multiple times for a simple billing issue!,0,0
447283,Billing Issue,"Incorrect amount charged, need a refund!",0,0
448533,No Issue,Customer support was helpful in resolving my concern.,0,4
403782,No Issue,"Happy with the service, would recommend.",0,4
426354,No Issue,"Happy with the service, would recommend.",0,4
810945,Billing Issue,"Billing discrepancy, support is not helping!",0,0
390873,Service Quality,The service was too slow and unprofessional!,0,5
421480,Late Refund,"Refund process is very slow, not happy!",0,3
645784,Customer Support Issue,Customer service was rude and unhelpful!,0,1
385027,Customer Support Issue,Support team was responsive and helpful.,0,1
552305,Service Quality,Service was excellent and very professional.,0,5
493347,No Issue,"Happy with the service, would recommend.",0,4
535293,Late Refund,Finally got my refund after multiple calls.,0,3
427938,No Issue,"Happy with the service, would recommend.",0,4
577012,Customer Support Issue,Customer service was rude and unhelpful!,0,1
378414,Billing Issue,"Incorrect amount charged, need a refund!",0,0
461705,Service Quality,I'm disappointed with the overall experience!,0,5
368177,Service Quality,I'm disappointed with the overall experience!,0,5
476163,Service Quality,Service was excellent and very professional.,0,5
389607,No Issue,"Everything went smoothly, highly recommended.",0,4
557225,Service Quality,The service was too slow and unprofessional!,0,5
567288,Billing Issue,Had to call multiple times for a simple billing issue!,0,0
469485,Service Quality,"Very satisfied with the service, will recommend!",0,5
816882,Late Refund,Finally got my refund after multiple calls.,0,3
445476,Billing Issue,"Billing discrepancy, support is not helping!",0,0
416302,Late Refund,Still waiting for my refund after 2 weeks!,0,3
460286,Service Quality,The service was too slow and unprofessional!,0,5
445675,Customer Support Issue,"Long wait time for support, very frustrating!",0,1
511467,No Issue,Customer support was helpful in resolving my concern.,0,4
539429,Late Refund,Finally got my refund after multiple calls.,0,3
348482,Service Quality,Quality of service was not up to the mark!,0,5
483798,Service Quality,"Very satisfied with the service, will recommend!",0,5
440010,No Issue,"Everything went smoothly, highly recommended.",0,4
650591,Customer Support Issue,"Long wait time for support, very frustrating!",0,1
739162,Billing Issue,"Incorrect amount charged, need a refund!",0,0
354842,Late Refund,Finally got my refund after multiple calls.,0,3
649067,Customer Support Issue,Customer service was rude and unhelpful!,0,1
344689,Late Refund,Finally got my refund after multiple calls.,0,3
422391,Late Refund,Finally got my refund after multiple calls.,0,3
817353,Customer Support Issue,Customer service was rude and unhelpful!,0,1
311743,Service Quality,Service was excellent and very professional.,0,5
644410,Service Quality,"Very satisfied with the service, will recommend!",0,5
348326,No Issue,Customer support was helpful in resolving my concern.,0,4
572593,Billing Issue,"Incorrect amount charged, need a refund!",0,0
356095,Service Quality,Service was excellent and very professional.,0,5
498441,Service Quality,"Very satisfied with the service, will recommend!",0,5
437250,Billing Issue,Had to call multiple times for a simple billing issue!,0,0
391907,Customer Support Issue,"Long wait time for support, very frustrating!",0,1
672156,Customer Support Issue,Support team was responsive and helpful.,0,1
356156,Billing Issue,"Billing discrepancy, support is not helping!",0,0
622805,Late Refund,Still waiting for my refund after 2 weeks!,0,3
544835,Service Quality,Service was excellent and very professional.,0,5
127583,Late Refund,Still waiting for my refund after 2 weeks!,0,3
392653,Service Quality,The service was too slow and unprofessional!,0,5
496935,Customer Support Issue,Customer service was rude and unhelpful!,0,1
481612,Late Refund,Finally got my refund after multiple calls.,0,3
393187,No Issue,"Happy with the service, would recommend.",0,4
355565,No Issue,Customer support was helpful in resolving my concern.,0,4
463626,Service Quality,"Very satisfied with the service, will recommend!",0,5
394137,Billing Issue,"Billing discrepancy, support is not helping!",0,0
462413,No Issue,"Everything went smoothly, highly recommended.",0,4
647509,Customer Support Issue,Support team was responsive and helpful.,0,1
529237,Late Refund,Finally got my refund after multiple calls.,0,3
304025,No Issue,"Great experience, very satisfied!",0,4
566466,No Issue,"Everything went smoothly, highly recommended.",0,4
584925,Customer Support Issue,Customer service was rude and unhelpful!,0,1
220233,Customer Support Issue,Customer service was rude and unhelpful!,0,1
599103,Billing Issue,"Billing discrepancy, support is not helping!",0,0
658175,Customer Support Issue,Support team was responsive and helpful.,0,1
539226,Billing Issue,Had to call multiple times for a simple billing issue!,0,0
456851,Late Refund,"Refund process is very slow, not happy!",0,3
449966,Billing Issue,"Incorrect amount charged, need a refund!",0,0
640323,Customer Support Issue,Support team was responsive and helpful.,0,1
345990,Late Refund,Finally got my refund after multiple calls.,0,3
501501,Customer Support Issue,Support team was responsive and helpful.,0,1
371673,Late Refund,Still waiting for my refund after 2 weeks!,0,3
464086,No Issue,"Everything went smoothly, highly recommended.",0,4
649422,Late Refund,"Refund process is very slow, not happy!",0,3
412748,Service Quality,Service was excellent and very professional.,0,5
651217,Service Quality,Quality of service was not up to the mark!,0,5
300857,Billing Issue,"Billing discrepancy, support is not helping!",0,0
608859,Customer Support Issue,Customer service was rude and unhelpful!,0,1
493679,Late Refund,Still waiting for my refund after 2 weeks!,0,3
813964,Billing Issue,"Billing discrepancy, support is not helping!",0,0
674466,Late Refund,Finally got my refund after multiple calls.,0,3
388461,Customer Support Issue,"Long wait time for support, very frustrating!",0,1
585752,Late Refund,"Refund process is very slow, not happy!",0,3
593668,Late Refund,"Refund process is very slow, not happy!",0,3
659403,Billing Issue,"Incorrect amount charged, need a refund!",0,0
560108,Late Refund,"Refund process is very slow, not happy!",0,3
436040,Service Quality,Quality of service was not up to the mark!,0,5
376197,Late Refund,Still waiting for my refund after 2 weeks!,0,3
490326,No Issue,"Great experience, very satisfied!",0,4
494079,Billing Issue,"Billing discrepancy, support is not helping!",0,0
817353,Billing Issue,"Incorrect amount charged, need a refund!",0,0
354319,Late Refund,Finally got my refund after multiple calls.,0,3
588561,Customer Support Issue,Support team was responsive and helpful.,0,1
598892,Service Quality,I'm disappointed with the overall experience!,0,5
436680,No Issue,Customer support was helpful in resolving my concern.,0,4
508273,Billing Issue,"Incorrect amount charged, need a refund!",0,0
444401,Service Quality,I'm disappointed with the overall experience!,0,5
480677,Service Quality,The service was too slow and unprofessional!,0,5
494818,No Issue,"Everything went smoothly, highly recommended.",0,4
622555,No Issue,"Happy with the service, would recommend.",0,4
680395,Service Quality,The service was too slow and unprofessional!,0,5
396746,Customer Support Issue,"Long wait time for support, very frustrating!",0,1
492712,No Issue,"No issues, smooth transactions every time.",0,4
103750,No Issue,"Happy with the service, would recommend.",0,4
565858,Billing Issue,Had to call multiple times for a simple billing issue!,0,0
814718,No Issue,"Great experience, very satisfied!",0,4
305819,Late Refund,Still waiting for my refund after 2 weeks!,0,3
990206,Billing Issue,"Billing discrepancy, support is not helping!",0,0
340350,Customer Support Issue,Customer service was rude and unhelpful!,0,1
381930,Late Refund,Still waiting for my refund after 2 weeks!,0,3
680740,Customer Support Issue,"Long wait time for support, very frustrating!",0,1
461041,Late Refund,Still waiting for my refund after 2 weeks!,0,3
439640,Late Refund,Finally got my refund after multiple calls.,0,3
627607,Customer Support Issue,Support team was responsive and helpful.,0,1
367964,Late Refund,Finally got my refund after multiple calls.,0,3
343454,Service Quality,Service was excellent and very professional.,0,5
389434,Customer Support Issue,Customer service was rude and unhelpful!,0,1
377954,Service Quality,Quality of service was not up to the mark!,0,5
404583,No Issue,"Happy with the service, would recommend.",0,4
441960,Billing Issue,Had to call multiple times for a simple billing issue!,0,0
506772,Billing Issue,"Incorrect amount charged, need a refund!",0,0
582686,Billing Issue,"Incorrect amount charged, need a refund!",0,0
376562,No Issue,"No issues, smooth transactions every time.",0,4
129000,Late Refund,Still waiting for my refund after 2 weeks!,0,3
738319,Billing Issue,"Billing discrepancy, support is not helping!",0,0
656740,Customer Support Issue,"Long wait time for support, very frustrating!",0,1
304653,No Issue,"Everything went smoothly, highly recommended.",0,4
627838,Customer Support Issue,Customer service was rude and unhelpful!,0,1
384877,Billing Issue,"Incorrect amount charged, need a refund!",0,0
420273,Customer Support Issue,"Long wait time for support, very frustrating!",0,1
655756,Service Quality,I'm disappointed with the overall experience!,0,5
140366,Late Refund,Finally got my refund after multiple calls.,0,3
489048,Service Quality,Quality of service was not up to the mark!,0,5
373626,Service Quality,"Very satisfied with the service, will recommend!",0,5
534776,Late Refund,"Refund process is very slow, not happy!",0,3
467371,Late Refund,Finally got my refund after multiple calls.,0,3
477629,No Issue,"Happy with the service, would recommend.",0,4
600887,Billing Issue,"Incorrect amount charged, need a refund!",0,0
354390,Customer Support Issue,Support team was responsive and helpful.,0,1
431351,Service Quality,I'm disappointed with the overall experience!,0,5
373801,Late Refund,"Refund process is very slow, not happy!",0,3
492291,No Issue,Customer support was helpful in resolving my concern.,0,4
645467,Late Refund,Still waiting for my refund after 2 weeks!,0,3
301976,No Issue,"Everything went smoothly, highly recommended.",0,4
747941,Late Refund,Finally got my refund after multiple calls.,0,3
549613,Customer Support Issue,Customer service was rude and unhelpful!,0,1
425358,Billing Issue,Had to call multiple times for a simple billing issue!,0,0
388783,No Issue,"Happy with the service, would recommend.",0,4
371464,Customer Support Issue,Customer service was rude and unhelpful!,0,1
452045,No Issue,"Everything went smoothly, highly recommended.",0,4
485364,No Issue,"Great experience, very satisfied!",0,4
526036,Service Quality,Quality of service was not up to the mark!,0,5
432417,Billing Issue,"Billing discrepancy, support is not helping!",0,0
375063,Billing Issue,"Billing discrepancy, support is not helping!",0,0
624997,Service Quality,"Very satisfied with the service, will recommend!",0,5
531053,Service Quality,The service was too slow and unprofessional!,0,5
426151,Service Quality,I'm disappointed with the overall experience!,0,5
590366,Late Refund,Finally got my refund after multiple calls.,0,3
399871,No Issue,"Everything went smoothly, highly recommended.",0,4
505688,Customer Support Issue,Customer service was rude and unhelpful!,0,1
365753,Late Refund,Still waiting for my refund after 2 weeks!,0,3
566468,Billing Issue,"Billing discrepancy, support is not helping!",0,0
563033,Customer Support Issue,Customer service was rude and unhelpful!,0,1
548459,Service Quality,The service was too slow and unprofessional!,0,5
413646,Customer Support Issue,Customer service was rude and unhelpful!,0,1
528393,Customer Support Issue,Customer service was rude and unhelpful!,0,1
382031,Service Quality,The service was too slow and unprofessional!,0,5
649222,Customer Support Issue,Customer service was rude and unhelpful!,0,1
527952,Billing Issue,Had to call multiple times for a simple billing issue!,0,0
363278,Service Quality,Service was excellent and very professional.,0,5
607265,Customer Support Issue,"Long wait time for support, very frustrating!",0,1
817240,Billing Issue,"Billing discrepancy, support is not helping!",0,0
458544,Late Refund,"Refund process is very slow, not happy!",0,3
346667,No Issue,"Happy with the service, would recommend.",0,4
603279,Service Quality,Quality of service was not up to the mark!,0,5
340436,Late Refund,Still waiting for my refund after 2 weeks!,0,3
362672,Service Quality,"Very satisfied with the service, will recommend!",0,5
375097,No Issue,"Everything went smoothly, highly recommended.",0,4
811553,No Issue,"Happy with the service, would recommend.",0,4
502307,Service Quality,"Very satisfied with the service, will recommend!",0,5
495613,Billing Issue,Had to call multiple times for a simple billing issue!,0,0
481832,Billing Issue,"Billing discrepancy, support is not helping!",0,0
654480,Billing Issue,"Billing discrepancy, support is not helping!",0,0
603328,Service Quality,Quality of service was not up to the mark!,0,5
433161,Billing Issue,"Billing discrepancy, support is not helping!",0,0
389466,No Issue,"Everything went smoothly, highly recommended.",0,4
499267,Billing Issue,"Incorrect amount charged, need a refund!",0,0
528000,Service Quality,I'm disappointed with the overall experience!,0,5
333968,No Issue,Customer support was helpful in resolving my concern.,0,4
494967,No Issue,"Happy with the service, would recommend.",0,4
810244,Billing Issue,"Billing discrepancy, support is not helping!",0,0
515821,Service Quality,The service was too slow and unprofessional!,0,5
383271,No Issue,"Happy with the service, would recommend.",0,4
502245,Service Quality,"Very satisfied with the service, will recommend!",0,5
819213,Service Quality,Service was excellent and very professional.,0,5
551549,Customer Support Issue,Customer service was rude and unhelpful!,0,1
537171,Service Quality,Service was excellent and very professional.,0,5
432968,No Issue,Customer support was helpful in resolving my concern.,0,4
407786,No Issue,Customer support was helpful in resolving my concern.,0,4
521525,Late Refund,Finally got my refund after multiple calls.,0,3
343056,Late Refund,Still waiting for my refund after 2 weeks!,0,3
648773,Late Refund,"Refund process is very slow, not happy!",0,3
493508,Service Quality,I'm disappointed with the overall experience!,0,5
483023,Billing Issue,"Billing discrepancy, support is not helping!",0,0
103766,No Issue,"Everything went smoothly, highly recommended.",0,4
311295,Customer Support Issue,Customer service was rude and unhelpful!,0,1
672659,Late Refund,"Refund process is very slow, not happy!",0,3
555957,Late Refund,Still waiting for my refund after 2 weeks!,0,3
659652,Customer Support Issue,"Long wait time for support, very frustrating!",0,1
438232,Late Refund,Still waiting for my refund after 2 weeks!,0,3
503709,Customer Support Issue,Support team was responsive and helpful.,0,1
504896,No Issue,Customer support was helpful in resolving my concern.,0,4
442829,Service Quality,Service was excellent and very professional.,0,5
546096,Service Quality,"Very satisfied with the service, will recommend!",0,5
468419,No Issue,Customer support was helpful in resolving my concern.,0,4
420232,Billing Issue,"Billing discrepancy, support is not helping!",0,0
123404,Service Quality,The service was too slow and unprofessional!,0,5
408381,No Issue,"No issues, smooth transactions every time.",0,4
499078,Billing Issue,Had to call multiple times for a simple billing issue!,0,0
500831,Service Quality,The service was too slow and unprofessional!,0,5
473576,Late Refund,Still waiting for my refund after 2 weeks!,0,3
386607,Billing Issue,Had to call multiple times for a simple billing issue!,0,0
810723,Billing Issue,"Incorrect amount charged, need a refund!",0,0
485003,No Issue,"Everything went smoothly, highly recommended.",0,4
431845,Service Quality,Service was excellent and very professional.,0,5
626138,Customer Support Issue,Support team was responsive and helpful.,0,1
554365,Customer Support Issue,Support team was responsive and helpful.,0,1
414896,Late Refund,"Refund process is very slow, not happy!",0,3
407116,Late Refund,Finally got my refund after multiple calls.,0,3
606411,Billing Issue,"Incorrect amount charged, need a refund!",0,0
466705,Billing Issue,"Incorrect amount charged, need a refund!",0,0
629895,Late Refund,Finally got my refund after multiple calls.,0,3
607290,Service Quality,"Very satisfied with the service, will recommend!",0,5
271721,Service Quality,I'm disappointed with the overall experience!,0,5
389129,Late Refund,Still waiting for my refund after 2 weeks!,0,3
445344,Service Quality,Quality of service was not up to the mark!,0,5
504944,Late Refund,"Refund process is very slow, not happy!",0,3
594760,Service Quality,Quality of service was not up to the mark!,0,5
368231,Billing Issue,"Incorrect amount charged, need a refund!",0,0
534523,Billing Issue,"Incorrect amount charged, need a refund!",0,0
546147,No Issue,"Happy with the service, would recommend.",0,4
315364,No Issue,"No issues, smooth transactions every time.",0,4
453208,Customer Support Issue,Support team was responsive and helpful.,0,1
490925,Late Refund,"Refund process is very slow, not happy!",0,3
494706,Billing Issue,Had to call multiple times for a simple billing issue!,0,0
442639,Customer Support Issue,Customer service was rude and unhelpful!,0,1
460604,No Issue,"Everything went smoothly, highly recommended.",0,4
385029,No Issue,"No issues, smooth transactions every time.",0,4
360110,No Issue,"Happy with the service, would recommend.",0,4
625411,No Issue,"No issues, smooth transactions every time.",0,4
302308,Billing Issue,"Incorrect amount charged, need a refund!",0,0
690056,Billing Issue,Had to call multiple times for a simple billing issue!,0,0
455106,No Issue,Customer support was helpful in resolving my concern.,0,4
488020,Customer Support Issue,Customer service was rude and unhelpful!,0,1
627959,Service Quality,Quality of service was not up to the mark!,0,5
592809,No Issue,"Happy with the service, would recommend.",0,4
779952,Late Refund,Finally got my refund after multiple calls.,0,3
813879,Customer Support Issue,Support team was responsive and helpful.,0,1
510633,No Issue,Customer support was helpful in resolving my concern.,0,4
300591,Late Refund,"Refund process is very slow, not happy!",0,3
508153,Late Refund,Still waiting for my refund after 2 weeks!,0,3
481696,No Issue,"Everything went smoothly, highly recommended.",0,4
484424,No Issue,"No issues, smooth transactions every time.",0,4
819876,Late Refund,Finally got my refund after multiple calls.,0,3
811101,Late Refund,Finally got my refund after multiple calls.,0,3
513721,Service Quality,The service was too slow and unprofessional!,0,5
399101,Service Quality,The service was too slow and unprofessional!,0,5
449521,Customer Support Issue,"Long wait time for support, very frustrating!",0,1
655466,Billing Issue,Had to call multiple times for a simple billing issue!,0,0
621452,Late Refund,Still waiting for my refund after 2 weeks!,0,3
532562,Customer Support Issue,Support team was responsive and helpful.,0,1
378837,Billing Issue,Had to call multiple times for a simple billing issue!,0,0
479460,No Issue,Customer support was helpful in resolving my concern.,0,4
818422,Late Refund,"Refund process is very slow, not happy!",0,3
440902,Customer Support Issue,Support team was responsive and helpful.,0,1
371755,Late Refund,"Refund process is very slow, not happy!",0,3
381064,No Issue,"Everything went smoothly, highly recommended.",0,4
450207,Customer Support Issue,Customer service was rude and unhelpful!,0,1
393865,No Issue,"Great experience, very satisfied!",0,4
345747,Late Refund,Still waiting for my refund after 2 weeks!,0,3
608194,Late Refund,Finally got my refund after multiple calls.,0,3
671171,Service Quality,The service was too slow and unprofessional!,0,5
393671,Service Quality,Service was excellent and very professional.,0,5
423178,Late Refund,Finally got my refund after multiple calls.,0,3
581969,No Issue,"Happy with the service, would recommend.",0,4
500106,Customer Support Issue,Customer service was rude and unhelpful!,0,1
304776,Customer Support Issue,Customer service was rude and unhelpful!,0,1
347567,No Issue,"Everything went smoothly, highly recommended.",0,4
429543,Customer Support Issue,"Long wait time for support, very frustrating!",0,1
305238,Late Refund,"Refund process is very slow, not happy!",0,3
399657,No Issue,"Everything went smoothly, highly recommended.",0,4
482977,No Issue,"Great experience, very satisfied!",0,4
582035,Customer Support Issue,"Long wait time for support, very frustrating!",0,1
505497,Customer Support Issue,"Long wait time for support, very frustrating!",0,1
508469,No Issue,Customer support was helpful in resolving my concern.,0,4
493223,Late Refund,"Refund process is very slow, not happy!",0,3
539785,Billing Issue,"Incorrect amount charged, need a refund!",0,0
503404,No Issue,"Everything went smoothly, highly recommended.",0,4
425633,Late Refund,Still waiting for my refund after 2 weeks!,0,3
514983,Customer Support Issue,Support team was responsive and helpful.,0,1
421848,Customer Support Issue,"Long wait time for support, very frustrating!",0,1
654968,Service Quality,Service was excellent and very professional.,0,5
642088,No Issue,"Great experience, very satisfied!",0,4
398761,Service Quality,I'm disappointed with the overall experience!,0,5
374594,Customer Support Issue,"Long wait time for support, very frustrating!",0,1
103999,Service Quality,"Very satisfied with the service, will recommend!",0,5
421662,Service Quality,"Very satisfied with the service, will recommend!",0,5
349094,Service Quality,Service was excellent and very professional.,0,5
379579,No Issue,"Happy with the service, would recommend.",0,4
372297,Service Quality,I'm disappointed with the overall experience!,0,5
396907,No Issue,Customer support was helpful in resolving my concern.,0,4
650659,Customer Support Issue,"Long wait time for support, very frustrating!",0,1
365761,No Issue,Customer support was helpful in resolving my concern.,0,4
517972,Late Refund,Finally got my refund after multiple calls.,0,3
533562,Service Quality,"Very satisfied with the service, will recommend!",0,5
355966,Late Refund,Still waiting for my refund after 2 weeks!,0,3
419138,No Issue,"Great experience, very satisfied!",0,4
574662,Customer Support Issue,Support team was responsive and helpful.,0,1
309098,Service Quality,The service was too slow and unprofessional!,0,5
346551,Billing Issue,"Incorrect amount charged, need a refund!",0,0
566142,Service Quality,Quality of service was not up to the mark!,0,5
646172,Customer Support Issue,"Long wait time for support, very frustrating!",0,1
420259,Customer Support Issue,Customer service was rude and unhelpful!,0,1
515310,No Issue,Customer support was helpful in resolving my concern.,0,4
340422,No Issue,"No issues, smooth transactions every time.",0,4
355147,Billing Issue,"Incorrect amount charged, need a refund!",0,0
670316,Late Refund,Still waiting for my refund after 2 weeks!,0,3
493500,Service Quality,Quality of service was not up to the mark!,0,5
334167,No Issue,"Everything went smoothly, highly recommended.",0,4
621737,No Issue,Customer support was helpful in resolving my concern.,0,4
566552,Customer Support Issue,Customer service was rude and unhelpful!,0,1
419435,Customer Support Issue,"Long wait time for support, very frustrating!",0,1
598540,No Issue,"Everything went smoothly, highly recommended.",0,4
382847,Billing Issue,Had to call multiple times for a simple billing issue!,0,0
888266,Billing Issue,Had to call multiple times for a simple billing issue!,0,0
340228,Late Refund,Finally got my refund after multiple calls.,0,3
301964,Service Quality,"Very satisfied with the service, will recommend!",0,5
433519,Late Refund,Finally got my refund after multiple calls.,0,3
710346,Service Quality,The service was too slow and unprofessional!,0,5
606802,Late Refund,"Refund process is very slow, not happy!",0,3
631564,Customer Support Issue,Support team was responsive and helpful.,0,1
649530,Late Refund,"Refund process is very slow, not happy!",0,3
302915,No Issue,Customer support was helpful in resolving my concern.,0,4
304607,No Issue,"Great experience, very satisfied!",0,4
220104,Service Quality,"Very satisfied with the service, will recommend!",0,5
383492,Late Refund,"Refund process is very slow, not happy!",0,3
542897,Service Quality,I'm disappointed with the overall experience!,0,5
309910,Billing Issue,"Incorrect amount charged, need a refund!",0,0
354555,No Issue,"Everything went smoothly, highly recommended.",0,4
406681,Customer Support Issue,Customer service was rude and unhelpful!,0,1
315861,Service Quality,I'm disappointed with the overall experience!,0,5
676640,Billing Issue,"Billing discrepancy, support is not helping!",0,0
397120,Billing Issue,"Billing discrepancy, support is not helping!",0,0
362102,No Issue,"Happy with the service, would recommend.",0,4
340574,Customer Support Issue,"Long wait time for support, very frustrating!",0,1
653021,Customer Support Issue,Customer service was rude and unhelpful!,0,1
340411,Customer Support Issue,Customer service was rude and unhelpful!,0,1
408176,No Issue,"Happy with the service, would recommend.",0,4
420490,Billing Issue,Had to call multiple times for a simple billing issue!,0,0
372292,No Issue,"No issues, smooth transactions every time.",0,4
444474,Service Quality,I'm disappointed with the overall experience!,0,5
486380,No Issue,"Great experience, very satisfied!",0,4
656878,Customer Support Issue,Customer service was rude and unhelpful!,0,1
489847,Customer Support Issue,"Long wait time for support, very frustrating!",0,1
300411,Service Quality,I'm disappointed with the overall experience!,0,5
469500,Customer Support Issue,"Long wait time for support, very frustrating!",0,1
392707,Billing Issue,"Billing discrepancy, support is not helping!",0,0
644597,Customer Support Issue,"Long wait time for support, very frustrating!",0,1
563088,No Issue,"Great experience, very satisfied!",0,4
551041,Customer Support Issue,Customer service was rude and unhelpful!,0,1
608049,No Issue,"Great experience, very satisfied!",0,4
814587,No Issue,"No issues, smooth transactions every time.",0,4
560130,Service Quality,Service was excellent and very professional.,0,5
448033,Late Refund,Finally got my refund after multiple calls.,0,3
642176,Service Quality,I'm disappointed with the overall experience!,0,5
430233,Customer Support Issue,Support team was responsive and helpful.,0,1
223285,Customer Support Issue,"Long wait time for support, very frustrating!",0,1
354657,Late Refund,"Refund process is very slow, not happy!",0,3
334768,Billing Issue,"Incorrect amount charged, need a refund!",0,0
460211,Late Refund,Finally got my refund after multiple calls.,0,3
645377,Customer Support Issue,Customer service was rude and unhelpful!,0,1
503213,Customer Support Issue,Customer service was rude and unhelpful!,0,1
342304,Service Quality,The service was too slow and unprofessional!,0,5
452600,Customer Support Issue,Customer service was rude and unhelpful!,0,1
420872,Billing Issue,Had to call multiple times for a simple billing issue!,0,0
429264,No Issue,"Everything went smoothly, highly recommended.",0,4
304197,No Issue,"No issues, smooth transactions every time.",0,4
432303,Billing Issue,Had to call multiple times for a simple billing issue!,0,0
411920,Late Refund,Finally got my refund after multiple calls.,0,3
623689,Service Quality,The service was too slow and unprofessional!,0,5
389682,No Issue,"No issues, smooth transactions every time.",0,4
585189,Billing Issue,"Billing discrepancy, support is not helping!",0,0
411559,No Issue,"Everything went smoothly, highly recommended.",0,4
344403,Service Quality,The service was too slow and unprofessional!,0,5
427146,Billing Issue,Had to call multiple times for a simple billing issue!,0,0
417875,Late Refund,Still waiting for my refund after 2 weeks!,0,3
140312,Service Quality,Service was excellent and very professional.,0,5
334138,Late Refund,"Refund process is very slow, not happy!",0,3
481484,No Issue,"Happy with the service, would recommend.",0,4
608870,Billing Issue,"Incorrect amount charged, need a refund!",0,0
355359,Customer Support Issue,Support team was responsive and helpful.,0,1
461458,Billing Issue,"Incorrect amount charged, need a refund!",0,0
456130,Late Refund,Finally got my refund after multiple calls.,0,3
584694,Late Refund,Finally got my refund after multiple calls.,0,3
370892,Service Quality,"Very satisfied with the service, will recommend!",0,5
811069,Late Refund,Finally got my refund after multiple calls.,0,3
502426,No Issue,"Happy with the service, would recommend.",0,4
413073,Service Quality,Quality of service was not up to the mark!,0,5
888902,Customer Support Issue,Customer service was rude and unhelpful!,0,1
644882,Late Refund,"Refund process is very slow, not happy!",0,3
819589,No Issue,"Everything went smoothly, highly recommended.",0,4
408521,No Issue,Customer support was helpful in resolving my concern.,0,4
409396,Customer Support Issue,Customer service was rude and unhelpful!,0,1
499657,Service Quality,Service was excellent and very professional.,0,5
387382,Customer Support Issue,"Long wait time for support, very frustrating!",0,1
451918,No Issue,"Happy with the service, would recommend.",0,4
584598,Service Quality,Service was excellent and very professional.,0,5
414334,Late Refund,"Refund process is very slow, not happy!",0,3
445796,Customer Support Issue,Customer service was rude and unhelpful!,0,1
640186,No Issue,"Great experience, very satisfied!",0,4
363738,Customer Support Issue,"Long wait time for support, very frustrating!",0,1
600903,Billing Issue,Had to call multiple times for a simple billing issue!,0,0
387894,Customer Support Issue,Customer service was rude and unhelpful!,0,1
531560,Billing Issue,Had to call multiple times for a simple billing issue!,0,0
319394,Customer Support Issue,"Long wait time for support, very frustrating!",0,1
391358,Billing Issue,"Billing discrepancy, support is not helping!",0,0
525670,Customer Support Issue,"Long wait time for support, very frustrating!",0,1
517271,Billing Issue,"Incorrect amount charged, need a refund!",0,0
495489,Billing Issue,Had to call multiple times for a simple billing issue!,0,0
405956,Late Refund,Finally got my refund after multiple calls.,0,3
389124,No Issue,"Great experience, very satisfied!",0,4
813341,Customer Support Issue,"Long wait time for support, very frustrating!",0,1
444662,Customer Support Issue,"Long wait time for support, very frustrating!",0,1
468407,Service Quality,Service was excellent and very professional.,0,5
607508,Service Quality,The service was too slow and unprofessional!,0,5
639592,Customer Support Issue,"Long wait time for support, very frustrating!",0,1
537255,Service Quality,The service was too slow and unprofessional!,0,5
302666,No Issue,Customer support was helpful in resolving my concern.,0,4
539135,Customer Support Issue,"Long wait time for support, very frustrating!",0,1
222983,Late Refund,Still waiting for my refund after 2 weeks!,0,3
412797,Customer Support Issue,Support team was responsive and helpful.,0,1
354300,Service Quality,I'm disappointed with the overall experience!,0,5
529200,No Issue,Customer support was helpful in resolving my concern.,0,4
341090,Billing Issue,"Billing discrepancy, support is not helping!",0,0
627487,Customer Support Issue,Customer service was rude and unhelpful!,0,1
568247,No Issue,"Happy with the service, would recommend.",0,4
413164,No Issue,"Great experience, very satisfied!",0,4
373475,Late Refund,"Refund process is very slow, not happy!",0,3
474761,Service Quality,Quality of service was not up to the mark!,0,5
589374,Service Quality,Service was excellent and very professional.,0,5
386401,Service Quality,"Very satisfied with the service, will recommend!",0,5
538984,Customer Support Issue,"Long wait time for support, very frustrating!",0,1
220453,Late Refund,Finally got my refund after multiple calls.,0,3
345772,Billing Issue,"Incorrect amount charged, need a refund!",0,0
485376,Billing Issue,"Incorrect amount charged, need a refund!",0,0
593551,Service Quality,Service was excellent and very professional.,0,5
504901,Billing Issue,"Incorrect amount charged, need a refund!",0,0
540582,Billing Issue,"Incorrect amount charged, need a refund!",0,0
726073,Customer Support Issue,"Long wait time for support, very frustrating!",0,1
388284,No Issue,"Everything went smoothly, highly recommended.",0,4
410009,Late Refund,Still waiting for my refund after 2 weeks!,0,3
392219,Customer Support Issue,"Long wait time for support, very frustrating!",0,1
573408,Billing Issue,"Billing discrepancy, support is not helping!",0,0
454797,Service Quality,Service was excellent and very professional.,0,5
567580,No Issue,Customer support was helpful in resolving my concern.,0,4
531127,Late Refund,"Refund process is very slow, not happy!",0,3
814223,Late Refund,Finally got my refund after multiple calls.,0,3
419139,Customer Support Issue,"Long wait time for support, very frustrating!",0,1
475418,Customer Support Issue,Support team was responsive and helpful.,0,1
428406,Customer Support Issue,"Long wait time for support, very frustrating!",0,1
353488,Late Refund,Finally got my refund after multiple calls.,0,3
511206,Customer Support Issue,Customer service was rude and unhelpful!,0,1
481302,Service Quality,The service was too slow and unprofessional!,0,5
417819,Customer Support Issue,Support team was responsive and helpful.,0,1
590370,Customer Support Issue,"Long wait time for support, very frustrating!",0,1
503978,Billing Issue,"Incorrect amount charged, need a refund!",0,0
473313,Customer Support Issue,Support team was responsive and helpful.,0,1
414194,No Issue,"No issues, smooth transactions every time.",0,4
353924,No Issue,"Great experience, very satisfied!",0,4
548507,Customer Support Issue,Support team was responsive and helpful.,0,1
640775,Customer Support Issue,"Long wait time for support, very frustrating!",0,1
390390,No Issue,"Happy with the service, would recommend.",0,4
478776,Customer Support Issue,Support team was responsive and helpful.,0,1
537342,No Issue,"No issues, smooth transactions every time.",0,4
513770,No Issue,"Happy with the service, would recommend.",0,4
655214,Billing Issue,Had to call multiple times for a simple billing issue!,0,0
425231,Service Quality,The service was too slow and unprofessional!,0,5
591602,Late Refund,"Refund process is very slow, not happy!",0,3
656678,Late Refund,"Refund process is very slow, not happy!",0,3
118506,No Issue,"Everything went smoothly, highly recommended.",0,4
499417,Customer Support Issue,"Long wait time for support, very frustrating!",0,1
519063,Service Quality,Service was excellent and very professional.,0,5
385675,Service Quality,Service was excellent and very professional.,0,5
578280,Service Quality,The service was too slow and unprofessional!,0,5
819771,Service Quality,The service was too slow and unprofessional!,0,5
445064,No Issue,Customer support was helpful in resolving my concern.,0,4
418566,Service Quality,"Very satisfied with the service, will recommend!",0,5
103117,No Issue,"Happy with the service, would recommend.",0,4
451703,Customer Support Issue,"Long wait time for support, very frustrating!",0,1
581378,Billing Issue,"Incorrect amount charged, need a refund!",0,0
387523,Billing Issue,"Billing discrepancy, support is not helping!",0,0
677503,No Issue,"Happy with the service, would recommend.",0,4
656419,Billing Issue,Had to call multiple times for a simple billing issue!,0,0
671871,Customer Support Issue,Support team was responsive and helpful.,0,1
810222,Late Refund,Finally got my refund after multiple calls.,0,3
870007,Billing Issue,"Billing discrepancy, support is not helping!",0,0
505297,Billing Issue,"Incorrect amount charged, need a refund!",0,0
423761,Customer Support Issue,"Long wait time for support, very frustrating!",0,1
628511,Customer Support Issue,Customer service was rude and unhelpful!,0,1
646662,Customer Support Issue,Customer service was rude and unhelpful!,0,1
345265,Customer Support Issue,Customer service was rude and unhelpful!,0,1
411977,Billing Issue,Had to call multiple times for a simple billing issue!,0,0
441297,Late Refund,"Refund process is very slow, not happy!",0,3
389931,Late Refund,"Refund process is very slow, not happy!",0,3
220354,Billing Issue,"Incorrect amount charged, need a refund!",0,0
641578,Late Refund,"Refund process is very slow, not happy!",0,3
396065,Customer Support Issue,"Long wait time for support, very frustrating!",0,1
403909,No Issue,"Great experience, very satisfied!",0,4
508951,Service Quality,The service was too slow and unprofessional!,0,5
817313,Service Quality,Service was excellent and very professional.,0,5
676519,Service Quality,"Very satisfied with the service, will recommend!",0,5
526462,Customer Support Issue,"Long wait time for support, very frustrating!",0,1
103770,Customer Support Issue,"Long wait time for support, very frustrating!",0,1
503450,Late Refund,Still waiting for my refund after 2 weeks!,0,3
654333,Billing Issue,"Incorrect amount charged, need a refund!",0,0
377920,Customer Support Issue,"Long wait time for support, very frustrating!",0,1
435969,No Issue,Customer support was helpful in resolving my concern.,0,4
529059,Billing Issue,"Incorrect amount charged, need a refund!",0,0
369272,Customer Support Issue,Support team was responsive and helpful.,0,1
382490,Billing Issue,"Incorrect amount charged, need a refund!",0,0
622792,No Issue,"Great experience, very satisfied!",0,4
379404,Service Quality,Service was excellent and very professional.,0,5
505344,Service Quality,Quality of service was not up to the mark!,0,5
492688,No Issue,"Everything went smoothly, highly recommended.",0,4
388706,Customer Support Issue,Support team was responsive and helpful.,0,1
559554,Late Refund,Still waiting for my refund after 2 weeks!,0,3
446953,Customer Support Issue,"Long wait time for support, very frustrating!",0,1
347481,Late Refund,Still waiting for my refund after 2 weeks!,0,3
501732,Late Refund,Finally got my refund after multiple calls.,0,3
576409,No Issue,"Everything went smoothly, highly recommended.",0,4
410273,Service Quality,Quality of service was not up to the mark!,0,5
526126,Billing Issue,"Incorrect amount charged, need a refund!",0,0
431771,No Issue,Customer support was helpful in resolving my concern.,0,4
304143,Service Quality,Quality of service was not up to the mark!,0,5
814622,Customer Support Issue,Customer service was rude and unhelpful!,0,1
447307,Billing Issue,"Incorrect amount charged, need a refund!",0,0
404533,Billing Issue,Had to call multiple times for a simple billing issue!,0,0
695430,Customer Support Issue,Customer service was rude and unhelpful!,0,1
436316,Late Refund,Finally got my refund after multiple calls.,0,3
417394,Late Refund,Finally got my refund after multiple calls.,0,3
583870,Service Quality,"Very satisfied with the service, will recommend!",0,5
399103,Customer Support Issue,Support team was responsive and helpful.,0,1
421501,Customer Support Issue,Support team was responsive and helpful.,0,1
478820,Service Quality,"Very satisfied with the service, will recommend!",0,5
409166,No Issue,"Great experience, very satisfied!",0,4
607007,No Issue,Customer support was helpful in resolving my concern.,0,4
429754,Billing Issue,"Billing discrepancy, support is not helping!",0,0
680555,Customer Support Issue,"Long wait time for support, very frustrating!",0,1
651742,Customer Support Issue,"Long wait time for support, very frustrating!",0,1
391080,Late Refund,"Refund process is very slow, not happy!",0,3
318641,Service Quality,I'm disappointed with the overall experience!,0,5
470843,Customer Support Issue,Support team was responsive and helpful.,0,1
366200,Billing Issue,Had to call multiple times for a simple billing issue!,0,0
383839,Customer Support Issue,"Long wait time for support, very frustrating!",0,1
508509,Service Quality,I'm disappointed with the overall experience!,0,5
313773,Billing Issue,"Incorrect amount charged, need a refund!",0,0
580530,Customer Support Issue,Customer service was rude and unhelpful!,0,1
470601,Late Refund,Finally got my refund after multiple calls.,0,3
140326,Late Refund,"Refund process is very slow, not happy!",0,3
770068,Late Refund,"Refund process is very slow, not happy!",0,3
433953,No Issue,"Great experience, very satisfied!",0,4
639350,Customer Support Issue,"Long wait time for support, very frustrating!",0,1
341801,No Issue,"No issues, smooth transactions every time.",0,4
462110,Customer Support Issue,Support team was responsive and helpful.,0,1
710170,No Issue,"Happy with the service, would recommend.",0,4
648849,No Issue,"Everything went smoothly, highly recommended.",0,4
349037,Billing Issue,"Incorrect amount charged, need a refund!",0,0
496793,Billing Issue,"Billing discrepancy, support is not helping!",0,0
425187,Customer Support Issue,"Long wait time for support, very frustrating!",0,1
355335,Customer Support Issue,Customer service was rude and unhelpful!,0,1
524960,Late Refund,"Refund process is very slow, not happy!",0,3
491355,Service Quality,Quality of service was not up to the mark!,0,5
680387,No Issue,"No issues, smooth transactions every time.",0,4
304991,No Issue,"Great experience, very satisfied!",0,4
398259,Billing Issue,"Incorrect amount charged, need a refund!",0,0
301516,Billing Issue,"Billing discrepancy, support is not helping!",0,0
810649,Customer Support Issue,Customer service was rude and unhelpful!,0,1
437079,No Issue,Customer support was helpful in resolving my concern.,0,4
220448,Late Refund,Still waiting for my refund after 2 weeks!,0,3
434112,No Issue,"Everything went smoothly, highly recommended.",0,4
608277,Service Quality,"Very satisfied with the service, will recommend!",0,5
642494,Service Quality,I'm disappointed with the overall experience!,0,5
409590,Billing Issue,"Incorrect amount charged, need a refund!",0,0
556067,Service Quality,I'm disappointed with the overall experience!,0,5
672887,Service Quality,Service was excellent and very professional.,0,5
490598,No Issue,Customer support was helpful in resolving my concern.,0,4
521257,No Issue,"Great experience, very satisfied!",0,4
240005,Late Refund,"Refund process is very slow, not happy!",0,3
670361,No Issue,"Great experience, very satisfied!",0,4
305822,Late Refund,"Refund process is very slow, not happy!",0,3
816173,Service Quality,I'm disappointed with the overall experience!,0,5
710283,Customer Support Issue,Customer service was rude and unhelpful!,0,1
395868,Service Quality,Quality of service was not up to the mark!,0,5
300069,Customer Support Issue,Customer service was rude and unhelpful!,0,1
458934,Customer Support Issue,Support team was responsive and helpful.,0,1
489151,Customer Support Issue,Customer service was rude and unhelpful!,0,1
383707,Service Quality,Quality of service was not up to the mark!,0,5
573850,Billing Issue,"Incorrect amount charged, need a refund!",0,0
812547,Customer Support Issue,Customer service was rude and unhelpful!,0,1
621911,Service Quality,Quality of service was not up to the mark!,0,5
438467,Late Refund,Still waiting for my refund after 2 weeks!,0,3
523462,Service Quality,Service was excellent and very professional.,0,5
590418,Service Quality,Service was excellent and very professional.,0,5
497933,Billing Issue,"Billing discrepancy, support is not helping!",0,0
628872,Billing Issue,"Billing discrepancy, support is not helping!",0,0
455592,Billing Issue,"Billing discrepancy, support is not helping!",0,0
352920,No Issue,"Everything went smoothly, highly recommended.",0,4
378454,No Issue,"No issues, smooth transactions every time.",0,4
497382,No Issue,"No issues, smooth transactions every time.",0,4
551739,Late Refund,"Refund process is very slow, not happy!",0,3
334975,Billing Issue,Had to call multiple times for a simple billing issue!,0,0
448690,Service Quality,"Very satisfied with the service, will recommend!",0,5
678654,No Issue,Customer support was helpful in resolving my concern.,0,4
414451,Late Refund,"Refund process is very slow, not happy!",0,3
653441,Late Refund,"Refund process is very slow, not happy!",0,3
363781,Billing Issue,"Billing discrepancy, support is not helping!",0,0
655411,No Issue,"Happy with the service, would recommend.",0,4
566177,No Issue,"No issues, smooth transactions every time.",0,4
485873,Billing Issue,Had to call multiple times for a simple billing issue!,0,0
363827,Late Refund,Still waiting for my refund after 2 weeks!,0,3
544342,Late Refund,"Refund process is very slow, not happy!",0,3
358134,Service Quality,The service was too slow and unprofessional!,0,5
412593,Service Quality,Service was excellent and very professional.,0,5
591460,No Issue,"Great experience, very satisfied!",0,4
380471,No Issue,"Happy with the service, would recommend.",0,4
422021,Billing Issue,"Incorrect amount charged, need a refund!",0,0
451847,Late Refund,Still waiting for my refund after 2 weeks!,0,3
509967,No Issue,"Great experience, very satisfied!",0,4
636561,Billing Issue,"Billing discrepancy, support is not helping!",0,0
356043,Service Quality,Service was excellent and very professional.,0,5
700594,Service Quality,"Very satisfied with the service, will recommend!",0,5
671868,No Issue,"Everything went smoothly, highly recommended.",0,4
503078,No Issue,"Everything went smoothly, highly recommended.",0,4
309435,No Issue,"Everything went smoothly, highly recommended.",0,4
449745,Late Refund,Finally got my refund after multiple calls.,0,3
538905,No Issue,"Great experience, very satisfied!",0,4
344226,No Issue,"Happy with the service, would recommend.",0,4
447486,Late Refund,Finally got my refund after multiple calls.,0,3
399933,Customer Support Issue,"Long wait time for support, very frustrating!",0,1
424165,Late Refund,Still waiting for my refund after 2 weeks!,0,3
424364,Late Refund,"Refund process is very slow, not happy!",0,3
463514,Late Refund,Finally got my refund after multiple calls.,0,3
654083,Late Refund,Still waiting for my refund after 2 weeks!,0,3
418835,Customer Support Issue,Support team was responsive and helpful.,0,1
132167,Service Quality,"Very satisfied with the service, will recommend!",0,5
532578,Customer Support Issue,"Long wait time for support, very frustrating!",0,1
492675,No Issue,"Everything went smoothly, highly recommended.",0,4
621095,Customer Support Issue,Support team was responsive and helpful.,0,1
389359,Customer Support Issue,Customer service was rude and unhelpful!,0,1
670319,Late Refund,Still waiting for my refund after 2 weeks!,0,3
485006,No Issue,"Great experience, very satisfied!",0,4
392068,No Issue,"Everything went smoothly, highly recommended.",0,4
818565,Customer Support Issue,Support team was responsive and helpful.,0,1
641657,Billing Issue,Had to call multiple times for a simple billing issue!,0,0
334155,Customer Support Issue,"Long wait time for support, very frustrating!",0,1
989672,Service Quality,Quality of service was not up to the mark!,0,5
811432,Service Quality,Quality of service was not up to the mark!,0,5
465910,Customer Support Issue,"Long wait time for support, very frustrating!",0,1
641303,No Issue,"Everything went smoothly, highly recommended.",0,4
607507,Late Refund,"Refund process is very slow, not happy!",0,3
466143,Service Quality,Service was excellent and very professional.,0,5
816502,Late Refund,Still waiting for my refund after 2 weeks!,0,3
421869,Billing Issue,Had to call multiple times for a simple billing issue!,0,0
469614,Billing Issue,"Incorrect amount charged, need a refund!",0,0
680661,Customer Support Issue,Support team was responsive and helpful.,0,1
421176,Billing Issue,Had to call multiple times for a simple billing issue!,0,0
111254,Late Refund,"Refund process is very slow, not happy!",0,3
525814,Service Quality,The service was too slow and unprofessional!,0,5
514146,Billing Issue,"Billing discrepancy, support is not helping!",0,0
814831,Billing Issue,"Incorrect amount charged, need a refund!",0,0
342535,Billing Issue,"Incorrect amount charged, need a refund!",0,0
413468,No Issue,Customer support was helpful in resolving my concern.,0,4
587674,Customer Support Issue,Support team was responsive and helpful.,0,1
520260,Customer Support Issue,"Long wait time for support, very frustrating!",0,1
450455,Billing Issue,"Incorrect amount charged, need a refund!",0,0
498924,Late Refund,"Refund process is very slow, not happy!",0,3
389880,Late Refund,Still waiting for my refund after 2 weeks!,0,3
420608,Billing Issue,"Billing discrepancy, support is not helping!",0,0
129068,Customer Support Issue,"Long wait time for support, very frustrating!",0,1
590912,Customer Support Issue,"Long wait time for support, very frustrating!",0,1
625642,Service Quality,Quality of service was not up to the mark!,0,5
444313,No Issue,Customer support was helpful in resolving my concern.,0,4
480398,Service Quality,I'm disappointed with the overall experience!,0,5
460537,Billing Issue,"Incorrect amount charged, need a refund!",0,0
384814,Service Quality,Service was excellent and very professional.,0,5
497339,Customer Support Issue,"Long wait time for support, very frustrating!",0,1
640910,No Issue,"No issues, smooth transactions every time.",0,4
303913,Service Quality,Service was excellent and very professional.,0,5
347524,No Issue,"Great experience, very satisfied!",0,4
309549,No Issue,"Everything went smoothly, highly recommended.",0,4
381141,Late Refund,Finally got my refund after multiple calls.,0,3
651349,Service Quality,The service was too slow and unprofessional!,0,5
603398,Billing Issue,"Incorrect amount charged, need a refund!",0,0
513979,No Issue,"Happy with the service, would recommend.",0,4
813366,Late Refund,"Refund process is very slow, not happy!",0,3
573403,Customer Support Issue,"Long wait time for support, very frustrating!",0,1
303469,No Issue,"Everything went smoothly, highly recommended.",0,4
384993,No Issue,"No issues, smooth transactions every time.",0,4
710212,Billing Issue,"Incorrect amount charged, need a refund!",0,0
539524,Billing Issue,Had to call multiple times for a simple billing issue!,0,0
672347,No Issue,"Happy with the service, would recommend.",0,4
653227,Billing Issue,"Incorrect amount charged, need a refund!",0,0
657972,Billing Issue,Had to call multiple times for a simple billing issue!,0,0
304804,Customer Support Issue,Support team was responsive and helpful.,0,1
368424,Customer Support Issue,Support team was responsive and helpful.,0,1
551824,Billing Issue,"Billing discrepancy, support is not helping!",0,0
434686,Customer Support Issue,"Long wait time for support, very frustrating!",0,1
647278,Service Quality,The service was too slow and unprofessional!,0,5
676775,Service Quality,The service was too slow and unprofessional!,0,5
509623,No Issue,"No issues, smooth transactions every time.",0,4
621229,No Issue,"Everything went smoothly, highly recommended.",0,4
369081,Billing Issue,"Incorrect amount charged, need a refund!",0,0
650953,No Issue,"Everything went smoothly, highly recommended.",0,4
538553,Customer Support Issue,Support team was responsive and helpful.,0,1
300295,No Issue,"Great experience, very satisfied!",0,4
544224,Service Quality,"Very satisfied with the service, will recommend!",0,5
393095,Billing Issue,"Billing discrepancy, support is not helping!",0,0
479860,No Issue,"Great experience, very satisfied!",0,4
397341,Billing Issue,"Incorrect amount charged, need a refund!",0,0
493379,Service Quality,"Very satisfied with the service, will recommend!",0,5
413708,Customer Support Issue,"Long wait time for support, very frustrating!",0,1
507057,Customer Support Issue,Customer service was rude and unhelpful!,0,1
423569,Customer Support Issue,Support team was responsive and helpful.,0,1
378072,Service Quality,I'm disappointed with the overall experience!,0,5
529034,Billing Issue,Had to call multiple times for a simple billing issue!,0,0
514663,Service Quality,I'm disappointed with the overall experience!,0,5
644797,Customer Support Issue,Customer service was rude and unhelpful!,0,1
645036,Service Quality,The service was too slow and unprofessional!,0,5
574831,Customer Support Issue,Customer service was rude and unhelpful!,0,1
471976,Late Refund,Still waiting for my refund after 2 weeks!,0,3
911150,Late Refund,Still waiting for my refund after 2 weeks!,0,3
475890,Billing Issue,"Billing discrepancy, support is not helping!",0,0
453301,Billing Issue,"Billing discrepancy, support is not helping!",0,0
567616,Late Refund,Still waiting for my refund after 2 weeks!,0,3
540580,Customer Support Issue,Customer service was rude and unhelpful!,0,1
471519,Service Quality,I'm disappointed with the overall experience!,0,5
545326,Customer Support Issue,Support team was responsive and helpful.,0,1
457732,Service Quality,I'm disappointed with the overall experience!,0,5
584637,Late Refund,"Refund process is very slow, not happy!",0,3
588910,Service Quality,"Very satisfied with the service, will recommend!",0,5
473275,Customer Support Issue,Support team was responsive and helpful.,0,1
387642,Late Refund,Still waiting for my refund after 2 weeks!,0,3
397372,Late Refund,"Refund process is very slow, not happy!",0,3
410750,Service Quality,The service was too slow and unprofessional!,0,5
535510,No Issue,Customer support was helpful in resolving my concern.,0,4
626732,No Issue,"No issues, smooth transactions every time.",0,4
654805,Customer Support Issue,Support team was responsive and helpful.,0,1
448815,Service Quality,The service was too slow and unprofessional!,0,5
819360,Late Refund,Finally got my refund after multiple calls.,0,3
303460,No Issue,"No issues, smooth transactions every time.",0,4
361043,Billing Issue,"Incorrect amount charged, need a refund!",0,0
117543,Service Quality,Quality of service was not up to the mark!,0,5
393521,Billing Issue,Had to call multiple times for a simple billing issue!,0,0
498402,Service Quality,I'm disappointed with the overall experience!,0,5
358760,Billing Issue,Had to call multiple times for a simple billing issue!,0,0
311606,No Issue,"No issues, smooth transactions every time.",0,4
375242,Late Refund,"Refund process is very slow, not happy!",0,3
354815,Billing Issue,"Incorrect amount charged, need a refund!",0,0
489187,No Issue,"Great experience, very satisfied!",0,4
413543,Late Refund,"Refund process is very slow, not happy!",0,3
463211,No Issue,"No issues, smooth transactions every time.",0,4
507117,Billing Issue,"Billing discrepancy, support is not helping!",0,0
487150,Billing Issue,Had to call multiple times for a simple billing issue!,0,0
368777,Billing Issue,Had to call multiple times for a simple billing issue!,0,0
415221,Customer Support Issue,"Long wait time for support, very frustrating!",0,1
507344,Customer Support Issue,"Long wait time for support, very frustrating!",0,1
816884,Billing Issue,Had to call multiple times for a simple billing issue!,0,0
550884,Service Quality,"Very satisfied with the service, will recommend!",0,5
599764,Service Quality,"Very satisfied with the service, will recommend!",0,5
512333,No Issue,"No issues, smooth transactions every time.",0,4
653732,Customer Support Issue,"Long wait time for support, very frustrating!",0,1
192054,Service Quality,I'm disappointed with the overall experience!,0,5
645425,Late Refund,"Refund process is very slow, not happy!",0,3
390323,Late Refund,Still waiting for my refund after 2 weeks!,0,3
640484,Late Refund,Finally got my refund after multiple calls.,0,3
381305,Customer Support Issue,Customer service was rude and unhelpful!,0,1
528149,Late Refund,Finally got my refund after multiple calls.,0,3
423221,Service Quality,The service was too slow and unprofessional!,0,5
489657,Customer Support Issue,Customer service was rude and unhelpful!,0,1
595443,Billing Issue,Had to call multiple times for a simple billing issue!,0,0
551067,No Issue,"Happy with the service, would recommend.",0,4
398645,Billing Issue,"Incorrect amount charged, need a refund!",0,0
305511,Billing Issue,"Incorrect amount charged, need a refund!",0,0
560804,Customer Support Issue,"Long wait time for support, very frustrating!",0,1
100148,Customer Support Issue,Support team was responsive and helpful.,0,1
382464,No Issue,"No issues, smooth transactions every time.",0,4
103775,Service Quality,The service was too slow and unprofessional!,0,5
407974,Late Refund,"Refund process is very slow, not happy!",0,3
498017,No Issue,"No issues, smooth transactions every time.",0,4
391214,Customer Support Issue,Support team was responsive and helpful.,0,1
400120,Customer Support Issue,Customer service was rude and unhelpful!,0,1
590613,No Issue,"Everything went smoothly, highly recommended.",0,4
475174,Service Quality,"Very satisfied with the service, will recommend!",0,5
506076,Late Refund,Still waiting for my refund after 2 weeks!,0,3
512082,No Issue,"Great experience, very satisfied!",0,4
379306,Billing Issue,Had to call multiple times for a simple billing issue!,0,0
640819,Customer Support Issue,Customer service was rude and unhelpful!,0,1
345135,Late Refund,Still waiting for my refund after 2 weeks!,0,3
305900,Billing Issue,"Incorrect amount charged, need a refund!",0,0
649960,Customer Support Issue,Customer service was rude and unhelpful!,0,1
815240,Billing Issue,"Incorrect amount charged, need a refund!",0,0
607396,Customer Support Issue,Customer service was rude and unhelpful!,0,1
378453,Customer Support Issue,Support team was responsive and helpful.,0,1
539317,Late Refund,Finally got my refund after multiple calls.,0,3
470188,Billing Issue,"Incorrect amount charged, need a refund!",0,0
584636,Customer Support Issue,Support team was responsive and helpful.,0,1
649468,No Issue,Customer support was helpful in resolving my concern.,0,4
434631,Customer Support Issue,Support team was responsive and helpful.,0,1
465046,Billing Issue,"Incorrect amount charged, need a refund!",0,0
456987,Customer Support Issue,Customer service was rude and unhelpful!,0,1
127234,Billing Issue,Had to call multiple times for a simple billing issue!,0,0
498379,Customer Support Issue,Support team was responsive and helpful.,0,1
602876,Late Refund,Still waiting for my refund after 2 weeks!,0,3
393609,Billing Issue,"Billing discrepancy, support is not helping!",0,0
888251,Late Refund,"Refund process is very slow, not happy!",0,3
368802,Customer Support Issue,Support team was responsive and helpful.,0,1
486511,Service Quality,I'm disappointed with the overall experience!,0,5
764222,No Issue,"Everything went smoothly, highly recommended.",0,4
374252,No Issue,"Great experience, very satisfied!",0,4
537180,Late Refund,"Refund process is very slow, not happy!",0,3
351358,No Issue,Customer support was helpful in resolving my concern.,0,4
574587,Late Refund,Still waiting for my refund after 2 weeks!,0,3
368103,Customer Support Issue,Customer service was rude and unhelpful!,0,1
512880,Late Refund,"Refund process is very slow, not happy!",0,3
593851,No Issue,"Great experience, very satisfied!",0,4
642166,Service Quality,Quality of service was not up to the mark!,0,5
510771,Billing Issue,"Billing discrepancy, support is not helping!",0,0
395897,No Issue,"Great experience, very satisfied!",0,4
354507,No Issue,"No issues, smooth transactions every time.",0,4
510747,Late Refund,"Refund process is very slow, not happy!",0,3
366032,Late Refund,"Refund process is very slow, not happy!",0,3
103487,Service Quality,The service was too slow and unprofessional!,0,5
506383,Customer Support Issue,Customer service was rude and unhelpful!,0,1
456154,Service Quality,Service was excellent and very professional.,0,5
810674,Customer Support Issue,Support team was responsive and helpful.,0,1
427727,Customer Support Issue,Customer service was rude and unhelpful!,0,1
506340,Late Refund,"Refund process is very slow, not happy!",0,3
375279,Customer Support Issue,"Long wait time for support, very frustrating!",0,1
811080,Late Refund,Finally got my refund after multiple calls.,0,3
402210,Billing Issue,"Billing discrepancy, support is not helping!",0,0
544345,Late Refund,Finally got my refund after multiple calls.,0,3
454334,No Issue,"No issues, smooth transactions every time.",0,4
347017,Late Refund,"Refund process is very slow, not happy!",0,3
819744,No Issue,"Great experience, very satisfied!",0,4
390283,Customer Support Issue,"Long wait time for support, very frustrating!",0,1
622148,Late Refund,Still waiting for my refund after 2 weeks!,0,3
535338,Late Refund,"Refund process is very slow, not happy!",0,3
546721,Late Refund,Still waiting for my refund after 2 weeks!,0,3
652400,Billing Issue,Had to call multiple times for a simple billing issue!,0,0
525164,Service Quality,Quality of service was not up to the mark!,0,5
405730,Billing Issue,"Incorrect amount charged, need a refund!",0,0
566218,No Issue,"Great experience, very satisfied!",0,4
427053,Service Quality,Quality of service was not up to the mark!,0,5
591959,Service Quality,Quality of service was not up to the mark!,0,5
710139,Late Refund,Finally got my refund after multiple calls.,0,3
553800,No Issue,"Happy with the service, would recommend.",0,4
551308,Billing Issue,Had to call multiple times for a simple billing issue!,0,0
659839,Service Quality,Service was excellent and very professional.,0,5
554962,No Issue,"Happy with the service, would recommend.",0,4
740273,Customer Support Issue,"Long wait time for support, very frustrating!",0,1
463135,Service Quality,I'm disappointed with the overall experience!,0,5
311274,Billing Issue,"Incorrect amount charged, need a refund!",0,0
510429,No Issue,Customer support was helpful in resolving my concern.,0,4
486945,Billing Issue,"Billing discrepancy, support is not helping!",0,0
425274,Late Refund,Still waiting for my refund after 2 weeks!,0,3
369053,Late Refund,Finally got my refund after multiple calls.,0,3
470787,Billing Issue,Had to call multiple times for a simple billing issue!,0,0
406554,Late Refund,Finally got my refund after multiple calls.,0,3
577373,Late Refund,"Refund process is very slow, not happy!",0,3
378559,No Issue,"Great experience, very satisfied!",0,4
515345,Billing Issue,"Billing discrepancy, support is not helping!",0,0
620502,No Issue,"Happy with the service, would recommend.",0,4
462204,No Issue,"No issues, smooth transactions every time.",0,4
580318,No Issue,"No issues, smooth transactions every time.",0,4
357006,Billing Issue,Had to call multiple times for a simple billing issue!,0,0
462334,No Issue,Customer support was helpful in resolving my concern.,0,4
376661,Late Refund,"Refund process is very slow, not happy!",0,3
390684,Late Refund,Finally got my refund after multiple calls.,0,3
369771,Late Refund,Finally got my refund after multiple calls.,0,3
572642,Customer Support Issue,Support team was responsive and helpful.,0,1
470774,Billing Issue,Had to call multiple times for a simple billing issue!,0,0
429490,Billing Issue,"Incorrect amount charged, need a refund!",0,0
555393,Customer Support Issue,"Long wait time for support, very frustrating!",0,1
508491,Customer Support Issue,Customer service was rude and unhelpful!,0,1
342794,Billing Issue,"Billing discrepancy, support is not helping!",0,0
437706,Service Quality,Service was excellent and very professional.,0,5
504685,No Issue,"Great experience, very satisfied!",0,4
528967,Billing Issue,"Incorrect amount charged, need a refund!",0,0
467259,Late Refund,"Refund process is very slow, not happy!",0,3
486958,Customer Support Issue,Customer service was rude and unhelpful!,0,1
309228,Customer Support Issue,Support team was responsive and helpful.,0,1
389485,Customer Support Issue,Customer service was rude and unhelpful!,0,1
583937,Service Quality,The service was too slow and unprofessional!,0,5
374337,Billing Issue,"Incorrect amount charged, need a refund!",0,0
484886,Billing Issue,"Billing discrepancy, support is not helping!",0,0
410904,Customer Support Issue,Support team was responsive and helpful.,0,1
598342,No Issue,"Great experience, very satisfied!",0,4
303873,Service Quality,I'm disappointed with the overall experience!,0,5
491175,No Issue,"Great experience, very satisfied!",0,4
353214,Service Quality,The service was too slow and unprofessional!,0,5
818454,Late Refund,"Refund process is very slow, not happy!",0,3
604994,No Issue,"Happy with the service, would recommend.",0,4
587913,Service Quality,Quality of service was not up to the mark!,0,5
348709,Service Quality,Quality of service was not up to the mark!,0,5
551669,Late Refund,Still waiting for my refund after 2 weeks!,0,3
507344,No Issue,"Great experience, very satisfied!",0,4
434045,Late Refund,Still waiting for my refund after 2 weeks!,0,3
525150,Customer Support Issue,Customer service was rude and unhelpful!,0,1
607783,No Issue,"No issues, smooth transactions every time.",0,4
518785,No Issue,"Great experience, very satisfied!",0,4
607749,Late Refund,Finally got my refund after multiple calls.,0,3
576436,Billing Issue,Had to call multiple times for a simple billing issue!,0,0
499734,Service Quality,I'm disappointed with the overall experience!,0,5
441414,No Issue,"Great experience, very satisfied!",0,4
366798,Service Quality,Service was excellent and very professional.,0,5
585454,No Issue,"Happy with the service, would recommend.",0,4
304308,No Issue,"Happy with the service, would recommend.",0,4
485883,No Issue,Customer support was helpful in resolving my concern.,0,4
155652,Billing Issue,"Incorrect amount charged, need a refund!",0,0
406324,No Issue,"Everything went smoothly, highly recommended.",0,4
463124,No Issue,"Great experience, very satisfied!",0,4
304882,Customer Support Issue,Customer service was rude and unhelpful!,0,1
348779,Billing Issue,Had to call multiple times for a simple billing issue!,0,0
531484,Billing Issue,"Billing discrepancy, support is not helping!",0,0
652684,Customer Support Issue,Support team was responsive and helpful.,0,1
651585,Late Refund,Still waiting for my refund after 2 weeks!,0,3
347132,Billing Issue,Had to call multiple times for a simple billing issue!,0,0
377788,Late Refund,"Refund process is very slow, not happy!",0,3
558529,Service Quality,Service was excellent and very professional.,0,5
646961,Billing Issue,"Incorrect amount charged, need a refund!",0,0
955977,No Issue,"Everything went smoothly, highly recommended.",0,4
413067,Late Refund,"Refund process is very slow, not happy!",0,3
302382,Service Quality,The service was too slow and unprofessional!,0,5
370596,Late Refund,Still waiting for my refund after 2 weeks!,0,3
501393,Service Quality,The service was too slow and unprofessional!,0,5
651328,Billing Issue,"Billing discrepancy, support is not helping!",0,0
509254,No Issue,"No issues, smooth transactions every time.",0,4
345893,Customer Support Issue,Customer service was rude and unhelpful!,0,1
593315,Service Quality,"Very satisfied with the service, will recommend!",0,5
606894,No Issue,"Everything went smoothly, highly recommended.",0,4
514609,Service Quality,Quality of service was not up to the mark!,0,5
399911,Billing Issue,Had to call multiple times for a simple billing issue!,0,0
466066,Service Quality,I'm disappointed with the overall experience!,0,5
340830,Customer Support Issue,"Long wait time for support, very frustrating!",0,1
374644,Customer Support Issue,Support team was responsive and helpful.,0,1
393407,Service Quality,The service was too slow and unprofessional!,0,5
816816,Late Refund,"Refund process is very slow, not happy!",0,3
548010,Late Refund,"Refund process is very slow, not happy!",0,3
535199,Customer Support Issue,Support team was responsive and helpful.,0,1
431922,Customer Support Issue,"Long wait time for support, very frustrating!",0,1
399976,Customer Support Issue,"Long wait time for support, very frustrating!",0,1
482324,Billing Issue,"Billing discrepancy, support is not helping!",0,0
349247,No Issue,"Great experience, very satisfied!",0,4
549780,Service Quality,Quality of service was not up to the mark!,0,5
474451,Late Refund,Finally got my refund after multiple calls.,0,3
409073,Service Quality,Service was excellent and very professional.,0,5
378813,Billing Issue,"Incorrect amount charged, need a refund!",0,0
386583,Billing Issue,"Incorrect amount charged, need a refund!",0,0
103093,Late Refund,"Refund process is very slow, not happy!",0,3
471743,Late Refund,Finally got my refund after multiple calls.,0,3
462908,Late Refund,Finally got my refund after multiple calls.,0,3
572539,Late Refund,Finally got my refund after multiple calls.,0,3
356310,Customer Support Issue,Customer service was rude and unhelpful!,0,1
534503,Customer Support Issue,Support team was responsive and helpful.,0,1
438468,Late Refund,"Refund process is very slow, not happy!",0,3
505986,Service Quality,Quality of service was not up to the mark!,0,5
355852,Late Refund,Still waiting for my refund after 2 weeks!,0,3
429489,Service Quality,Service was excellent and very professional.,0,5
478317,Customer Support Issue,"Long wait time for support, very frustrating!",0,1
514703,No Issue,Customer support was helpful in resolving my concern.,0,4
301302,Service Quality,I'm disappointed with the overall experience!,0,5
502875,Late Refund,Finally got my refund after multiple calls.,0,3
510182,Billing Issue,Had to call multiple times for a simple billing issue!,0,0
369136,Late Refund,"Refund process is very slow, not happy!",0,3
556829,Service Quality,Service was excellent and very professional.,0,5
482877,Late Refund,Still waiting for my refund after 2 weeks!,0,3
366077,No Issue,"Happy with the service, would recommend.",0,4
404207,No Issue,"No issues, smooth transactions every time.",0,4
380375,No Issue,"Great experience, very satisfied!",0,4
514464,Billing Issue,"Incorrect amount charged, need a refund!",0,0
560640,Late Refund,Finally got my refund after multiple calls.,0,3
355534,No Issue,"Great experience, very satisfied!",0,4
420046,Billing Issue,"Billing discrepancy, support is not helping!",0,0
596053,No Issue,"Everything went smoothly, highly recommended.",0,4
428944,No Issue,"No issues, smooth transactions every time.",0,4
533505,Customer Support Issue,"Long wait time for support, very frustrating!",0,1
360990,No Issue,Customer support was helpful in resolving my concern.,0,4
545588,Customer Support Issue,Support team was responsive and helpful.,0,1
363755,Billing Issue,"Billing discrepancy, support is not helping!",0,0
343637,No Issue,"Everything went smoothly, highly recommended.",0,4
552775,Late Refund,Finally got my refund after multiple calls.,0,3
464824,Customer Support Issue,"Long wait time for support, very frustrating!",0,1
436946,Late Refund,Still waiting for my refund after 2 weeks!,0,3
420674,Service Quality,I'm disappointed with the overall experience!,0,5
447452,Customer Support Issue,"Long wait time for support, very frustrating!",0,1
532989,Billing Issue,Had to call multiple times for a simple billing issue!,0,0
514918,Customer Support Issue,Support team was responsive and helpful.,0,1
341691,Customer Support Issue,Support team was responsive and helpful.,0,1
674736,No Issue,"Everything went smoothly, highly recommended.",0,4
656720,Customer Support Issue,"Long wait time for support, very frustrating!",0,1
506700,No Issue,"Happy with the service, would recommend.",0,4
535160,Late Refund,"Refund process is very slow, not happy!",0,3
379706,Service Quality,Service was excellent and very professional.,0,5
490200,Service Quality,Service was excellent and very professional.,0,5
379582,No Issue,"Everything went smoothly, highly recommended.",0,4
349267,No Issue,"Everything went smoothly, highly recommended.",0,4
375055,No Issue,"No issues, smooth transactions every time.",0,4
670516,Service Quality,I'm disappointed with the overall experience!,0,5
140308,Service Quality,Service was excellent and very professional.,0,5
481481,No Issue,"No issues, smooth transactions every time.",0,4
645321,No Issue,Customer support was helpful in resolving my concern.,0,4
451218,Customer Support Issue,Customer service was rude and unhelpful!,0,1
394007,Service Quality,"Very satisfied with the service, will recommend!",0,5
473623,Customer Support Issue,Support team was responsive and helpful.,0,1
583666,Billing Issue,Had to call multiple times for a simple billing issue!,0,0
521259,Late Refund,Finally got my refund after multiple calls.,0,3
397750,No Issue,"No issues, smooth transactions every time.",0,4
552308,Late Refund,Still waiting for my refund after 2 weeks!,0,3
523469,Late Refund,"Refund process is very slow, not happy!",0,3
421517,Late Refund,"Refund process is very slow, not happy!",0,3
622921,Customer Support Issue,Customer service was rude and unhelpful!,0,1
357641,Billing Issue,Had to call multiple times for a simple billing issue!,0,0
477121,Billing Issue,"Billing discrepancy, support is not helping!",0,0
551591,Service Quality,The service was too slow and unprofessional!,0,5
472939,Service Quality,I'm disappointed with the overall experience!,0,5
564616,Billing Issue,"Billing discrepancy, support is not helping!",0,0
462862,Service Quality,The service was too slow and unprofessional!,0,5
414391,No Issue,"No issues, smooth transactions every time.",0,4
370122,Service Quality,The service was too slow and unprofessional!,0,5
403801,Customer Support Issue,"Long wait time for support, very frustrating!",0,1
604366,Customer Support Issue,Support team was responsive and helpful.,0,1
425867,No Issue,"Great experience, very satisfied!",0,4
378732,Late Refund,"Refund process is very slow, not happy!",0,3
546447,Billing Issue,"Billing discrepancy, support is not helping!",0,0
513123,Service Quality,Service was excellent and very professional.,0,5
674603,Late Refund,Still waiting for my refund after 2 weeks!,0,3
341994,Late Refund,"Refund process is very slow, not happy!",0,3
399231,Customer Support Issue,"Long wait time for support, very frustrating!",0,1
353235,Service Quality,"Very satisfied with the service, will recommend!",0,5
583462,Customer Support Issue,Customer service was rude and unhelpful!,0,1
403917,Billing Issue,"Billing discrepancy, support is not helping!",0,0
577344,No Issue,Customer support was helpful in resolving my concern.,0,4
496902,Service Quality,The service was too slow and unprofessional!,0,5
647069,Billing Issue,"Billing discrepancy, support is not helping!",0,0
588613,Customer Support Issue,"Long wait time for support, very frustrating!",0,1
355211,Service Quality,"Very satisfied with the service, will recommend!",0,5
658275,Customer Support Issue,Support team was responsive and helpful.,0,1
585767,Customer Support Issue,Support team was responsive and helpful.,0,1
622806,Billing Issue,"Billing discrepancy, support is not helping!",0,0
542573,Customer Support Issue,Customer service was rude and unhelpful!,0,1
582122,Billing Issue,"Billing discrepancy, support is not helping!",0,0
490970,Billing Issue,Had to call multiple times for a simple billing issue!,0,0
374024,Late Refund,Finally got my refund after multiple calls.,0,3
536724,No Issue,"No issues, smooth transactions every time.",0,4
409458,Service Quality,Quality of service was not up to the mark!,0,5
479248,Late Refund,"Refund process is very slow, not happy!",0,3
301363,Customer Support Issue,"Long wait time for support, very frustrating!",0,1
550252,Billing Issue,"Billing discrepancy, support is not helping!",0,0
654201,Customer Support Issue,"Long wait time for support, very frustrating!",0,1
548604,Service Quality,Service was excellent and very professional.,0,5
577264,Billing Issue,"Billing discrepancy, support is not helping!",0,0
305661,Service Quality,I'm disappointed with the overall experience!,0,5
627561,No Issue,"Happy with the service, would recommend.",0,4
409264,Customer Support Issue,Support team was responsive and helpful.,0,1
427715,Billing Issue,"Incorrect amount charged, need a refund!",0,0
468732,Billing Issue,"Billing discrepancy, support is not helping!",0,0
475111,No Issue,"No issues, smooth transactions every time.",0,4
397897,Service Quality,"Very satisfied with the service, will recommend!",0,5
364342,No Issue,"Great experience, very satisfied!",0,4
606272,No Issue,"Great experience, very satisfied!",0,4
676187,No Issue,"No issues, smooth transactions every time.",0,4
659059,Billing Issue,"Incorrect amount charged, need a refund!",0,0
507162,Customer Support Issue,Customer service was rude and unhelpful!,0,1
523944,Customer Support Issue,Customer service was rude and unhelpful!,0,1
477884,Customer Support Issue,Support team was responsive and helpful.,0,1
402213,Billing Issue,Had to call multiple times for a simple billing issue!,0,0
447022,Billing Issue,Had to call multiple times for a simple billing issue!,0,0
427806,Customer Support Issue,Support team was responsive and helpful.,0,1
625729,Billing Issue,"Billing discrepancy, support is not helping!",0,0
466009,Late Refund,"Refund process is very slow, not happy!",0,3
425535,Service Quality,Quality of service was not up to the mark!,0,5
223693,Late Refund,Still waiting for my refund after 2 weeks!,0,3
406140,Billing Issue,"Incorrect amount charged, need a refund!",0,0
371238,Service Quality,Quality of service was not up to the mark!,0,5
418934,No Issue,"Great experience, very satisfied!",0,4
366381,Billing Issue,"Billing discrepancy, support is not helping!",0,0
538993,Billing Issue,"Billing discrepancy, support is not helping!",0,0
627563,Service Quality,The service was too slow and unprofessional!,0,5
582854,Customer Support Issue,Customer service was rude and unhelpful!,0,1
358264,No Issue,"Happy with the service, would recommend.",0,4
428865,Customer Support Issue,Support team was responsive and helpful.,0,1
810142,No Issue,Customer support was helpful in resolving my concern.,0,4
386939,Service Quality,"Very satisfied with the service, will recommend!",0,5
383771,Late Refund,"Refund process is very slow, not happy!",0,3
103149,Late Refund,Finally got my refund after multiple calls.,0,3
383290,Customer Support Issue,Customer service was rude and unhelpful!,0,1
354562,Service Quality,I'm disappointed with the overall experience!,0,5
483274,Service Quality,Quality of service was not up to the mark!,0,5
369367,No Issue,"No issues, smooth transactions every time.",0,4
362456,Service Quality,I'm disappointed with the overall experience!,0,5
346916,Late Refund,Still waiting for my refund after 2 weeks!,0,3
528161,Late Refund,Still waiting for my refund after 2 weeks!,0,3
371700,Customer Support Issue,Support team was responsive and helpful.,0,1
640902,Customer Support Issue,"Long wait time for support, very frustrating!",0,1
586178,Service Quality,Quality of service was not up to the mark!,0,5
371044,Service Quality,I'm disappointed with the overall experience!,0,5
354720,Customer Support Issue,Support team was responsive and helpful.,0,1
370525,Service Quality,"Very satisfied with the service, will recommend!",0,5
387966,Late Refund,Still waiting for my refund after 2 weeks!,0,3
391791,Customer Support Issue,"Long wait time for support, very frustrating!",0,1
607603,Service Quality,Quality of service was not up to the mark!,0,5
452447,Billing Issue,"Billing discrepancy, support is not helping!",0,0
526120,No Issue,"Everything went smoothly, highly recommended.",0,4
447493,No Issue,"Happy with the service, would recommend.",0,4
468566,No Issue,"No issues, smooth transactions every time.",0,4
584618,Customer Support Issue,Customer service was rude and unhelpful!,0,1
473106,Customer Support Issue,Customer service was rude and unhelpful!,0,1
362500,Customer Support Issue,"Long wait time for support, very frustrating!",0,1
354458,No Issue,"No issues, smooth transactions every time.",0,4
304434,Billing Issue,Had to call multiple times for a simple billing issue!,0,0
451171,Customer Support Issue,Support team was responsive and helpful.,0,1
409177,Service Quality,I'm disappointed with the overall experience!,0,5
624768,Service Quality,"Very satisfied with the service, will recommend!",0,5
386892,Billing Issue,"Incorrect amount charged, need a refund!",0,0
386182,Late Refund,Still waiting for my refund after 2 weeks!,0,3
482287,Service Quality,"Very satisfied with the service, will recommend!",0,5
672299,Customer Support Issue,"Long wait time for support, very frustrating!",0,1
537572,Billing Issue,"Billing discrepancy, support is not helping!",0,0
538883,Customer Support Issue,"Long wait time for support, very frustrating!",0,1
471660,Billing Issue,"Billing discrepancy, support is not helping!",0,0
491088,Service Quality,"Very satisfied with the service, will recommend!",0,5
586476,Service Quality,Quality of service was not up to the mark!,0,5
482290,Service Quality,"Very satisfied with the service, will recommend!",0,5
397247,Service Quality,I'm disappointed with the overall experience!,0,5
589006,Service Quality,I'm disappointed with the overall experience!,0,5
494151,No Issue,Customer support was helpful in resolving my concern.,0,4
517888,No Issue,"Everything went smoothly, highly recommended.",0,4
607266,Customer Support Issue,"Long wait time for support, very frustrating!",0,1
370049,Late Refund,"Refund process is very slow, not happy!",0,3
818837,No Issue,"Everything went smoothly, highly recommended.",0,4
505722,Service Quality,Service was excellent and very professional.,0,5
497835,No Issue,Customer support was helpful in resolving my concern.,0,4
546975,Billing Issue,"Billing discrepancy, support is not helping!",0,0
888740,Customer Support Issue,"Long wait time for support, very frustrating!",0,1
515797,Service Quality,Service was excellent and very professional.,0,5
441224,Service Quality,The service was too slow and unprofessional!,0,5
623614,No Issue,"Everything went smoothly, highly recommended.",0,4
384458,Billing Issue,"Billing discrepancy, support is not helping!",0,0
391700,Billing Issue,"Incorrect amount charged, need a refund!",0,0
334131,No Issue,"No issues, smooth transactions every time.",0,4
590475,Late Refund,"Refund process is very slow, not happy!",0,3
628403,Service Quality,Quality of service was not up to the mark!,0,5
467620,Customer Support Issue,Customer service was rude and unhelpful!,0,1
819492,Billing Issue,Had to call multiple times for a simple billing issue!,0,0
888928,Service Quality,The service was too slow and unprofessional!,0,5
510573,Service Quality,"Very satisfied with the service, will recommend!",0,5
452962,No Issue,Customer support was helpful in resolving my concern.,0,4
430517,Customer Support Issue,Customer service was rude and unhelpful!,0,1
416652,No Issue,Customer support was helpful in resolving my concern.,0,4
401833,Billing Issue,Had to call multiple times for a simple billing issue!,0,0
434821,Service Quality,Quality of service was not up to the mark!,0,5
394098,Late Refund,"Refund process is very slow, not happy!",0,3
395751,No Issue,"Great experience, very satisfied!",0,4
499582,Service Quality,The service was too slow and unprofessional!,0,5
818381,Service Quality,Service was excellent and very professional.,0,5
504432,No Issue,"No issues, smooth transactions every time.",0,4
810665,Late Refund,Finally got my refund after multiple calls.,0,3
334541,Late Refund,"Refund process is very slow, not happy!",0,3
396934,No Issue,Customer support was helpful in resolving my concern.,0,4
356806,Customer Support Issue,Customer service was rude and unhelpful!,0,1
652856,Billing Issue,"Incorrect amount charged, need a refund!",0,0
309549,No Issue,"Great experience, very satisfied!",0,4
811992,Billing Issue,"Incorrect amount charged, need a refund!",0,0
627844,Billing Issue,"Incorrect amount charged, need a refund!",0,0
423175,Late Refund,Finally got my refund after multiple calls.,0,3
545060,No Issue,"Everything went smoothly, highly recommended.",0,4
103893,Customer Support Issue,Support team was responsive and helpful.,0,1
494195,Customer Support Issue,Customer service was rude and unhelpful!,0,1
388104,No Issue,"Everything went smoothly, highly recommended.",0,4
525971,Service Quality,I'm disappointed with the overall experience!,0,5
450241,Late Refund,Finally got my refund after multiple calls.,0,3
234084,No Issue,"No issues, smooth transactions every time.",0,4
381141,Billing Issue,"Billing discrepancy, support is not helping!",0,0
456213,Billing Issue,"Incorrect amount charged, need a refund!",0,0
447164,Billing Issue,"Incorrect amount charged, need a refund!",0,0
648214,Late Refund,Still waiting for my refund after 2 weeks!,0,3
345203,Late Refund,Still waiting for my refund after 2 weeks!,0,3
122060,Customer Support Issue,"Long wait time for support, very frustrating!",0,1
648945,Late Refund,"Refund process is very slow, not happy!",0,3
817044,Late Refund,Still waiting for my refund after 2 weeks!,0,3
771353,Service Quality,Service was excellent and very professional.,0,5
500364,No Issue,"No issues, smooth transactions every time.",0,4
623775,No Issue,"Great experience, very satisfied!",0,4
393003,No Issue,"Great experience, very satisfied!",0,4
575723,No Issue,"Great experience, very satisfied!",0,4
377391,Late Refund,Finally got my refund after multiple calls.,0,3
652867,Late Refund,"Refund process is very slow, not happy!",0,3
677686,Service Quality,"Very satisfied with the service, will recommend!",0,5
161135,Late Refund,Still waiting for my refund after 2 weeks!,0,3
376224,No Issue,"Everything went smoothly, highly recommended.",0,4
152625,Late Refund,Finally got my refund after multiple calls.,0,3
940069,Service Quality,I'm disappointed with the overall experience!,0,5
544722,Service Quality,Service was excellent and very professional.,0,5
199922,Late Refund,"Refund process is very slow, not happy!",0,3
557728,No Issue,"Everything went smoothly, highly recommended.",0,4
386670,Service Quality,"Very satisfied with the service, will recommend!",0,5
356798,No Issue,Customer support was helpful in resolving my concern.,0,4
343857,Customer Support Issue,"Long wait time for support, very frustrating!",0,1
503386,No Issue,"Great experience, very satisfied!",0,4
493032,No Issue,Customer support was helpful in resolving my concern.,0,4
545037,Late Refund,"Refund process is very slow, not happy!",0,3
471802,No Issue,"No issues, smooth transactions every time.",0,4
407824,Service Quality,Service was excellent and very professional.,0,5
396031,Customer Support Issue,Customer service was rude and unhelpful!,0,1
810580,No Issue,"Great experience, very satisfied!",0,4
413002,No Issue,"Great experience, very satisfied!",0,4
420743,Billing Issue,"Billing discrepancy, support is not helping!",0,0
301909,Service Quality,Quality of service was not up to the mark!,0,5
394477,Billing Issue,Had to call multiple times for a simple billing issue!,0,0
811798,Customer Support Issue,"Long wait time for support, very frustrating!",0,1
646219,Billing Issue,"Billing discrepancy, support is not helping!",0,0
395834,Service Quality,Quality of service was not up to the mark!,0,5
482175,Customer Support Issue,"Long wait time for support, very frustrating!",0,1
469090,Billing Issue,"Incorrect amount charged, need a refund!",0,0
479845,No Issue,Customer support was helpful in resolving my concern.,0,4
369749,Billing Issue,"Billing discrepancy, support is not helping!",0,0
567454,Late Refund,Finally got my refund after multiple calls.,0,3
384453,Service Quality,Quality of service was not up to the mark!,0,5
361541,No Issue,"Happy with the service, would recommend.",0,4
449354,Service Quality,"Very satisfied with the service, will recommend!",0,5
457464,Service Quality,Quality of service was not up to the mark!,0,5
589876,Late Refund,Still waiting for my refund after 2 weeks!,0,3
674657,No Issue,"Happy with the service, would recommend.",0,4
436452,Customer Support Issue,Support team was responsive and helpful.,0,1
424760,Customer Support Issue,Support team was responsive and helpful.,0,1
518445,Service Quality,I'm disappointed with the overall experience!,0,5
399307,No Issue,"Great experience, very satisfied!",0,4
509804,Service Quality,"Very satisfied with the service, will recommend!",0,5
413769,Late Refund,Still waiting for my refund after 2 weeks!,0,3
816800,Customer Support Issue,Customer service was rude and unhelpful!,0,1
362324,Customer Support Issue,Customer service was rude and unhelpful!,0,1
413796,Billing Issue,"Billing discrepancy, support is not helping!",0,0
444617,Billing Issue,"Billing discrepancy, support is not helping!",0,0
586792,No Issue,"Everything went smoothly, highly recommended.",0,4
955877,Late Refund,Finally got my refund after multiple calls.,0,3
490970,Late Refund,Still waiting for my refund after 2 weeks!,0,3
571528,Customer Support Issue,"Long wait time for support, very frustrating!",0,1
607533,Late Refund,"Refund process is very slow, not happy!",0,3
488239,No Issue,"Great experience, very satisfied!",0,4
419104,Customer Support Issue,"Long wait time for support, very frustrating!",0,1
459739,No Issue,"Great experience, very satisfied!",0,4
816696,Service Quality,Quality of service was not up to the mark!,0,5
559036,Billing Issue,"Incorrect amount charged, need a refund!",0,0
391638,Late Refund,Finally got my refund after multiple calls.,0,3
309976,Billing Issue,"Incorrect amount charged, need a refund!",0,0
437659,Service Quality,Service was excellent and very professional.,0,5
455195,Customer Support Issue,Customer service was rude and unhelpful!,0,1
439840,Billing Issue,"Billing discrepancy, support is not helping!",0,0
387610,No Issue,"Everything went smoothly, highly recommended.",0,4
397189,No Issue,"Great experience, very satisfied!",0,4
583965,Billing Issue,"Billing discrepancy, support is not helping!",0,0
396535,Customer Support Issue,Customer service was rude and unhelpful!,0,1
486963,No Issue,Customer support was helpful in resolving my concern.,0,4
548827,Billing Issue,"Incorrect amount charged, need a refund!",0,0
554774,Service Quality,The service was too slow and unprofessional!,0,5
537415,Service Quality,The service was too slow and unprofessional!,0,5
424615,Service Quality,The service was too slow and unprofessional!,0,5
501252,No Issue,"No issues, smooth transactions every time.",0,4
391149,Billing Issue,"Incorrect amount charged, need a refund!",0,0
432225,Service Quality,Quality of service was not up to the mark!,0,5
387501,No Issue,"Happy with the service, would recommend.",0,4
530073,Billing Issue,"Billing discrepancy, support is not helping!",0,0
347010,Service Quality,"Very satisfied with the service, will recommend!",0,5
647233,Late Refund,Finally got my refund after multiple calls.,0,3
376796,Billing Issue,"Billing discrepancy, support is not helping!",0,0
493255,Late Refund,"Refund process is very slow, not happy!",0,3
527162,Customer Support Issue,Customer service was rude and unhelpful!,0,1
657770,No Issue,"Everything went smoothly, highly recommended.",0,4
408866,Customer Support Issue,"Long wait time for support, very frustrating!",0,1
646923,Billing Issue,"Incorrect amount charged, need a refund!",0,0
651427,Billing Issue,"Billing discrepancy, support is not helping!",0,0
597150,Late Refund,Still waiting for my refund after 2 weeks!,0,3
814135,Billing Issue,"Billing discrepancy, support is not helping!",0,0
401615,Billing Issue,"Billing discrepancy, support is not helping!",0,0
439488,Billing Issue,Had to call multiple times for a simple billing issue!,0,0
503398,Customer Support Issue,Customer service was rude and unhelpful!,0,1
541130,Late Refund,Finally got my refund after multiple calls.,0,3
414802,Service Quality,The service was too slow and unprofessional!,0,5
649419,Service Quality,I'm disappointed with the overall experience!,0,5
566647,Service Quality,I'm disappointed with the overall experience!,0,5
816561,Customer Support Issue,Support team was responsive and helpful.,0,1
457062,Customer Support Issue,Customer service was rude and unhelpful!,0,1
501357,No Issue,"Everything went smoothly, highly recommended.",0,4
387131,Late Refund,"Refund process is very slow, not happy!",0,3
533442,Billing Issue,Had to call multiple times for a simple billing issue!,0,0
344573,No Issue,"Great experience, very satisfied!",0,4
415625,No Issue,Customer support was helpful in resolving my concern.,0,4
625660,Billing Issue,"Billing discrepancy, support is not helping!",0,0
586860,Customer Support Issue,Support team was responsive and helpful.,0,1
598995,No Issue,"Great experience, very satisfied!",0,4
646419,Late Refund,Finally got my refund after multiple calls.,0,3
374647,Customer Support Issue,"Long wait time for support, very frustrating!",0,1
680842,Service Quality,I'm disappointed with the overall experience!,0,5
812563,Billing Issue,"Incorrect amount charged, need a refund!",0,0
449906,No Issue,"No issues, smooth transactions every time.",0,4
416654,Late Refund,Finally got my refund after multiple calls.,0,3
437831,Late Refund,"Refund process is very slow, not happy!",0,3
419323,Customer Support Issue,Customer service was rude and unhelpful!,0,1
690094,Late Refund,Still waiting for my refund after 2 weeks!,0,3
381092,Service Quality,I'm disappointed with the overall experience!,0,5
349834,Customer Support Issue,Support team was responsive and helpful.,0,1
566361,Service Quality,Quality of service was not up to the mark!,0,5
624523,Billing Issue,"Billing discrepancy, support is not helping!",0,0
627064,Service Quality,Service was excellent and very professional.,0,5
657946,Billing Issue,Had to call multiple times for a simple billing issue!,0,0
577734,Customer Support Issue,Customer service was rude and unhelpful!,0,1
574420,No Issue,"Everything went smoothly, highly recommended.",0,4
508737,Customer Support Issue,Support team was responsive and helpful.,0,1
400044,Service Quality,"Very satisfied with the service, will recommend!",0,5
438746,Customer Support Issue,Support team was responsive and helpful.,0,1
368506,Billing Issue,"Incorrect amount charged, need a refund!",0,0
302352,Late Refund,Finally got my refund after multiple calls.,0,3
458673,Billing Issue,Had to call multiple times for a simple billing issue!,0,0
658332,Billing Issue,Had to call multiple times for a simple billing issue!,0,0
402962,No Issue,Customer support was helpful in resolving my concern.,0,4
356060,No Issue,Customer support was helpful in resolving my concern.,0,4
610521,Service Quality,Quality of service was not up to the mark!,0,5
439406,Service Quality,Quality of service was not up to the mark!,0,5
647923,No Issue,"Everything went smoothly, highly recommended.",0,4
645084,Late Refund,Finally got my refund after multiple calls.,0,3
540461,Billing Issue,Had to call multiple times for a simple billing issue!,0,0
384675,Service Quality,Service was excellent and very professional.,0,5
515124,Service Quality,Quality of service was not up to the mark!,0,5
559596,Service Quality,"Very satisfied with the service, will recommend!",0,5
497912,Billing Issue,"Billing discrepancy, support is not helping!",0,0
539394,Billing Issue,"Billing discrepancy, support is not helping!",0,0
532561,Late Refund,Still waiting for my refund after 2 weeks!,0,3
594554,Service Quality,Quality of service was not up to the mark!,0,5
449087,Customer Support Issue,"Long wait time for support, very frustrating!",0,1
446830,Customer Support Issue,"Long wait time for support, very frustrating!",0,1
486151,Late Refund,Still waiting for my refund after 2 weeks!,0,3
355352,No Issue,"Everything went smoothly, highly recommended.",0,4
652708,Service Quality,Service was excellent and very professional.,0,5
389899,Billing Issue,"Incorrect amount charged, need a refund!",0,0
508368,No Issue,"Great experience, very satisfied!",0,4
653651,No Issue,"Everything went smoothly, highly recommended.",0,4
445893,Customer Support Issue,Customer service was rude and unhelpful!,0,1
440018,Customer Support Issue,Support team was responsive and helpful.,0,1
818632,Customer Support Issue,Support team was responsive and helpful.,0,1
129005,Billing Issue,Had to call multiple times for a simple billing issue!,0,0
496212,Service Quality,Quality of service was not up to the mark!,0,5
811212,Customer Support Issue,"Long wait time for support, very frustrating!",0,1
453127,Service Quality,Service was excellent and very professional.,0,5
304522,Service Quality,Quality of service was not up to the mark!,0,5
523890,Customer Support Issue,"Long wait time for support, very frustrating!",0,1
485673,Late Refund,Finally got my refund after multiple calls.,0,3
484294,Billing Issue,Had to call multiple times for a simple billing issue!,0,0
398972,Late Refund,"Refund process is very slow, not happy!",0,3
440196,No Issue,"Happy with the service, would recommend.",0,4
403447,Billing Issue,"Incorrect amount charged, need a refund!",0,0
406767,No Issue,"Happy with the service, would recommend.",0,4
403147,No Issue,"Happy with the service, would recommend.",0,4
571468,Customer Support Issue,Customer service was rude and unhelpful!,0,1
535936,Customer Support Issue,Support team was responsive and helpful.,0,1
815385,Service Quality,The service was too slow and unprofessional!,0,5
592952,Customer Support Issue,Support team was responsive and helpful.,0,1
646217,Billing Issue,"Incorrect amount charged, need a refund!",0,0
368737,Customer Support Issue,Support team was responsive and helpful.,0,1
418455,Customer Support Issue,Customer service was rude and unhelpful!,0,1
419478,Service Quality,The service was too slow and unprofessional!,0,5
467652,No Issue,"Happy with the service, would recommend.",0,4
620108,Service Quality,I'm disappointed with the overall experience!,0,5
478103,Customer Support Issue,"Long wait time for support, very frustrating!",0,1
776887,Late Refund,"Refund process is very slow, not happy!",0,3
658967,Billing Issue,"Incorrect amount charged, need a refund!",0,0
810426,Late Refund,Still waiting for my refund after 2 weeks!,0,3
445258,Billing Issue,"Billing discrepancy, support is not helping!",0,0
429598,Late Refund,Still waiting for my refund after 2 weeks!,0,3
465839,No Issue,Customer support was helpful in resolving my concern.,0,4
447107,Service Quality,The service was too slow and unprofessional!,0,5
680311,Billing Issue,"Incorrect amount charged, need a refund!",0,0
531330,Customer Support Issue,Support team was responsive and helpful.,0,1
485578,Customer Support Issue,"Long wait time for support, very frustrating!",0,1
302422,Late Refund,Finally got my refund after multiple calls.,0,3
112506,Service Quality,I'm disappointed with the overall experience!,0,5
341865,Service Quality,I'm disappointed with the overall experience!,0,5
300085,Customer Support Issue,"Long wait time for support, very frustrating!",0,1
371372,Service Quality,"Very satisfied with the service, will recommend!",0,5
544002,Billing Issue,"Billing discrepancy, support is not helping!",0,0
383030,No Issue,"Great experience, very satisfied!",0,4
648927,Late Refund,Finally got my refund after multiple calls.,0,3
178157,Late Refund,Finally got my refund after multiple calls.,0,3
519346,Billing Issue,"Billing discrepancy, support is not helping!",0,0
558498,Service Quality,I'm disappointed with the overall experience!,0,5
584591,Service Quality,"Very satisfied with the service, will recommend!",0,5
607198,No Issue,"Great experience, very satisfied!",0,4
529551,Late Refund,"Refund process is very slow, not happy!",0,3
467091,Billing Issue,"Billing discrepancy, support is not helping!",0,0
384658,No Issue,Customer support was helpful in resolving my concern.,0,4
487084,Service Quality,Quality of service was not up to the mark!,0,5
422569,Customer Support Issue,Customer service was rude and unhelpful!,0,1
442691,Late Refund,"Refund process is very slow, not happy!",0,3
386163,Late Refund,Finally got my refund after multiple calls.,0,3
464711,Billing Issue,"Incorrect amount charged, need a refund!",0,0
590863,Late Refund,"Refund process is very slow, not happy!",0,3
818075,Customer Support Issue,Support team was responsive and helpful.,0,1
463211,Customer Support Issue,Customer service was rude and unhelpful!,0,1
531475,No Issue,"Great experience, very satisfied!",0,4
811461,Billing Issue,"Incorrect amount charged, need a refund!",0,0
447177,Service Quality,The service was too slow and unprofessional!,0,5
562729,Late Refund,"Refund process is very slow, not happy!",0,3
429075,Billing Issue,"Incorrect amount charged, need a refund!",0,0
659192,Late Refund,Still waiting for my refund after 2 weeks!,0,3
462589,Late Refund,Finally got my refund after multiple calls.,0,3
304590,Billing Issue,Had to call multiple times for a simple billing issue!,0,0
511099,Customer Support Issue,Support team was responsive and helpful.,0,1
302074,No Issue,Customer support was helpful in resolving my concern.,0,4
438389,Billing Issue,"Billing discrepancy, support is not helping!",0,0
305252,Service Quality,I'm disappointed with the overall experience!,0,5
482840,No Issue,"Happy with the service, would recommend.",0,4
405337,Customer Support Issue,"Long wait time for support, very frustrating!",0,1
367186,Billing Issue,"Billing discrepancy, support is not helping!",0,0
710155,No Issue,"Happy with the service, would recommend.",0,4
539406,No Issue,"No issues, smooth transactions every time.",0,4
342662,Late Refund,"Refund process is very slow, not happy!",0,3
558719,Billing Issue,"Incorrect amount charged, need a refund!",0,0
659479,No Issue,"Everything went smoothly, highly recommended.",0,4
461577,No Issue,"Happy with the service, would recommend.",0,4
447868,No Issue,"Happy with the service, would recommend.",0,4
485194,Late Refund,"Refund process is very slow, not happy!",0,3
419806,Service Quality,I'm disappointed with the overall experience!,0,5
426913,Billing Issue,"Incorrect amount charged, need a refund!",0,0
536732,No Issue,"No issues, smooth transactions every time.",0,4
650919,Customer Support Issue,Customer service was rude and unhelpful!,0,1
389127,Billing Issue,Had to call multiple times for a simple billing issue!,0,0
628899,Service Quality,Quality of service was not up to the mark!,0,5
819659,No Issue,"Everything went smoothly, highly recommended.",0,4
427507,No Issue,"Everything went smoothly, highly recommended.",0,4
129014,Billing Issue,Had to call multiple times for a simple billing issue!,0,0
646928,Customer Support Issue,Customer service was rude and unhelpful!,0,1
550600,Billing Issue,"Incorrect amount charged, need a refund!",0,0
672822,Service Quality,The service was too slow and unprofessional!,0,5
545501,Late Refund,Finally got my refund after multiple calls.,0,3
585408,Service Quality,Service was excellent and very professional.,0,5
505982,Late Refund,"Refund process is very slow, not happy!",0,3
389218,No Issue,"No issues, smooth transactions every time.",0,4
357989,Billing Issue,"Incorrect amount charged, need a refund!",0,0
475702,Customer Support Issue,Customer service was rude and unhelpful!,0,1
554347,Late Refund,Still waiting for my refund after 2 weeks!,0,3
301319,Billing Issue,Had to call multiple times for a simple billing issue!,0,0
431607,Customer Support Issue,Customer service was rude and unhelpful!,0,1
385271,Late Refund,Finally got my refund after multiple calls.,0,3
477256,No Issue,"Happy with the service, would recommend.",0,4
301225,Late Refund,"Refund process is very slow, not happy!",0,3
491922,No Issue,Customer support was helpful in resolving my concern.,0,4
536356,Billing Issue,Had to call multiple times for a simple billing issue!,0,0
315868,Late Refund,Finally got my refund after multiple calls.,0,3
729905,Service Quality,The service was too slow and unprofessional!,0,5
561122,Billing Issue,"Billing discrepancy, support is not helping!",0,0
546870,Billing Issue,"Billing discrepancy, support is not helping!",0,0
437302,Customer Support Issue,Support team was responsive and helpful.,0,1
650125,Service Quality,The service was too slow and unprofessional!,0,5
651276,Service Quality,The service was too slow and unprofessional!,0,5
361053,Customer Support Issue,"Long wait time for support, very frustrating!",0,1
384438,Customer Support Issue,Customer service was rude and unhelpful!,0,1
508465,Billing Issue,"Incorrect amount charged, need a refund!",0,0
423873,Service Quality,"Very satisfied with the service, will recommend!",0,5
474304,No Issue,"Everything went smoothly, highly recommended.",0,4
360354,Customer Support Issue,Support team was responsive and helpful.,0,1
578266,Late Refund,Finally got my refund after multiple calls.,0,3
512605,No Issue,"No issues, smooth transactions every time.",0,4
423905,Customer Support Issue,Support team was responsive and helpful.,0,1
399444,Service Quality,"Very satisfied with the service, will recommend!",0,5
659618,Customer Support Issue,"Long wait time for support, very frustrating!",0,1
360680,Billing Issue,Had to call multiple times for a simple billing issue!,0,0
449288,Service Quality,Service was excellent and very professional.,0,5
811577,No Issue,Customer support was helpful in resolving my concern.,0,4
464460,Late Refund,Finally got my refund after multiple calls.,0,3
597810,Service Quality,Service was excellent and very professional.,0,5
655182,No Issue,"No issues, smooth transactions every time.",0,4
645596,Service Quality,The service was too slow and unprofessional!,0,5
648525,Late Refund,Still waiting for my refund after 2 weeks!,0,3
517409,No Issue,"No issues, smooth transactions every time.",0,4
346130,No Issue,"Happy with the service, would recommend.",0,4
507371,No Issue,"No issues, smooth transactions every time.",0,4
561299,Billing Issue,"Billing discrepancy, support is not helping!",0,0
357506,Billing Issue,"Incorrect amount charged, need a refund!",0,0
540928,Service Quality,Quality of service was not up to the mark!,0,5
349756,Service Quality,Quality of service was not up to the mark!,0,5
349701,Late Refund,"Refund process is very slow, not happy!",0,3
313925,No Issue,"Happy with the service, would recommend.",0,4
474696,Billing Issue,"Billing discrepancy, support is not helping!",0,0
445691,No Issue,"Happy with the service, would recommend.",0,4
383432,No Issue,"Everything went smoothly, highly recommended.",0,4
819367,Service Quality,Quality of service was not up to the mark!,0,5
475132,Billing Issue,Had to call multiple times for a simple billing issue!,0,0
432620,Billing Issue,"Incorrect amount charged, need a refund!",0,0
593540,No Issue,Customer support was helpful in resolving my concern.,0,4
440951,Late Refund,Finally got my refund after multiple calls.,0,3
397865,Customer Support Issue,Customer service was rude and unhelpful!,0,1
464488,Customer Support Issue,"Long wait time for support, very frustrating!",0,1
539384,Billing Issue,"Incorrect amount charged, need a refund!",0,0
388945,Customer Support Issue,Support team was responsive and helpful.,0,1
413499,Late Refund,Still waiting for my refund after 2 weeks!,0,3
340756,Customer Support Issue,Support team was responsive and helpful.,0,1
436206,No Issue,Customer support was helpful in resolving my concern.,0,4
676722,Late Refund,Finally got my refund after multiple calls.,0,3
625937,Late Refund,"Refund process is very slow, not happy!",0,3
568519,Billing Issue,"Incorrect amount charged, need a refund!",0,0
601947,Service Quality,I'm disappointed with the overall experience!,0,5
567201,No Issue,"No issues, smooth transactions every time.",0,4
537757,Service Quality,Quality of service was not up to the mark!,0,5
469868,Service Quality,Service was excellent and very professional.,0,5
382054,Customer Support Issue,"Long wait time for support, very frustrating!",0,1
553317,Late Refund,Still waiting for my refund after 2 weeks!,0,3
582946,No Issue,"Happy with the service, would recommend.",0,4
471170,Billing Issue,"Billing discrepancy, support is not helping!",0,0
594706,No Issue,"Everything went smoothly, highly recommended.",0,4
482097,Customer Support Issue,Customer service was rude and unhelpful!,0,1
366421,Late Refund,"Refund process is very slow, not happy!",0,3
378502,Late Refund,Finally got my refund after multiple calls.,0,3
655091,Service Quality,Quality of service was not up to the mark!,0,5
460024,No Issue,"Everything went smoothly, highly recommended.",0,4
391045,No Issue,Customer support was helpful in resolving my concern.,0,4
453456,No Issue,"Everything went smoothly, highly recommended.",0,4
810110,Customer Support Issue,"Long wait time for support, very frustrating!",0,1
450446,No Issue,"Happy with the service, would recommend.",0,4
334392,Service Quality,"Very satisfied with the service, will recommend!",0,5
437484,Late Refund,"Refund process is very slow, not happy!",0,3
388538,Customer Support Issue,Support team was responsive and helpful.,0,1
344014,Customer Support Issue,Support team was responsive and helpful.,0,1
625519,No Issue,Customer support was helpful in resolving my concern.,0,4
362658,Billing Issue,"Incorrect amount charged, need a refund!",0,0
651088,Billing Issue,Had to call multiple times for a simple billing issue!,0,0
435936,Service Quality,I'm disappointed with the overall experience!,0,5
394566,Billing Issue,"Billing discrepancy, support is not helping!",0,0
644726,Billing Issue,Had to call multiple times for a simple billing issue!,0,0
392252,Billing Issue,"Billing discrepancy, support is not helping!",0,0
625513,No Issue,Customer support was helpful in resolving my concern.,0,4
428852,Service Quality,The service was too slow and unprofessional!,0,5
357366,Late Refund,Still waiting for my refund after 2 weeks!,0,3
658102,Customer Support Issue,Customer service was rude and unhelpful!,0,1
382273,Billing Issue,Had to call multiple times for a simple billing issue!,0,0
532029,Billing Issue,"Incorrect amount charged, need a refund!",0,0
568252,Customer Support Issue,"Long wait time for support, very frustrating!",0,1
467873,Customer Support Issue,Customer service was rude and unhelpful!,0,1
482904,Billing Issue,"Incorrect amount charged, need a refund!",0,0
546357,No Issue,"Everything went smoothly, highly recommended.",0,4
466765,Customer Support Issue,Customer service was rude and unhelpful!,0,1
394549,Billing Issue,"Incorrect amount charged, need a refund!",0,0
374957,Late Refund,"Refund process is very slow, not happy!",0,3
578067,Billing Issue,"Billing discrepancy, support is not helping!",0,0
497559,No Issue,"Everything went smoothly, highly recommended.",0,4
303286,Service Quality,Quality of service was not up to the mark!,0,5
448873,Service Quality,I'm disappointed with the overall experience!,0,5
551171,Customer Support Issue,Customer service was rude and unhelpful!,0,1
453417,Service Quality,"Very satisfied with the service, will recommend!",0,5
415598,Customer Support Issue,Support team was responsive and helpful.,0,1
348852,No Issue,"Everything went smoothly, highly recommended.",0,4
412126,Late Refund,"Refund process is very slow, not happy!",0,3
650355,No Issue,"Everything went smoothly, highly recommended.",0,4
651271,Customer Support Issue,"Long wait time for support, very frustrating!",0,1
396197,Customer Support Issue,Support team was responsive and helpful.,0,1
658346,No Issue,"Great experience, very satisfied!",0,4
502610,Customer Support Issue,Customer service was rude and unhelpful!,0,1
414129,Customer Support Issue,"Long wait time for support, very frustrating!",0,1
494217,Service Quality,"Very satisfied with the service, will recommend!",0,5
557056,Service Quality,Quality of service was not up to the mark!,0,5
596513,Billing Issue,"Incorrect amount charged, need a refund!",0,0
316983,Billing Issue,Had to call multiple times for a simple billing issue!,0,0
503528,Customer Support Issue,Support team was responsive and helpful.,0,1
415625,No Issue,"No issues, smooth transactions every time.",0,4
815061,No Issue,Customer support was helpful in resolving my concern.,0,4
416727,Service Quality,Service was excellent and very professional.,0,5
464091,Late Refund,"Refund process is very slow, not happy!",0,3
813349,Service Quality,The service was too slow and unprofessional!,0,5
677263,Billing Issue,"Billing discrepancy, support is not helping!",0,0
531063,Late Refund,"Refund process is very slow, not happy!",0,3
571329,Billing Issue,"Billing discrepancy, support is not helping!",0,0
520615,Late Refund,"Refund process is very slow, not happy!",0,3
381519,No Issue,"No issues, smooth transactions every time.",0,4
374151,Customer Support Issue,Support team was responsive and helpful.,0,1
588369,No Issue,Customer support was helpful in resolving my concern.,0,4
399675,Late Refund,Still waiting for my refund after 2 weeks!,0,3
367742,Billing Issue,"Billing discrepancy, support is not helping!",0,0
819420,Billing Issue,"Incorrect amount charged, need a refund!",0,0
624723,No Issue,"Happy with the service, would recommend.",0,4
461178,No Issue,"No issues, smooth transactions every time.",0,4
641699,Billing Issue,Had to call multiple times for a simple billing issue!,0,0
650633,Billing Issue,"Billing discrepancy, support is not helping!",0,0
416817,No Issue,"Great experience, very satisfied!",0,4
599060,Late Refund,"Refund process is very slow, not happy!",0,3
531500,Billing Issue,"Incorrect amount charged, need a refund!",0,0
522486,Service Quality,I'm disappointed with the overall experience!,0,5
381767,Service Quality,Quality of service was not up to the mark!,0,5
740324,Billing Issue,"Incorrect amount charged, need a refund!",0,0
374364,Service Quality,The service was too slow and unprofessional!,0,5
448861,Billing Issue,"Incorrect amount charged, need a refund!",0,0
992003,No Issue,"Everything went smoothly, highly recommended.",0,4
813160,No Issue,Customer support was helpful in resolving my concern.,0,4
482673,Service Quality,The service was too slow and unprofessional!,0,5
504595,Customer Support Issue,"Long wait time for support, very frustrating!",0,1
341794,Service Quality,Service was excellent and very professional.,0,5
659985,Service Quality,I'm disappointed with the overall experience!,0,5
484331,No Issue,"Great experience, very satisfied!",0,4
579605,Service Quality,The service was too slow and unprofessional!,0,5
490861,Service Quality,The service was too slow and unprofessional!,0,5
501781,Customer Support Issue,"Long wait time for support, very frustrating!",0,1
585175,Billing Issue,"Incorrect amount charged, need a refund!",0,0
496316,Late Refund,Still waiting for my refund after 2 weeks!,0,3
900783,Billing Issue,"Incorrect amount charged, need a refund!",0,0
387237,Service Quality,I'm disappointed with the overall experience!,0,5
550933,Service Quality,Service was excellent and very professional.,0,5
472827,Service Quality,I'm disappointed with the overall experience!,0,5
480830,Late Refund,"Refund process is very slow, not happy!",0,3
626501,Billing Issue,"Billing discrepancy, support is not helping!",0,0
640697,Late Refund,Finally got my refund after multiple calls.,0,3
389088,No Issue,"No issues, smooth transactions every time.",0,4
526905,Service Quality,Service was excellent and very professional.,0,5
586410,Billing Issue,Had to call multiple times for a simple billing issue!,0,0
510510,Service Quality,Quality of service was not up to the mark!,0,5
555331,Late Refund,Still waiting for my refund after 2 weeks!,0,3
455273,Customer Support Issue,Customer service was rude and unhelpful!,0,1
556629,Late Refund,"Refund process is very slow, not happy!",0,3
378702,Billing Issue,"Billing discrepancy, support is not helping!",0,0
558183,Billing Issue,"Incorrect amount charged, need a refund!",0,0
373968,Billing Issue,"Billing discrepancy, support is not helping!",0,0
392606,Customer Support Issue,"Long wait time for support, very frustrating!",0,1
462682,Late Refund,"Refund process is very slow, not happy!",0,3
419103,Service Quality,I'm disappointed with the overall experience!,0,5
511353,Billing Issue,"Billing discrepancy, support is not helping!",0,0
384686,Service Quality,I'm disappointed with the overall experience!,0,5
447454,No Issue,"Great experience, very satisfied!",0,4
382451,Billing Issue,"Billing discrepancy, support is not helping!",0,0
388258,No Issue,"Everything went smoothly, highly recommended.",0,4
356572,No Issue,"Everything went smoothly, highly recommended.",0,4
103829,Customer Support Issue,Support team was responsive and helpful.,0,1
556918,Late Refund,"Refund process is very slow, not happy!",0,3
353604,No Issue,"Great experience, very satisfied!",0,4
579163,Late Refund,Finally got my refund after multiple calls.,0,3
305347,Service Quality,"Very satisfied with the service, will recommend!",0,5
348305,Service Quality,I'm disappointed with the overall experience!,0,5
816900,Service Quality,"Very satisfied with the service, will recommend!",0,5
525876,Billing Issue,"Incorrect amount charged, need a refund!",0,0
466806,Billing Issue,Had to call multiple times for a simple billing issue!,0,0
355604,No Issue,"Happy with the service, would recommend.",0,4
303519,Late Refund,"Refund process is very slow, not happy!",0,3
446615,Billing Issue,"Incorrect amount charged, need a refund!",0,0
492771,Late Refund,Finally got my refund after multiple calls.,0,3
595747,Service Quality,Quality of service was not up to the mark!,0,5
389222,Late Refund,Finally got my refund after multiple calls.,0,3
644204,Service Quality,"Very satisfied with the service, will recommend!",0,5
556280,Billing Issue,Had to call multiple times for a simple billing issue!,0,0
300138,Customer Support Issue,Support team was responsive and helpful.,0,1
679162,Customer Support Issue,Support team was responsive and helpful.,0,1
504675,No Issue,"Great experience, very satisfied!",0,4
551734,Late Refund,Finally got my refund after multiple calls.,0,3
465040,Late Refund,Finally got my refund after multiple calls.,0,3
651944,Customer Support Issue,Customer service was rude and unhelpful!,0,1
425228,Billing Issue,"Billing discrepancy, support is not helping!",0,0
819685,Late Refund,Finally got my refund after multiple calls.,0,3
409001,Late Refund,Still waiting for my refund after 2 weeks!,0,3
488817,Late Refund,Finally got my refund after multiple calls.,0,3
595557,Service Quality,"Very satisfied with the service, will recommend!",0,5
500270,Late Refund,"Refund process is very slow, not happy!",0,3
386689,Service Quality,I'm disappointed with the overall experience!,0,5
427671,No Issue,"Everything went smoothly, highly recommended.",0,4
649185,Late Refund,Finally got my refund after multiple calls.,0,3
334811,Service Quality,The service was too slow and unprofessional!,0,5
354362,Customer Support Issue,Support team was responsive and helpful.,0,1
380027,Billing Issue,"Incorrect amount charged, need a refund!",0,0
599793,Service Quality,I'm disappointed with the overall experience!,0,5
989669,No Issue,"Happy with the service, would recommend.",0,4
819362,Service Quality,Service was excellent and very professional.,0,5
516232,Billing Issue,"Incorrect amount charged, need a refund!",0,0
353509,Late Refund,"Refund process is very slow, not happy!",0,3
647702,Late Refund,Finally got my refund after multiple calls.,0,3
622693,No Issue,"Great experience, very satisfied!",0,4
523316,No Issue,"No issues, smooth transactions every time.",0,4
648992,Late Refund,Finally got my refund after multiple calls.,0,3
318305,Billing Issue,Had to call multiple times for a simple billing issue!,0,0
373609,Late Refund,Finally got my refund after multiple calls.,0,3
473358,No Issue,"No issues, smooth transactions every time.",0,4
423765,Customer Support Issue,Support team was responsive and helpful.,0,1
776273,Customer Support Issue,Customer service was rude and unhelpful!,0,1
344305,No Issue,"Great experience, very satisfied!",0,4
362511,Billing Issue,"Incorrect amount charged, need a refund!",0,0
459914,No Issue,"No issues, smooth transactions every time.",0,4
739733,No Issue,Customer support was helpful in resolving my concern.,0,4
477510,Customer Support Issue,"Long wait time for support, very frustrating!",0,1
427621,Late Refund,Finally got my refund after multiple calls.,0,3
539045,No Issue,"Great experience, very satisfied!",0,4
525282,Service Quality,Service was excellent and very professional.,0,5
373734,Customer Support Issue,"Long wait time for support, very frustrating!",0,1
389613,Customer Support Issue,Customer service was rude and unhelpful!,0,1
362872,Late Refund,Finally got my refund after multiple calls.,0,3
419054,Late Refund,"Refund process is very slow, not happy!",0,3
311534,Customer Support Issue,Customer service was rude and unhelpful!,0,1
420662,No Issue,"Everything went smoothly, highly recommended.",0,4
500467,No Issue,Customer support was helpful in resolving my concern.,0,4
707645,Billing Issue,Had to call multiple times for a simple billing issue!,0,0
463933,No Issue,"No issues, smooth transactions every time.",0,4
495921,Billing Issue,Had to call multiple times for a simple billing issue!,0,0
448568,No Issue,"Everything went smoothly, highly recommended.",0,4
593916,Service Quality,Service was excellent and very professional.,0,5
396948,Service Quality,Quality of service was not up to the mark!,0,5
434125,No Issue,Customer support was helpful in resolving my concern.,0,4
409462,Customer Support Issue,Support team was responsive and helpful.,0,1
437704,Late Refund,Finally got my refund after multiple calls.,0,3
417283,No Issue,"Happy with the service, would recommend.",0,4
383375,Billing Issue,"Incorrect amount charged, need a refund!",0,0
414634,No Issue,"No issues, smooth transactions every time.",0,4
608126,Late Refund,Finally got my refund after multiple calls.,0,3
810015,Late Refund,Finally got my refund after multiple calls.,0,3
597490,No Issue,"Happy with the service, would recommend.",0,4
378049,Service Quality,The service was too slow and unprofessional!,0,5
400278,Late Refund,Finally got my refund after multiple calls.,0,3
584454,Billing Issue,"Incorrect amount charged, need a refund!",0,0
367361,Service Quality,"Very satisfied with the service, will recommend!",0,5
301026,Service Quality,I'm disappointed with the overall experience!,0,5
505877,Late Refund,"Refund process is very slow, not happy!",0,3
442102,Service Quality,The service was too slow and unprofessional!,0,5
470146,Late Refund,Finally got my refund after multiple calls.,0,3
560267,Late Refund,"Refund process is very slow, not happy!",0,3
223068,Customer Support Issue,Customer service was rude and unhelpful!,0,1
398630,Service Quality,I'm disappointed with the overall experience!,0,5
647826,Service Quality,The service was too slow and unprofessional!,0,5
233059,Late Refund,Finally got my refund after multiple calls.,0,3
348789,Service Quality,I'm disappointed with the overall experience!,0,5
593103,Late Refund,Finally got my refund after multiple calls.,0,3
220484,Customer Support Issue,"Long wait time for support, very frustrating!",0,1
549793,Billing Issue,Had to call multiple times for a simple billing issue!,0,0
334445,Late Refund,"Refund process is very slow, not happy!",0,3
373694,Service Quality,I'm disappointed with the overall experience!,0,5
441364,Billing Issue,"Billing discrepancy, support is not helping!",0,0
811325,Late Refund,Still waiting for my refund after 2 weeks!,0,3
678213,Billing Issue,"Billing discrepancy, support is not helping!",0,0
389066,Customer Support Issue,Support team was responsive and helpful.,0,1
422552,Late Refund,"Refund process is very slow, not happy!",0,3
819119,No Issue,"Everything went smoothly, highly recommended.",0,4
525116,Service Quality,Service was excellent and very professional.,0,5
628553,Late Refund,"Refund process is very slow, not happy!",0,3
653648,Customer Support Issue,Customer service was rude and unhelpful!,0,1
606743,No Issue,Customer support was helpful in resolving my concern.,0,4
447177,Late Refund,"Refund process is very slow, not happy!",0,3
453400,Late Refund,Still waiting for my refund after 2 weeks!,0,3
814745,Billing Issue,"Billing discrepancy, support is not helping!",0,0
633534,No Issue,"Happy with the service, would recommend.",0,4
526234,Late Refund,"Refund process is very slow, not happy!",0,3
526372,No Issue,Customer support was helpful in resolving my concern.,0,4
549135,Customer Support Issue,Customer service was rude and unhelpful!,0,1
520286,Service Quality,"Very satisfied with the service, will recommend!",0,5
436390,Billing Issue,"Billing discrepancy, support is not helping!",0,0
818684,Service Quality,Quality of service was not up to the mark!,0,5
475594,Service Quality,Quality of service was not up to the mark!,0,5
652949,Customer Support Issue,Support team was responsive and helpful.,0,1
481717,Late Refund,"Refund process is very slow, not happy!",0,3
371121,No Issue,"Happy with the service, would recommend.",0,4
596712,Service Quality,Quality of service was not up to the mark!,0,5
439756,Service Quality,"Very satisfied with the service, will recommend!",0,5
423301,Late Refund,Still waiting for my refund after 2 weeks!,0,3
384475,Late Refund,Finally got my refund after multiple calls.,0,3
706681,Service Quality,"Very satisfied with the service, will recommend!",0,5
477552,Customer Support Issue,Customer service was rude and unhelpful!,0,1
448046,Service Quality,"Very satisfied with the service, will recommend!",0,5
495550,Billing Issue,Had to call multiple times for a simple billing issue!,0,0
639286,No Issue,"Great experience, very satisfied!",0,4
539898,Customer Support Issue,Customer service was rude and unhelpful!,0,1
304284,Customer Support Issue,"Long wait time for support, very frustrating!",0,1
656984,Late Refund,Finally got my refund after multiple calls.,0,3
816395,Service Quality,I'm disappointed with the overall experience!,0,5
420304,No Issue,"Everything went smoothly, highly recommended.",0,4
573874,Customer Support Issue,"Long wait time for support, very frustrating!",0,1
641846,Late Refund,Finally got my refund after multiple calls.,0,3
419324,Customer Support Issue,Support team was responsive and helpful.,0,1
519601,Billing Issue,Had to call multiple times for a simple billing issue!,0,0
509578,Service Quality,The service was too slow and unprofessional!,0,5
606576,Service Quality,"Very satisfied with the service, will recommend!",0,5
308992,Late Refund,Still waiting for my refund after 2 weeks!,0,3
303988,Customer Support Issue,Support team was responsive and helpful.,0,1
746857,Customer Support Issue,"Long wait time for support, very frustrating!",0,1
376918,Service Quality,Service was excellent and very professional.,0,5
450857,Billing Issue,"Billing discrepancy, support is not helping!",0,0
648367,Service Quality,The service was too slow and unprofessional!,0,5
430622,Billing Issue,Had to call multiple times for a simple billing issue!,0,0
420528,Billing Issue,"Billing discrepancy, support is not helping!",0,0
608373,Billing Issue,Had to call multiple times for a simple billing issue!,0,0
365985,No Issue,"Great experience, very satisfied!",0,4
537969,Customer Support Issue,"Long wait time for support, very frustrating!",0,1
348436,Billing Issue,"Billing discrepancy, support is not helping!",0,0
454274,No Issue,"Everything went smoothly, highly recommended.",0,4
302810,Late Refund,Still waiting for my refund after 2 weeks!,0,3
369364,Service Quality,"Very satisfied with the service, will recommend!",0,5
311471,Customer Support Issue,"Long wait time for support, very frustrating!",0,1
393861,Customer Support Issue,Support team was responsive and helpful.,0,1
587489,Service Quality,"Very satisfied with the service, will recommend!",0,5
357594,Customer Support Issue,Customer service was rude and unhelpful!,0,1
816460,Billing Issue,"Incorrect amount charged, need a refund!",0,0
628325,No Issue,"Great experience, very satisfied!",0,4
680365,Service Quality,I'm disappointed with the overall experience!,0,5
495683,Billing Issue,"Incorrect amount charged, need a refund!",0,0
473769,Late Refund,"Refund process is very slow, not happy!",0,3
408658,Late Refund,"Refund process is very slow, not happy!",0,3
810529,Late Refund,Finally got my refund after multiple calls.,0,3
536972,Customer Support Issue,Customer service was rude and unhelpful!,0,1
397364,No Issue,Customer support was helpful in resolving my concern.,0,4
583804,Late Refund,Finally got my refund after multiple calls.,0,3
100675,Late Refund,Still waiting for my refund after 2 weeks!,0,3
509060,No Issue,"No issues, smooth transactions every time.",0,4
494160,Service Quality,Quality of service was not up to the mark!,0,5
604335,Late Refund,Still waiting for my refund after 2 weeks!,0,3
579707,Customer Support Issue,Support team was responsive and helpful.,0,1
470370,Billing Issue,Had to call multiple times for a simple billing issue!,0,0
354343,Service Quality,The service was too slow and unprofessional!,0,5
465539,Service Quality,Quality of service was not up to the mark!,0,5
811300,Service Quality,I'm disappointed with the overall experience!,0,5
220142,Late Refund,Still waiting for my refund after 2 weeks!,0,3
407945,Service Quality,I'm disappointed with the overall experience!,0,5
659725,Late Refund,Still waiting for my refund after 2 weeks!,0,3
531454,No Issue,"Great experience, very satisfied!",0,4
354146,Billing Issue,Had to call multiple times for a simple billing issue!,0,0
300206,Customer Support Issue,"Long wait time for support, very frustrating!",0,1
586213,No Issue,"Everything went smoothly, highly recommended.",0,4
463681,No Issue,Customer support was helpful in resolving my concern.,0,4
309507,Late Refund,Finally got my refund after multiple calls.,0,3
547097,Billing Issue,"Billing discrepancy, support is not helping!",0,0
431505,No Issue,"No issues, smooth transactions every time.",0,4
738817,Service Quality,"Very satisfied with the service, will recommend!",0,5
366217,Customer Support Issue,Support team was responsive and helpful.,0,1
653329,Late Refund,Finally got my refund after multiple calls.,0,3
368176,Billing Issue,"Billing discrepancy, support is not helping!",0,0
654027,Late Refund,Finally got my refund after multiple calls.,0,3
426219,Customer Support Issue,Customer service was rude and unhelpful!,0,1
810231,Billing Issue,"Billing discrepancy, support is not helping!",0,0
512680,Service Quality,Quality of service was not up to the mark!,0,5
815253,Customer Support Issue,Support team was responsive and helpful.,0,1
594240,Customer Support Issue,Support team was responsive and helpful.,0,1
728700,Customer Support Issue,"Long wait time for support, very frustrating!",0,1
499614,No Issue,"Everything went smoothly, highly recommended.",0,4
402936,Service Quality,I'm disappointed with the overall experience!,0,5
526073,Service Quality,I'm disappointed with the overall experience!,0,5
385996,Service Quality,Service was excellent and very professional.,0,5
639043,Customer Support Issue,Support team was responsive and helpful.,0,1
300501,No Issue,Customer support was helpful in resolving my concern.,0,4
439967,Service Quality,The service was too slow and unprofessional!,0,5
358307,Billing Issue,"Incorrect amount charged, need a refund!",0,0
103149,Service Quality,I'm disappointed with the overall experience!,0,5
680689,No Issue,"Happy with the service, would recommend.",0,4
420719,Late Refund,Finally got my refund after multiple calls.,0,3
700205,No Issue,"Happy with the service, would recommend.",0,4
433188,No Issue,"Happy with the service, would recommend.",0,4
392496,Billing Issue,"Incorrect amount charged, need a refund!",0,0
811511,Service Quality,"Very satisfied with the service, will recommend!",0,5
395601,Service Quality,I'm disappointed with the overall experience!,0,5
300445,Late Refund,Finally got my refund after multiple calls.,0,3
646648,Late Refund,Finally got my refund after multiple calls.,0,3
342790,Late Refund,"Refund process is very slow, not happy!",0,3
633304,Billing Issue,Had to call multiple times for a simple billing issue!,0,0
344629,No Issue,"No issues, smooth transactions every time.",0,4
127290,Billing Issue,"Incorrect amount charged, need a refund!",0,0
376227,No Issue,"Everything went smoothly, highly recommended.",0,4
405638,Service Quality,"Very satisfied with the service, will recommend!",0,5
366119,Customer Support Issue,"Long wait time for support, very frustrating!",0,1
300655,Billing Issue,"Billing discrepancy, support is not helping!",0,0
815408,Service Quality,"Very satisfied with the service, will recommend!",0,5
510761,Service Quality,Quality of service was not up to the mark!,0,5
549685,Late Refund,Still waiting for my refund after 2 weeks!,0,3
810363,Service Quality,Quality of service was not up to the mark!,0,5
811934,No Issue,"Happy with the service, would recommend.",0,4
464711,Customer Support Issue,Support team was responsive and helpful.,0,1
380220,Service Quality,Service was excellent and very professional.,0,5
537954,Customer Support Issue,Support team was responsive and helpful.,0,1
380883,No Issue,"Happy with the service, would recommend.",0,4
444040,Service Quality,"Very satisfied with the service, will recommend!",0,5
651480,Billing Issue,"Billing discrepancy, support is not helping!",0,0
419066,Billing Issue,"Billing discrepancy, support is not helping!",0,0
346274,Service Quality,Quality of service was not up to the mark!,0,5
333931,Late Refund,Still waiting for my refund after 2 weeks!,0,3
499904,Billing Issue,Had to call multiple times for a simple billing issue!,0,0
371242,Late Refund,Still waiting for my refund after 2 weeks!,0,3
474820,Customer Support Issue,"Long wait time for support, very frustrating!",0,1
416363,No Issue,"Happy with the service, would recommend.",0,4
432576,Late Refund,Finally got my refund after multiple calls.,0,3
487359,Service Quality,The service was too slow and unprofessional!,0,5
319075,Billing Issue,Had to call multiple times for a simple billing issue!,0,0
475543,Late Refund,Still waiting for my refund after 2 weeks!,0,3
373279,No Issue,"Happy with the service, would recommend.",0,4
304681,Service Quality,Service was excellent and very professional.,0,5
467321,Service Quality,Quality of service was not up to the mark!,0,5
390651,Customer Support Issue,Support team was responsive and helpful.,0,1
347110,Customer Support Issue,Support team was responsive and helpful.,0,1
234086,Service Quality,Service was excellent and very professional.,0,5
470809,Billing Issue,"Incorrect amount charged, need a refund!",0,0
466760,Billing Issue,Had to call multiple times for a simple billing issue!,0,0
502852,Customer Support Issue,"Long wait time for support, very frustrating!",0,1
680564,Service Quality,Service was excellent and very professional.,0,5
558214,Customer Support Issue,Customer service was rude and unhelpful!,0,1
407906,Service Quality,Service was excellent and very professional.,0,5
532298,Service Quality,Quality of service was not up to the mark!,0,5
770133,Service Quality,Service was excellent and very professional.,0,5
453886,Customer Support Issue,Customer service was rude and unhelpful!,0,1
812662,Late Refund,Finally got my refund after multiple calls.,0,3
498966,Service Quality,Quality of service was not up to the mark!,0,5
445357,Service Quality,Quality of service was not up to the mark!,0,5
384207,Service Quality,"Very satisfied with the service, will recommend!",0,5
363794,Service Quality,The service was too slow and unprofessional!,0,5
505746,Billing Issue,"Incorrect amount charged, need a refund!",0,0
223571,Billing Issue,"Incorrect amount charged, need a refund!",0,0
531871,Customer Support Issue,Customer service was rude and unhelpful!,0,1
506071,Late Refund,Still waiting for my refund after 2 weeks!,0,3
355358,No Issue,"Everything went smoothly, highly recommended.",0,4
570457,Late Refund,"Refund process is very slow, not happy!",0,3
562554,Service Quality,Service was excellent and very professional.,0,5
582633,Billing Issue,Had to call multiple times for a simple billing issue!,0,0
305807,Late Refund,"Refund process is very slow, not happy!",0,3
513569,Billing Issue,"Billing discrepancy, support is not helping!",0,0
546282,Late Refund,"Refund process is very slow, not happy!",0,3
503531,Service Quality,The service was too slow and unprofessional!,0,5
568470,Customer Support Issue,Support team was responsive and helpful.,0,1
367446,Late Refund,Still waiting for my refund after 2 weeks!,0,3
426601,No Issue,Customer support was helpful in resolving my concern.,0,4
557242,Service Quality,"Very satisfied with the service, will recommend!",0,5
392572,No Issue,"Happy with the service, would recommend.",0,4
401749,Service Quality,Service was excellent and very professional.,0,5
556368,Late Refund,Finally got my refund after multiple calls.,0,3
538227,Late Refund,Finally got my refund after multiple calls.,0,3
404623,Late Refund,Still waiting for my refund after 2 weeks!,0,3
604854,No Issue,"Happy with the service, would recommend.",0,4
544843,Late Refund,"Refund process is very slow, not happy!",0,3
425923,Service Quality,"Very satisfied with the service, will recommend!",0,5
495475,No Issue,"No issues, smooth transactions every time.",0,4
469197,Service Quality,I'm disappointed with the overall experience!,0,5
311913,Customer Support Issue,"Long wait time for support, very frustrating!",0,1
628332,Late Refund,Still waiting for my refund after 2 weeks!,0,3
556917,Late Refund,"Refund process is very slow, not happy!",0,3
506558,Billing Issue,"Incorrect amount charged, need a refund!",0,0
507297,Customer Support Issue,Support team was responsive and helpful.,0,1
413819,Billing Issue,Had to call multiple times for a simple billing issue!,0,0
470846,No Issue,"Everything went smoothly, highly recommended.",0,4
373992,Billing Issue,"Incorrect amount charged, need a refund!",0,0
814424,Service Quality,Quality of service was not up to the mark!,0,5
488122,No Issue,"No issues, smooth transactions every time.",0,4
507056,Customer Support Issue,Customer service was rude and unhelpful!,0,1
460344,Late Refund,"Refund process is very slow, not happy!",0,3
386925,Late Refund,"Refund process is very slow, not happy!",0,3
452736,Billing Issue,"Incorrect amount charged, need a refund!",0,0
371036,Service Quality,"Very satisfied with the service, will recommend!",0,5
444867,Late Refund,Still waiting for my refund after 2 weeks!,0,3
423830,Billing Issue,"Incorrect amount charged, need a refund!",0,0
362252,Customer Support Issue,Customer service was rude and unhelpful!,0,1
628573,Late Refund,Finally got my refund after multiple calls.,0,3
816176,Customer Support Issue,Support team was responsive and helpful.,0,1
412060,Billing Issue,"Billing discrepancy, support is not helping!",0,0
641034,Service Quality,The service was too slow and unprofessional!,0,5
607574,Late Refund,"Refund process is very slow, not happy!",0,3
414929,No Issue,"Great experience, very satisfied!",0,4
311074,Late Refund,Still waiting for my refund after 2 weeks!,0,3
651867,Billing Issue,"Billing discrepancy, support is not helping!",0,0
392735,Service Quality,Service was excellent and very professional.,0,5
385797,No Issue,"Everything went smoothly, highly recommended.",0,4
444265,Customer Support Issue,Support team was responsive and helpful.,0,1
494009,Billing Issue,"Billing discrepancy, support is not helping!",0,0
442607,Late Refund,"Refund process is very slow, not happy!",0,3
347018,Service Quality,Service was excellent and very professional.,0,5
467981,Billing Issue,Had to call multiple times for a simple billing issue!,0,0
436752,Billing Issue,"Incorrect amount charged, need a refund!",0,0
421039,No Issue,Customer support was helpful in resolving my concern.,0,4
622143,Customer Support Issue,Customer service was rude and unhelpful!,0,1
344396,Billing Issue,"Incorrect amount charged, need a refund!",0,0
488381,Service Quality,I'm disappointed with the overall experience!,0,5
564290,No Issue,"Everything went smoothly, highly recommended.",0,4
470370,Billing Issue,Had to call multiple times for a simple billing issue!,0,0
581352,Service Quality,The service was too slow and unprofessional!,0,5
472383,Service Quality,The service was too slow and unprofessional!,0,5
341861,Billing Issue,"Incorrect amount charged, need a refund!",0,0
502870,Customer Support Issue,"Long wait time for support, very frustrating!",0,1
357321,Late Refund,Still waiting for my refund after 2 weeks!,0,3
484523,No Issue,"No issues, smooth transactions every time.",0,4
485138,No Issue,"Great experience, very satisfied!",0,4
485500,Late Refund,Finally got my refund after multiple calls.,0,3
435416,Late Refund,Still waiting for my refund after 2 weeks!,0,3
439318,Late Refund,"Refund process is very slow, not happy!",0,3
355210,Billing Issue,"Incorrect amount charged, need a refund!",0,0
625807,Customer Support Issue,Customer service was rude and unhelpful!,0,1
624232,Billing Issue,"Billing discrepancy, support is not helping!",0,0
481831,Late Refund,Finally got my refund after multiple calls.,0,3
519819,Billing Issue,"Billing discrepancy, support is not helping!",0,0
462902,No Issue,"Everything went smoothly, highly recommended.",0,4
465410,Customer Support Issue,Support team was responsive and helpful.,0,1
657926,No Issue,"Happy with the service, would recommend.",0,4
529213,Billing Issue,"Billing discrepancy, support is not helping!",0,0
565170,Billing Issue,Had to call multiple times for a simple billing issue!,0,0
515316,Billing Issue,"Billing discrepancy, support is not helping!",0,0
659284,Billing Issue,"Incorrect amount charged, need a refund!",0,0
353393,No Issue,Customer support was helpful in resolving my concern.,0,4
346028,Customer Support Issue,Customer service was rude and unhelpful!,0,1
500593,Customer Support Issue,"Long wait time for support, very frustrating!",0,1
364746,Customer Support Issue,Support team was responsive and helpful.,0,1
560092,No Issue,"Great experience, very satisfied!",0,4
526280,Service Quality,I'm disappointed with the overall experience!,0,5
376490,No Issue,Customer support was helpful in resolving my concern.,0,4
416817,Service Quality,"Very satisfied with the service, will recommend!",0,5
549844,Customer Support Issue,Support team was responsive and helpful.,0,1
405589,Customer Support Issue,Support team was responsive and helpful.,0,1
463888,Billing Issue,"Billing discrepancy, support is not helping!",0,0
502819,Service Quality,"Very satisfied with the service, will recommend!",0,5
888789,No Issue,"Everything went smoothly, highly recommended.",0,4
388986,Late Refund,Still waiting for my refund after 2 weeks!,0,3
503898,No Issue,"Happy with the service, would recommend.",0,4
582021,Late Refund,Still waiting for my refund after 2 weeks!,0,3
341568,Service Quality,"Very satisfied with the service, will recommend!",0,5
342855,Service Quality,Quality of service was not up to the mark!,0,5
481599,Late Refund,Finally got my refund after multiple calls.,0,3
555222,Late Refund,Still waiting for my refund after 2 weeks!,0,3
319219,Service Quality,"Very satisfied with the service, will recommend!",0,5
396076,No Issue,"No issues, smooth transactions every time.",0,4
454462,Late Refund,"Refund process is very slow, not happy!",0,3
655924,Service Quality,The service was too slow and unprofessional!,0,5
945139,Service Quality,I'm disappointed with the overall experience!,0,5
640554,Service Quality,Quality of service was not up to the mark!,0,5
650533,No Issue,"Happy with the service, would recommend.",0,4
566371,Customer Support Issue,"Long wait time for support, very frustrating!",0,1
357469,Billing Issue,"Billing discrepancy, support is not helping!",0,0
647921,Late Refund,Finally got my refund after multiple calls.,0,3
341774,Customer Support Issue,"Long wait time for support, very frustrating!",0,1
622100,Customer Support Issue,"Long wait time for support, very frustrating!",0,1
548615,No Issue,"Everything went smoothly, highly recommended.",0,4
577005,Customer Support Issue,"Long wait time for support, very frustrating!",0,1
369915,Customer Support Issue,Support team was responsive and helpful.,0,1
502172,Billing Issue,"Billing discrepancy, support is not helping!",0,0
608727,Billing Issue,"Incorrect amount charged, need a refund!",0,0
647229,No Issue,"Great experience, very satisfied!",0,4
442472,Billing Issue,"Billing discrepancy, support is not helping!",0,0
590063,Service Quality,Service was excellent and very professional.,0,5
404410,Customer Support Issue,"Long wait time for support, very frustrating!",0,1
508856,Late Refund,Finally got my refund after multiple calls.,0,3
309697,Billing Issue,Had to call multiple times for a simple billing issue!,0,0
813232,Customer Support Issue,Customer service was rude and unhelpful!,0,1
344148,No Issue,Customer support was helpful in resolving my concern.,0,4
473442,Billing Issue,"Incorrect amount charged, need a refund!",0,0
513691,Service Quality,"Very satisfied with the service, will recommend!",0,5
814516,Service Quality,Quality of service was not up to the mark!,0,5
491979,Late Refund,"Refund process is very slow, not happy!",0,3
501182,Billing Issue,Had to call multiple times for a simple billing issue!,0,0
577218,Customer Support Issue,Support team was responsive and helpful.,0,1
420711,Billing Issue,"Incorrect amount charged, need a refund!",0,0
578092,Customer Support Issue,Support team was responsive and helpful.,0,1
389187,Billing Issue,"Billing discrepancy, support is not helping!",0,0
545283,Service Quality,The service was too slow and unprofessional!,0,5
383892,No Issue,"No issues, smooth transactions every time.",0,4
395409,Customer Support Issue,Customer service was rude and unhelpful!,0,1
528475,No Issue,"No issues, smooth transactions every time.",0,4
621490,No Issue,Customer support was helpful in resolving my concern.,0,4
522628,Billing Issue,"Billing discrepancy, support is not helping!",0,0
556377,Service Quality,I'm disappointed with the overall experience!,0,5
305589,Billing Issue,Had to call multiple times for a simple billing issue!,0,0
347179,Billing Issue,Had to call multiple times for a simple billing issue!,0,0
478339,Billing Issue,Had to call multiple times for a simple billing issue!,0,0
579206,Late Refund,Finally got my refund after multiple calls.,0,3
480664,Service Quality,Service was excellent and very professional.,0,5
354903,Late Refund,Still waiting for my refund after 2 weeks!,0,3
406505,Late Refund,Still waiting for my refund after 2 weeks!,0,3
505197,Customer Support Issue,"Long wait time for support, very frustrating!",0,1
810325,Late Refund,"Refund process is very slow, not happy!",0,3
534086,Customer Support Issue,Support team was responsive and helpful.,0,1
641485,Service Quality,I'm disappointed with the overall experience!,0,5
520126,Customer Support Issue,Customer service was rude and unhelpful!,0,1
547612,Service Quality,Quality of service was not up to the mark!,0,5
469962,Customer Support Issue,"Long wait time for support, very frustrating!",0,1
304388,Customer Support Issue,Support team was responsive and helpful.,0,1
409845,Customer Support Issue,"Long wait time for support, very frustrating!",0,1
624824,Service Quality,The service was too slow and unprofessional!,0,5
302090,No Issue,Customer support was helpful in resolving my concern.,0,4
537772,No Issue,Customer support was helpful in resolving my concern.,0,4
649396,Late Refund,Finally got my refund after multiple calls.,0,3
484290,Service Quality,The service was too slow and unprofessional!,0,5
386317,Late Refund,Finally got my refund after multiple calls.,0,3
103859,No Issue,"Everything went smoothly, highly recommended.",0,4
132161,Billing Issue,"Billing discrepancy, support is not helping!",0,0
466477,No Issue,"Great experience, very satisfied!",0,4
395012,No Issue,"Great experience, very satisfied!",0,4
347047,Late Refund,"Refund process is very slow, not happy!",0,3
494946,Late Refund,Still waiting for my refund after 2 weeks!,0,3
419509,No Issue,"Great experience, very satisfied!",0,4
591550,No Issue,"No issues, smooth transactions every time.",0,4
644824,No Issue,"Everything went smoothly, highly recommended.",0,4
680608,No Issue,Customer support was helpful in resolving my concern.,0,4
534053,Late Refund,"Refund process is very slow, not happy!",0,3
347724,Late Refund,Finally got my refund after multiple calls.,0,3
646352,Late Refund,Still waiting for my refund after 2 weeks!,0,3
641055,Service Quality,I'm disappointed with the overall experience!,0,5
659341,Customer Support Issue,Customer service was rude and unhelpful!,0,1
445877,Service Quality,I'm disappointed with the overall experience!,0,5
496192,Late Refund,"Refund process is very slow, not happy!",0,3
496972,Billing Issue,"Billing discrepancy, support is not helping!",0,0
513417,Late Refund,Still waiting for my refund after 2 weeks!,0,3
364926,Late Refund,Finally got my refund after multiple calls.,0,3
304741,Late Refund,Finally got my refund after multiple calls.,0,3
621004,Customer Support Issue,Support team was responsive and helpful.,0,1
380202,Billing Issue,"Billing discrepancy, support is not helping!",0,0
380071,Service Quality,The service was too slow and unprofessional!,0,5
506252,Customer Support Issue,Support team was responsive and helpful.,0,1
592252,No Issue,"Everything went smoothly, highly recommended.",0,4
368656,No Issue,"Great experience, very satisfied!",0,4
340645,Billing Issue,Had to call multiple times for a simple billing issue!,0,0
515412,Billing Issue,"Incorrect amount charged, need a refund!",0,0
460836,Late Refund,Still waiting for my refund after 2 weeks!,0,3
547159,Billing Issue,"Incorrect amount charged, need a refund!",0,0
486120,Service Quality,Service was excellent and very professional.,0,5
648212,Customer Support Issue,Customer service was rude and unhelpful!,0,1
353434,No Issue,"Everything went smoothly, highly recommended.",0,4
624700,Service Quality,"Very satisfied with the service, will recommend!",0,5
383777,No Issue,"Happy with the service, would recommend.",0,4
888021,Customer Support Issue,"Long wait time for support, very frustrating!",0,1
393390,No Issue,"No issues, smooth transactions every time.",0,4
438237,Late Refund,Still waiting for my refund after 2 weeks!,0,3
551633,Service Quality,Quality of service was not up to the mark!,0,5
304807,Late Refund,Still waiting for my refund after 2 weeks!,0,3
721467,Billing Issue,Had to call multiple times for a simple billing issue!,0,0
302429,Billing Issue,"Incorrect amount charged, need a refund!",0,0
672996,Billing Issue,"Incorrect amount charged, need a refund!",0,0
563253,Service Quality,The service was too slow and unprofessional!,0,5
371836,No Issue,"Happy with the service, would recommend.",0,4
607025,Customer Support Issue,"Long wait time for support, very frustrating!",0,1
812847,Service Quality,The service was too slow and unprofessional!,0,5
626341,No Issue,"No issues, smooth transactions every time.",0,4
392975,Service Quality,Quality of service was not up to the mark!,0,5
535191,Late Refund,Still waiting for my refund after 2 weeks!,0,3
416980,No Issue,Customer support was helpful in resolving my concern.,0,4
377274,Billing Issue,"Billing discrepancy, support is not helping!",0,0
543576,Billing Issue,"Billing discrepancy, support is not helping!",0,0
482123,Customer Support Issue,Customer service was rude and unhelpful!,0,1
572156,Service Quality,Service was excellent and very professional.,0,5
414437,Billing Issue,"Billing discrepancy, support is not helping!",0,0
103455,Customer Support Issue,Customer service was rude and unhelpful!,0,1
480009,Service Quality,The service was too slow and unprofessional!,0,5
349016,No Issue,"Everything went smoothly, highly recommended.",0,4
363898,Service Quality,Quality of service was not up to the mark!,0,5
504869,Late Refund,Still waiting for my refund after 2 weeks!,0,3
582266,No Issue,"Happy with the service, would recommend.",0,4
399997,No Issue,"Everything went smoothly, highly recommended.",0,4
551238,Late Refund,"Refund process is very slow, not happy!",0,3
490354,No Issue,"Great experience, very satisfied!",0,4
588192,No Issue,"Great experience, very satisfied!",0,4
608258,No Issue,"Happy with the service, would recommend.",0,4
181393,Service Quality,I'm disappointed with the overall experience!,0,5
459506,No Issue,Customer support was helpful in resolving my concern.,0,4
421064,Service Quality,The service was too slow and unprofessional!,0,5
549583,No Issue,"Everything went smoothly, highly recommended.",0,4
470293,No Issue,"Great experience, very satisfied!",0,4
493426,Billing Issue,Had to call multiple times for a simple billing issue!,0,0
457067,Late Refund,Still waiting for my refund after 2 weeks!,0,3
659694,Billing Issue,"Incorrect amount charged, need a refund!",0,0
542705,Service Quality,The service was too slow and unprofessional!,0,5
456166,Service Quality,The service was too slow and unprofessional!,0,5
500347,Late Refund,"Refund process is very slow, not happy!",0,3
410252,No Issue,"Everything went smoothly, highly recommended.",0,4
482455,Service Quality,The service was too slow and unprofessional!,0,5
646573,Billing Issue,"Billing discrepancy, support is not helping!",0,0
365801,Service Quality,"Very satisfied with the service, will recommend!",0,5
385484,Customer Support Issue,Customer service was rude and unhelpful!,0,1
333799,Service Quality,Service was excellent and very professional.,0,5
387061,Service Quality,Quality of service was not up to the mark!,0,5
305708,No Issue,"No issues, smooth transactions every time.",0,4
574885,No Issue,Customer support was helpful in resolving my concern.,0,4
445748,Service Quality,Quality of service was not up to the mark!,0,5
342297,Late Refund,"Refund process is very slow, not happy!",0,3
529241,Customer Support Issue,"Long wait time for support, very frustrating!",0,1
644318,Billing Issue,Had to call multiple times for a simple billing issue!,0,0
481552,Late Refund,Still waiting for my refund after 2 weeks!,0,3
364467,Billing Issue,"Billing discrepancy, support is not helping!",0,0
381034,Customer Support Issue,Customer service was rude and unhelpful!,0,1
658566,Late Refund,Still waiting for my refund after 2 weeks!,0,3
425050,Billing Issue,"Billing discrepancy, support is not helping!",0,0
707282,Service Quality,Service was excellent and very professional.,0,5
551236,Service Quality,Quality of service was not up to the mark!,0,5
598026,No Issue,"Everything went smoothly, highly recommended.",0,4
624135,Customer Support Issue,Customer service was rude and unhelpful!,0,1
577083,No Issue,"Happy with the service, would recommend.",0,4
399171,Customer Support Issue,Customer service was rude and unhelpful!,0,1
444275,Customer Support Issue,"Long wait time for support, very frustrating!",0,1
541886,No Issue,"No issues, smooth transactions every time.",0,4
595721,No Issue,"Great experience, very satisfied!",0,4
391610,No Issue,"Everything went smoothly, highly recommended.",0,4
380950,Customer Support Issue,Customer service was rude and unhelpful!,0,1
309503,Late Refund,"Refund process is very slow, not happy!",0,3
349130,Customer Support Issue,Customer service was rude and unhelpful!,0,1
633450,No Issue,"No issues, smooth transactions every time.",0,4
450270,Late Refund,Finally got my refund after multiple calls.,0,3
505067,Late Refund,Finally got my refund after multiple calls.,0,3
476938,Late Refund,Finally got my refund after multiple calls.,0,3
333848,No Issue,Customer support was helpful in resolving my concern.,0,4
648131,Service Quality,Service was excellent and very professional.,0,5
529384,Service Quality,Service was excellent and very professional.,0,5
451002,Customer Support Issue,"Long wait time for support, very frustrating!",0,1
508290,No Issue,Customer support was helpful in resolving my concern.,0,4
626690,No Issue,Customer support was helpful in resolving my concern.,0,4
442779,Late Refund,Finally got my refund after multiple calls.,0,3
353640,Customer Support Issue,Customer service was rude and unhelpful!,0,1
738048,No Issue,"Great experience, very satisfied!",0,4
505355,Billing Issue,Had to call multiple times for a simple billing issue!,0,0
220135,Customer Support Issue,"Long wait time for support, very frustrating!",0,1
590040,Billing Issue,"Incorrect amount charged, need a refund!",0,0
398789,Late Refund,Still waiting for my refund after 2 weeks!,0,3
501003,No Issue,"Everything went smoothly, highly recommended.",0,4
814008,Late Refund,Finally got my refund after multiple calls.,0,3
343852,Customer Support Issue,Customer service was rude and unhelpful!,0,1
505835,Billing Issue,"Billing discrepancy, support is not helping!",0,0
651774,Customer Support Issue,Customer service was rude and unhelpful!,0,1
311138,Billing Issue,Had to call multiple times for a simple billing issue!,0,0
452504,No Issue,"Everything went smoothly, highly recommended.",0,4
595611,Customer Support Issue,"Long wait time for support, very frustrating!",0,1
483478,Billing Issue,"Incorrect amount charged, need a refund!",0,0
475577,Billing Issue,"Incorrect amount charged, need a refund!",0,0
587078,Billing Issue,"Billing discrepancy, support is not helping!",0,0
568206,No Issue,"Happy with the service, would recommend.",0,4
382363,Service Quality,Service was excellent and very professional.,0,5
468257,Service Quality,I'm disappointed with the overall experience!,0,5
500890,Late Refund,Finally got my refund after multiple calls.,0,3
562249,Billing Issue,"Billing discrepancy, support is not helping!",0,0
404564,Billing Issue,Had to call multiple times for a simple billing issue!,0,0
815749,No Issue,"Happy with the service, would recommend.",0,4
644629,Billing Issue,"Incorrect amount charged, need a refund!",0,0
644693,Late Refund,Still waiting for my refund after 2 weeks!,0,3
466250,Customer Support Issue,Support team was responsive and helpful.,0,1
396496,Customer Support Issue,Customer service was rude and unhelpful!,0,1
537761,Customer Support Issue,Support team was responsive and helpful.,0,1
476347,Billing Issue,Had to call multiple times for a simple billing issue!,0,0
523523,Late Refund,Finally got my refund after multiple calls.,0,3
352118,Late Refund,"Refund process is very slow, not happy!",0,3
442487,Customer Support Issue,Customer service was rude and unhelpful!,0,1
589976,Service Quality,The service was too slow and unprofessional!,0,5
523263,Billing Issue,"Incorrect amount charged, need a refund!",0,0
344697,No Issue,Customer support was helpful in resolving my concern.,0,4
592940,Late Refund,Still waiting for my refund after 2 weeks!,0,3
101637,Service Quality,"Very satisfied with the service, will recommend!",0,5
409732,Billing Issue,"Incorrect amount charged, need a refund!",0,0
103110,Billing Issue,"Incorrect amount charged, need a refund!",0,0
442351,No Issue,"No issues, smooth transactions every time.",0,4
463967,Service Quality,"Very satisfied with the service, will recommend!",0,5
395568,Customer Support Issue,Support team was responsive and helpful.,0,1
496589,Late Refund,Still waiting for my refund after 2 weeks!,0,3
881052,Service Quality,Service was excellent and very professional.,0,5
450109,Billing Issue,"Incorrect amount charged, need a refund!",0,0
377921,Customer Support Issue,Support team was responsive and helpful.,0,1
405603,Billing Issue,"Incorrect amount charged, need a refund!",0,0
518950,Customer Support Issue,Customer service was rude and unhelpful!,0,1
380041,Customer Support Issue,"Long wait time for support, very frustrating!",0,1
811144,Customer Support Issue,Customer service was rude and unhelpful!,0,1
353519,Service Quality,Service was excellent and very professional.,0,5
527355,Late Refund,Still waiting for my refund after 2 weeks!,0,3
532305,Service Quality,"Very satisfied with the service, will recommend!",0,5
583210,No Issue,"Happy with the service, would recommend.",0,4
412838,Customer Support Issue,Customer service was rude and unhelpful!,0,1
376061,No Issue,"No issues, smooth transactions every time.",0,4
594186,Late Refund,Still waiting for my refund after 2 weeks!,0,3
303411,Late Refund,"Refund process is very slow, not happy!",0,3
888112,Service Quality,"Very satisfied with the service, will recommend!",0,5
358252,Service Quality,The service was too slow and unprofessional!,0,5
525276,Service Quality,"Very satisfied with the service, will recommend!",0,5
401101,Service Quality,The service was too slow and unprofessional!,0,5
648365,Billing Issue,"Billing discrepancy, support is not helping!",0,0
606160,Billing Issue,Had to call multiple times for a simple billing issue!,0,0
440955,Late Refund,Finally got my refund after multiple calls.,0,3
416158,Billing Issue,"Billing discrepancy, support is not helping!",0,0
814519,Late Refund,Still waiting for my refund after 2 weeks!,0,3
504290,Late Refund,"Refund process is very slow, not happy!",0,3
467704,Service Quality,"Very satisfied with the service, will recommend!",0,5
398954,Billing Issue,"Billing discrepancy, support is not helping!",0,0
496387,Billing Issue,Had to call multiple times for a simple billing issue!,0,0
549471,Billing Issue,"Billing discrepancy, support is not helping!",0,0
341532,Service Quality,Quality of service was not up to the mark!,0,5
544793,No Issue,"Great experience, very satisfied!",0,4
551181,Customer Support Issue,"Long wait time for support, very frustrating!",0,1
303583,Customer Support Issue,Support team was responsive and helpful.,0,1
599185,Customer Support Issue,"Long wait time for support, very frustrating!",0,1
449638,Customer Support Issue,Customer service was rude and unhelpful!,0,1
304100,Customer Support Issue,Support team was responsive and helpful.,0,1
428756,Billing Issue,"Incorrect amount charged, need a refund!",0,0
646768,Customer Support Issue,Customer service was rude and unhelpful!,0,1
371180,Service Quality,The service was too slow and unprofessional!,0,5
461929,No Issue,"No issues, smooth transactions every time.",0,4
528148,No Issue,"Happy with the service, would recommend.",0,4
541199,Service Quality,Quality of service was not up to the mark!,0,5
628628,Billing Issue,Had to call multiple times for a simple billing issue!,0,0
651664,Late Refund,Still waiting for my refund after 2 weeks!,0,3
542811,Customer Support Issue,"Long wait time for support, very frustrating!",0,1
464222,Service Quality,"Very satisfied with the service, will recommend!",0,5
540566,Service Quality,Service was excellent and very professional.,0,5
514337,Customer Support Issue,"Long wait time for support, very frustrating!",0,1
442552,No Issue,"Great experience, very satisfied!",0,4
548449,No Issue,"Everything went smoothly, highly recommended.",0,4
888231,Customer Support Issue,Support team was responsive and helpful.,0,1
561224,Late Refund,Finally got my refund after multiple calls.,0,3
459883,No Issue,"Happy with the service, would recommend.",0,4
454333,Service Quality,Quality of service was not up to the mark!,0,5
624271,Billing Issue,Had to call multiple times for a simple billing issue!,0,0
309127,Late Refund,Still waiting for my refund after 2 weeks!,0,3
544606,Late Refund,"Refund process is very slow, not happy!",0,3
398286,No Issue,"No issues, smooth transactions every time.",0,4
123422,No Issue,Customer support was helpful in resolving my concern.,0,4
607094,Late Refund,Still waiting for my refund after 2 weeks!,0,3
385173,No Issue,"No issues, smooth transactions every time.",0,4
385239,Customer Support Issue,"Long wait time for support, very frustrating!",0,1
675991,Late Refund,Finally got my refund after multiple calls.,0,3
412962,Customer Support Issue,Support team was responsive and helpful.,0,1
534030,No Issue,"Everything went smoothly, highly recommended.",0,4
438493,Billing Issue,"Incorrect amount charged, need a refund!",0,0
381036,No Issue,"Everything went smoothly, highly recommended.",0,4
813565,Billing Issue,Had to call multiple times for a simple billing issue!,0,0
461453,Customer Support Issue,"Long wait time for support, very frustrating!",0,1
386711,Billing Issue,Had to call multiple times for a simple billing issue!,0,0
553682,Billing Issue,"Incorrect amount charged, need a refund!",0,0
485338,Customer Support Issue,"Long wait time for support, very frustrating!",0,1
625763,Billing Issue,Had to call multiple times for a simple billing issue!,0,0
500469,Customer Support Issue,Support team was responsive and helpful.,0,1
399695,Service Quality,The service was too slow and unprofessional!,0,5
506616,Billing Issue,Had to call multiple times for a simple billing issue!,0,0
604313,Service Quality,Quality of service was not up to the mark!,0,5
592073,Billing Issue,Had to call multiple times for a simple billing issue!,0,0
353323,Billing Issue,"Billing discrepancy, support is not helping!",0,0
527630,No Issue,"Happy with the service, would recommend.",0,4
625396,Customer Support Issue,"Long wait time for support, very frustrating!",0,1
334528,No Issue,"Happy with the service, would recommend.",0,4
442736,Service Quality,Quality of service was not up to the mark!,0,5
356448,Billing Issue,Had to call multiple times for a simple billing issue!,0,0
735097,No Issue,"Happy with the service, would recommend.",0,4
577179,Billing Issue,"Billing discrepancy, support is not helping!",0,0
376589,Customer Support Issue,Support team was responsive and helpful.,0,1
393161,Late Refund,Finally got my refund after multiple calls.,0,3
610425,Late Refund,Finally got my refund after multiple calls.,0,3
374981,No Issue,"Everything went smoothly, highly recommended.",0,4
538772,No Issue,Customer support was helpful in resolving my concern.,0,4
652026,Late Refund,Still waiting for my refund after 2 weeks!,0,3
814585,Service Quality,Quality of service was not up to the mark!,0,5
369205,Customer Support Issue,"Long wait time for support, very frustrating!",0,1
554332,Service Quality,"Very satisfied with the service, will recommend!",0,5
418449,Billing Issue,Had to call multiple times for a simple billing issue!,0,0
599212,Customer Support Issue,"Long wait time for support, very frustrating!",0,1
810312,Late Refund,Finally got my refund after multiple calls.,0,3
103284,No Issue,"Happy with the service, would recommend.",0,4
432430,Billing Issue,"Billing discrepancy, support is not helping!",0,0
720126,Customer Support Issue,Support team was responsive and helpful.,0,1
446917,Billing Issue,"Incorrect amount charged, need a refund!",0,0
556729,Customer Support Issue,Customer service was rude and unhelpful!,0,1
301794,No Issue,"Everything went smoothly, highly recommended.",0,4
471104,Billing Issue,Had to call multiple times for a simple billing issue!,0,0
485051,Service Quality,Service was excellent and very professional.,0,5
735012,Service Quality,Quality of service was not up to the mark!,0,5
812232,Service Quality,Quality of service was not up to the mark!,0,5
394827,No Issue,"Great experience, very satisfied!",0,4
548351,Billing Issue,"Incorrect amount charged, need a refund!",0,0
391909,No Issue,Customer support was helpful in resolving my concern.,0,4
654317,No Issue,"Happy with the service, would recommend.",0,4
414187,Billing Issue,"Billing discrepancy, support is not helping!",0,0
517436,Service Quality,Service was excellent and very professional.,0,5
525931,Late Refund,"Refund process is very slow, not happy!",0,3
557301,Service Quality,"Very satisfied with the service, will recommend!",0,5
302373,Late Refund,"Refund process is very slow, not happy!",0,3
428905,No Issue,Customer support was helpful in resolving my concern.,0,4
582921,No Issue,Customer support was helpful in resolving my concern.,0,4
419193,No Issue,"No issues, smooth transactions every time.",0,4
532685,No Issue,Customer support was helpful in resolving my concern.,0,4
421182,No Issue,"Everything went smoothly, highly recommended.",0,4
657096,Late Refund,Still waiting for my refund after 2 weeks!,0,3
367288,Service Quality,The service was too slow and unprofessional!,0,5
300422,Billing Issue,"Incorrect amount charged, need a refund!",0,0
812680,Customer Support Issue,Customer service was rude and unhelpful!,0,1
401204,No Issue,"Everything went smoothly, highly recommended.",0,4
488083,Late Refund,Finally got my refund after multiple calls.,0,3
503159,No Issue,Customer support was helpful in resolving my concern.,0,4
411519,Late Refund,Finally got my refund after multiple calls.,0,3
577318,Customer Support Issue,Support team was responsive and helpful.,0,1
434475,Service Quality,Service was excellent and very professional.,0,5
533569,Billing Issue,"Incorrect amount charged, need a refund!",0,0
525052,Service Quality,I'm disappointed with the overall experience!,0,5
540725,Late Refund,Finally got my refund after multiple calls.,0,3
470636,Billing Issue,"Billing discrepancy, support is not helping!",0,0
456737,Customer Support Issue,Customer service was rude and unhelpful!,0,1
430848,No Issue,"No issues, smooth transactions every time.",0,4
445673,Billing Issue,Had to call multiple times for a simple billing issue!,0,0
622147,Customer Support Issue,"Long wait time for support, very frustrating!",0,1
523323,No Issue,"No issues, smooth transactions every time.",0,4
462292,Late Refund,"Refund process is very slow, not happy!",0,3
771392,Customer Support Issue,Customer service was rude and unhelpful!,0,1
399010,Customer Support Issue,"Long wait time for support, very frustrating!",0,1
518820,Billing Issue,"Billing discrepancy, support is not helping!",0,0
413959,No Issue,Customer support was helpful in resolving my concern.,0,4
593646,Late Refund,Finally got my refund after multiple calls.,0,3
395925,No Issue,"No issues, smooth transactions every time.",0,4
418310,Billing Issue,"Incorrect amount charged, need a refund!",0,0
911168,Service Quality,"Very satisfied with the service, will recommend!",0,5
800102,No Issue,"No issues, smooth transactions every time.",0,4
368882,Late Refund,"Refund process is very slow, not happy!",0,3
345866,Customer Support Issue,Customer service was rude and unhelpful!,0,1
666699,Service Quality,I'm disappointed with the overall experience!,0,5
393780,Service Quality,The service was too slow and unprofessional!,0,5
526320,No Issue,"No issues, smooth transactions every time.",0,4
133389,Customer Support Issue,"Long wait time for support, very frustrating!",0,1
650430,Billing Issue,"Incorrect amount charged, need a refund!",0,0
516360,Customer Support Issue,Customer service was rude and unhelpful!,0,1
441390,Customer Support Issue,Customer service was rude and unhelpful!,0,1
442232,No Issue,"Great experience, very satisfied!",0,4
467397,Service Quality,The service was too slow and unprofessional!,0,5
432012,Billing Issue,"Incorrect amount charged, need a refund!",0,0
427661,Customer Support Issue,Customer service was rude and unhelpful!,0,1
423289,Late Refund,Finally got my refund after multiple calls.,0,3
648523,Late Refund,Finally got my refund after multiple calls.,0,3
497542,Customer Support Issue,Customer service was rude and unhelpful!,0,1
567576,Service Quality,The service was too slow and unprofessional!,0,5
608269,Customer Support Issue,Support team was responsive and helpful.,0,1
347770,No Issue,"Great experience, very satisfied!",0,4
594850,Customer Support Issue,"Long wait time for support, very frustrating!",0,1
524030,No Issue,"Happy with the service, would recommend.",0,4
605198,Service Quality,Quality of service was not up to the mark!,0,5
301462,Customer Support Issue,Customer service was rude and unhelpful!,0,1
490895,Service Quality,The service was too slow and unprofessional!,0,5
441830,Service Quality,"Very satisfied with the service, will recommend!",0,5
394892,Service Quality,Service was excellent and very professional.,0,5
653714,No Issue,"No issues, smooth transactions every time.",0,4
528040,Customer Support Issue,Customer service was rude and unhelpful!,0,1
818028,Service Quality,Service was excellent and very professional.,0,5
557308,Billing Issue,"Billing discrepancy, support is not helping!",0,0
470824,No Issue,"Great experience, very satisfied!",0,4
222987,No Issue,Customer support was helpful in resolving my concern.,0,4
626421,Service Quality,"Very satisfied with the service, will recommend!",0,5
305263,Service Quality,Quality of service was not up to the mark!,0,5
304626,Customer Support Issue,"Long wait time for support, very frustrating!",0,1
811395,Customer Support Issue,Customer service was rude and unhelpful!,0,1
385415,Service Quality,The service was too slow and unprofessional!,0,5
378950,Billing Issue,Had to call multiple times for a simple billing issue!,0,0
460494,Billing Issue,"Billing discrepancy, support is not helping!",0,0
659771,No Issue,Customer support was helpful in resolving my concern.,0,4
112553,Service Quality,The service was too slow and unprofessional!,0,5
549392,Billing Issue,"Incorrect amount charged, need a refund!",0,0
541179,Service Quality,Service was excellent and very professional.,0,5
656953,Customer Support Issue,Customer service was rude and unhelpful!,0,1
477036,Late Refund,Finally got my refund after multiple calls.,0,3
820093,Service Quality,The service was too slow and unprofessional!,0,5
368975,Service Quality,Quality of service was not up to the mark!,0,5
651174,Customer Support Issue,Customer service was rude and unhelpful!,0,1
382868,Customer Support Issue,"Long wait time for support, very frustrating!",0,1
311390,Customer Support Issue,Support team was responsive and helpful.,0,1
645880,Late Refund,Finally got my refund after multiple calls.,0,3
353342,Billing Issue,"Incorrect amount charged, need a refund!",0,0
396946,Billing Issue,"Incorrect amount charged, need a refund!",0,0
481592,Service Quality,Quality of service was not up to the mark!,0,5
369234,Late Refund,Finally got my refund after multiple calls.,0,3
481400,Late Refund,"Refund process is very slow, not happy!",0,3
473599,Billing Issue,"Billing discrepancy, support is not helping!",0,0
489049,Service Quality,Service was excellent and very professional.,0,5
354796,Service Quality,The service was too slow and unprofessional!,0,5
507094,Late Refund,Still waiting for my refund after 2 weeks!,0,3
549516,No Issue,"No issues, smooth transactions every time.",0,4
345848,Customer Support Issue,Customer service was rude and unhelpful!,0,1
583680,Late Refund,Still waiting for my refund after 2 weeks!,0,3
507602,Customer Support Issue,Support team was responsive and helpful.,0,1
607287,Billing Issue,"Incorrect amount charged, need a refund!",0,0
431815,Billing Issue,"Billing discrepancy, support is not helping!",0,0
495183,Billing Issue,Had to call multiple times for a simple billing issue!,0,0
650509,Service Quality,The service was too slow and unprofessional!,0,5
340838,No Issue,Customer support was helpful in resolving my concern.,0,4
479285,Customer Support Issue,Support team was responsive and helpful.,0,1
508207,Billing Issue,Had to call multiple times for a simple billing issue!,0,0
676709,Billing Issue,Had to call multiple times for a simple billing issue!,0,0
581994,Service Quality,The service was too slow and unprofessional!,0,5
409175,Service Quality,"Very satisfied with the service, will recommend!",0,5
356879,Customer Support Issue,"Long wait time for support, very frustrating!",0,1
659095,Billing Issue,"Incorrect amount charged, need a refund!",0,0
557440,No Issue,"Great experience, very satisfied!",0,4
433994,Service Quality,I'm disappointed with the overall experience!,0,5
456398,Customer Support Issue,"Long wait time for support, very frustrating!",0,1
604278,Service Quality,Quality of service was not up to the mark!,0,5
559002,Late Refund,"Refund process is very slow, not happy!",0,3
426168,Service Quality,Quality of service was not up to the mark!,0,5
341386,Service Quality,I'm disappointed with the overall experience!,0,5
651641,Service Quality,Service was excellent and very professional.,0,5
413444,Late Refund,Finally got my refund after multiple calls.,0,3
814958,Late Refund,"Refund process is very slow, not happy!",0,3
397429,Service Quality,Quality of service was not up to the mark!,0,5
636198,Late Refund,Finally got my refund after multiple calls.,0,3
393028,Late Refund,"Refund process is very slow, not happy!",0,3
386703,Customer Support Issue,Customer service was rude and unhelpful!,0,1
347634,Customer Support Issue,Customer service was rude and unhelpful!,0,1
360030,Late Refund,Still waiting for my refund after 2 weeks!,0,3
382582,Customer Support Issue,Support team was responsive and helpful.,0,1
376163,No Issue,"No issues, smooth transactions every time.",0,4
437682,No Issue,"Happy with the service, would recommend.",0,4
416652,Service Quality,"Very satisfied with the service, will recommend!",0,5
726617,No Issue,"Great experience, very satisfied!",0,4
382676,Service Quality,Service was excellent and very professional.,0,5
627530,Late Refund,Still waiting for my refund after 2 weeks!,0,3
417324,Customer Support Issue,"Long wait time for support, very frustrating!",0,1
406285,Customer Support Issue,"Long wait time for support, very frustrating!",0,1
815558,Late Refund,"Refund process is very slow, not happy!",0,3
516672,Service Quality,Service was excellent and very professional.,0,5
622639,Late Refund,Still waiting for my refund after 2 weeks!,0,3
303783,Service Quality,"Very satisfied with the service, will recommend!",0,5
951231,Late Refund,"Refund process is very slow, not happy!",0,3
399381,Customer Support Issue,"Long wait time for support, very frustrating!",0,1
382928,Service Quality,I'm disappointed with the overall experience!,0,5
507653,No Issue,"Great experience, very satisfied!",0,4
489580,Customer Support Issue,Customer service was rude and unhelpful!,0,1
608034,Customer Support Issue,Support team was responsive and helpful.,0,1
396350,Billing Issue,"Incorrect amount charged, need a refund!",0,0
676852,Customer Support Issue,"Long wait time for support, very frustrating!",0,1
476494,Service Quality,"Very satisfied with the service, will recommend!",0,5
387509,Billing Issue,"Incorrect amount charged, need a refund!",0,0
422290,Service Quality,Quality of service was not up to the mark!,0,5
418454,Billing Issue,"Incorrect amount charged, need a refund!",0,0
420740,Service Quality,I'm disappointed with the overall experience!,0,5
132194,Customer Support Issue,"Long wait time for support, very frustrating!",0,1
509293,Customer Support Issue,Customer service was rude and unhelpful!,0,1
502597,Late Refund,"Refund process is very slow, not happy!",0,3
553544,Customer Support Issue,"Long wait time for support, very frustrating!",0,1
376777,Billing Issue,Had to call multiple times for a simple billing issue!,0,0
348577,Late Refund,Finally got my refund after multiple calls.,0,3
646432,Late Refund,Still waiting for my refund after 2 weeks!,0,3
302127,Service Quality,The service was too slow and unprofessional!,0,5
532967,Service Quality,Service was excellent and very professional.,0,5
533740,Service Quality,"Very satisfied with the service, will recommend!",0,5
485400,No Issue,Customer support was helpful in resolving my concern.,0,4
561051,No Issue,"No issues, smooth transactions every time.",0,4
622921,Late Refund,Finally got my refund after multiple calls.,0,3
435072,Customer Support Issue,Customer service was rude and unhelpful!,0,1
476047,Billing Issue,"Incorrect amount charged, need a refund!",0,0
470076,No Issue,"Everything went smoothly, highly recommended.",0,4
485874,Service Quality,Service was excellent and very professional.,0,5
397123,Customer Support Issue,Customer service was rude and unhelpful!,0,1
368515,Service Quality,Quality of service was not up to the mark!,0,5
470229,Customer Support Issue,Customer service was rude and unhelpful!,0,1
446831,No Issue,"Happy with the service, would recommend.",0,4
584583,Late Refund,Finally got my refund after multiple calls.,0,3
487876,No Issue,Customer support was helpful in resolving my concern.,0,4
348363,No Issue,"Happy with the service, would recommend.",0,4
526799,Customer Support Issue,Support team was responsive and helpful.,0,1
700042,Billing Issue,Had to call multiple times for a simple billing issue!,0,0
516562,Customer Support Issue,Support team was responsive and helpful.,0,1
467646,Late Refund,Still waiting for my refund after 2 weeks!,0,3
473459,Customer Support Issue,Support team was responsive and helpful.,0,1
452724,Billing Issue,"Billing discrepancy, support is not helping!",0,0
418939,Late Refund,"Refund process is very slow, not happy!",0,3
521888,No Issue,"Everything went smoothly, highly recommended.",0,4
444916,Service Quality,The service was too slow and unprofessional!,0,5
449825,Billing Issue,"Incorrect amount charged, need a refund!",0,0
344620,Billing Issue,"Incorrect amount charged, need a refund!",0,0
344602,Service Quality,"Very satisfied with the service, will recommend!",0,5
646855,No Issue,"Great experience, very satisfied!",0,4
344947,Billing Issue,"Billing discrepancy, support is not helping!",0,0
435308,Billing Issue,"Billing discrepancy, support is not helping!",0,0
624698,No Issue,Customer support was helpful in resolving my concern.,0,4
356164,Late Refund,Still waiting for my refund after 2 weeks!,0,3
498451,No Issue,"No issues, smooth transactions every time.",0,4
347056,Customer Support Issue,Customer service was rude and unhelpful!,0,1
515313,Service Quality,Quality of service was not up to the mark!,0,5
475326,Customer Support Issue,Support team was responsive and helpful.,0,1
517881,Service Quality,Quality of service was not up to the mark!,0,5
117588,No Issue,"Great experience, very satisfied!",0,4
443423,Customer Support Issue,Support team was responsive and helpful.,0,1
384355,Customer Support Issue,"Long wait time for support, very frustrating!",0,1
649789,Late Refund,Finally got my refund after multiple calls.,0,3
390000,Service Quality,I'm disappointed with the overall experience!,0,5
646866,No Issue,"Great experience, very satisfied!",0,4
489533,Service Quality,Service was excellent and very professional.,0,5
369763,Billing Issue,"Incorrect amount charged, need a refund!",0,0
582211,Late Refund,Finally got my refund after multiple calls.,0,3
495598,Service Quality,I'm disappointed with the overall experience!,0,5
559704,Customer Support Issue,"Long wait time for support, very frustrating!",0,1
646359,No Issue,"No issues, smooth transactions every time.",0,4
509236,Late Refund,Finally got my refund after multiple calls.,0,3
515397,No Issue,Customer support was helpful in resolving my concern.,0,4
594971,Customer Support Issue,Customer service was rude and unhelpful!,0,1
651489,Billing Issue,"Incorrect amount charged, need a refund!",0,0
356941,Billing Issue,Had to call multiple times for a simple billing issue!,0,0
647794,Billing Issue,Had to call multiple times for a simple billing issue!,0,0
495466,Billing Issue,"Billing discrepancy, support is not helping!",0,0
127560,Service Quality,Quality of service was not up to the mark!,0,5
394615,Service Quality,I'm disappointed with the overall experience!,0,5
710378,Service Quality,I'm disappointed with the overall experience!,0,5
422382,Service Quality,Service was excellent and very professional.,0,5
521714,Late Refund,"Refund process is very slow, not happy!",0,3
644540,Service Quality,The service was too slow and unprofessional!,0,5
315074,Customer Support Issue,"Long wait time for support, very frustrating!",0,1
372953,Service Quality,Quality of service was not up to the mark!,0,5
129010,Late Refund,Still waiting for my refund after 2 weeks!,0,3
354073,Service Quality,The service was too slow and unprofessional!,0,5
378420,Customer Support Issue,"Long wait time for support, very frustrating!",0,1
622416,Billing Issue,"Incorrect amount charged, need a refund!",0,0
646581,Service Quality,"Very satisfied with the service, will recommend!",0,5
373893,Service Quality,Service was excellent and very professional.,0,5
413582,Billing Issue,Had to call multiple times for a simple billing issue!,0,0
624009,Customer Support Issue,Customer service was rude and unhelpful!,0,1
406193,Customer Support Issue,Support team was responsive and helpful.,0,1
303699,Service Quality,The service was too slow and unprofessional!,0,5
375009,Late Refund,"Refund process is very slow, not happy!",0,3
506753,Billing Issue,"Incorrect amount charged, need a refund!",0,0
399454,Service Quality,Service was excellent and very professional.,0,5
549735,Billing Issue,"Billing discrepancy, support is not helping!",0,0
509795,Customer Support Issue,"Long wait time for support, very frustrating!",0,1
348569,Late Refund,Still waiting for my refund after 2 weeks!,0,3
626169,Customer Support Issue,Support team was responsive and helpful.,0,1
372411,Customer Support Issue,Customer service was rude and unhelpful!,0,1
497206,Billing Issue,Had to call multiple times for a simple billing issue!,0,0
353491,No Issue,"Everything went smoothly, highly recommended.",0,4
462152,Service Quality,"Very satisfied with the service, will recommend!",0,5
443236,Customer Support Issue,Support team was responsive and helpful.,0,1
520794,Late Refund,Finally got my refund after multiple calls.,0,3
354784,No Issue,Customer support was helpful in resolving my concern.,0,4
365499,Customer Support Issue,Support team was responsive and helpful.,0,1
483326,Billing Issue,"Billing discrepancy, support is not helping!",0,0
495251,Customer Support Issue,Support team was responsive and helpful.,0,1
469492,Billing Issue,"Incorrect amount charged, need a refund!",0,0
636497,Billing Issue,"Billing discrepancy, support is not helping!",0,0
439929,Late Refund,"Refund process is very slow, not happy!",0,3
342835,Customer Support Issue,Support team was responsive and helpful.,0,1
424171,No Issue,"Everything went smoothly, highly recommended.",0,4
465616,Late Refund,Finally got my refund after multiple calls.,0,3
628290,Late Refund,Still waiting for my refund after 2 weeks!,0,3
392799,Billing Issue,"Billing discrepancy, support is not helping!",0,0
345192,Billing Issue,"Incorrect amount charged, need a refund!",0,0
313083,Service Quality,Quality of service was not up to the mark!,0,5
486778,Billing Issue,Had to call multiple times for a simple billing issue!,0,0
103245,Late Refund,Still waiting for my refund after 2 weeks!,0,3
888872,Customer Support Issue,"Long wait time for support, very frustrating!",0,1
538547,Late Refund,Finally got my refund after multiple calls.,0,3
626898,Late Refund,Finally got my refund after multiple calls.,0,3
644529,Customer Support Issue,"Long wait time for support, very frustrating!",0,1
361573,Billing Issue,"Incorrect amount charged, need a refund!",0,0
460371,Billing Issue,"Incorrect amount charged, need a refund!",0,0
378750,Late Refund,"Refund process is very slow, not happy!",0,3
341641,Late Refund,Still waiting for my refund after 2 weeks!,0,3
112712,Late Refund,"Refund process is very slow, not happy!",0,3
888530,Customer Support Issue,Support team was responsive and helpful.,0,1
428258,Service Quality,The service was too slow and unprofessional!,0,5
408143,No Issue,Customer support was helpful in resolving my concern.,0,4
820105,Billing Issue,"Incorrect amount charged, need a refund!",0,0
386169,Late Refund,Finally got my refund after multiple calls.,0,3
423378,No Issue,"Everything went smoothly, highly recommended.",0,4
524143,No Issue,"Everything went smoothly, highly recommended.",0,4
367294,Late Refund,"Refund process is very slow, not happy!",0,3
654355,No Issue,"Happy with the service, would recommend.",0,4
389403,Service Quality,Service was excellent and very professional.,0,5
503754,Service Quality,The service was too slow and unprofessional!,0,5
471175,Billing Issue,Had to call multiple times for a simple billing issue!,0,0
628844,Billing Issue,"Incorrect amount charged, need a refund!",0,0
424528,No Issue,"Happy with the service, would recommend.",0,4
491120,Customer Support Issue,Customer service was rude and unhelpful!,0,1
556618,Late Refund,Still waiting for my refund after 2 weeks!,0,3
471919,Billing Issue,Had to call multiple times for a simple billing issue!,0,0
344827,Billing Issue,"Billing discrepancy, support is not helping!",0,0
818521,Customer Support Issue,Customer service was rude and unhelpful!,0,1
811782,Late Refund,Still waiting for my refund after 2 weeks!,0,3
309794,No Issue,Customer support was helpful in resolving my concern.,0,4
528461,No Issue,"No issues, smooth transactions every time.",0,4
680291,Billing Issue,"Billing discrepancy, support is not helping!",0,0
300916,No Issue,"Great experience, very satisfied!",0,4
428166,Late Refund,Finally got my refund after multiple calls.,0,3
309937,Service Quality,Quality of service was not up to the mark!,0,5
601551,Customer Support Issue,"Long wait time for support, very frustrating!",0,1
408749,Service Quality,The service was too slow and unprofessional!,0,5
340775,Billing Issue,Had to call multiple times for a simple billing issue!,0,0
368964,Customer Support Issue,Support team was responsive and helpful.,0,1
511852,Late Refund,Finally got my refund after multiple calls.,0,3
220368,Customer Support Issue,"Long wait time for support, very frustrating!",0,1
443096,Customer Support Issue,Support team was responsive and helpful.,0,1
427025,No Issue,"Everything went smoothly, highly recommended.",0,4
578220,Customer Support Issue,Support team was responsive and helpful.,0,1
523563,Service Quality,"Very satisfied with the service, will recommend!",0,5
555846,Billing Issue,"Incorrect amount charged, need a refund!",0,0
588105,Customer Support Issue,Support team was responsive and helpful.,0,1
395533,Service Quality,The service was too slow and unprofessional!,0,5
346276,No Issue,"Happy with the service, would recommend.",0,4
598814,Billing Issue,Had to call multiple times for a simple billing issue!,0,0
464614,Late Refund,Finally got my refund after multiple calls.,0,3
606862,Billing Issue,Had to call multiple times for a simple billing issue!,0,0
503014,Customer Support Issue,Support team was responsive and helpful.,0,1
394447,Service Quality,Service was excellent and very professional.,0,5
465823,Customer Support Issue,Customer service was rude and unhelpful!,0,1
655702,Customer Support Issue,Support team was responsive and helpful.,0,1
456219,Service Quality,I'm disappointed with the overall experience!,0,5
607266,Late Refund,Still waiting for my refund after 2 weeks!,0,3
520367,Late Refund,Still waiting for my refund after 2 weeks!,0,3
117550,No Issue,Customer support was helpful in resolving my concern.,0,4
441242,Billing Issue,"Billing discrepancy, support is not helping!",0,0
396141,Late Refund,"Refund process is very slow, not happy!",0,3
344664,Late Refund,Finally got my refund after multiple calls.,0,3
482936,Service Quality,The service was too slow and unprofessional!,0,5
495007,Customer Support Issue,"Long wait time for support, very frustrating!",0,1
624833,Billing Issue,"Incorrect amount charged, need a refund!",0,0
469311,No Issue,"Everything went smoothly, highly recommended.",0,4
395207,Service Quality,I'm disappointed with the overall experience!,0,5
474634,Customer Support Issue,"Long wait time for support, very frustrating!",0,1
455586,Customer Support Issue,Support team was responsive and helpful.,0,1
641706,Customer Support Issue,Support team was responsive and helpful.,0,1
560034,Billing Issue,"Billing discrepancy, support is not helping!",0,0
531271,No Issue,"Great experience, very satisfied!",0,4
553883,Service Quality,I'm disappointed with the overall experience!,0,5
819622,No Issue,"Happy with the service, would recommend.",0,4
555051,No Issue,"Great experience, very satisfied!",0,4
467936,Late Refund,Finally got my refund after multiple calls.,0,3
448929,No Issue,"No issues, smooth transactions every time.",0,4
498824,Late Refund,"Refund process is very slow, not happy!",0,3
815417,No Issue,"Great experience, very satisfied!",0,4
469168,Late Refund,"Refund process is very slow, not happy!",0,3
655299,Service Quality,The service was too slow and unprofessional!,0,5
721229,Billing Issue,"Incorrect amount charged, need a refund!",0,0
677030,Customer Support Issue,Support team was responsive and helpful.,0,1
648273,Customer Support Issue,Support team was responsive and helpful.,0,1
502001,Late Refund,"Refund process is very slow, not happy!",0,3
354009,Billing Issue,"Billing discrepancy, support is not helping!",0,0
408521,Service Quality,I'm disappointed with the overall experience!,0,5
556496,Service Quality,Service was excellent and very professional.,0,5
383322,No Issue,"Happy with the service, would recommend.",0,4
103449,Service Quality,"Very satisfied with the service, will recommend!",0,5
628820,Service Quality,Service was excellent and very professional.,0,5
311292,Billing Issue,"Incorrect amount charged, need a refund!",0,0
379620,No Issue,Customer support was helpful in resolving my concern.,0,4
626584,Customer Support Issue,Support team was responsive and helpful.,0,1
368777,Service Quality,I'm disappointed with the overall experience!,0,5
547208,Customer Support Issue,"Long wait time for support, very frustrating!",0,1
511448,Billing Issue,Had to call multiple times for a simple billing issue!,0,0
562007,Customer Support Issue,"Long wait time for support, very frustrating!",0,1
435625,No Issue,"No issues, smooth transactions every time.",0,4
363131,Service Quality,"Very satisfied with the service, will recommend!",0,5
416139,Service Quality,The service was too slow and unprofessional!,0,5
512947,Service Quality,I'm disappointed with the overall experience!,0,5
810033,Customer Support Issue,"Long wait time for support, very frustrating!",0,1
501730,Late Refund,"Refund process is very slow, not happy!",0,3
516824,Service Quality,Service was excellent and very professional.,0,5
390633,No Issue,"Great experience, very satisfied!",0,4
353963,Billing Issue,"Incorrect amount charged, need a refund!",0,0
346097,Late Refund,Still waiting for my refund after 2 weeks!,0,3
396677,Billing Issue,"Incorrect amount charged, need a refund!",0,0
397316,Billing Issue,"Incorrect amount charged, need a refund!",0,0
601089,Billing Issue,"Billing discrepancy, support is not helping!",0,0
602655,Late Refund,Still waiting for my refund after 2 weeks!,0,3
345911,Customer Support Issue,"Long wait time for support, very frustrating!",0,1
592872,No Issue,Customer support was helpful in resolving my concern.,0,4
459192,Billing Issue,Had to call multiple times for a simple billing issue!,0,0
535354,No Issue,Customer support was helpful in resolving my concern.,0,4
372205,Service Quality,I'm disappointed with the overall experience!,0,5
538559,Service Quality,"Very satisfied with the service, will recommend!",0,5
511004,Billing Issue,Had to call multiple times for a simple billing issue!,0,0
911181,Customer Support Issue,"Long wait time for support, very frustrating!",0,1
999800,Late Refund,Finally got my refund after multiple calls.,0,3
589582,Customer Support Issue,Customer service was rude and unhelpful!,0,1
460535,Late Refund,Finally got my refund after multiple calls.,0,3
581620,Customer Support Issue,Support team was responsive and helpful.,0,1
601452,Customer Support Issue,Customer service was rude and unhelpful!,0,1
479520,Billing Issue,"Incorrect amount charged, need a refund!",0,0
648119,No Issue,Customer support was helpful in resolving my concern.,0,4
429602,Late Refund,"Refund process is very slow, not happy!",0,3
814000,Customer Support Issue,"Long wait time for support, very frustrating!",0,1
420067,Billing Issue,"Incorrect amount charged, need a refund!",0,0
346231,Late Refund,Finally got my refund after multiple calls.,0,3
471624,Customer Support Issue,Customer service was rude and unhelpful!,0,1
598184,Billing Issue,"Billing discrepancy, support is not helping!",0,0
888877,Billing Issue,"Billing discrepancy, support is not helping!",0,0
706632,No Issue,Customer support was helpful in resolving my concern.,0,4
302192,Customer Support Issue,Customer service was rude and unhelpful!,0,1
369218,No Issue,Customer support was helpful in resolving my concern.,0,4
409066,Billing Issue,"Billing discrepancy, support is not helping!",0,0
627428,Billing Issue,Had to call multiple times for a simple billing issue!,0,0
483739,Service Quality,"Very satisfied with the service, will recommend!",0,5
427611,Billing Issue,Had to call multiple times for a simple billing issue!,0,0
498998,Service Quality,"Very satisfied with the service, will recommend!",0,5
404670,No Issue,"No issues, smooth transactions every time.",0,4
503413,Customer Support Issue,Customer service was rude and unhelpful!,0,1
423526,Billing Issue,Had to call multiple times for a simple billing issue!,0,0
520575,Service Quality,The service was too slow and unprofessional!,0,5
458527,Service Quality,The service was too slow and unprofessional!,0,5
530465,No Issue,"Happy with the service, would recommend.",0,4
459134,Service Quality,"Very satisfied with the service, will recommend!",0,5
735034,Billing Issue,Had to call multiple times for a simple billing issue!,0,0
513390,Late Refund,Finally got my refund after multiple calls.,0,3
471771,Late Refund,"Refund process is very slow, not happy!",0,3
514126,Billing Issue,"Incorrect amount charged, need a refund!",0,0
433130,Late Refund,Still waiting for my refund after 2 weeks!,0,3
311895,Customer Support Issue,Customer service was rude and unhelpful!,0,1
551800,Billing Issue,"Incorrect amount charged, need a refund!",0,0
397155,Late Refund,Still waiting for my refund after 2 weeks!,0,3
655116,No Issue,"Great experience, very satisfied!",0,4
449812,Service Quality,Service was excellent and very professional.,0,5
642132,Late Refund,Finally got my refund after multiple calls.,0,3
333809,Customer Support Issue,"Long wait time for support, very frustrating!",0,1
622309,Customer Support Issue,Support team was responsive and helpful.,0,1
397588,Late Refund,"Refund process is very slow, not happy!",0,3
559295,Service Quality,I'm disappointed with the overall experience!,0,5
538042,Service Quality,Quality of service was not up to the mark!,0,5
422320,No Issue,"Happy with the service, would recommend.",0,4
453204,Late Refund,Still waiting for my refund after 2 weeks!,0,3
468802,Late Refund,Finally got my refund after multiple calls.,0,3
477240,No Issue,Customer support was helpful in resolving my concern.,0,4
429138,Late Refund,"Refund process is very slow, not happy!",0,3
399838,Service Quality,Quality of service was not up to the mark!,0,5
402222,Billing Issue,Had to call multiple times for a simple billing issue!,0,0
384100,Customer Support Issue,Customer service was rude and unhelpful!,0,1
562379,Service Quality,The service was too slow and unprofessional!,0,5
555702,No Issue,"Great experience, very satisfied!",0,4
581676,Service Quality,I'm disappointed with the overall experience!,0,5
394807,No Issue,"Everything went smoothly, highly recommended.",0,4
392298,Billing Issue,Had to call multiple times for a simple billing issue!,0,0
400225,Late Refund,Finally got my refund after multiple calls.,0,3
575362,Service Quality,The service was too slow and unprofessional!,0,5
725608,Late Refund,Still waiting for my refund after 2 weeks!,0,3
471176,Billing Issue,"Incorrect amount charged, need a refund!",0,0
402271,Customer Support Issue,Support team was responsive and helpful.,0,1
345228,Billing Issue,"Incorrect amount charged, need a refund!",0,0
517381,Customer Support Issue,Support team was responsive and helpful.,0,1
812634,Late Refund,Finally got my refund after multiple calls.,0,3
815739,Late Refund,Finally got my refund after multiple calls.,0,3
511108,Service Quality,"Very satisfied with the service, will recommend!",0,5
345009,Service Quality,The service was too slow and unprofessional!,0,5
391956,Customer Support Issue,Customer service was rude and unhelpful!,0,1
443969,Late Refund,"Refund process is very slow, not happy!",0,3
521539,Customer Support Issue,"Long wait time for support, very frustrating!",0,1
779982,Customer Support Issue,Customer service was rude and unhelpful!,0,1
814509,No Issue,"No issues, smooth transactions every time.",0,4
412301,Customer Support Issue,"Long wait time for support, very frustrating!",0,1
531982,Customer Support Issue,Customer service was rude and unhelpful!,0,1
514933,Customer Support Issue,Support team was responsive and helpful.,0,1
567758,Late Refund,Finally got my refund after multiple calls.,0,3
563197,Billing Issue,"Billing discrepancy, support is not helping!",0,0
441929,No Issue,"No issues, smooth transactions every time.",0,4
371113,No Issue,"No issues, smooth transactions every time.",0,4
581724,No Issue,"Everything went smoothly, highly recommended.",0,4
384962,No Issue,"Everything went smoothly, highly recommended.",0,4
220184,Service Quality,Quality of service was not up to the mark!,0,5
512657,Service Quality,"Very satisfied with the service, will recommend!",0,5
506418,Billing Issue,"Incorrect amount charged, need a refund!",0,0
453498,Late Refund,"Refund process is very slow, not happy!",0,3
444955,Service Quality,I'm disappointed with the overall experience!,0,5
627686,Billing Issue,Had to call multiple times for a simple billing issue!,0,0
371620,Customer Support Issue,Support team was responsive and helpful.,0,1
482872,Customer Support Issue,Support team was responsive and helpful.,0,1
490986,Service Quality,I'm disappointed with the overall experience!,0,5
416556,Late Refund,Still waiting for my refund after 2 weeks!,0,3
571247,No Issue,"Great experience, very satisfied!",0,4
334309,Late Refund,Still waiting for my refund after 2 weeks!,0,3
594986,Billing Issue,"Incorrect amount charged, need a refund!",0,0
511823,Billing Issue,"Billing discrepancy, support is not helping!",0,0
407553,Late Refund,Still waiting for my refund after 2 weeks!,0,3
502319,Service Quality,"Very satisfied with the service, will recommend!",0,5
250066,Customer Support Issue,Customer service was rude and unhelpful!,0,1
648057,Customer Support Issue,Customer service was rude and unhelpful!,0,1
349514,Billing Issue,Had to call multiple times for a simple billing issue!,0,0
762899,Service Quality,The service was too slow and unprofessional!,0,5
525006,Late Refund,Still waiting for my refund after 2 weeks!,0,3
300516,Service Quality,I'm disappointed with the overall experience!,0,5
500354,Late Refund,Finally got my refund after multiple calls.,0,3
382855,Late Refund,"Refund process is very slow, not happy!",0,3
509161,No Issue,Customer support was helpful in resolving my concern.,0,4
440433,Customer Support Issue,Support team was responsive and helpful.,0,1
500536,Billing Issue,Had to call multiple times for a simple billing issue!,0,0
563000,Billing Issue,Had to call multiple times for a simple billing issue!,0,0
374990,No Issue,Customer support was helpful in resolving my concern.,0,4
649449,Late Refund,"Refund process is very slow, not happy!",0,3
491735,Late Refund,Finally got my refund after multiple calls.,0,3
577182,Billing Issue,"Billing discrepancy, support is not helping!",0,0
735080,No Issue,Customer support was helpful in resolving my concern.,0,4
371125,Billing Issue,Had to call multiple times for a simple billing issue!,0,0
579431,Late Refund,"Refund process is very slow, not happy!",0,3
391802,No Issue,Customer support was helpful in resolving my concern.,0,4
488698,Billing Issue,Had to call multiple times for a simple billing issue!,0,0
590882,Late Refund,Finally got my refund after multiple calls.,0,3
877069,Customer Support Issue,Support team was responsive and helpful.,0,1
580494,No Issue,"Happy with the service, would recommend.",0,4
451703,No Issue,"Great experience, very satisfied!",0,4
604878,Service Quality,Quality of service was not up to the mark!,0,5
425536,Service Quality,Service was excellent and very professional.,0,5
470938,Late Refund,Still waiting for my refund after 2 weeks!,0,3
474912,Customer Support Issue,"Long wait time for support, very frustrating!",0,1
496232,No Issue,"Everything went smoothly, highly recommended.",0,4
408823,Billing Issue,Had to call multiple times for a simple billing issue!,0,0
441499,No Issue,"Everything went smoothly, highly recommended.",0,4
551338,Billing Issue,Had to call multiple times for a simple billing issue!,0,0
654876,No Issue,"No issues, smooth transactions every time.",0,4
628033,Late Refund,Still waiting for my refund after 2 weeks!,0,3
371456,Billing Issue,Had to call multiple times for a simple billing issue!,0,0
381689,Late Refund,"Refund process is very slow, not happy!",0,3
394085,Service Quality,"Very satisfied with the service, will recommend!",0,5
658608,Late Refund,Still waiting for my refund after 2 weeks!,0,3
305883,Customer Support Issue,Support team was responsive and helpful.,0,1
382631,No Issue,"No issues, smooth transactions every time.",0,4
373954,Service Quality,I'm disappointed with the overall experience!,0,5
529047,No Issue,Customer support was helpful in resolving my concern.,0,4
116983,No Issue,"Everything went smoothly, highly recommended.",0,4
368753,Service Quality,The service was too slow and unprofessional!,0,5
399971,Late Refund,Still waiting for my refund after 2 weeks!,0,3
520754,Billing Issue,Had to call multiple times for a simple billing issue!,0,0
518303,No Issue,"Great experience, very satisfied!",0,4
649094,Customer Support Issue,"Long wait time for support, very frustrating!",0,1
497399,Customer Support Issue,Customer service was rude and unhelpful!,0,1
423184,Customer Support Issue,Support team was responsive and helpful.,0,1
538656,Customer Support Issue,"Long wait time for support, very frustrating!",0,1
426293,Customer Support Issue,"Long wait time for support, very frustrating!",0,1
315183,Billing Issue,"Incorrect amount charged, need a refund!",0,0
598278,Billing Issue,"Incorrect amount charged, need a refund!",0,0
466049,Billing Issue,"Billing discrepancy, support is not helping!",0,0
511206,Service Quality,The service was too slow and unprofessional!,0,5
401430,Service Quality,Service was excellent and very professional.,0,5
654444,No Issue,Customer support was helpful in resolving my concern.,0,4
398057,Customer Support Issue,Customer service was rude and unhelpful!,0,1
475485,Service Quality,The service was too slow and unprofessional!,0,5
434802,Late Refund,"Refund process is very slow, not happy!",0,3
500347,No Issue,"Great experience, very satisfied!",0,4
480378,No Issue,Customer support was helpful in resolving my concern.,0,4
541886,Billing Issue,"Incorrect amount charged, need a refund!",0,0
777711,Late Refund,"Refund process is very slow, not happy!",0,3
362947,No Issue,"No issues, smooth transactions every time.",0,4
655598,Late Refund,Finally got my refund after multiple calls.,0,3
305378,Late Refund,Still waiting for my refund after 2 weeks!,0,3
427243,No Issue,"No issues, smooth transactions every time.",0,4
555151,Billing Issue,"Billing discrepancy, support is not helping!",0,0
480908,No Issue,"Great experience, very satisfied!",0,4
380029,No Issue,"Happy with the service, would recommend.",0,4
366856,Service Quality,Quality of service was not up to the mark!,0,5
347972,Customer Support Issue,"Long wait time for support, very frustrating!",0,1
654495,Service Quality,Quality of service was not up to the mark!,0,5
342236,Customer Support Issue,Customer service was rude and unhelpful!,0,1
472030,Late Refund,Finally got my refund after multiple calls.,0,3
536940,Service Quality,The service was too slow and unprofessional!,0,5
450890,Late Refund,"Refund process is very slow, not happy!",0,3
467815,Service Quality,"Very satisfied with the service, will recommend!",0,5
492653,No Issue,"Happy with the service, would recommend.",0,4
487436,Customer Support Issue,Customer service was rude and unhelpful!,0,1
361470,Customer Support Issue,"Long wait time for support, very frustrating!",0,1
403957,Service Quality,Quality of service was not up to the mark!,0,5
506734,No Issue,"Great experience, very satisfied!",0,4
466630,Late Refund,"Refund process is very slow, not happy!",0,3
391819,Customer Support Issue,Support team was responsive and helpful.,0,1
535649,No Issue,"Great experience, very satisfied!",0,4
428932,Service Quality,"Very satisfied with the service, will recommend!",0,5
651344,Service Quality,I'm disappointed with the overall experience!,0,5
468684,Service Quality,Quality of service was not up to the mark!,0,5
360557,Late Refund,"Refund process is very slow, not happy!",0,3
526139,Billing Issue,"Incorrect amount charged, need a refund!",0,0
304966,Billing Issue,"Billing discrepancy, support is not helping!",0,0
815601,Billing Issue,"Billing discrepancy, support is not helping!",0,0
395537,No Issue,Customer support was helpful in resolving my concern.,0,4
540515,Customer Support Issue,Support team was responsive and helpful.,0,1
445283,Service Quality,The service was too slow and unprofessional!,0,5
601856,Service Quality,"Very satisfied with the service, will recommend!",0,5
577949,Late Refund,"Refund process is very slow, not happy!",0,3
386565,Customer Support Issue,Customer service was rude and unhelpful!,0,1
334522,Billing Issue,"Incorrect amount charged, need a refund!",0,0
305875,Billing Issue,"Incorrect amount charged, need a refund!",0,0
140381,Customer Support Issue,Support team was responsive and helpful.,0,1
342549,Late Refund,Finally got my refund after multiple calls.,0,3
340668,Service Quality,Quality of service was not up to the mark!,0,5
353480,Customer Support Issue,"Long wait time for support, very frustrating!",0,1
424014,Customer Support Issue,Support team was responsive and helpful.,0,1
367598,Service Quality,The service was too slow and unprofessional!,0,5
599046,Service Quality,Quality of service was not up to the mark!,0,5
436022,Billing Issue,"Incorrect amount charged, need a refund!",0,0
308894,Billing Issue,"Billing discrepancy, support is not helping!",0,0
428409,No Issue,Customer support was helpful in resolving my concern.,0,4
383894,Customer Support Issue,Support team was responsive and helpful.,0,1
656042,Service Quality,I'm disappointed with the overall experience!,0,5
640431,Late Refund,Still waiting for my refund after 2 weeks!,0,3
396804,Service Quality,The service was too slow and unprofessional!,0,5
352882,No Issue,"Everything went smoothly, highly recommended.",0,4
500843,No Issue,Customer support was helpful in resolving my concern.,0,4
690013,Service Quality,Service was excellent and very professional.,0,5
494330,Customer Support Issue,Support team was responsive and helpful.,0,1
528126,Billing Issue,Had to call multiple times for a simple billing issue!,0,0
555758,Late Refund,"Refund process is very slow, not happy!",0,3
625266,No Issue,"Great experience, very satisfied!",0,4
519067,Service Quality,"Very satisfied with the service, will recommend!",0,5
300047,Billing Issue,Had to call multiple times for a simple billing issue!,0,0
436465,Billing Issue,"Incorrect amount charged, need a refund!",0,0
477410,Billing Issue,"Incorrect amount charged, need a refund!",0,0
396909,Customer Support Issue,"Long wait time for support, very frustrating!",0,1
356946,Customer Support Issue,Support team was responsive and helpful.,0,1
524547,Billing Issue,"Incorrect amount charged, need a refund!",0,0
447685,Service Quality,"Very satisfied with the service, will recommend!",0,5
399533,Late Refund,Still waiting for my refund after 2 weeks!,0,3
392952,Service Quality,Quality of service was not up to the mark!,0,5
559696,No Issue,"Happy with the service, would recommend.",0,4
589397,No Issue,"Everything went smoothly, highly recommended.",0,4
652323,Service Quality,I'm disappointed with the overall experience!,0,5
309062,Customer Support Issue,Support team was responsive and helpful.,0,1
487275,Late Refund,Still waiting for my refund after 2 weeks!,0,3
656248,Customer Support Issue,"Long wait time for support, very frustrating!",0,1
455087,Customer Support Issue,Support team was responsive and helpful.,0,1
393862,No Issue,"Everything went smoothly, highly recommended.",0,4
303742,Late Refund,Still waiting for my refund after 2 weeks!,0,3
374766,Customer Support Issue,Customer service was rude and unhelpful!,0,1
511655,Late Refund,Still waiting for my refund after 2 weeks!,0,3
479777,Billing Issue,"Incorrect amount charged, need a refund!",0,0
622820,Service Quality,The service was too slow and unprofessional!,0,5
300023,Service Quality,Quality of service was not up to the mark!,0,5
340589,No Issue,"No issues, smooth transactions every time.",0,4
608898,Late Refund,Still waiting for my refund after 2 weeks!,0,3
356473,No Issue,"No issues, smooth transactions every time.",0,4
199993,Customer Support Issue,Support team was responsive and helpful.,0,1
437990,Service Quality,The service was too slow and unprofessional!,0,5
422468,No Issue,"Happy with the service, would recommend.",0,4
413963,Late Refund,Finally got my refund after multiple calls.,0,3
500375,Late Refund,Finally got my refund after multiple calls.,0,3
509431,Late Refund,Still waiting for my refund after 2 weeks!,0,3
495823,Service Quality,Service was excellent and very professional.,0,5
442963,Late Refund,Finally got my refund after multiple calls.,0,3
435480,Service Quality,"Very satisfied with the service, will recommend!",0,5
481686,Billing Issue,Had to call multiple times for a simple billing issue!,0,0
499360,Billing Issue,Had to call multiple times for a simple billing issue!,0,0
647775,Late Refund,Still waiting for my refund after 2 weeks!,0,3
505708,Customer Support Issue,"Long wait time for support, very frustrating!",0,1
345749,Billing Issue,"Billing discrepancy, support is not helping!",0,0
650314,Late Refund,Still waiting for my refund after 2 weeks!,0,3
516266,Billing Issue,"Incorrect amount charged, need a refund!",0,0
677370,No Issue,"Happy with the service, would recommend.",0,4
495608,No Issue,"No issues, smooth transactions every time.",0,4
888936,Customer Support Issue,Support team was responsive and helpful.,0,1
467905,Service Quality,Service was excellent and very professional.,0,5
410930,No Issue,"Great experience, very satisfied!",0,4
888736,Service Quality,"Very satisfied with the service, will recommend!",0,5
578928,Service Quality,Service was excellent and very professional.,0,5
383673,Service Quality,"Very satisfied with the service, will recommend!",0,5
449225,No Issue,"Happy with the service, would recommend.",0,4
413218,No Issue,Customer support was helpful in resolving my concern.,0,4
354422,No Issue,"No issues, smooth transactions every time.",0,4
220093,Billing Issue,"Incorrect amount charged, need a refund!",0,0
584915,Service Quality,Service was excellent and very professional.,0,5
319646,Customer Support Issue,"Long wait time for support, very frustrating!",0,1
408190,Customer Support Issue,"Long wait time for support, very frustrating!",0,1
622717,Service Quality,Quality of service was not up to the mark!,0,5
729482,Billing Issue,"Billing discrepancy, support is not helping!",0,0
888943,Service Quality,The service was too slow and unprofessional!,0,5
818662,Billing Issue,Had to call multiple times for a simple billing issue!,0,0
707020,Billing Issue,"Billing discrepancy, support is not helping!",0,0
387062,Customer Support Issue,"Long wait time for support, very frustrating!",0,1
373782,Service Quality,The service was too slow and unprofessional!,0,5
318767,Service Quality,Quality of service was not up to the mark!,0,5
515754,Late Refund,Still waiting for my refund after 2 weeks!,0,3
583972,Late Refund,Finally got my refund after multiple calls.,0,3
463321,Customer Support Issue,Support team was responsive and helpful.,0,1
422726,Billing Issue,"Billing discrepancy, support is not helping!",0,0
414999,No Issue,"Everything went smoothly, highly recommended.",0,4
539069,Service Quality,Service was excellent and very professional.,0,5
362270,Billing Issue,"Incorrect amount charged, need a refund!",0,0
432728,Late Refund,"Refund process is very slow, not happy!",0,3
133303,Late Refund,Finally got my refund after multiple calls.,0,3
472024,Service Quality,Service was excellent and very professional.,0,5
814958,No Issue,Customer support was helpful in resolving my concern.,0,4
430450,No Issue,"No issues, smooth transactions every time.",0,4
426139,Billing Issue,"Incorrect amount charged, need a refund!",0,0
103312,Service Quality,Service was excellent and very professional.,0,5
431651,Customer Support Issue,"Long wait time for support, very frustrating!",0,1
599383,Late Refund,"Refund process is very slow, not happy!",0,3
548427,Late Refund,Still waiting for my refund after 2 weeks!,0,3
393234,Billing Issue,"Billing discrepancy, support is not helping!",0,0
344530,Late Refund,Still waiting for my refund after 2 weeks!,0,3
676697,Billing Issue,"Billing discrepancy, support is not helping!",0,0
440980,Billing Issue,Had to call multiple times for a simple billing issue!,0,0
353742,No Issue,"Great experience, very satisfied!",0,4
551582,No Issue,Customer support was helpful in resolving my concern.,0,4
392412,Service Quality,The service was too slow and unprofessional!,0,5
575409,Late Refund,Still waiting for my refund after 2 weeks!,0,3
301800,Billing Issue,"Billing discrepancy, support is not helping!",0,0
501372,Service Quality,Service was excellent and very professional.,0,5
510480,Billing Issue,"Billing discrepancy, support is not helping!",0,0
523274,No Issue,"Everything went smoothly, highly recommended.",0,4
397218,Service Quality,I'm disappointed with the overall experience!,0,5
440418,Billing Issue,"Incorrect amount charged, need a refund!",0,0
395758,Late Refund,Finally got my refund after multiple calls.,0,3
439639,Customer Support Issue,Support team was responsive and helpful.,0,1
421243,Customer Support Issue,"Long wait time for support, very frustrating!",0,1
476192,Billing Issue,"Incorrect amount charged, need a refund!",0,0
771346,Customer Support Issue,Support team was responsive and helpful.,0,1
394782,Customer Support Issue,Support team was responsive and helpful.,0,1
348186,Late Refund,Still waiting for my refund after 2 weeks!,0,3
303270,No Issue,"Happy with the service, would recommend.",0,4
814694,Customer Support Issue,Support team was responsive and helpful.,0,1
494782,Billing Issue,"Billing discrepancy, support is not helping!",0,0
400248,No Issue,"Great experience, very satisfied!",0,4
362637,Billing Issue,"Billing discrepancy, support is not helping!",0,0
636764,Customer Support Issue,Customer service was rude and unhelpful!,0,1
370799,No Issue,Customer support was helpful in resolving my concern.,0,4
372054,Late Refund,Still waiting for my refund after 2 weeks!,0,3
405971,Billing Issue,"Incorrect amount charged, need a refund!",0,0
586390,Customer Support Issue,Customer service was rude and unhelpful!,0,1
393103,No Issue,"Happy with the service, would recommend.",0,4
501612,Customer Support Issue,"Long wait time for support, very frustrating!",0,1
392490,Service Quality,I'm disappointed with the overall experience!,0,5
548679,Customer Support Issue,Customer service was rude and unhelpful!,0,1
380174,No Issue,Customer support was helpful in resolving my concern.,0,4
195731,No Issue,"Everything went smoothly, highly recommended.",0,4
599477,Customer Support Issue,Customer service was rude and unhelpful!,0,1
583304,Late Refund,Finally got my refund after multiple calls.,0,3
402928,Billing Issue,"Billing discrepancy, support is not helping!",0,0
770217,Service Quality,"Very satisfied with the service, will recommend!",0,5
653508,Late Refund,"Refund process is very slow, not happy!",0,3
367141,Customer Support Issue,Customer service was rude and unhelpful!,0,1
811194,No Issue,"Great experience, very satisfied!",0,4
545317,Customer Support Issue,"Long wait time for support, very frustrating!",0,1
369554,Late Refund,Finally got my refund after multiple calls.,0,3
529487,Billing Issue,"Incorrect amount charged, need a refund!",0,0
484438,No Issue,"Great experience, very satisfied!",0,4
544395,Customer Support Issue,"Long wait time for support, very frustrating!",0,1
520887,Service Quality,Service was excellent and very professional.,0,5
346573,Late Refund,Finally got my refund after multiple calls.,0,3
305529,Billing Issue,"Incorrect amount charged, need a refund!",0,0
468613,Late Refund,"Refund process is very slow, not happy!",0,3
460581,Customer Support Issue,Customer service was rude and unhelpful!,0,1
354679,Customer Support Issue,Customer service was rude and unhelpful!,0,1
625935,Service Quality,Service was excellent and very professional.,0,5
512968,Customer Support Issue,Customer service was rude and unhelpful!,0,1
407374,Late Refund,Still waiting for my refund after 2 weeks!,0,3
390780,Service Quality,Service was excellent and very professional.,0,5
502220,Customer Support Issue,"Long wait time for support, very frustrating!",0,1
432027,No Issue,"Everything went smoothly, highly recommended.",0,4
469044,Late Refund,Still waiting for my refund after 2 weeks!,0,3
644619,Billing Issue,Had to call multiple times for a simple billing issue!,0,0
562669,Billing Issue,"Incorrect amount charged, need a refund!",0,0
547251,Service Quality,The service was too slow and unprofessional!,0,5
646047,Service Quality,Service was excellent and very professional.,0,5
376588,Late Refund,Finally got my refund after multiple calls.,0,3
559499,Customer Support Issue,Customer service was rude and unhelpful!,0,1
390143,Billing Issue,"Incorrect amount charged, need a refund!",0,0
394404,Customer Support Issue,Support team was responsive and helpful.,0,1
558226,Billing Issue,"Incorrect amount charged, need a refund!",0,0
548154,Service Quality,The service was too slow and unprofessional!,0,5
524956,Late Refund,Finally got my refund after multiple calls.,0,3
423719,Service Quality,"Very satisfied with the service, will recommend!",0,5
305524,Late Refund,"Refund process is very slow, not happy!",0,3
491631,Late Refund,"Refund process is very slow, not happy!",0,3
395984,Late Refund,Finally got my refund after multiple calls.,0,3
465629,Billing Issue,"Incorrect amount charged, need a refund!",0,0
400835,Billing Issue,"Incorrect amount charged, need a refund!",0,0
814674,Late Refund,Finally got my refund after multiple calls.,0,3
454617,Customer Support Issue,Customer service was rude and unhelpful!,0,1
345156,No Issue,Customer support was helpful in resolving my concern.,0,4
429283,Late Refund,"Refund process is very slow, not happy!",0,3
302848,Customer Support Issue,Customer service was rude and unhelpful!,0,1
642378,Billing Issue,Had to call multiple times for a simple billing issue!,0,0
395676,Billing Issue,"Incorrect amount charged, need a refund!",0,0
304601,Customer Support Issue,Support team was responsive and helpful.,0,1
814723,Late Refund,Still waiting for my refund after 2 weeks!,0,3
445302,Customer Support Issue,Support team was responsive and helpful.,0,1
647122,No Issue,"Great experience, very satisfied!",0,4
311372,No Issue,"Great experience, very satisfied!",0,4
357675,No Issue,"Everything went smoothly, highly recommended.",0,4
647659,No Issue,"Happy with the service, would recommend.",0,4
441992,Billing Issue,Had to call multiple times for a simple billing issue!,0,0
481181,Service Quality,Service was excellent and very professional.,0,5
438401,Late Refund,Finally got my refund after multiple calls.,0,3
396537,Billing Issue,"Incorrect amount charged, need a refund!",0,0
372777,Billing Issue,"Incorrect amount charged, need a refund!",0,0
373481,Late Refund,"Refund process is very slow, not happy!",0,3
498817,No Issue,"Great experience, very satisfied!",0,4
770401,Service Quality,The service was too slow and unprofessional!,0,5
465026,Billing Issue,"Incorrect amount charged, need a refund!",0,0
446133,No Issue,Customer support was helpful in resolving my concern.,0,4
534969,Customer Support Issue,Support team was responsive and helpful.,0,1
309534,Billing Issue,"Incorrect amount charged, need a refund!",0,0
414704,Late Refund,Still waiting for my refund after 2 weeks!,0,3
367576,Billing Issue,"Billing discrepancy, support is not helping!",0,0
538340,Customer Support Issue,Customer service was rude and unhelpful!,0,1
621017,Service Quality,"Very satisfied with the service, will recommend!",0,5
353836,Late Refund,"Refund process is very slow, not happy!",0,3
499971,Late Refund,"Refund process is very slow, not happy!",0,3
816292,Customer Support Issue,Customer service was rude and unhelpful!,0,1
305829,Service Quality,Quality of service was not up to the mark!,0,5
371712,Late Refund,"Refund process is very slow, not happy!",0,3
180016,Billing Issue,"Billing discrepancy, support is not helping!",0,0
345234,Customer Support Issue,Support team was responsive and helpful.,0,1
372919,Service Quality,"Very satisfied with the service, will recommend!",0,5
342522,Billing Issue,"Incorrect amount charged, need a refund!",0,0
431290,No Issue,"Happy with the service, would recommend.",0,4
818301,Billing Issue,"Billing discrepancy, support is not helping!",0,0
537694,Customer Support Issue,Customer service was rude and unhelpful!,0,1
436233,No Issue,"No issues, smooth transactions every time.",0,4
343827,Service Quality,The service was too slow and unprofessional!,0,5
622242,Customer Support Issue,Customer service was rude and unhelpful!,0,1
467492,No Issue,"Everything went smoothly, highly recommended.",0,4
813700,Customer Support Issue,"Long wait time for support, very frustrating!",0,1
600869,Customer Support Issue,Support team was responsive and helpful.,0,1
511949,Billing Issue,"Billing discrepancy, support is not helping!",0,0
446248,Service Quality,I'm disappointed with the overall experience!,0,5
631908,Service Quality,Quality of service was not up to the mark!,0,5
429488,Late Refund,"Refund process is very slow, not happy!",0,3
401711,No Issue,"No issues, smooth transactions every time.",0,4
304780,Billing Issue,Had to call multiple times for a simple billing issue!,0,0
810187,Billing Issue,"Billing discrepancy, support is not helping!",0,0
448890,Late Refund,Still waiting for my refund after 2 weeks!,0,3
499217,Late Refund,"Refund process is very slow, not happy!",0,3
398810,Late Refund,"Refund process is very slow, not happy!",0,3
674373,No Issue,"Everything went smoothly, highly recommended.",0,4
621228,Customer Support Issue,"Long wait time for support, very frustrating!",0,1
386331,Customer Support Issue,Customer service was rude and unhelpful!,0,1
340442,Customer Support Issue,Customer service was rude and unhelpful!,0,1
625344,No Issue,Customer support was helpful in resolving my concern.,0,4
466249,Customer Support Issue,"Long wait time for support, very frustrating!",0,1
475640,Late Refund,Finally got my refund after multiple calls.,0,3
393463,Billing Issue,"Billing discrepancy, support is not helping!",0,0
514539,Billing Issue,"Incorrect amount charged, need a refund!",0,0
346568,Service Quality,I'm disappointed with the overall experience!,0,5
368111,Service Quality,The service was too slow and unprofessional!,0,5
346319,Customer Support Issue,"Long wait time for support, very frustrating!",0,1
394638,Service Quality,"Very satisfied with the service, will recommend!",0,5
334730,Late Refund,Finally got my refund after multiple calls.,0,3
583686,Service Quality,I'm disappointed with the overall experience!,0,5
888406,Customer Support Issue,"Long wait time for support, very frustrating!",0,1
392230,Billing Issue,Had to call multiple times for a simple billing issue!,0,0
550370,Billing Issue,"Incorrect amount charged, need a refund!",0,0
553597,Late Refund,Finally got my refund after multiple calls.,0,3
379602,Service Quality,The service was too slow and unprofessional!,0,5
386788,Customer Support Issue,Customer service was rude and unhelpful!,0,1
640237,Customer Support Issue,Support team was responsive and helpful.,0,1
888852,Service Quality,"Very satisfied with the service, will recommend!",0,5
394425,Billing Issue,"Billing discrepancy, support is not helping!",0,0
457756,Customer Support Issue,Support team was responsive and helpful.,0,1
497279,Late Refund,Still waiting for my refund after 2 weeks!,0,3
672912,Billing Issue,"Incorrect amount charged, need a refund!",0,0
656000,No Issue,Customer support was helpful in resolving my concern.,0,4
402091,No Issue,"Everything went smoothly, highly recommended.",0,4
496576,Late Refund,Still waiting for my refund after 2 weeks!,0,3
566476,Billing Issue,Had to call multiple times for a simple billing issue!,0,0
383071,Late Refund,"Refund process is very slow, not happy!",0,3
423266,Service Quality,Service was excellent and very professional.,0,5
450523,Late Refund,"Refund process is very slow, not happy!",0,3
305717,Billing Issue,Had to call multiple times for a simple billing issue!,0,0
587370,Late Refund,Finally got my refund after multiple calls.,0,3
387694,Billing Issue,"Billing discrepancy, support is not helping!",0,0
220174,Service Quality,I'm disappointed with the overall experience!,0,5
579674,Customer Support Issue,"Long wait time for support, very frustrating!",0,1
425294,No Issue,"Everything went smoothly, highly recommended.",0,4
103484,Late Refund,Still waiting for my refund after 2 weeks!,0,3
648323,Billing Issue,Had to call multiple times for a simple billing issue!,0,0
465203,Service Quality,I'm disappointed with the overall experience!,0,5
334920,Billing Issue,Had to call multiple times for a simple billing issue!,0,0
819615,No Issue,"Everything went smoothly, highly recommended.",0,4
491375,No Issue,"Everything went smoothly, highly recommended.",0,4
434918,No Issue,"Happy with the service, would recommend.",0,4
346235,Late Refund,Finally got my refund after multiple calls.,0,3
494342,Service Quality,"Very satisfied with the service, will recommend!",0,5
440860,Customer Support Issue,Support team was responsive and helpful.,0,1
437212,No Issue,"Great experience, very satisfied!",0,4
474104,Billing Issue,"Billing discrepancy, support is not helping!",0,0
386552,Billing Issue,Had to call multiple times for a simple billing issue!,0,0
412142,Customer Support Issue,Support team was responsive and helpful.,0,1
520213,Service Quality,"Very satisfied with the service, will recommend!",0,5
550823,Customer Support Issue,"Long wait time for support, very frustrating!",0,1
378840,Customer Support Issue,Support team was responsive and helpful.,0,1
762406,Service Quality,Quality of service was not up to the mark!,0,5
370856,No Issue,Customer support was helpful in resolving my concern.,0,4
648547,No Issue,"No issues, smooth transactions every time.",0,4
551355,Billing Issue,"Incorrect amount charged, need a refund!",0,0
393234,No Issue,Customer support was helpful in resolving my concern.,0,4
505146,No Issue,"Happy with the service, would recommend.",0,4
450397,Customer Support Issue,Support team was responsive and helpful.,0,1
415451,No Issue,"Everything went smoothly, highly recommended.",0,4
672556,Billing Issue,Had to call multiple times for a simple billing issue!,0,0
410267,Customer Support Issue,Customer service was rude and unhelpful!,0,1
393095,Customer Support Issue,Customer service was rude and unhelpful!,0,1
549679,No Issue,"Everything went smoothly, highly recommended.",0,4
529889,No Issue,"Happy with the service, would recommend.",0,4
430925,No Issue,"Happy with the service, would recommend.",0,4
670624,Customer Support Issue,Customer service was rude and unhelpful!,0,1
439921,No Issue,"No issues, smooth transactions every time.",0,4
818408,No Issue,Customer support was helpful in resolving my concern.,0,4
581124,No Issue,"Happy with the service, would recommend.",0,4
366082,Customer Support Issue,Customer service was rude and unhelpful!,0,1
316066,Late Refund,Still waiting for my refund after 2 weeks!,0,3
341654,Billing Issue,"Billing discrepancy, support is not helping!",0,0
487891,Late Refund,Still waiting for my refund after 2 weeks!,0,3
418554,Late Refund,Finally got my refund after multiple calls.,0,3
333938,Customer Support Issue,Customer service was rude and unhelpful!,0,1
497877,No Issue,"Great experience, very satisfied!",0,4
410464,Late Refund,Still waiting for my refund after 2 weeks!,0,3
516671,Customer Support Issue,Support team was responsive and helpful.,0,1
587254,Customer Support Issue,Support team was responsive and helpful.,0,1
672639,Late Refund,"Refund process is very slow, not happy!",0,3
388557,Service Quality,The service was too slow and unprofessional!,0,5
542379,Customer Support Issue,Customer service was rude and unhelpful!,0,1
642343,Customer Support Issue,"Long wait time for support, very frustrating!",0,1
587846,Service Quality,I'm disappointed with the overall experience!,0,5
393057,Late Refund,"Refund process is very slow, not happy!",0,3
484268,Customer Support Issue,Customer service was rude and unhelpful!,0,1
649122,Billing Issue,"Incorrect amount charged, need a refund!",0,0
606961,Late Refund,Still waiting for my refund after 2 weeks!,0,3
710138,No Issue,"Happy with the service, would recommend.",0,4
443790,Customer Support Issue,Support team was responsive and helpful.,0,1
396377,Customer Support Issue,Customer service was rude and unhelpful!,0,1
562716,Late Refund,Still waiting for my refund after 2 weeks!,0,3
386048,Customer Support Issue,"Long wait time for support, very frustrating!",0,1
451639,Billing Issue,Had to call multiple times for a simple billing issue!,0,0
357777,Service Quality,"Very satisfied with the service, will recommend!",0,5
100039,No Issue,Customer support was helpful in resolving my concern.,0,4
642369,No Issue,"Great experience, very satisfied!",0,4
355695,Service Quality,The service was too slow and unprofessional!,0,5
549423,Customer Support Issue,Support team was responsive and helpful.,0,1
472468,No Issue,"No issues, smooth transactions every time.",0,4
127582,Late Refund,Still waiting for my refund after 2 weeks!,0,3
334098,Customer Support Issue,Support team was responsive and helpful.,0,1
708318,Service Quality,I'm disappointed with the overall experience!,0,5
399480,Service Quality,I'm disappointed with the overall experience!,0,5
655926,Service Quality,The service was too slow and unprofessional!,0,5
623093,Late Refund,Finally got my refund after multiple calls.,0,3
381481,Billing Issue,"Billing discrepancy, support is not helping!",0,0
590686,No Issue,"Great experience, very satisfied!",0,4
384943,No Issue,"No issues, smooth transactions every time.",0,4
670587,No Issue,"No issues, smooth transactions every time.",0,4
681030,Billing Issue,"Billing discrepancy, support is not helping!",0,0
530273,Customer Support Issue,Support team was responsive and helpful.,0,1
402541,Service Quality,I'm disappointed with the overall experience!,0,5
552847,Service Quality,"Very satisfied with the service, will recommend!",0,5
500647,Late Refund,"Refund process is very slow, not happy!",0,3
438236,No Issue,"No issues, smooth transactions every time.",0,4
405143,Late Refund,"Refund process is very slow, not happy!",0,3
402322,Late Refund,Still waiting for my refund after 2 weeks!,0,3
525439,No Issue,"Happy with the service, would recommend.",0,4
577192,Billing Issue,"Billing discrepancy, support is not helping!",0,0
649661,Late Refund,"Refund process is very slow, not happy!",0,3
505023,Service Quality,"Very satisfied with the service, will recommend!",0,5
955834,Late Refund,"Refund process is very slow, not happy!",0,3
505297,Billing Issue,"Billing discrepancy, support is not helping!",0,0
486273,Service Quality,I'm disappointed with the overall experience!,0,5
549126,No Issue,"No issues, smooth transactions every time.",0,4
517127,Service Quality,I'm disappointed with the overall experience!,0,5
625225,Late Refund,Still waiting for my refund after 2 weeks!,0,3
654348,Customer Support Issue,Support team was responsive and helpful.,0,1
582101,Service Quality,Service was excellent and very professional.,0,5
536851,Service Quality,"Very satisfied with the service, will recommend!",0,5
374206,Service Quality,Quality of service was not up to the mark!,0,5
390260,Service Quality,"Very satisfied with the service, will recommend!",0,5
544969,Service Quality,Service was excellent and very professional.,0,5
407730,Billing Issue,Had to call multiple times for a simple billing issue!,0,0
476550,Service Quality,The service was too slow and unprofessional!,0,5
478862,Billing Issue,Had to call multiple times for a simple billing issue!,0,0
511532,Service Quality,"Very satisfied with the service, will recommend!",0,5
465695,Service Quality,The service was too slow and unprofessional!,0,5
598340,Service Quality,The service was too slow and unprofessional!,0,5
396500,No Issue,"Everything went smoothly, highly recommended.",0,4
432685,No Issue,Customer support was helpful in resolving my concern.,0,4
524996,Billing Issue,"Billing discrepancy, support is not helping!",0,0
485672,Customer Support Issue,Customer service was rude and unhelpful!,0,1
376062,Customer Support Issue,"Long wait time for support, very frustrating!",0,1
397502,Customer Support Issue,Customer service was rude and unhelpful!,0,1
474846,Late Refund,Still waiting for my refund after 2 weeks!,0,3
382108,Billing Issue,"Billing discrepancy, support is not helping!",0,0
406217,Service Quality,I'm disappointed with the overall experience!,0,5
560675,Customer Support Issue,Support team was responsive and helpful.,0,1
513618,Billing Issue,Had to call multiple times for a simple billing issue!,0,0
814275,Customer Support Issue,"Long wait time for support, very frustrating!",0,1
540353,No Issue,"Everything went smoothly, highly recommended.",0,4
349550,Late Refund,Still waiting for my refund after 2 weeks!,0,3
510676,Service Quality,I'm disappointed with the overall experience!,0,5
551510,Service Quality,The service was too slow and unprofessional!,0,5
411278,Billing Issue,Had to call multiple times for a simple billing issue!,0,0
651747,Customer Support Issue,"Long wait time for support, very frustrating!",0,1
403494,Billing Issue,Had to call multiple times for a simple billing issue!,0,0
815325,Service Quality,The service was too slow and unprofessional!,0,5
817863,Late Refund,Finally got my refund after multiple calls.,0,3
402407,Customer Support Issue,"Long wait time for support, very frustrating!",0,1
646378,Customer Support Issue,Support team was responsive and helpful.,0,1
588534,No Issue,Customer support was helpful in resolving my concern.,0,4
546385,Late Refund,Finally got my refund after multiple calls.,0,3
597171,Customer Support Issue,Customer service was rude and unhelpful!,0,1
437377,Customer Support Issue,"Long wait time for support, very frustrating!",0,1
680086,No Issue,"Great experience, very satisfied!",0,4
460931,No Issue,"Great experience, very satisfied!",0,4
888524,No Issue,"Great experience, very satisfied!",0,4
550661,No Issue,"No issues, smooth transactions every time.",0,4
500254,Late Refund,Still waiting for my refund after 2 weeks!,0,3
559265,Customer Support Issue,"Long wait time for support, very frustrating!",0,1
779978,No Issue,"Happy with the service, would recommend.",0,4
654025,Late Refund,Still waiting for my refund after 2 weeks!,0,3
368846,Late Refund,Still waiting for my refund after 2 weeks!,0,3
648196,Customer Support Issue,Support team was responsive and helpful.,0,1
103536,No Issue,"Everything went smoothly, highly recommended.",0,4
424151,Customer Support Issue,Customer service was rude and unhelpful!,0,1
463863,Service Quality,"Very satisfied with the service, will recommend!",0,5
465658,Late Refund,Finally got my refund after multiple calls.,0,3
301759,No Issue,"Great experience, very satisfied!",0,4
541262,Service Quality,"Very satisfied with the service, will recommend!",0,5
446496,Billing Issue,Had to call multiple times for a simple billing issue!,0,0
648458,Late Refund,Finally got my refund after multiple calls.,0,3
378539,No Issue,"Everything went smoothly, highly recommended.",0,4
545096,No Issue,"Everything went smoothly, highly recommended.",0,4
425758,Late Refund,"Refund process is very slow, not happy!",0,3
626320,Billing Issue,"Incorrect amount charged, need a refund!",0,0
368798,Late Refund,"Refund process is very slow, not happy!",0,3
353574,Billing Issue,Had to call multiple times for a simple billing issue!,0,0
362139,Billing Issue,"Incorrect amount charged, need a refund!",0,0
431153,Late Refund,Still waiting for my refund after 2 weeks!,0,3
467606,Billing Issue,Had to call multiple times for a simple billing issue!,0,0
812671,No Issue,"Great experience, very satisfied!",0,4
470901,Billing Issue,"Billing discrepancy, support is not helping!",0,0
117595,Customer Support Issue,"Long wait time for support, very frustrating!",0,1
362376,Late Refund,Finally got my refund after multiple calls.,0,3
371926,Late Refund,Still waiting for my refund after 2 weeks!,0,3
563131,Late Refund,Finally got my refund after multiple calls.,0,3
300321,Late Refund,Finally got my refund after multiple calls.,0,3
495532,No Issue,Customer support was helpful in resolving my concern.,0,4
365086,Billing Issue,Had to call multiple times for a simple billing issue!,0,0
608676,Service Quality,"Very satisfied with the service, will recommend!",0,5
418320,Late Refund,Still waiting for my refund after 2 weeks!,0,3
388381,Billing Issue,Had to call multiple times for a simple billing issue!,0,0
467071,No Issue,"No issues, smooth transactions every time.",0,4
647608,Billing Issue,"Billing discrepancy, support is not helping!",0,0
444465,Late Refund,Finally got my refund after multiple calls.,0,3
487420,Customer Support Issue,"Long wait time for support, very frustrating!",0,1
369494,Late Refund,Still waiting for my refund after 2 weeks!,0,3
399954,Service Quality,Service was excellent and very professional.,0,5
811058,Late Refund,"Refund process is very slow, not happy!",0,3
652159,Billing Issue,"Billing discrepancy, support is not helping!",0,0
531154,Service Quality,"Very satisfied with the service, will recommend!",0,5
775315,Customer Support Issue,Support team was responsive and helpful.,0,1
407934,Service Quality,"Very satisfied with the service, will recommend!",0,5
477052,Customer Support Issue,Customer service was rude and unhelpful!,0,1
538467,No Issue,"Great experience, very satisfied!",0,4
813349,Late Refund,"Refund process is very slow, not happy!",0,3
437467,No Issue,Customer support was helpful in resolving my concern.,0,4
530052,Customer Support Issue,Support team was responsive and helpful.,0,1
645991,Late Refund,Still waiting for my refund after 2 weeks!,0,3
508582,Customer Support Issue,"Long wait time for support, very frustrating!",0,1
510380,No Issue,"No issues, smooth transactions every time.",0,4
408984,Service Quality,"Very satisfied with the service, will recommend!",0,5
597430,Service Quality,"Very satisfied with the service, will recommend!",0,5
580105,No Issue,Customer support was helpful in resolving my concern.,0,4
369241,No Issue,"No issues, smooth transactions every time.",0,4
673822,Billing Issue,Had to call multiple times for a simple billing issue!,0,0
650288,Customer Support Issue,Support team was responsive and helpful.,0,1
382017,No Issue,"Happy with the service, would recommend.",0,4
621793,Service Quality,Service was excellent and very professional.,0,5
399475,Customer Support Issue,Support team was responsive and helpful.,0,1
403922,Billing Issue,"Incorrect amount charged, need a refund!",0,0
301445,Billing Issue,"Billing discrepancy, support is not helping!",0,0
343847,Billing Issue,Had to call multiple times for a simple billing issue!,0,0
587467,Late Refund,Finally got my refund after multiple calls.,0,3
486831,Late Refund,Still waiting for my refund after 2 weeks!,0,3
672511,No Issue,"Everything went smoothly, highly recommended.",0,4
422785,Service Quality,I'm disappointed with the overall experience!,0,5
518384,No Issue,"Everything went smoothly, highly recommended.",0,4
641079,Billing Issue,"Incorrect amount charged, need a refund!",0,0
532906,No Issue,"Happy with the service, would recommend.",0,4
380401,Service Quality,I'm disappointed with the overall experience!,0,5
385283,Service Quality,"Very satisfied with the service, will recommend!",0,5
487635,Late Refund,"Refund process is very slow, not happy!",0,3
425307,Billing Issue,Had to call multiple times for a simple billing issue!,0,0
776892,Service Quality,Quality of service was not up to the mark!,0,5
426487,Customer Support Issue,Customer service was rude and unhelpful!,0,1
468064,Late Refund,Still waiting for my refund after 2 weeks!,0,3
393614,Late Refund,"Refund process is very slow, not happy!",0,3
372193,Billing Issue,"Billing discrepancy, support is not helping!",0,0
434268,Customer Support Issue,"Long wait time for support, very frustrating!",0,1
123228,Late Refund,Finally got my refund after multiple calls.,0,3
550716,Late Refund,Still waiting for my refund after 2 weeks!,0,3
553938,Service Quality,"Very satisfied with the service, will recommend!",0,5
529055,Billing Issue,"Billing discrepancy, support is not helping!",0,0
453011,Customer Support Issue,Support team was responsive and helpful.,0,1
414834,Customer Support Issue,Customer service was rude and unhelpful!,0,1
815476,Late Refund,"Refund process is very slow, not happy!",0,3
475118,Billing Issue,"Incorrect amount charged, need a refund!",0,0
588947,Billing Issue,"Incorrect amount charged, need a refund!",0,0
680380,Service Quality,I'm disappointed with the overall experience!,0,5
355095,Billing Issue,"Incorrect amount charged, need a refund!",0,0
505104,Customer Support Issue,"Long wait time for support, very frustrating!",0,1
309438,Customer Support Issue,Customer service was rude and unhelpful!,0,1
587253,Service Quality,Quality of service was not up to the mark!,0,5
342807,Billing Issue,"Billing discrepancy, support is not helping!",0,0
775006,Customer Support Issue,"Long wait time for support, very frustrating!",0,1
465523,Late Refund,Finally got my refund after multiple calls.,0,3
129085,No Issue,"Happy with the service, would recommend.",0,4
478921,Late Refund,Finally got my refund after multiple calls.,0,3
487961,No Issue,"Everything went smoothly, highly recommended.",0,4
645423,Customer Support Issue,Support team was responsive and helpful.,0,1
649026,No Issue,"No issues, smooth transactions every time.",0,4
641997,No Issue,"Everything went smoothly, highly recommended.",0,4
495709,Customer Support Issue,"Long wait time for support, very frustrating!",0,1
396551,Customer Support Issue,Customer service was rude and unhelpful!,0,1
511366,Billing Issue,"Incorrect amount charged, need a refund!",0,0
454207,No Issue,"Great experience, very satisfied!",0,4
301183,Billing Issue,Had to call multiple times for a simple billing issue!,0,0
308890,No Issue,"Everything went smoothly, highly recommended.",0,4
812443,Billing Issue,Had to call multiple times for a simple billing issue!,0,0
652449,Late Refund,Finally got my refund after multiple calls.,0,3
394182,Customer Support Issue,Support team was responsive and helpful.,0,1
810699,Late Refund,Still waiting for my refund after 2 weeks!,0,3
402282,Customer Support Issue,"Long wait time for support, very frustrating!",0,1
814098,Customer Support Issue,Support team was responsive and helpful.,0,1
401361,Late Refund,"Refund process is very slow, not happy!",0,3
423774,Billing Issue,"Billing discrepancy, support is not helping!",0,0
480308,Late Refund,Finally got my refund after multiple calls.,0,3
378986,Late Refund,"Refund process is very slow, not happy!",0,3
380269,Service Quality,The service was too slow and unprofessional!,0,5
531861,Service Quality,Service was excellent and very professional.,0,5
654453,Billing Issue,"Incorrect amount charged, need a refund!",0,0
353755,Customer Support Issue,Support team was responsive and helpful.,0,1
489984,Customer Support Issue,Customer service was rude and unhelpful!,0,1
523270,No Issue,"Great experience, very satisfied!",0,4
409712,No Issue,"Everything went smoothly, highly recommended.",0,4
400343,Late Refund,"Refund process is very slow, not happy!",0,3
432942,Late Refund,"Refund process is very slow, not happy!",0,3
531927,Service Quality,I'm disappointed with the overall experience!,0,5
528968,Customer Support Issue,Customer service was rude and unhelpful!,0,1
624874,Customer Support Issue,Support team was responsive and helpful.,0,1
525784,Service Quality,"Very satisfied with the service, will recommend!",0,5
628628,Late Refund,Finally got my refund after multiple calls.,0,3
657151,No Issue,"Happy with the service, would recommend.",0,4
349706,Customer Support Issue,Customer service was rude and unhelpful!,0,1
776884,Billing Issue,"Incorrect amount charged, need a refund!",0,0
220045,Customer Support Issue,Support team was responsive and helpful.,0,1
428259,Service Quality,Service was excellent and very professional.,0,5
524508,Service Quality,I'm disappointed with the overall experience!,0,5
389188,Billing Issue,"Incorrect amount charged, need a refund!",0,0
419591,Late Refund,"Refund process is very slow, not happy!",0,3
309219,Customer Support Issue,Customer service was rude and unhelpful!,0,1
392855,Billing Issue,"Incorrect amount charged, need a refund!",0,0
506076,No Issue,"Happy with the service, would recommend.",0,4
385299,Billing Issue,Had to call multiple times for a simple billing issue!,0,0
341401,No Issue,"Happy with the service, would recommend.",0,4
457718,No Issue,Customer support was helpful in resolving my concern.,0,4
509587,Billing Issue,Had to call multiple times for a simple billing issue!,0,0
494790,Late Refund,Still waiting for my refund after 2 weeks!,0,3
532903,Customer Support Issue,Support team was responsive and helpful.,0,1
370054,Service Quality,"Very satisfied with the service, will recommend!",0,5
442760,Service Quality,The service was too slow and unprofessional!,0,5
508405,No Issue,Customer support was helpful in resolving my concern.,0,4
302847,Billing Issue,Had to call multiple times for a simple billing issue!,0,0
738045,Service Quality,The service was too slow and unprofessional!,0,5
648945,Service Quality,The service was too slow and unprofessional!,0,5
553137,Service Quality,Quality of service was not up to the mark!,0,5
476774,Late Refund,Finally got my refund after multiple calls.,0,3
508459,Customer Support Issue,Support team was responsive and helpful.,0,1
367767,Late Refund,Still waiting for my refund after 2 weeks!,0,3
505344,Late Refund,Still waiting for my refund after 2 weeks!,0,3
370852,Service Quality,I'm disappointed with the overall experience!,0,5
497426,Customer Support Issue,Customer service was rude and unhelpful!,0,1
376953,Late Refund,Finally got my refund after multiple calls.,0,3
192079,Customer Support Issue,Customer service was rude and unhelpful!,0,1
304783,Customer Support Issue,"Long wait time for support, very frustrating!",0,1
390105,No Issue,"Great experience, very satisfied!",0,4
478646,Customer Support Issue,"Long wait time for support, very frustrating!",0,1
340660,No Issue,"No issues, smooth transactions every time.",0,4
548721,Service Quality,Quality of service was not up to the mark!,0,5
538915,Customer Support Issue,Customer service was rude and unhelpful!,0,1
505760,No Issue,"Happy with the service, would recommend.",0,4
388694,Billing Issue,"Billing discrepancy, support is not helping!",0,0
430628,Late Refund,"Refund process is very slow, not happy!",0,3
376812,No Issue,"Happy with the service, would recommend.",0,4
503679,Late Refund,Finally got my refund after multiple calls.,0,3
364299,Late Refund,Finally got my refund after multiple calls.,0,3
397934,Billing Issue,Had to call multiple times for a simple billing issue!,0,0
481597,Billing Issue,"Billing discrepancy, support is not helping!",0,0
448406,Customer Support Issue,Support team was responsive and helpful.,0,1
512225,Service Quality,Quality of service was not up to the mark!,0,5
466454,Customer Support Issue,Support team was responsive and helpful.,0,1
814125,Service Quality,Service was excellent and very professional.,0,5
602846,Service Quality,The service was too slow and unprofessional!,0,5
813720,Late Refund,Finally got my refund after multiple calls.,0,3
396793,Late Refund,Still waiting for my refund after 2 weeks!,0,3
354285,No Issue,Customer support was helpful in resolving my concern.,0,4
534947,Billing Issue,"Billing discrepancy, support is not helping!",0,0
474027,Late Refund,"Refund process is very slow, not happy!",0,3
436920,Service Quality,I'm disappointed with the overall experience!,0,5
626615,No Issue,"Happy with the service, would recommend.",0,4
606206,Late Refund,"Refund process is very slow, not happy!",0,3
587059,Late Refund,Still waiting for my refund after 2 weeks!,0,3
311091,Late Refund,Finally got my refund after multiple calls.,0,3
658885,Service Quality,The service was too slow and unprofessional!,0,5
465142,No Issue,"No issues, smooth transactions every time.",0,4
426664,Customer Support Issue,Customer service was rude and unhelpful!,0,1
344431,No Issue,"Great experience, very satisfied!",0,4
598471,No Issue,"Great experience, very satisfied!",0,4
649434,No Issue,"Happy with the service, would recommend.",0,4
346116,Billing Issue,"Billing discrepancy, support is not helping!",0,0
581944,Billing Issue,"Incorrect amount charged, need a refund!",0,0
386662,Customer Support Issue,"Long wait time for support, very frustrating!",0,1
452157,Late Refund,Finally got my refund after multiple calls.,0,3
311784,Billing Issue,"Incorrect amount charged, need a refund!",0,0
413201,Service Quality,Service was excellent and very professional.,0,5
418438,No Issue,"Great experience, very satisfied!",0,4
412890,Service Quality,Service was excellent and very professional.,0,5
421263,Service Quality,I'm disappointed with the overall experience!,0,5
523247,No Issue,"Everything went smoothly, highly recommended.",0,4
491430,Billing Issue,Had to call multiple times for a simple billing issue!,0,0
374008,Service Quality,The service was too slow and unprofessional!,0,5
349688,Late Refund,Still waiting for my refund after 2 weeks!,0,3
349677,Billing Issue,"Billing discrepancy, support is not helping!",0,0
392548,Late Refund,Finally got my refund after multiple calls.,0,3
389771,Late Refund,Finally got my refund after multiple calls.,0,3
469519,Late Refund,Finally got my refund after multiple calls.,0,3
416719,Service Quality,Service was excellent and very professional.,0,5
448262,Customer Support Issue,Customer service was rude and unhelpful!,0,1
476316,Customer Support Issue,Support team was responsive and helpful.,0,1
515134,No Issue,"Happy with the service, would recommend.",0,4
385396,Service Quality,I'm disappointed with the overall experience!,0,5
654425,Billing Issue,"Incorrect amount charged, need a refund!",0,0
515550,Late Refund,"Refund process is very slow, not happy!",0,3
505795,Billing Issue,"Billing discrepancy, support is not helping!",0,0
456287,No Issue,"Everything went smoothly, highly recommended.",0,4
372264,Billing Issue,"Incorrect amount charged, need a refund!",0,0
495524,Billing Issue,Had to call multiple times for a simple billing issue!,0,0
393545,Billing Issue,"Billing discrepancy, support is not helping!",0,0
103772,Service Quality,Quality of service was not up to the mark!,0,5
371868,Customer Support Issue,Customer service was rude and unhelpful!,0,1
546551,Late Refund,"Refund process is very slow, not happy!",0,3
344316,No Issue,Customer support was helpful in resolving my concern.,0,4
471736,Late Refund,"Refund process is very slow, not happy!",0,3
385867,Billing Issue,"Incorrect amount charged, need a refund!",0,0
465069,Late Refund,Finally got my refund after multiple calls.,0,3
504804,Service Quality,The service was too slow and unprofessional!,0,5
651607,Late Refund,Finally got my refund after multiple calls.,0,3
400746,Service Quality,Quality of service was not up to the mark!,0,5
819685,Customer Support Issue,Customer service was rude and unhelpful!,0,1
543879,Customer Support Issue,"Long wait time for support, very frustrating!",0,1
672793,Late Refund,Still waiting for my refund after 2 weeks!,0,3
530187,Customer Support Issue,Support team was responsive and helpful.,0,1
501131,Customer Support Issue,"Long wait time for support, very frustrating!",0,1
476998,Service Quality,I'm disappointed with the overall experience!,0,5
300551,Billing Issue,Had to call multiple times for a simple billing issue!,0,0
395952,No Issue,Customer support was helpful in resolving my concern.,0,4
625955,Late Refund,"Refund process is very slow, not happy!",0,3
448058,Billing Issue,"Billing discrepancy, support is not helping!",0,0
424299,Late Refund,"Refund process is very slow, not happy!",0,3
622820,Late Refund,Still waiting for my refund after 2 weeks!,0,3
595741,Service Quality,"Very satisfied with the service, will recommend!",0,5
341758,No Issue,Customer support was helpful in resolving my concern.,0,4
309612,Customer Support Issue,"Long wait time for support, very frustrating!",0,1
346205,Late Refund,"Refund process is very slow, not happy!",0,3
419238,No Issue,"Happy with the service, would recommend.",0,4
379903,Service Quality,Quality of service was not up to the mark!,0,5
659993,Billing Issue,Had to call multiple times for a simple billing issue!,0,0
587413,Late Refund,"Refund process is very slow, not happy!",0,3
471532,Customer Support Issue,Customer service was rude and unhelpful!,0,1
352088,Customer Support Issue,Customer service was rude and unhelpful!,0,1
526926,Billing Issue,"Billing discrepancy, support is not helping!",0,0
507392,Customer Support Issue,Support team was responsive and helpful.,0,1
309299,Billing Issue,Had to call multiple times for a simple billing issue!,0,0
437689,Billing Issue,"Incorrect amount charged, need a refund!",0,0
395897,No Issue,"Great experience, very satisfied!",0,4
519517,Late Refund,Still waiting for my refund after 2 weeks!,0,3
497793,Customer Support Issue,Support team was responsive and helpful.,0,1
381355,Billing Issue,"Incorrect amount charged, need a refund!",0,0
377393,No Issue,"Everything went smoothly, highly recommended.",0,4
652857,Billing Issue,"Incorrect amount charged, need a refund!",0,0
557255,Billing Issue,Had to call multiple times for a simple billing issue!,0,0
425384,Service Quality,"Very satisfied with the service, will recommend!",0,5
454484,Service Quality,"Very satisfied with the service, will recommend!",0,5
366068,Customer Support Issue,Support team was responsive and helpful.,0,1
334109,Billing Issue,"Incorrect amount charged, need a refund!",0,0
581364,Service Quality,Quality of service was not up to the mark!,0,5
112789,No Issue,"Everything went smoothly, highly recommended.",0,4
340383,Late Refund,Still waiting for my refund after 2 weeks!,0,3
437050,Billing Issue,"Billing discrepancy, support is not helping!",0,0
397974,Customer Support Issue,"Long wait time for support, very frustrating!",0,1
507064,Billing Issue,"Billing discrepancy, support is not helping!",0,0
408912,No Issue,Customer support was helpful in resolving my concern.,0,4
395350,Late Refund,Still waiting for my refund after 2 weeks!,0,3
493403,No Issue,"No issues, smooth transactions every time.",0,4
374185,No Issue,"Everything went smoothly, highly recommended.",0,4
309867,Billing Issue,Had to call multiple times for a simple billing issue!,0,0
398177,Late Refund,"Refund process is very slow, not happy!",0,3
510769,Late Refund,"Refund process is very slow, not happy!",0,3
888616,Customer Support Issue,Support team was responsive and helpful.,0,1
424485,Service Quality,I'm disappointed with the overall experience!,0,5
888456,Late Refund,"Refund process is very slow, not happy!",0,3
659000,Late Refund,Finally got my refund after multiple calls.,0,3
570042,Late Refund,Still waiting for my refund after 2 weeks!,0,3
385623,Service Quality,The service was too slow and unprofessional!,0,5
810140,Customer Support Issue,"Long wait time for support, very frustrating!",0,1
386921,Service Quality,Quality of service was not up to the mark!,0,5
430743,Billing Issue,Had to call multiple times for a simple billing issue!,0,0
429888,No Issue,"Happy with the service, would recommend.",0,4
606117,Billing Issue,"Incorrect amount charged, need a refund!",0,0
520100,No Issue,"Happy with the service, would recommend.",0,4
103598,Customer Support Issue,"Long wait time for support, very frustrating!",0,1
444794,Service Quality,Service was excellent and very professional.,0,5
489531,Late Refund,Still waiting for my refund after 2 weeks!,0,3
632577,Customer Support Issue,Customer service was rude and unhelpful!,0,1
471707,Customer Support Issue,Support team was responsive and helpful.,0,1
621400,Late Refund,Still waiting for my refund after 2 weeks!,0,3
456797,Service Quality,I'm disappointed with the overall experience!,0,5
810738,No Issue,"Great experience, very satisfied!",0,4
478323,Late Refund,Finally got my refund after multiple calls.,0,3
426651,Late Refund,"Refund process is very slow, not happy!",0,3
535590,Customer Support Issue,"Long wait time for support, very frustrating!",0,1
597019,Service Quality,Service was excellent and very professional.,0,5
354426,Service Quality,"Very satisfied with the service, will recommend!",0,5
914105,Late Refund,Still waiting for my refund after 2 weeks!,0,3
425337,Billing Issue,"Billing discrepancy, support is not helping!",0,0
433526,Customer Support Issue,Support team was responsive and helpful.,0,1
365067,Service Quality,I'm disappointed with the overall experience!,0,5
888376,Service Quality,The service was too slow and unprofessional!,0,5
441431,Billing Issue,Had to call multiple times for a simple billing issue!,0,0
671853,Service Quality,"Very satisfied with the service, will recommend!",0,5
573340,Billing Issue,Had to call multiple times for a simple billing issue!,0,0
358496,Billing Issue,"Incorrect amount charged, need a refund!",0,0
606457,Service Quality,Service was excellent and very professional.,0,5
378833,Late Refund,Finally got my refund after multiple calls.,0,3
498935,Customer Support Issue,"Long wait time for support, very frustrating!",0,1
349622,Service Quality,I'm disappointed with the overall experience!,0,5
346455,Service Quality,"Very satisfied with the service, will recommend!",0,5
506768,No Issue,"Great experience, very satisfied!",0,4
762394,Late Refund,Still waiting for my refund after 2 weeks!,0,3
466810,No Issue,Customer support was helpful in resolving my concern.,0,4
567772,Customer Support Issue,Support team was responsive and helpful.,0,1
343174,Late Refund,"Refund process is very slow, not happy!",0,3
648270,Customer Support Issue,Customer service was rude and unhelpful!,0,1
496929,Service Quality,Quality of service was not up to the mark!,0,5
544321,Billing Issue,"Billing discrepancy, support is not helping!",0,0
384383,No Issue,"Happy with the service, would recommend.",0,4
395349,Late Refund,Finally got my refund after multiple calls.,0,3
447980,No Issue,"Everything went smoothly, highly recommended.",0,4
479283,Billing Issue,"Incorrect amount charged, need a refund!",0,0
649287,No Issue,Customer support was helpful in resolving my concern.,0,4
640128,Customer Support Issue,Support team was responsive and helpful.,0,1
342731,Customer Support Issue,Customer service was rude and unhelpful!,0,1
356940,Billing Issue,"Billing discrepancy, support is not helping!",0,0
503987,Billing Issue,"Incorrect amount charged, need a refund!",0,0
430291,Late Refund,"Refund process is very slow, not happy!",0,3
431271,Billing Issue,"Incorrect amount charged, need a refund!",0,0
438498,Late Refund,Still waiting for my refund after 2 weeks!,0,3
506070,Customer Support Issue,Support team was responsive and helpful.,0,1
378586,Billing Issue,Had to call multiple times for a simple billing issue!,0,0
300126,No Issue,"Everything went smoothly, highly recommended.",0,4
654885,No Issue,"Great experience, very satisfied!",0,4
645583,Service Quality,Service was excellent and very professional.,0,5
813867,No Issue,Customer support was helpful in resolving my concern.,0,4
888472,Customer Support Issue,"Long wait time for support, very frustrating!",0,1
108162,Service Quality,"Very satisfied with the service, will recommend!",0,5
388410,No Issue,"Great experience, very satisfied!",0,4
344089,No Issue,"No issues, smooth transactions every time.",0,4
813508,Customer Support Issue,"Long wait time for support, very frustrating!",0,1
451530,Billing Issue,"Incorrect amount charged, need a refund!",0,0
647723,Customer Support Issue,Support team was responsive and helpful.,0,1
361409,Billing Issue,"Incorrect amount charged, need a refund!",0,0
659714,Billing Issue,"Incorrect amount charged, need a refund!",0,0
642165,Service Quality,I'm disappointed with the overall experience!,0,5
369294,Customer Support Issue,Support team was responsive and helpful.,0,1
653930,No Issue,Customer support was helpful in resolving my concern.,0,4
477411,Late Refund,"Refund process is very slow, not happy!",0,3
357384,Service Quality,"Very satisfied with the service, will recommend!",0,5
532663,Service Quality,I'm disappointed with the overall experience!,0,5
816596,No Issue,"Happy with the service, would recommend.",0,4
334954,Service Quality,I'm disappointed with the overall experience!,0,5
100653,Customer Support Issue,Support team was responsive and helpful.,0,1
369468,Service Quality,"Very satisfied with the service, will recommend!",0,5
391647,Billing Issue,"Incorrect amount charged, need a refund!",0,0
431853,Late Refund,"Refund process is very slow, not happy!",0,3
559104,Customer Support Issue,Customer service was rude and unhelpful!,0,1
372314,Service Quality,"Very satisfied with the service, will recommend!",0,5
429895,Service Quality,Service was excellent and very professional.,0,5
627392,Late Refund,"Refund process is very slow, not happy!",0,3
659338,No Issue,"Happy with the service, would recommend.",0,4
482120,Late Refund,"Refund process is very slow, not happy!",0,3
503059,Late Refund,"Refund process is very slow, not happy!",0,3
346727,Customer Support Issue,Support team was responsive and helpful.,0,1
557435,No Issue,"Everything went smoothly, highly recommended.",0,4
600461,Late Refund,Still waiting for my refund after 2 weeks!,0,3
474589,Customer Support Issue,"Long wait time for support, very frustrating!",0,1
672188,Billing Issue,Had to call multiple times for a simple billing issue!,0,0
623050,No Issue,"Great experience, very satisfied!",0,4
511666,No Issue,"Great experience, very satisfied!",0,4
353111,Billing Issue,Had to call multiple times for a simple billing issue!,0,0
366086,Late Refund,Finally got my refund after multiple calls.,0,3
396049,Service Quality,Quality of service was not up to the mark!,0,5
545381,Billing Issue,"Incorrect amount charged, need a refund!",0,0
622148,Late Refund,Still waiting for my refund after 2 weeks!,0,3
222693,Customer Support Issue,Customer service was rude and unhelpful!,0,1
812929,Billing Issue,"Incorrect amount charged, need a refund!",0,0
589666,Late Refund,Finally got my refund after multiple calls.,0,3
344245,No Issue,"Happy with the service, would recommend.",0,4
579004,Billing Issue,"Incorrect amount charged, need a refund!",0,0
583443,Service Quality,Service was excellent and very professional.,0,5
557101,Customer Support Issue,"Long wait time for support, very frustrating!",0,1
665942,No Issue,"Great experience, very satisfied!",0,4
405402,No Issue,"Great experience, very satisfied!",0,4
509498,Customer Support Issue,Support team was responsive and helpful.,0,1
811108,No Issue,Customer support was helpful in resolving my concern.,0,4
407212,Billing Issue,"Billing discrepancy, support is not helping!",0,0
441979,Late Refund,Finally got my refund after multiple calls.,0,3
640932,Service Quality,"Very satisfied with the service, will recommend!",0,5
594032,Billing Issue,Had to call multiple times for a simple billing issue!,0,0
383953,Late Refund,Finally got my refund after multiple calls.,0,3
812538,No Issue,Customer support was helpful in resolving my concern.,0,4
594355,Late Refund,"Refund process is very slow, not happy!",0,3
592564,No Issue,"No issues, smooth transactions every time.",0,4
396313,Late Refund,Still waiting for my refund after 2 weeks!,0,3
127809,No Issue,"Happy with the service, would recommend.",0,4
392159,Service Quality,I'm disappointed with the overall experience!,0,5
587972,No Issue,"Great experience, very satisfied!",0,4
446059,Billing Issue,"Incorrect amount charged, need a refund!",0,0
394162,Billing Issue,"Incorrect amount charged, need a refund!",0,0
366428,No Issue,"Great experience, very satisfied!",0,4
420005,Late Refund,Still waiting for my refund after 2 weeks!,0,3
438316,Billing Issue,Had to call multiple times for a simple billing issue!,0,0
577988,Customer Support Issue,Support team was responsive and helpful.,0,1
817037,Billing Issue,"Incorrect amount charged, need a refund!",0,0
392434,Service Quality,The service was too slow and unprofessional!,0,5
520830,Billing Issue,"Incorrect amount charged, need a refund!",0,0
398896,Billing Issue,"Incorrect amount charged, need a refund!",0,0
775704,Customer Support Issue,Customer service was rude and unhelpful!,0,1
520541,No Issue,"Everything went smoothly, highly recommended.",0,4
399290,Late Refund,Still waiting for my refund after 2 weeks!,0,3
405038,No Issue,"Happy with the service, would recommend.",0,4
588329,Customer Support Issue,Support team was responsive and helpful.,0,1
590147,Customer Support Issue,Customer service was rude and unhelpful!,0,1
461820,Customer Support Issue,Support team was responsive and helpful.,0,1
346095,Billing Issue,"Incorrect amount charged, need a refund!",0,0
334745,Billing Issue,"Billing discrepancy, support is not helping!",0,0
589775,Customer Support Issue,"Long wait time for support, very frustrating!",0,1
599834,Customer Support Issue,Customer service was rude and unhelpful!,0,1
642208,Billing Issue,Had to call multiple times for a simple billing issue!,0,0
658962,Customer Support Issue,Customer service was rude and unhelpful!,0,1
508700,Billing Issue,Had to call multiple times for a simple billing issue!,0,0
425257,Service Quality,Quality of service was not up to the mark!,0,5
381398,Late Refund,"Refund process is very slow, not happy!",0,3
390304,Service Quality,The service was too slow and unprofessional!,0,5
369670,Service Quality,"Very satisfied with the service, will recommend!",0,5
112728,Billing Issue,Had to call multiple times for a simple billing issue!,0,0
363604,Late Refund,Finally got my refund after multiple calls.,0,3
366801,Late Refund,Finally got my refund after multiple calls.,0,3
100553,Service Quality,The service was too slow and unprofessional!,0,5
536900,No Issue,"No issues, smooth transactions every time.",0,4
441495,No Issue,"Everything went smoothly, highly recommended.",0,4
367285,Service Quality,Service was excellent and very professional.,0,5
515286,Billing Issue,Had to call multiple times for a simple billing issue!,0,0
472099,Customer Support Issue,"Long wait time for support, very frustrating!",0,1
443409,Customer Support Issue,Customer service was rude and unhelpful!,0,1
411330,Late Refund,Still waiting for my refund after 2 weeks!,0,3
395419,Billing Issue,"Incorrect amount charged, need a refund!",0,0
435258,Customer Support Issue,Support team was responsive and helpful.,0,1
511330,Service Quality,Service was excellent and very professional.,0,5
588581,No Issue,Customer support was helpful in resolving my concern.,0,4
181314,Late Refund,"Refund process is very slow, not happy!",0,3
955895,Service Quality,Service was excellent and very professional.,0,5
378421,Service Quality,Quality of service was not up to the mark!,0,5
552253,No Issue,"Everything went smoothly, highly recommended.",0,4
459101,Billing Issue,Had to call multiple times for a simple billing issue!,0,0
346188,Service Quality,Quality of service was not up to the mark!,0,5
365895,No Issue,"No issues, smooth transactions every time.",0,4
354832,Customer Support Issue,"Long wait time for support, very frustrating!",0,1
374122,Late Refund,Finally got my refund after multiple calls.,0,3
349913,Late Refund,"Refund process is very slow, not happy!",0,3
378476,Late Refund,"Refund process is very slow, not happy!",0,3
375274,No Issue,"Great experience, very satisfied!",0,4
644707,Customer Support Issue,Customer service was rude and unhelpful!,0,1
627668,Customer Support Issue,Support team was responsive and helpful.,0,1
522287,No Issue,Customer support was helpful in resolving my concern.,0,4
495682,Customer Support Issue,Customer service was rude and unhelpful!,0,1
489239,Service Quality,"Very satisfied with the service, will recommend!",0,5
641927,Late Refund,Finally got my refund after multiple calls.,0,3
652556,Late Refund,Still waiting for my refund after 2 weeks!,0,3
813477,Service Quality,"Very satisfied with the service, will recommend!",0,5
819337,Customer Support Issue,Customer service was rude and unhelpful!,0,1
816720,Customer Support Issue,"Long wait time for support, very frustrating!",0,1
542356,No Issue,"Everything went smoothly, highly recommended.",0,4
343561,Customer Support Issue,Customer service was rude and unhelpful!,0,1
628117,Customer Support Issue,Support team was responsive and helpful.,0,1
955837,Late Refund,"Refund process is very slow, not happy!",0,3
354807,Billing Issue,Had to call multiple times for a simple billing issue!,0,0
390799,Late Refund,Finally got my refund after multiple calls.,0,3
472747,Service Quality,The service was too slow and unprofessional!,0,5
424688,Late Refund,Still waiting for my refund after 2 weeks!,0,3
499569,No Issue,"Great experience, very satisfied!",0,4
347044,Service Quality,The service was too slow and unprofessional!,0,5
372003,Customer Support Issue,Customer service was rude and unhelpful!,0,1
463760,No Issue,"Happy with the service, would recommend.",0,4
562372,Service Quality,"Very satisfied with the service, will recommend!",0,5
473275,Late Refund,Finally got my refund after multiple calls.,0,3
487191,Late Refund,Finally got my refund after multiple calls.,0,3
384037,No Issue,"Happy with the service, would recommend.",0,4
353875,Billing Issue,Had to call multiple times for a simple billing issue!,0,0
503333,Billing Issue,Had to call multiple times for a simple billing issue!,0,0
393602,Late Refund,"Refund process is very slow, not happy!",0,3
654144,Service Quality,Service was excellent and very professional.,0,5
412954,Service Quality,Service was excellent and very professional.,0,5
457819,No Issue,Customer support was helpful in resolving my concern.,0,4
547005,No Issue,"Happy with the service, would recommend.",0,4
659710,No Issue,Customer support was helpful in resolving my concern.,0,4
815742,Late Refund,Finally got my refund after multiple calls.,0,3
155602,Billing Issue,Had to call multiple times for a simple billing issue!,0,0
525279,Service Quality,Quality of service was not up to the mark!,0,5
541527,No Issue,"Everything went smoothly, highly recommended.",0,4
403250,Service Quality,Quality of service was not up to the mark!,0,5
345007,No Issue,"No issues, smooth transactions every time.",0,4
103490,Customer Support Issue,Customer service was rude and unhelpful!,0,1
500815,No Issue,"No issues, smooth transactions every time.",0,4
596908,No Issue,"Great experience, very satisfied!",0,4
593447,Late Refund,Finally got my refund after multiple calls.,0,3
728126,Late Refund,Still waiting for my refund after 2 weeks!,0,3
735010,Customer Support Issue,Customer service was rude and unhelpful!,0,1
581244,No Issue,"Great experience, very satisfied!",0,4
424829,Billing Issue,"Billing discrepancy, support is not helping!",0,0
811904,No Issue,"Happy with the service, would recommend.",0,4
497984,Service Quality,The service was too slow and unprofessional!,0,5
567282,Service Quality,Quality of service was not up to the mark!,0,5
540697,Billing Issue,Had to call multiple times for a simple billing issue!,0,0
362585,Service Quality,Quality of service was not up to the mark!,0,5
578109,Service Quality,The service was too slow and unprofessional!,0,5
421175,Service Quality,The service was too slow and unprofessional!,0,5
445167,Customer Support Issue,"Long wait time for support, very frustrating!",0,1
625627,Billing Issue,"Billing discrepancy, support is not helping!",0,0
576283,Late Refund,Still waiting for my refund after 2 weeks!,0,3
408034,No Issue,"No issues, smooth transactions every time.",0,4
553542,Service Quality,I'm disappointed with the overall experience!,0,5
127598,No Issue,"No issues, smooth transactions every time.",0,4
429498,Billing Issue,"Incorrect amount charged, need a refund!",0,0
220014,No Issue,"Happy with the service, would recommend.",0,4
433758,Billing Issue,"Incorrect amount charged, need a refund!",0,0
341044,Customer Support Issue,Support team was responsive and helpful.,0,1
590032,Late Refund,Finally got my refund after multiple calls.,0,3
438067,Customer Support Issue,"Long wait time for support, very frustrating!",0,1
816262,Customer Support Issue,Support team was responsive and helpful.,0,1
345271,Late Refund,Still waiting for my refund after 2 weeks!,0,3
362793,Late Refund,Finally got my refund after multiple calls.,0,3
403324,No Issue,"Happy with the service, would recommend.",0,4
624823,Billing Issue,"Billing discrepancy, support is not helping!",0,0
386216,Billing Issue,Had to call multiple times for a simple billing issue!,0,0
300875,Late Refund,"Refund process is very slow, not happy!",0,3
401546,Billing Issue,Had to call multiple times for a simple billing issue!,0,0
491275,Customer Support Issue,Customer service was rude and unhelpful!,0,1
395799,Late Refund,Finally got my refund after multiple calls.,0,3
811087,Customer Support Issue,"Long wait time for support, very frustrating!",0,1
436206,Billing Issue,"Incorrect amount charged, need a refund!",0,0
608342,Late Refund,Finally got my refund after multiple calls.,0,3
371446,Service Quality,The service was too slow and unprofessional!,0,5
460323,Customer Support Issue,Support team was responsive and helpful.,0,1
388949,Customer Support Issue,"Long wait time for support, very frustrating!",0,1
348537,Late Refund,"Refund process is very slow, not happy!",0,3
357470,Customer Support Issue,Customer service was rude and unhelpful!,0,1
562219,Service Quality,I'm disappointed with the overall experience!,0,5
434421,Billing Issue,"Incorrect amount charged, need a refund!",0,0
601933,No Issue,"Great experience, very satisfied!",0,4
654725,Late Refund,Finally got my refund after multiple calls.,0,3
391580,Customer Support Issue,Support team was responsive and helpful.,0,1
361106,Customer Support Issue,Customer service was rude and unhelpful!,0,1
558015,No Issue,"Great experience, very satisfied!",0,4
508225,Late Refund,"Refund process is very slow, not happy!",0,3
672199,Billing Issue,"Incorrect amount charged, need a refund!",0,0
622822,No Issue,"Everything went smoothly, highly recommended.",0,4
360091,No Issue,"No issues, smooth transactions every time.",0,4
508016,Service Quality,Quality of service was not up to the mark!,0,5
505887,Late Refund,Still waiting for my refund after 2 weeks!,0,3
482759,Late Refund,Still waiting for my refund after 2 weeks!,0,3
309289,No Issue,"Great experience, very satisfied!",0,4
181395,Billing Issue,"Incorrect amount charged, need a refund!",0,0
447408,Late Refund,Finally got my refund after multiple calls.,0,3
626166,Customer Support Issue,Support team was responsive and helpful.,0,1
437025,No Issue,"Happy with the service, would recommend.",0,4
548973,Late Refund,Finally got my refund after multiple calls.,0,3
371851,No Issue,"Everything went smoothly, highly recommended.",0,4
472632,Billing Issue,"Billing discrepancy, support is not helping!",0,0
472599,Service Quality,Quality of service was not up to the mark!,0,5
354693,Billing Issue,"Incorrect amount charged, need a refund!",0,0
406671,Service Quality,Quality of service was not up to the mark!,0,5
545363,Service Quality,"Very satisfied with the service, will recommend!",0,5
393968,Customer Support Issue,Support team was responsive and helpful.,0,1
382743,Late Refund,Finally got my refund after multiple calls.,0,3
641069,Customer Support Issue,"Long wait time for support, very frustrating!",0,1
386226,Customer Support Issue,Customer service was rude and unhelpful!,0,1
422849,Service Quality,Service was excellent and very professional.,0,5
379774,Billing Issue,"Incorrect amount charged, need a refund!",0,0
344947,No Issue,"Happy with the service, would recommend.",0,4
990128,No Issue,"Everything went smoothly, highly recommended.",0,4
811251,No Issue,"No issues, smooth transactions every time.",0,4
342377,No Issue,"Everything went smoothly, highly recommended.",0,4
509860,Service Quality,Service was excellent and very professional.,0,5
651457,No Issue,"No issues, smooth transactions every time.",0,4
636500,No Issue,"Everything went smoothly, highly recommended.",0,4
627296,Late Refund,"Refund process is very slow, not happy!",0,3
361116,Customer Support Issue,Customer service was rude and unhelpful!,0,1
452288,Billing Issue,Had to call multiple times for a simple billing issue!,0,0
566454,No Issue,"Great experience, very satisfied!",0,4
373118,Billing Issue,"Billing discrepancy, support is not helping!",0,0
371342,Late Refund,Finally got my refund after multiple calls.,0,3
647903,Late Refund,Still waiting for my refund after 2 weeks!,0,3
594243,Late Refund,Finally got my refund after multiple calls.,0,3
558167,Late Refund,"Refund process is very slow, not happy!",0,3
376179,Customer Support Issue,Support team was responsive and helpful.,0,1
305572,Billing Issue,Had to call multiple times for a simple billing issue!,0,0
451471,Late Refund,Still waiting for my refund after 2 weeks!,0,3
425014,Late Refund,"Refund process is very slow, not happy!",0,3
624764,Service Quality,I'm disappointed with the overall experience!,0,5
476252,Customer Support Issue,Support team was responsive and helpful.,0,1
593933,No Issue,"No issues, smooth transactions every time.",0,4
319276,No Issue,"Happy with the service, would recommend.",0,4
346666,Late Refund,Finally got my refund after multiple calls.,0,3
567450,Service Quality,The service was too slow and unprofessional!,0,5
442218,Billing Issue,"Billing discrepancy, support is not helping!",0,0
505980,Service Quality,The service was too slow and unprofessional!,0,5
597098,Late Refund,Finally got my refund after multiple calls.,0,3
347058,Late Refund,Still waiting for my refund after 2 weeks!,0,3
607202,Customer Support Issue,Customer service was rude and unhelpful!,0,1
551380,Service Quality,I'm disappointed with the overall experience!,0,5
380920,Billing Issue,Had to call multiple times for a simple billing issue!,0,0
484943,Late Refund,"Refund process is very slow, not happy!",0,3
302908,Billing Issue,"Billing discrepancy, support is not helping!",0,0
372249,No Issue,"Great experience, very satisfied!",0,4
363824,Billing Issue,Had to call multiple times for a simple billing issue!,0,0
815658,Service Quality,Quality of service was not up to the mark!,0,5
363632,Billing Issue,Had to call multiple times for a simple billing issue!,0,0
362696,No Issue,"Happy with the service, would recommend.",0,4
428248,Service Quality,Quality of service was not up to the mark!,0,5
654821,Service Quality,I'm disappointed with the overall experience!,0,5
426936,Billing Issue,"Billing discrepancy, support is not helping!",0,0
536459,Customer Support Issue,"Long wait time for support, very frustrating!",0,1
648629,Customer Support Issue,Support team was responsive and helpful.,0,1
347482,Late Refund,"Refund process is very slow, not happy!",0,3
358213,No Issue,"Happy with the service, would recommend.",0,4
357303,Late Refund,Still waiting for my refund after 2 weeks!,0,3
433766,Billing Issue,Had to call multiple times for a simple billing issue!,0,0
639350,No Issue,"No issues, smooth transactions every time.",0,4
543414,No Issue,"Happy with the service, would recommend.",0,4
526002,Service Quality,Service was excellent and very professional.,0,5
489155,Late Refund,Finally got my refund after multiple calls.,0,3
485142,No Issue,"No issues, smooth transactions every time.",0,4
103979,Service Quality,"Very satisfied with the service, will recommend!",0,5
423003,Late Refund,Finally got my refund after multiple calls.,0,3
453039,Late Refund,"Refund process is very slow, not happy!",0,3
422672,Service Quality,The service was too slow and unprofessional!,0,5
482035,Late Refund,Finally got my refund after multiple calls.,0,3
431636,Service Quality,Quality of service was not up to the mark!,0,5
647554,No Issue,"No issues, smooth transactions every time.",0,4
346230,Billing Issue,Had to call multiple times for a simple billing issue!,0,0
478243,Customer Support Issue,"Long wait time for support, very frustrating!",0,1
566250,Service Quality,"Very satisfied with the service, will recommend!",0,5
740330,Service Quality,Quality of service was not up to the mark!,0,5
390665,Customer Support Issue,Support team was responsive and helpful.,0,1
387650,No Issue,"Great experience, very satisfied!",0,4
367447,Billing Issue,"Incorrect amount charged, need a refund!",0,0
374255,Customer Support Issue,Customer service was rude and unhelpful!,0,1
466800,Customer Support Issue,Customer service was rude and unhelpful!,0,1
360034,Late Refund,Finally got my refund after multiple calls.,0,3
621664,No Issue,Customer support was helpful in resolving my concern.,0,4
603556,Customer Support Issue,Support team was responsive and helpful.,0,1
608291,Late Refund,Still waiting for my refund after 2 weeks!,0,3
672623,Service Quality,"Very satisfied with the service, will recommend!",0,5
551714,Late Refund,Finally got my refund after multiple calls.,0,3
492947,Service Quality,I'm disappointed with the overall experience!,0,5
406352,No Issue,"No issues, smooth transactions every time.",0,4
446903,Billing Issue,"Billing discrepancy, support is not helping!",0,0
372859,Service Quality,Quality of service was not up to the mark!,0,5
373233,Late Refund,Still waiting for my refund after 2 weeks!,0,3
519808,Billing Issue,"Billing discrepancy, support is not helping!",0,0
545198,No Issue,"Happy with the service, would recommend.",0,4
340152,No Issue,"Happy with the service, would recommend.",0,4
161709,No Issue,"Great experience, very satisfied!",0,4
361920,Billing Issue,Had to call multiple times for a simple billing issue!,0,0
367544,Service Quality,Quality of service was not up to the mark!,0,5
358568,Late Refund,"Refund process is very slow, not happy!",0,3
518859,Service Quality,Quality of service was not up to the mark!,0,5
383751,Service Quality,I'm disappointed with the overall experience!,0,5
116964,No Issue,"Great experience, very satisfied!",0,4
506213,Late Refund,Still waiting for my refund after 2 weeks!,0,3
814859,Service Quality,The service was too slow and unprofessional!,0,5
448179,Service Quality,Quality of service was not up to the mark!,0,5
514591,Service Quality,"Very satisfied with the service, will recommend!",0,5
665676,Customer Support Issue,Customer service was rude and unhelpful!,0,1
819129,Late Refund,Still waiting for my refund after 2 weeks!,0,3
541925,Billing Issue,Had to call multiple times for a simple billing issue!,0,0
349100,Billing Issue,"Incorrect amount charged, need a refund!",0,0
441332,Billing Issue,"Incorrect amount charged, need a refund!",0,0
819161,Service Quality,Quality of service was not up to the mark!,0,5
628111,Service Quality,I'm disappointed with the overall experience!,0,5
483858,Customer Support Issue,Support team was responsive and helpful.,0,1
103356,No Issue,"Happy with the service, would recommend.",0,4
439090,Service Quality,"Very satisfied with the service, will recommend!",0,5
366479,No Issue,"Happy with the service, would recommend.",0,4
374520,Service Quality,Service was excellent and very professional.,0,5
388102,No Issue,Customer support was helpful in resolving my concern.,0,4
464185,Billing Issue,"Billing discrepancy, support is not helping!",0,0
651512,No Issue,"Great experience, very satisfied!",0,4
586215,Customer Support Issue,"Long wait time for support, very frustrating!",0,1
605404,Late Refund,Finally got my refund after multiple calls.,0,3
659516,Billing Issue,"Billing discrepancy, support is not helping!",0,0
486643,No Issue,Customer support was helpful in resolving my concern.,0,4
818617,Service Quality,I'm disappointed with the overall experience!,0,5
747660,Customer Support Issue,Support team was responsive and helpful.,0,1
652027,Late Refund,Still waiting for my refund after 2 weeks!,0,3
349626,Customer Support Issue,"Long wait time for support, very frustrating!",0,1
654449,Customer Support Issue,Support team was responsive and helpful.,0,1
504163,Late Refund,Still waiting for my refund after 2 weeks!,0,3
420666,Billing Issue,"Billing discrepancy, support is not helping!",0,0
438576,Customer Support Issue,Support team was responsive and helpful.,0,1
442805,No Issue,"Everything went smoothly, highly recommended.",0,4
469057,Late Refund,"Refund process is very slow, not happy!",0,3
485638,Service Quality,Quality of service was not up to the mark!,0,5
546304,Service Quality,Quality of service was not up to the mark!,0,5
382582,Late Refund,"Refund process is very slow, not happy!",0,3
416391,Customer Support Issue,Support team was responsive and helpful.,0,1
672950,Late Refund,Finally got my refund after multiple calls.,0,3
368983,Billing Issue,"Billing discrepancy, support is not helping!",0,0
354821,Billing Issue,"Billing discrepancy, support is not helping!",0,0
353932,Customer Support Issue,Customer service was rude and unhelpful!,0,1
511489,No Issue,"Everything went smoothly, highly recommended.",0,4
468687,Late Refund,Finally got my refund after multiple calls.,0,3
356102,Service Quality,Service was excellent and very professional.,0,5
655169,Customer Support Issue,"Long wait time for support, very frustrating!",0,1
400051,Service Quality,I'm disappointed with the overall experience!,0,5
499790,Service Quality,Service was excellent and very professional.,0,5
543580,No Issue,Customer support was helpful in resolving my concern.,0,4
657087,Billing Issue,Had to call multiple times for a simple billing issue!,0,0
445767,Billing Issue,"Billing discrepancy, support is not helping!",0,0
428755,Customer Support Issue,"Long wait time for support, very frustrating!",0,1
410594,Late Refund,Still waiting for my refund after 2 weeks!,0,3
390744,Service Quality,"Very satisfied with the service, will recommend!",0,5
672958,Late Refund,Still waiting for my refund after 2 weeks!,0,3
393112,Customer Support Issue,"Long wait time for support, very frustrating!",0,1
608851,No Issue,"No issues, smooth transactions every time.",0,4
495634,Service Quality,Quality of service was not up to the mark!,0,5
103678,Late Refund,Finally got my refund after multiple calls.,0,3
396938,Service Quality,The service was too slow and unprofessional!,0,5
443298,Service Quality,Quality of service was not up to the mark!,0,5
599894,Late Refund,"Refund process is very slow, not happy!",0,3
607799,No Issue,Customer support was helpful in resolving my concern.,0,4
817404,No Issue,"Happy with the service, would recommend.",0,4
777739,Billing Issue,"Incorrect amount charged, need a refund!",0,0
600466,Billing Issue,"Incorrect amount charged, need a refund!",0,0
415486,Customer Support Issue,"Long wait time for support, very frustrating!",0,1
389360,Service Quality,"Very satisfied with the service, will recommend!",0,5
379939,Late Refund,Finally got my refund after multiple calls.,0,3
476898,Late Refund,"Refund process is very slow, not happy!",0,3
443071,Customer Support Issue,Customer service was rude and unhelpful!,0,1
340823,Late Refund,"Refund process is very slow, not happy!",0,3
654490,Billing Issue,"Incorrect amount charged, need a refund!",0,0
654603,No Issue,Customer support was helpful in resolving my concern.,0,4
387578,Billing Issue,"Incorrect amount charged, need a refund!",0,0
546518,Service Quality,I'm disappointed with the overall experience!,0,5
526374,Late Refund,Finally got my refund after multiple calls.,0,3
817099,No Issue,Customer support was helpful in resolving my concern.,0,4
560298,Service Quality,I'm disappointed with the overall experience!,0,5
394029,Late Refund,Still waiting for my refund after 2 weeks!,0,3
342258,Billing Issue,"Incorrect amount charged, need a refund!",0,0
366583,Billing Issue,"Billing discrepancy, support is not helping!",0,0
379550,Customer Support Issue,Customer service was rude and unhelpful!,0,1
391850,Customer Support Issue,Customer service was rude and unhelpful!,0,1
455460,Customer Support Issue,Customer service was rude and unhelpful!,0,1
422365,Billing Issue,Had to call multiple times for a simple billing issue!,0,0
571222,Customer Support Issue,Customer service was rude and unhelpful!,0,1
483656,Billing Issue,"Incorrect amount charged, need a refund!",0,0
587299,Billing Issue,"Incorrect amount charged, need a refund!",0,0
526851,Customer Support Issue,"Long wait time for support, very frustrating!",0,1
579942,Late Refund,Still waiting for my refund after 2 weeks!,0,3
358129,Service Quality,Quality of service was not up to the mark!,0,5
442224,No Issue,"Everything went smoothly, highly recommended.",0,4
462749,Billing Issue,Had to call multiple times for a simple billing issue!,0,0
512700,No Issue,"No issues, smooth transactions every time.",0,4
421171,No Issue,Customer support was helpful in resolving my concern.,0,4
416721,Late Refund,"Refund process is very slow, not happy!",0,3
412859,Billing Issue,"Billing discrepancy, support is not helping!",0,0
585414,Billing Issue,Had to call multiple times for a simple billing issue!,0,0
550882,Customer Support Issue,"Long wait time for support, very frustrating!",0,1
603197,Customer Support Issue,"Long wait time for support, very frustrating!",0,1
659273,Late Refund,Finally got my refund after multiple calls.,0,3
624682,Late Refund,Still waiting for my refund after 2 weeks!,0,3
485465,Service Quality,The service was too slow and unprofessional!,0,5
418062,Customer Support Issue,"Long wait time for support, very frustrating!",0,1
575742,Service Quality,The service was too slow and unprofessional!,0,5
505565,Billing Issue,Had to call multiple times for a simple billing issue!,0,0
775920,No Issue,"No issues, smooth transactions every time.",0,4
818395,No Issue,Customer support was helpful in resolving my concern.,0,4
427825,Customer Support Issue,Support team was responsive and helpful.,0,1
546151,Late Refund,"Refund process is very slow, not happy!",0,3
414238,No Issue,"No issues, smooth transactions every time.",0,4
346436,No Issue,"No issues, smooth transactions every time.",0,4
578231,Customer Support Issue,Support team was responsive and helpful.,0,1
559825,Customer Support Issue,Support team was responsive and helpful.,0,1
451959,Service Quality,"Very satisfied with the service, will recommend!",0,5
559507,Service Quality,Quality of service was not up to the mark!,0,5
490594,Customer Support Issue,Support team was responsive and helpful.,0,1
404353,Late Refund,Still waiting for my refund after 2 weeks!,0,3
540776,No Issue,"Great experience, very satisfied!",0,4
490949,Billing Issue,"Incorrect amount charged, need a refund!",0,0
533093,Service Quality,"Very satisfied with the service, will recommend!",0,5
448566,Billing Issue,Had to call multiple times for a simple billing issue!,0,0
370283,Customer Support Issue,Customer service was rude and unhelpful!,0,1
539494,Service Quality,"Very satisfied with the service, will recommend!",0,5
526583,Billing Issue,Had to call multiple times for a simple billing issue!,0,0
432796,Customer Support Issue,Customer service was rude and unhelpful!,0,1
819771,No Issue,Customer support was helpful in resolving my concern.,0,4
463473,Late Refund,Still waiting for my refund after 2 weeks!,0,3
496424,Billing Issue,Had to call multiple times for a simple billing issue!,0,0
436622,Customer Support Issue,Customer service was rude and unhelpful!,0,1
409064,Billing Issue,"Billing discrepancy, support is not helping!",0,0
373993,No Issue,"No issues, smooth transactions every time.",0,4
369639,Customer Support Issue,Support team was responsive and helpful.,0,1
100021,Service Quality,The service was too slow and unprofessional!,0,5
551700,Service Quality,I'm disappointed with the overall experience!,0,5
708318,Late Refund,Still waiting for my refund after 2 weeks!,0,3
623145,Late Refund,Finally got my refund after multiple calls.,0,3
818649,Service Quality,The service was too slow and unprofessional!,0,5
378424,No Issue,"Everything went smoothly, highly recommended.",0,4
304081,Billing Issue,Had to call multiple times for a simple billing issue!,0,0
447270,No Issue,"No issues, smooth transactions every time.",0,4
538035,Late Refund,Still waiting for my refund after 2 weeks!,0,3
424401,Service Quality,Quality of service was not up to the mark!,0,5
477580,Billing Issue,Had to call multiple times for a simple billing issue!,0,0
498093,Service Quality,Quality of service was not up to the mark!,0,5
533759,Service Quality,Service was excellent and very professional.,0,5
300552,Customer Support Issue,"Long wait time for support, very frustrating!",0,1
644943,Billing Issue,"Billing discrepancy, support is not helping!",0,0
474751,Late Refund,Still waiting for my refund after 2 weeks!,0,3
647893,Billing Issue,Had to call multiple times for a simple billing issue!,0,0
506569,No Issue,"Happy with the service, would recommend.",0,4
391847,No Issue,"No issues, smooth transactions every time.",0,4
305561,Late Refund,"Refund process is very slow, not happy!",0,3
468431,Customer Support Issue,Support team was responsive and helpful.,0,1
489838,Customer Support Issue,Customer service was rude and unhelpful!,0,1
466251,Customer Support Issue,Support team was responsive and helpful.,0,1
657029,Late Refund,Finally got my refund after multiple calls.,0,3
354855,Billing Issue,"Billing discrepancy, support is not helping!",0,0
429479,Late Refund,Still waiting for my refund after 2 weeks!,0,3
517917,Late Refund,Still waiting for my refund after 2 weeks!,0,3
503418,Customer Support Issue,Support team was responsive and helpful.,0,1
341188,No Issue,"Great experience, very satisfied!",0,4
342190,No Issue,"Everything went smoothly, highly recommended.",0,4
654578,Customer Support Issue,"Long wait time for support, very frustrating!",0,1
583353,Billing Issue,"Billing discrepancy, support is not helping!",0,0
471476,Customer Support Issue,Customer service was rude and unhelpful!,0,1
543954,Service Quality,Quality of service was not up to the mark!,0,5
502936,Billing Issue,Had to call multiple times for a simple billing issue!,0,0
498332,Service Quality,Quality of service was not up to the mark!,0,5
551341,Customer Support Issue,Customer service was rude and unhelpful!,0,1
527870,Customer Support Issue,"Long wait time for support, very frustrating!",0,1
367014,Billing Issue,"Billing discrepancy, support is not helping!",0,0
509636,Billing Issue,Had to call multiple times for a simple billing issue!,0,0
527972,Customer Support Issue,Support team was responsive and helpful.,0,1
496277,Customer Support Issue,Support team was responsive and helpful.,0,1
516790,Billing Issue,"Incorrect amount charged, need a refund!",0,0
346458,No Issue,"Great experience, very satisfied!",0,4
531542,No Issue,"No issues, smooth transactions every time.",0,4
396554,Late Refund,Still waiting for my refund after 2 weeks!,0,3
810410,Billing Issue,"Incorrect amount charged, need a refund!",0,0
466542,No Issue,Customer support was helpful in resolving my concern.,0,4
349448,No Issue,"Happy with the service, would recommend.",0,4
434848,Late Refund,"Refund process is very slow, not happy!",0,3
399774,Customer Support Issue,Customer service was rude and unhelpful!,0,1
376903,Customer Support Issue,"Long wait time for support, very frustrating!",0,1
628587,Billing Issue,"Incorrect amount charged, need a refund!",0,0
315972,No Issue,"Great experience, very satisfied!",0,4
817533,Late Refund,Still waiting for my refund after 2 weeks!,0,3
373647,Billing Issue,"Incorrect amount charged, need a refund!",0,0
443419,No Issue,"Great experience, very satisfied!",0,4
598956,Customer Support Issue,Support team was responsive and helpful.,0,1
644923,Customer Support Issue,Support team was responsive and helpful.,0,1
386017,Late Refund,Finally got my refund after multiple calls.,0,3
374976,Customer Support Issue,Support team was responsive and helpful.,0,1
495113,Service Quality,I'm disappointed with the overall experience!,0,5
540374,Service Quality,Quality of service was not up to the mark!,0,5
541127,Late Refund,"Refund process is very slow, not happy!",0,3
305044,Service Quality,I'm disappointed with the overall experience!,0,5
628306,No Issue,"No issues, smooth transactions every time.",0,4
394428,Service Quality,The service was too slow and unprofessional!,0,5
623050,Late Refund,Finally got my refund after multiple calls.,0,3
340582,Late Refund,"Refund process is very slow, not happy!",0,3
391356,Late Refund,"Refund process is very slow, not happy!",0,3
485872,Late Refund,Finally got my refund after multiple calls.,0,3
502554,Billing Issue,Had to call multiple times for a simple billing issue!,0,0
549547,Service Quality,"Very satisfied with the service, will recommend!",0,5
670666,Billing Issue,Had to call multiple times for a simple billing issue!,0,0
666666,No Issue,Customer support was helpful in resolving my concern.,0,4
521696,No Issue,Customer support was helpful in resolving my concern.,0,4
473905,Customer Support Issue,"Long wait time for support, very frustrating!",0,1
659478,Billing Issue,Had to call multiple times for a simple billing issue!,0,0
523703,Billing Issue,"Billing discrepancy, support is not helping!",0,0
579681,Billing Issue,"Billing discrepancy, support is not helping!",0,0
815334,Service Quality,Service was excellent and very professional.,0,5
441635,Billing Issue,Had to call multiple times for a simple billing issue!,0,0
779993,No Issue,"No issues, smooth transactions every time.",0,4
363112,Late Refund,Still waiting for my refund after 2 weeks!,0,3
474089,Service Quality,Quality of service was not up to the mark!,0,5
562628,No Issue,"Great experience, very satisfied!",0,4
513129,Billing Issue,"Billing discrepancy, support is not helping!",0,0
304386,Late Refund,Still waiting for my refund after 2 weeks!,0,3
644980,Service Quality,"Very satisfied with the service, will recommend!",0,5
439940,Billing Issue,"Billing discrepancy, support is not helping!",0,0
510323,Billing Issue,"Incorrect amount charged, need a refund!",0,0
461450,Service Quality,Quality of service was not up to the mark!,0,5
552567,Customer Support Issue,"Long wait time for support, very frustrating!",0,1
656920,No Issue,"No issues, smooth transactions every time.",0,4
475767,Billing Issue,Had to call multiple times for a simple billing issue!,0,0
383605,Late Refund,Still waiting for my refund after 2 weeks!,0,3
449894,Billing Issue,Had to call multiple times for a simple billing issue!,0,0
398634,No Issue,"Happy with the service, would recommend.",0,4
575427,Customer Support Issue,Support team was responsive and helpful.,0,1
591058,Billing Issue,"Incorrect amount charged, need a refund!",0,0
418706,Billing Issue,Had to call multiple times for a simple billing issue!,0,0
639241,Service Quality,I'm disappointed with the overall experience!,0,5
421261,No Issue,"Happy with the service, would recommend.",0,4
448413,No Issue,"Everything went smoothly, highly recommended.",0,4
344331,Billing Issue,"Incorrect amount charged, need a refund!",0,0
811786,Billing Issue,"Billing discrepancy, support is not helping!",0,0
503911,Service Quality,Service was excellent and very professional.,0,5
470282,No Issue,"No issues, smooth transactions every time.",0,4
370375,Customer Support Issue,Support team was responsive and helpful.,0,1
447190,Late Refund,Still waiting for my refund after 2 weeks!,0,3
402480,Service Quality,Service was excellent and very professional.,0,5
304947,Late Refund,Finally got my refund after multiple calls.,0,3
423978,Customer Support Issue,"Long wait time for support, very frustrating!",0,1
486914,No Issue,"Great experience, very satisfied!",0,4
127262,Late Refund,"Refund process is very slow, not happy!",0,3
504866,Service Quality,Service was excellent and very professional.,0,5
456527,No Issue,"No issues, smooth transactions every time.",0,4
366168,Late Refund,Finally got my refund after multiple calls.,0,3
810631,Customer Support Issue,Support team was responsive and helpful.,0,1
566490,Service Quality,Service was excellent and very professional.,0,5
817983,Customer Support Issue,"Long wait time for support, very frustrating!",0,1
457761,Billing Issue,"Billing discrepancy, support is not helping!",0,0
301244,Billing Issue,Had to call multiple times for a simple billing issue!,0,0
819533,Billing Issue,"Billing discrepancy, support is not helping!",0,0
548031,Billing Issue,Had to call multiple times for a simple billing issue!,0,0
436791,Customer Support Issue,"Long wait time for support, very frustrating!",0,1
394487,No Issue,"Everything went smoothly, highly recommended.",0,4
506443,Customer Support Issue,Support team was responsive and helpful.,0,1
659452,Late Refund,Finally got my refund after multiple calls.,0,3
422556,Late Refund,Finally got my refund after multiple calls.,0,3
389513,Billing Issue,Had to call multiple times for a simple billing issue!,0,0
481052,Late Refund,"Refund process is very slow, not happy!",0,3
520760,No Issue,"Everything went smoothly, highly recommended.",0,4
810795,Service Quality,Quality of service was not up to the mark!,0,5
408604,Billing Issue,"Billing discrepancy, support is not helping!",0,0
370515,Customer Support Issue,"Long wait time for support, very frustrating!",0,1
674350,Late Refund,Still waiting for my refund after 2 weeks!,0,3
369457,Late Refund,"Refund process is very slow, not happy!",0,3
398642,Late Refund,Finally got my refund after multiple calls.,0,3
596965,Customer Support Issue,Customer service was rude and unhelpful!,0,1
512394,Billing Issue,"Incorrect amount charged, need a refund!",0,0
403026,Service Quality,I'm disappointed with the overall experience!,0,5
398261,Customer Support Issue,Support team was responsive and helpful.,0,1
403437,No Issue,"Everything went smoothly, highly recommended.",0,4
469950,Late Refund,Still waiting for my refund after 2 weeks!,0,3
343644,Service Quality,"Very satisfied with the service, will recommend!",0,5
373810,Billing Issue,"Incorrect amount charged, need a refund!",0,0
382461,Late Refund,Still waiting for my refund after 2 weeks!,0,3
378149,No Issue,"Happy with the service, would recommend.",0,4
369972,Billing Issue,"Billing discrepancy, support is not helping!",0,0
813041,Service Quality,I'm disappointed with the overall experience!,0,5
674530,Customer Support Issue,"Long wait time for support, very frustrating!",0,1
367190,No Issue,"Everything went smoothly, highly recommended.",0,4
530397,No Issue,"Everything went smoothly, highly recommended.",0,4
395016,No Issue,"No issues, smooth transactions every time.",0,4
812965,Customer Support Issue,Customer service was rude and unhelpful!,0,1
436161,Service Quality,I'm disappointed with the overall experience!,0,5
454068,Billing Issue,Had to call multiple times for a simple billing issue!,0,0
514965,Billing Issue,Had to call multiple times for a simple billing issue!,0,0
529146,No Issue,Customer support was helpful in resolving my concern.,0,4
530259,No Issue,"Great experience, very satisfied!",0,4
372453,No Issue,Customer support was helpful in resolving my concern.,0,4
818577,Late Refund,Finally got my refund after multiple calls.,0,3
497511,Customer Support Issue,Customer service was rude and unhelpful!,0,1
473570,Billing Issue,Had to call multiple times for a simple billing issue!,0,0
556255,Customer Support Issue,Customer service was rude and unhelpful!,0,1
599017,Billing Issue,"Incorrect amount charged, need a refund!",0,0
469132,No Issue,Customer support was helpful in resolving my concern.,0,4
486575,Customer Support Issue,Support team was responsive and helpful.,0,1
659482,Service Quality,I'm disappointed with the overall experience!,0,5
397926,Billing Issue,"Billing discrepancy, support is not helping!",0,0
300652,Customer Support Issue,Customer service was rude and unhelpful!,0,1
467645,Late Refund,Finally got my refund after multiple calls.,0,3
425106,Billing Issue,"Billing discrepancy, support is not helping!",0,0
389012,No Issue,"Happy with the service, would recommend.",0,4
816275,No Issue,"Everything went smoothly, highly recommended.",0,4
342800,Late Refund,Finally got my refund after multiple calls.,0,3
546452,No Issue,"Happy with the service, would recommend.",0,4
355980,Late Refund,Finally got my refund after multiple calls.,0,3
535317,No Issue,"No issues, smooth transactions every time.",0,4
524958,Service Quality,"Very satisfied with the service, will recommend!",0,5
347048,Billing Issue,"Incorrect amount charged, need a refund!",0,0
512111,Late Refund,Still waiting for my refund after 2 weeks!,0,3
622221,Customer Support Issue,"Long wait time for support, very frustrating!",0,1
429124,No Issue,Customer support was helpful in resolving my concern.,0,4
501371,No Issue,"Great experience, very satisfied!",0,4
311257,Customer Support Issue,Support team was responsive and helpful.,0,1
464473,Billing Issue,"Incorrect amount charged, need a refund!",0,0
648130,No Issue,"Everything went smoothly, highly recommended.",0,4
623697,Service Quality,I'm disappointed with the overall experience!,0,5
363604,Billing Issue,Had to call multiple times for a simple billing issue!,0,0
305390,Billing Issue,"Incorrect amount charged, need a refund!",0,0
377306,Customer Support Issue,Customer service was rude and unhelpful!,0,1
309771,Billing Issue,Had to call multiple times for a simple billing issue!,0,0
659457,Customer Support Issue,"Long wait time for support, very frustrating!",0,1
388723,Service Quality,"Very satisfied with the service, will recommend!",0,5
441232,Service Quality,Quality of service was not up to the mark!,0,5
509006,No Issue,Customer support was helpful in resolving my concern.,0,4
507255,No Issue,"No issues, smooth transactions every time.",0,4
451957,Late Refund,"Refund process is very slow, not happy!",0,3
504238,Service Quality,Service was excellent and very professional.,0,5
405031,Billing Issue,"Billing discrepancy, support is not helping!",0,0
418444,Service Quality,I'm disappointed with the overall experience!,0,5
577764,Customer Support Issue,Support team was responsive and helpful.,0,1
812857,Late Refund,Finally got my refund after multiple calls.,0,3
368748,Service Quality,Quality of service was not up to the mark!,0,5
650152,Customer Support Issue,Customer service was rude and unhelpful!,0,1
161714,Billing Issue,Had to call multiple times for a simple billing issue!,0,0
353600,No Issue,"Great experience, very satisfied!",0,4
378698,Late Refund,"Refund process is very slow, not happy!",0,3
600625,Service Quality,"Very satisfied with the service, will recommend!",0,5
514599,No Issue,"No issues, smooth transactions every time.",0,4
551640,Service Quality,Quality of service was not up to the mark!,0,5
561463,Service Quality,"Very satisfied with the service, will recommend!",0,5
511559,Billing Issue,"Incorrect amount charged, need a refund!",0,0
419579,No Issue,Customer support was helpful in resolving my concern.,0,4
654452,Service Quality,The service was too slow and unprofessional!,0,5
497630,Service Quality,"Very satisfied with the service, will recommend!",0,5
816233,Billing Issue,Had to call multiple times for a simple billing issue!,0,0
532480,Billing Issue,"Incorrect amount charged, need a refund!",0,0
521611,Late Refund,Finally got my refund after multiple calls.,0,3
474117,Late Refund,"Refund process is very slow, not happy!",0,3
422776,Late Refund,Still waiting for my refund after 2 weeks!,0,3
405883,No Issue,"Great experience, very satisfied!",0,4
387157,Customer Support Issue,Support team was responsive and helpful.,0,1
639565,No Issue,"Great experience, very satisfied!",0,4
309365,No Issue,"Everything went smoothly, highly recommended.",0,4
532914,Service Quality,Service was excellent and very professional.,0,5
621511,Service Quality,Service was excellent and very professional.,0,5
641504,Late Refund,"Refund process is very slow, not happy!",0,3
425176,Late Refund,Finally got my refund after multiple calls.,0,3
625360,Service Quality,Service was excellent and very professional.,0,5
474525,Late Refund,Still waiting for my refund after 2 weeks!,0,3
123255,Service Quality,"Very satisfied with the service, will recommend!",0,5
301336,Service Quality,The service was too slow and unprofessional!,0,5
416187,Billing Issue,"Incorrect amount charged, need a refund!",0,0
438070,No Issue,Customer support was helpful in resolving my concern.,0,4
816113,No Issue,"Great experience, very satisfied!",0,4
700045,Service Quality,Service was excellent and very professional.,0,5
495774,Late Refund,Finally got my refund after multiple calls.,0,3
410875,Service Quality,I'm disappointed with the overall experience!,0,5
368615,Customer Support Issue,Customer service was rude and unhelpful!,0,1
352967,Late Refund,Still waiting for my refund after 2 weeks!,0,3
656151,Late Refund,Still waiting for my refund after 2 weeks!,0,3
436246,Billing Issue,"Billing discrepancy, support is not helping!",0,0
305008,Customer Support Issue,Support team was responsive and helpful.,0,1
397877,Customer Support Issue,"Long wait time for support, very frustrating!",0,1
309063,No Issue,"No issues, smooth transactions every time.",0,4
470536,No Issue,Customer support was helpful in resolving my concern.,0,4
572525,Customer Support Issue,"Long wait time for support, very frustrating!",0,1
484017,Service Quality,Service was excellent and very professional.,0,5
622401,Service Quality,"Very satisfied with the service, will recommend!",0,5
127516,Customer Support Issue,Support team was responsive and helpful.,0,1
518270,No Issue,"Happy with the service, would recommend.",0,4
303537,No Issue,"Happy with the service, would recommend.",0,4
463031,Service Quality,"Very satisfied with the service, will recommend!",0,5
486744,No Issue,"Great experience, very satisfied!",0,4
397079,Customer Support Issue,Support team was responsive and helpful.,0,1
103757,Late Refund,Still waiting for my refund after 2 weeks!,0,3
646988,No Issue,"Great experience, very satisfied!",0,4
579178,No Issue,"Great experience, very satisfied!",0,4
521150,Billing Issue,Had to call multiple times for a simple billing issue!,0,0
608546,Service Quality,I'm disappointed with the overall experience!,0,5
640238,Customer Support Issue,Support team was responsive and helpful.,0,1
367970,No Issue,"Great experience, very satisfied!",0,4
454591,Billing Issue,Had to call multiple times for a simple billing issue!,0,0
606886,Service Quality,The service was too slow and unprofessional!,0,5
371541,Billing Issue,"Incorrect amount charged, need a refund!",0,0
650286,Late Refund,Still waiting for my refund after 2 weeks!,0,3
670651,No Issue,"Great experience, very satisfied!",0,4
388088,Service Quality,Quality of service was not up to the mark!,0,5
531577,Service Quality,I'm disappointed with the overall experience!,0,5
406789,Billing Issue,Had to call multiple times for a simple billing issue!,0,0
606412,Customer Support Issue,Customer service was rude and unhelpful!,0,1
419701,No Issue,Customer support was helpful in resolving my concern.,0,4
424431,Billing Issue,"Incorrect amount charged, need a refund!",0,0
383650,Billing Issue,"Billing discrepancy, support is not helping!",0,0
640869,No Issue,Customer support was helpful in resolving my concern.,0,4
432635,Customer Support Issue,Support team was responsive and helpful.,0,1
469383,Billing Issue,"Billing discrepancy, support is not helping!",0,0
398917,Late Refund,Still waiting for my refund after 2 weeks!,0,3
334723,Customer Support Issue,Support team was responsive and helpful.,0,1
434320,Service Quality,The service was too slow and unprofessional!,0,5
367238,Customer Support Issue,Customer service was rude and unhelpful!,0,1
453052,No Issue,"No issues, smooth transactions every time.",0,4
551989,Late Refund,Finally got my refund after multiple calls.,0,3
434825,Late Refund,Finally got my refund after multiple calls.,0,3
353090,No Issue,"Everything went smoothly, highly recommended.",0,4
480894,No Issue,"No issues, smooth transactions every time.",0,4
493000,Billing Issue,"Incorrect amount charged, need a refund!",0,0
456593,Customer Support Issue,"Long wait time for support, very frustrating!",0,1
499780,Billing Issue,"Incorrect amount charged, need a refund!",0,0
394237,Billing Issue,Had to call multiple times for a simple billing issue!,0,0
814231,Billing Issue,"Incorrect amount charged, need a refund!",0,0
507219,Service Quality,Service was excellent and very professional.,0,5
368454,No Issue,"Everything went smoothly, highly recommended.",0,4
441794,Service Quality,I'm disappointed with the overall experience!,0,5
621561,Service Quality,Service was excellent and very professional.,0,5
622672,Service Quality,Quality of service was not up to the mark!,0,5
545072,No Issue,"Everything went smoothly, highly recommended.",0,4
521495,Customer Support Issue,Support team was responsive and helpful.,0,1
541336,Late Refund,"Refund process is very slow, not happy!",0,3
425800,Service Quality,The service was too slow and unprofessional!,0,5
512657,Late Refund,Finally got my refund after multiple calls.,0,3
367204,Service Quality,"Very satisfied with the service, will recommend!",0,5
460814,Service Quality,"Very satisfied with the service, will recommend!",0,5
406010,Late Refund,Finally got my refund after multiple calls.,0,3
397356,Late Refund,"Refund process is very slow, not happy!",0,3
311672,Customer Support Issue,Support team was responsive and helpful.,0,1
484204,Customer Support Issue,Customer service was rude and unhelpful!,0,1
386291,Late Refund,Finally got my refund after multiple calls.,0,3
641210,Customer Support Issue,Support team was responsive and helpful.,0,1
539049,Customer Support Issue,"Long wait time for support, very frustrating!",0,1
430179,No Issue,"Great experience, very satisfied!",0,4
553311,Customer Support Issue,"Long wait time for support, very frustrating!",0,1
516783,No Issue,"Great experience, very satisfied!",0,4
100573,No Issue,"No issues, smooth transactions every time.",0,4
414800,Service Quality,Quality of service was not up to the mark!,0,5
305628,Service Quality,"Very satisfied with the service, will recommend!",0,5
377977,Late Refund,"Refund process is very slow, not happy!",0,3
498651,Late Refund,"Refund process is very slow, not happy!",0,3
527690,Billing Issue,Had to call multiple times for a simple billing issue!,0,0
460270,No Issue,"Great experience, very satisfied!",0,4
388038,Billing Issue,"Incorrect amount charged, need a refund!",0,0
392886,Customer Support Issue,"Long wait time for support, very frustrating!",0,1
420257,Customer Support Issue,"Long wait time for support, very frustrating!",0,1
672594,Service Quality,Service was excellent and very professional.,0,5
561059,No Issue,"Everything went smoothly, highly recommended.",0,4
466106,Late Refund,"Refund process is very slow, not happy!",0,3
600882,Late Refund,Finally got my refund after multiple calls.,0,3
367335,No Issue,"Happy with the service, would recommend.",0,4
305552,Service Quality,Service was excellent and very professional.,0,5
815558,Late Refund,Still waiting for my refund after 2 weeks!,0,3
395668,Customer Support Issue,Support team was responsive and helpful.,0,1
659464,Late Refund,Still waiting for my refund after 2 weeks!,0,3
583506,Customer Support Issue,Customer service was rude and unhelpful!,0,1
425102,No Issue,"Everything went smoothly, highly recommended.",0,4
366175,Service Quality,The service was too slow and unprofessional!,0,5
567976,Late Refund,Still waiting for my refund after 2 weeks!,0,3
545977,Billing Issue,"Billing discrepancy, support is not helping!",0,0
472606,No Issue,"Great experience, very satisfied!",0,4
582508,Customer Support Issue,Customer service was rude and unhelpful!,0,1
347165,Late Refund,Still waiting for my refund after 2 weeks!,0,3
301753,No Issue,Customer support was helpful in resolving my concern.,0,4
603073,No Issue,"Happy with the service, would recommend.",0,4
349075,No Issue,Customer support was helpful in resolving my concern.,0,4
646479,No Issue,"Everything went smoothly, highly recommended.",0,4
454094,Billing Issue,"Incorrect amount charged, need a refund!",0,0
447447,Late Refund,"Refund process is very slow, not happy!",0,3
444626,Service Quality,The service was too slow and unprofessional!,0,5
596639,Service Quality,I'm disappointed with the overall experience!,0,5
513063,No Issue,"Everything went smoothly, highly recommended.",0,4
815533,Billing Issue,Had to call multiple times for a simple billing issue!,0,0
508220,No Issue,"Great experience, very satisfied!",0,4
414067,Service Quality,The service was too slow and unprofessional!,0,5
589962,Late Refund,Finally got my refund after multiple calls.,0,3
489135,No Issue,Customer support was helpful in resolving my concern.,0,4
591878,No Issue,Customer support was helpful in resolving my concern.,0,4
531355,Customer Support Issue,"Long wait time for support, very frustrating!",0,1
645823,Late Refund,"Refund process is very slow, not happy!",0,3
680425,Customer Support Issue,"Long wait time for support, very frustrating!",0,1
588947,Service Quality,I'm disappointed with the overall experience!,0,5
535299,Billing Issue,Had to call multiple times for a simple billing issue!,0,0
601882,Service Quality,Quality of service was not up to the mark!,0,5
505508,Customer Support Issue,Customer service was rude and unhelpful!,0,1
405975,Service Quality,Service was excellent and very professional.,0,5
362031,Service Quality,"Very satisfied with the service, will recommend!",0,5
621888,Customer Support Issue,Support team was responsive and helpful.,0,1
445184,Late Refund,Finally got my refund after multiple calls.,0,3
605196,Customer Support Issue,Customer service was rude and unhelpful!,0,1
360520,No Issue,"Happy with the service, would recommend.",0,4
870005,Customer Support Issue,Support team was responsive and helpful.,0,1
541884,Service Quality,Quality of service was not up to the mark!,0,5
366416,Billing Issue,"Incorrect amount charged, need a refund!",0,0
513605,Late Refund,"Refund process is very slow, not happy!",0,3
603682,Service Quality,I'm disappointed with the overall experience!,0,5
449172,Customer Support Issue,Support team was responsive and helpful.,0,1
347142,Late Refund,Still waiting for my refund after 2 weeks!,0,3
303259,No Issue,"No issues, smooth transactions every time.",0,4
394019,Service Quality,I'm disappointed with the overall experience!,0,5
222931,Late Refund,Finally got my refund after multiple calls.,0,3
584881,No Issue,"Happy with the service, would recommend.",0,4
570344,Service Quality,I'm disappointed with the overall experience!,0,5
813722,Billing Issue,"Billing discrepancy, support is not helping!",0,0
590197,No Issue,"Happy with the service, would recommend.",0,4
467327,Late Refund,"Refund process is very slow, not happy!",0,3
680458,Customer Support Issue,Support team was responsive and helpful.,0,1
446773,Customer Support Issue,Support team was responsive and helpful.,0,1
505403,Customer Support Issue,Customer service was rude and unhelpful!,0,1
341896,Late Refund,"Refund process is very slow, not happy!",0,3
510595,Billing Issue,Had to call multiple times for a simple billing issue!,0,0
427184,Customer Support Issue,"Long wait time for support, very frustrating!",0,1
461915,Customer Support Issue,Customer service was rude and unhelpful!,0,1
357254,Late Refund,Still waiting for my refund after 2 weeks!,0,3
223356,Late Refund,Still waiting for my refund after 2 weeks!,0,3
680479,Customer Support Issue,Customer service was rude and unhelpful!,0,1
470201,Customer Support Issue,Customer service was rude and unhelpful!,0,1
404887,Customer Support Issue,Customer service was rude and unhelpful!,0,1
640285,No Issue,"Everything went smoothly, highly recommended.",0,4
471015,Billing Issue,"Billing discrepancy, support is not helping!",0,0
811050,Late Refund,Still waiting for my refund after 2 weeks!,0,3
653718,No Issue,Customer support was helpful in resolving my concern.,0,4
410197,Customer Support Issue,Customer service was rude and unhelpful!,0,1
515822,Billing Issue,"Incorrect amount charged, need a refund!",0,0
445835,Billing Issue,"Billing discrepancy, support is not helping!",0,0
455906,Customer Support Issue,Support team was responsive and helpful.,0,1
553834,No Issue,"No issues, smooth transactions every time.",0,4
390517,Customer Support Issue,"Long wait time for support, very frustrating!",0,1
477876,Late Refund,Still waiting for my refund after 2 weeks!,0,3
471543,Billing Issue,"Incorrect amount charged, need a refund!",0,0
625693,Billing Issue,"Incorrect amount charged, need a refund!",0,0
679059,No Issue,"Everything went smoothly, highly recommended.",0,4
777301,Customer Support Issue,Customer service was rude and unhelpful!,0,1
345551,Service Quality,I'm disappointed with the overall experience!,0,5
546366,Billing Issue,Had to call multiple times for a simple billing issue!,0,0
452945,No Issue,"Great experience, very satisfied!",0,4
466228,Customer Support Issue,Support team was responsive and helpful.,0,1
383777,Customer Support Issue,"Long wait time for support, very frustrating!",0,1
397596,Billing Issue,"Incorrect amount charged, need a refund!",0,0
534330,Service Quality,I'm disappointed with the overall experience!,0,5
583183,Service Quality,Quality of service was not up to the mark!,0,5
656938,No Issue,Customer support was helpful in resolving my concern.,0,4
622719,Late Refund,Finally got my refund after multiple calls.,0,3
341655,Service Quality,"Very satisfied with the service, will recommend!",0,5
395584,Service Quality,"Very satisfied with the service, will recommend!",0,5
170852,Late Refund,"Refund process is very slow, not happy!",0,3
477412,No Issue,Customer support was helpful in resolving my concern.,0,4
652961,Late Refund,Still waiting for my refund after 2 weeks!,0,3
370782,No Issue,"Great experience, very satisfied!",0,4
518816,Late Refund,Finally got my refund after multiple calls.,0,3
393830,Late Refund,Still waiting for my refund after 2 weeks!,0,3
400413,Service Quality,"Very satisfied with the service, will recommend!",0,5
813466,Customer Support Issue,Support team was responsive and helpful.,0,1
487703,Service Quality,Service was excellent and very professional.,0,5
103988,Billing Issue,"Billing discrepancy, support is not helping!",0,0
452102,Late Refund,Still waiting for my refund after 2 weeks!,0,3
500222,Service Quality,Quality of service was not up to the mark!,0,5
436358,Service Quality,"Very satisfied with the service, will recommend!",0,5
646284,Service Quality,The service was too slow and unprofessional!,0,5
649168,Billing Issue,"Incorrect amount charged, need a refund!",0,0
888465,No Issue,"Everything went smoothly, highly recommended.",0,4
389521,Billing Issue,"Billing discrepancy, support is not helping!",0,0
101637,Customer Support Issue,"Long wait time for support, very frustrating!",0,1
427247,Late Refund,Finally got my refund after multiple calls.,0,3
641841,Service Quality,"Very satisfied with the service, will recommend!",0,5
814064,No Issue,"Great experience, very satisfied!",0,4
487917,Service Quality,Service was excellent and very professional.,0,5
392503,No Issue,"Everything went smoothly, highly recommended.",0,4
814518,Service Quality,I'm disappointed with the overall experience!,0,5
544793,No Issue,Customer support was helpful in resolving my concern.,0,4
545697,Service Quality,Quality of service was not up to the mark!,0,5
426984,Late Refund,Still waiting for my refund after 2 weeks!,0,3
422134,Customer Support Issue,Support team was responsive and helpful.,0,1
624885,Late Refund,Still waiting for my refund after 2 weeks!,0,3
548974,Billing Issue,"Billing discrepancy, support is not helping!",0,0
461356,Service Quality,Quality of service was not up to the mark!,0,5
510411,Customer Support Issue,Customer service was rude and unhelpful!,0,1
407194,Late Refund,Finally got my refund after multiple calls.,0,3
456684,Customer Support Issue,"Long wait time for support, very frustrating!",0,1
640111,Customer Support Issue,Customer service was rude and unhelpful!,0,1
563414,No Issue,"Happy with the service, would recommend.",0,4
344049,No Issue,"Everything went smoothly, highly recommended.",0,4
372274,No Issue,Customer support was helpful in resolving my concern.,0,4
378411,Billing Issue,"Billing discrepancy, support is not helping!",0,0
516713,Service Quality,"Very satisfied with the service, will recommend!",0,5
375286,Billing Issue,Had to call multiple times for a simple billing issue!,0,0
435371,Late Refund,Still waiting for my refund after 2 weeks!,0,3
341558,Late Refund,Still waiting for my refund after 2 weeks!,0,3
420975,Customer Support Issue,Support team was responsive and helpful.,0,1
650240,No Issue,"No issues, smooth transactions every time.",0,4
628562,Customer Support Issue,Customer service was rude and unhelpful!,0,1
342917,Customer Support Issue,Support team was responsive and helpful.,0,1
655518,No Issue,"Great experience, very satisfied!",0,4
460526,Late Refund,Finally got my refund after multiple calls.,0,3
651875,Billing Issue,Had to call multiple times for a simple billing issue!,0,0
416580,Service Quality,Quality of service was not up to the mark!,0,5
424734,Service Quality,I'm disappointed with the overall experience!,0,5
816444,Billing Issue,Had to call multiple times for a simple billing issue!,0,0
648586,Service Quality,Service was excellent and very professional.,0,5
435559,No Issue,"Great experience, very satisfied!",0,4
501578,Customer Support Issue,Customer service was rude and unhelpful!,0,1
650132,Billing Issue,"Incorrect amount charged, need a refund!",0,0
301717,Customer Support Issue,Support team was responsive and helpful.,0,1
389940,Service Quality,"Very satisfied with the service, will recommend!",0,5
374948,Service Quality,The service was too slow and unprofessional!,0,5
385985,Customer Support Issue,"Long wait time for support, very frustrating!",0,1
597096,Late Refund,"Refund process is very slow, not happy!",0,3
391758,Late Refund,Still waiting for my refund after 2 weeks!,0,3
515882,Late Refund,Finally got my refund after multiple calls.,0,3
367645,Customer Support Issue,Customer service was rude and unhelpful!,0,1
577231,Service Quality,"Very satisfied with the service, will recommend!",0,5
414346,Billing Issue,"Incorrect amount charged, need a refund!",0,0
607892,Customer Support Issue,Customer service was rude and unhelpful!,0,1
533488,Billing Issue,"Billing discrepancy, support is not helping!",0,0
530829,No Issue,Customer support was helpful in resolving my concern.,0,4
384416,Customer Support Issue,"Long wait time for support, very frustrating!",0,1
379311,Billing Issue,Had to call multiple times for a simple billing issue!,0,0
595952,Billing Issue,Had to call multiple times for a simple billing issue!,0,0
677130,Late Refund,Still waiting for my refund after 2 weeks!,0,3
482084,Customer Support Issue,"Long wait time for support, very frustrating!",0,1
344241,Late Refund,Finally got my refund after multiple calls.,0,3
395724,Service Quality,I'm disappointed with the overall experience!,0,5
369692,No Issue,Customer support was helpful in resolving my concern.,0,4
529837,Late Refund,Still waiting for my refund after 2 weeks!,0,3
453910,No Issue,"No issues, smooth transactions every time.",0,4
353462,Customer Support Issue,"Long wait time for support, very frustrating!",0,1
888507,Customer Support Issue,Support team was responsive and helpful.,0,1
514870,Service Quality,Quality of service was not up to the mark!,0,5
655572,No Issue,Customer support was helpful in resolving my concern.,0,4
347110,Service Quality,Quality of service was not up to the mark!,0,5
651309,No Issue,"No issues, smooth transactions every time.",0,4
429600,Late Refund,"Refund process is very slow, not happy!",0,3
816693,Customer Support Issue,Support team was responsive and helpful.,0,1
395012,Late Refund,Still waiting for my refund after 2 weeks!,0,3
405404,Billing Issue,"Incorrect amount charged, need a refund!",0,0
779916,Billing Issue,"Incorrect amount charged, need a refund!",0,0
343056,Late Refund,Finally got my refund after multiple calls.,0,3
646439,Customer Support Issue,"Long wait time for support, very frustrating!",0,1
515474,No Issue,"Everything went smoothly, highly recommended.",0,4
393091,Service Quality,"Very satisfied with the service, will recommend!",0,5
729901,Service Quality,The service was too slow and unprofessional!,0,5
399031,Late Refund,"Refund process is very slow, not happy!",0,3
373273,Service Quality,Service was excellent and very professional.,0,5
540441,Late Refund,"Refund process is very slow, not happy!",0,3
365291,Billing Issue,Had to call multiple times for a simple billing issue!,0,0
593266,Billing Issue,Had to call multiple times for a simple billing issue!,0,0
424219,No Issue,Customer support was helpful in resolving my concern.,0,4
440188,No Issue,"Happy with the service, would recommend.",0,4
390925,Service Quality,Quality of service was not up to the mark!,0,5
341245,Billing Issue,Had to call multiple times for a simple billing issue!,0,0
707665,No Issue,"Happy with the service, would recommend.",0,4
357542,Customer Support Issue,Support team was responsive and helpful.,0,1
387892,Service Quality,"Very satisfied with the service, will recommend!",0,5
379761,Billing Issue,Had to call multiple times for a simple billing issue!,0,0
371616,Late Refund,Finally got my refund after multiple calls.,0,3
410313,Service Quality,Service was excellent and very professional.,0,5
362565,Service Quality,The service was too slow and unprofessional!,0,5
546253,Late Refund,"Refund process is very slow, not happy!",0,3
537300,Customer Support Issue,Support team was responsive and helpful.,0,1
485052,Billing Issue,"Incorrect amount charged, need a refund!",0,0
402601,No Issue,"Happy with the service, would recommend.",0,4
527203,No Issue,"Great experience, very satisfied!",0,4
655977,Customer Support Issue,"Long wait time for support, very frustrating!",0,1
600521,Billing Issue,"Incorrect amount charged, need a refund!",0,0
394903,No Issue,"Happy with the service, would recommend.",0,4
520666,Customer Support Issue,"Long wait time for support, very frustrating!",0,1
568224,No Issue,Customer support was helpful in resolving my concern.,0,4
369845,Billing Issue,"Billing discrepancy, support is not helping!",0,0
366316,No Issue,"No issues, smooth transactions every time.",0,4
951208,Customer Support Issue,Customer service was rude and unhelpful!,0,1
364926,Customer Support Issue,Customer service was rude and unhelpful!,0,1
684411,Service Quality,The service was too slow and unprofessional!,0,5
501834,Late Refund,Still waiting for my refund after 2 weeks!,0,3
127897,Late Refund,Finally got my refund after multiple calls.,0,3
378499,Billing Issue,"Incorrect amount charged, need a refund!",0,0
499731,Billing Issue,Had to call multiple times for a simple billing issue!,0,0
473975,No Issue,"Happy with the service, would recommend.",0,4
369919,Customer Support Issue,Support team was responsive and helpful.,0,1
396289,Billing Issue,"Incorrect amount charged, need a refund!",0,0
381764,Service Quality,Quality of service was not up to the mark!,0,5
526223,Billing Issue,"Billing discrepancy, support is not helping!",0,0
455308,Customer Support Issue,Customer service was rude and unhelpful!,0,1
680527,No Issue,"Great experience, very satisfied!",0,4
481727,Service Quality,Service was excellent and very professional.,0,5
395126,Service Quality,Quality of service was not up to the mark!,0,5
422633,Service Quality,The service was too slow and unprofessional!,0,5
477603,No Issue,"No issues, smooth transactions every time.",0,4
389386,Late Refund,"Refund process is very slow, not happy!",0,3
531479,Billing Issue,Had to call multiple times for a simple billing issue!,0,0
599627,Service Quality,The service was too slow and unprofessional!,0,5
315862,Billing Issue,Had to call multiple times for a simple billing issue!,0,0
542142,No Issue,"Happy with the service, would recommend.",0,4
446591,Billing Issue,"Billing discrepancy, support is not helping!",0,0
389415,Late Refund,Still waiting for my refund after 2 weeks!,0,3
313886,Customer Support Issue,"Long wait time for support, very frustrating!",0,1
553554,Late Refund,"Refund process is very slow, not happy!",0,3
567744,Billing Issue,Had to call multiple times for a simple billing issue!,0,0
656869,No Issue,"Great experience, very satisfied!",0,4
442018,No Issue,"Everything went smoothly, highly recommended.",0,4
319346,No Issue,"Great experience, very satisfied!",0,4
559196,Billing Issue,"Incorrect amount charged, need a refund!",0,0
814659,Customer Support Issue,"Long wait time for support, very frustrating!",0,1
814751,Customer Support Issue,Customer service was rude and unhelpful!,0,1
357256,Service Quality,The service was too slow and unprofessional!,0,5
355401,Customer Support Issue,Support team was responsive and helpful.,0,1
444274,Service Quality,Service was excellent and very professional.,0,5
538692,No Issue,Customer support was helpful in resolving my concern.,0,4
762090,No Issue,Customer support was helpful in resolving my concern.,0,4
577785,Late Refund,Finally got my refund after multiple calls.,0,3
478192,Customer Support Issue,Customer service was rude and unhelpful!,0,1
358449,Billing Issue,"Billing discrepancy, support is not helping!",0,0
453132,No Issue,"Great experience, very satisfied!",0,4
657238,Late Refund,"Refund process is very slow, not happy!",0,3
525417,Late Refund,Still waiting for my refund after 2 weeks!,0,3
810002,Customer Support Issue,Support team was responsive and helpful.,0,1
556999,Service Quality,The service was too slow and unprofessional!,0,5
599902,Service Quality,The service was too slow and unprofessional!,0,5
343191,Customer Support Issue,Customer service was rude and unhelpful!,0,1
340986,No Issue,"Happy with the service, would recommend.",0,4
467705,No Issue,"No issues, smooth transactions every time.",0,4
380277,Customer Support Issue,Customer service was rude and unhelpful!,0,1
429246,Service Quality,Quality of service was not up to the mark!,0,5
445518,No Issue,"No issues, smooth transactions every time.",0,4
466615,Billing Issue,Had to call multiple times for a simple billing issue!,0,0
655900,Late Refund,Still waiting for my refund after 2 weeks!,0,3
303150,Customer Support Issue,Support team was responsive and helpful.,0,1
445201,No Issue,"Everything went smoothly, highly recommended.",0,4
491824,Billing Issue,"Incorrect amount charged, need a refund!",0,0
103225,No Issue,"Happy with the service, would recommend.",0,4
641845,Late Refund,Finally got my refund after multiple calls.,0,3
374355,Customer Support Issue,Customer service was rude and unhelpful!,0,1
386113,Billing Issue,"Billing discrepancy, support is not helping!",0,0
487097,Billing Issue,"Incorrect amount charged, need a refund!",0,0
559552,Customer Support Issue,Customer service was rude and unhelpful!,0,1
775288,Service Quality,Service was excellent and very professional.,0,5
464743,Billing Issue,"Billing discrepancy, support is not helping!",0,0
303555,Service Quality,I'm disappointed with the overall experience!,0,5
353335,Customer Support Issue,Support team was responsive and helpful.,0,1
814160,Customer Support Issue,Support team was responsive and helpful.,0,1
777413,Service Quality,"Very satisfied with the service, will recommend!",0,5
473804,No Issue,"Happy with the service, would recommend.",0,4
812951,No Issue,"No issues, smooth transactions every time.",0,4
818761,Late Refund,Finally got my refund after multiple calls.,0,3
484502,Customer Support Issue,Support team was responsive and helpful.,0,1
567015,Customer Support Issue,"Long wait time for support, very frustrating!",0,1
813547,Late Refund,Still waiting for my refund after 2 weeks!,0,3
529158,Customer Support Issue,Support team was responsive and helpful.,0,1
624566,No Issue,"Everything went smoothly, highly recommended.",0,4
509341,Customer Support Issue,Customer service was rude and unhelpful!,0,1
440344,Customer Support Issue,Support team was responsive and helpful.,0,1
519381,Customer Support Issue,Customer service was rude and unhelpful!,0,1
639116,Service Quality,Quality of service was not up to the mark!,0,5
378361,No Issue,"Everything went smoothly, highly recommended.",0,4
361101,Late Refund,"Refund process is very slow, not happy!",0,3
433093,Customer Support Issue,Customer service was rude and unhelpful!,0,1
452806,Service Quality,Quality of service was not up to the mark!,0,5
410077,Late Refund,"Refund process is very slow, not happy!",0,3
541683,Late Refund,"Refund process is very slow, not happy!",0,3
550192,Billing Issue,"Billing discrepancy, support is not helping!",0,0
623174,Service Quality,I'm disappointed with the overall experience!,0,5
467053,Service Quality,"Very satisfied with the service, will recommend!",0,5
453235,No Issue,Customer support was helpful in resolving my concern.,0,4
103222,Billing Issue,"Incorrect amount charged, need a refund!",0,0
349464,Service Quality,"Very satisfied with the service, will recommend!",0,5
390899,Billing Issue,Had to call multiple times for a simple billing issue!,0,0
495598,Service Quality,"Very satisfied with the service, will recommend!",0,5
486884,Late Refund,Finally got my refund after multiple calls.,0,3
223491,Customer Support Issue,Support team was responsive and helpful.,0,1
445655,Customer Support Issue,Support team was responsive and helpful.,0,1
670400,Service Quality,Service was excellent and very professional.,0,5
379903,Late Refund,Finally got my refund after multiple calls.,0,3
449046,No Issue,Customer support was helpful in resolving my concern.,0,4
622569,Billing Issue,"Billing discrepancy, support is not helping!",0,0
495563,Billing Issue,Had to call multiple times for a simple billing issue!,0,0
532351,No Issue,"No issues, smooth transactions every time.",0,4
812719,Customer Support Issue,Customer service was rude and unhelpful!,0,1
391658,Service Quality,Quality of service was not up to the mark!,0,5
543853,No Issue,"Great experience, very satisfied!",0,4
424032,Customer Support Issue,"Long wait time for support, very frustrating!",0,1
415704,Late Refund,Finally got my refund after multiple calls.,0,3
155667,No Issue,"Great experience, very satisfied!",0,4
589962,Service Quality,I'm disappointed with the overall experience!,0,5
546826,Customer Support Issue,Support team was responsive and helpful.,0,1
452970,No Issue,"Great experience, very satisfied!",0,4
308813,Customer Support Issue,Support team was responsive and helpful.,0,1
345263,Billing Issue,"Billing discrepancy, support is not helping!",0,0
595706,Service Quality,Service was excellent and very professional.,0,5
652943,Service Quality,The service was too slow and unprofessional!,0,5
530051,No Issue,"No issues, smooth transactions every time.",0,4
493530,Billing Issue,"Incorrect amount charged, need a refund!",0,0
310205,Late Refund,"Refund process is very slow, not happy!",0,3
366236,Customer Support Issue,"Long wait time for support, very frustrating!",0,1
391400,Service Quality,The service was too slow and unprofessional!,0,5
349150,Service Quality,I'm disappointed with the overall experience!,0,5
649543,No Issue,"No issues, smooth transactions every time.",0,4
653011,Service Quality,I'm disappointed with the overall experience!,0,5
562262,No Issue,Customer support was helpful in resolving my concern.,0,4
387475,Customer Support Issue,Customer service was rude and unhelpful!,0,1
491653,Service Quality,The service was too slow and unprofessional!,0,5
432624,Service Quality,The service was too slow and unprofessional!,0,5
348464,Billing Issue,"Incorrect amount charged, need a refund!",0,0
380595,Service Quality,Service was excellent and very professional.,0,5
376832,Customer Support Issue,Support team was responsive and helpful.,0,1
474591,Customer Support Issue,"Long wait time for support, very frustrating!",0,1
492322,Customer Support Issue,Customer service was rude and unhelpful!,0,1
483104,Service Quality,Service was excellent and very professional.,0,5
484494,Customer Support Issue,Customer service was rude and unhelpful!,0,1
647287,Customer Support Issue,Customer service was rude and unhelpful!,0,1
431414,Billing Issue,Had to call multiple times for a simple billing issue!,0,0
441250,Late Refund,Still waiting for my refund after 2 weeks!,0,3
515388,Service Quality,"Very satisfied with the service, will recommend!",0,5
554325,Service Quality,Quality of service was not up to the mark!,0,5
491708,Service Quality,Service was excellent and very professional.,0,5
467571,Customer Support Issue,Support team was responsive and helpful.,0,1
344359,Billing Issue,Had to call multiple times for a simple billing issue!,0,0
460826,Service Quality,Quality of service was not up to the mark!,0,5
522485,No Issue,"No issues, smooth transactions every time.",0,4
403623,Late Refund,"Refund process is very slow, not happy!",0,3
439843,Late Refund,"Refund process is very slow, not happy!",0,3
640155,Service Quality,Quality of service was not up to the mark!,0,5
489684,Billing Issue,"Billing discrepancy, support is not helping!",0,0
452631,No Issue,"Happy with the service, would recommend.",0,4
439331,Late Refund,"Refund process is very slow, not happy!",0,3
396534,No Issue,"No issues, smooth transactions every time.",0,4
557441,Billing Issue,Had to call multiple times for a simple billing issue!,0,0
397619,Service Quality,I'm disappointed with the overall experience!,0,5
311847,Customer Support Issue,Customer service was rude and unhelpful!,0,1
349254,Late Refund,"Refund process is very slow, not happy!",0,3
642335,No Issue,"No issues, smooth transactions every time.",0,4
586011,Service Quality,I'm disappointed with the overall experience!,0,5
513931,Customer Support Issue,Customer service was rude and unhelpful!,0,1
363703,Service Quality,Quality of service was not up to the mark!,0,5
415627,Billing Issue,"Billing discrepancy, support is not helping!",0,0
301341,Late Refund,Finally got my refund after multiple calls.,0,3
391907,No Issue,"Everything went smoothly, highly recommended.",0,4
383152,Billing Issue,Had to call multiple times for a simple billing issue!,0,0
653708,Billing Issue,Had to call multiple times for a simple billing issue!,0,0
649651,Billing Issue,Had to call multiple times for a simple billing issue!,0,0
414091,Late Refund,"Refund process is very slow, not happy!",0,3
538252,Late Refund,"Refund process is very slow, not happy!",0,3
570720,Billing Issue,"Billing discrepancy, support is not helping!",0,0
373950,Service Quality,Quality of service was not up to the mark!,0,5
482514,Late Refund,Still waiting for my refund after 2 weeks!,0,3
425158,Service Quality,Service was excellent and very professional.,0,5
223012,Late Refund,Finally got my refund after multiple calls.,0,3
418668,Late Refund,"Refund process is very slow, not happy!",0,3
376563,Billing Issue,"Billing discrepancy, support is not helping!",0,0
502196,Service Quality,I'm disappointed with the overall experience!,0,5
524267,Customer Support Issue,"Long wait time for support, very frustrating!",0,1
368555,Service Quality,The service was too slow and unprofessional!,0,5
538050,No Issue,"No issues, smooth transactions every time.",0,4
650783,Late Refund,Finally got my refund after multiple calls.,0,3
398862,Customer Support Issue,Support team was responsive and helpful.,0,1
391231,No Issue,"Happy with the service, would recommend.",0,4
519320,Late Refund,Still waiting for my refund after 2 weeks!,0,3
357697,Billing Issue,"Billing discrepancy, support is not helping!",0,0
379094,No Issue,"Everything went smoothly, highly recommended.",0,4
622129,Late Refund,"Refund process is very slow, not happy!",0,3
527293,Customer Support Issue,Customer service was rude and unhelpful!,0,1
473590,Customer Support Issue,Customer service was rude and unhelpful!,0,1
517136,Late Refund,Finally got my refund after multiple calls.,0,3
571022,Billing Issue,"Incorrect amount charged, need a refund!",0,0
366875,Customer Support Issue,Customer service was rude and unhelpful!,0,1
393528,Service Quality,"Very satisfied with the service, will recommend!",0,5
368795,Customer Support Issue,Support team was responsive and helpful.,0,1
389895,No Issue,"Happy with the service, would recommend.",0,4
348334,No Issue,"No issues, smooth transactions every time.",0,4
341739,No Issue,"No issues, smooth transactions every time.",0,4
540341,Customer Support Issue,Support team was responsive and helpful.,0,1
456615,Late Refund,Still waiting for my refund after 2 weeks!,0,3
516962,Customer Support Issue,Customer service was rude and unhelpful!,0,1
429391,Service Quality,I'm disappointed with the overall experience!,0,5
344114,Late Refund,Finally got my refund after multiple calls.,0,3
676637,Billing Issue,"Incorrect amount charged, need a refund!",0,0
495953,Billing Issue,"Billing discrepancy, support is not helping!",0,0
811389,Late Refund,Finally got my refund after multiple calls.,0,3
811189,Billing Issue,"Incorrect amount charged, need a refund!",0,0
460938,Service Quality,Service was excellent and very professional.,0,5
425421,Billing Issue,"Billing discrepancy, support is not helping!",0,0
815544,Late Refund,"Refund process is very slow, not happy!",0,3
644014,Service Quality,Quality of service was not up to the mark!,0,5
364525,Billing Issue,Had to call multiple times for a simple billing issue!,0,0
471696,Billing Issue,"Billing discrepancy, support is not helping!",0,0
505569,Late Refund,Still waiting for my refund after 2 weeks!,0,3
499367,Late Refund,"Refund process is very slow, not happy!",0,3
318701,Late Refund,Still waiting for my refund after 2 weeks!,0,3
384543,Customer Support Issue,Support team was responsive and helpful.,0,1
370433,Billing Issue,Had to call multiple times for a simple billing issue!,0,0
558047,Customer Support Issue,"Long wait time for support, very frustrating!",0,1
646851,Billing Issue,Had to call multiple times for a simple billing issue!,0,0
653907,Service Quality,I'm disappointed with the overall experience!,0,5
536293,Service Quality,Service was excellent and very professional.,0,5
543180,No Issue,"Everything went smoothly, highly recommended.",0,4
641656,No Issue,Customer support was helpful in resolving my concern.,0,4
811838,Late Refund,Still waiting for my refund after 2 weeks!,0,3
414087,No Issue,"Happy with the service, would recommend.",0,4
427637,Customer Support Issue,"Long wait time for support, very frustrating!",0,1
648028,Late Refund,Still waiting for my refund after 2 weeks!,0,3
394755,Customer Support Issue,Support team was responsive and helpful.,0,1
391285,No Issue,"Great experience, very satisfied!",0,4
525626,Service Quality,"Very satisfied with the service, will recommend!",0,5
532496,Service Quality,I'm disappointed with the overall experience!,0,5
657793,Service Quality,Service was excellent and very professional.,0,5
653393,Billing Issue,"Incorrect amount charged, need a refund!",0,0
564684,Billing Issue,"Incorrect amount charged, need a refund!",0,0
455509,No Issue,"Happy with the service, would recommend.",0,4
819543,No Issue,Customer support was helpful in resolving my concern.,0,4
546250,Late Refund,Finally got my refund after multiple calls.,0,3
538319,Billing Issue,"Incorrect amount charged, need a refund!",0,0
340777,Late Refund,Finally got my refund after multiple calls.,0,3
481654,Customer Support Issue,Customer service was rude and unhelpful!,0,1
552616,No Issue,"Everything went smoothly, highly recommended.",0,4
383098,Customer Support Issue,"Long wait time for support, very frustrating!",0,1
472038,Billing Issue,Had to call multiple times for a simple billing issue!,0,0
381829,Late Refund,Finally got my refund after multiple calls.,0,3
487553,No Issue,"Great experience, very satisfied!",0,4
435887,No Issue,"Great experience, very satisfied!",0,4
400039,Late Refund,Finally got my refund after multiple calls.,0,3
625030,Customer Support Issue,"Long wait time for support, very frustrating!",0,1
543654,No Issue,"No issues, smooth transactions every time.",0,4
456515,Service Quality,"Very satisfied with the service, will recommend!",0,5
672886,Late Refund,Still waiting for my refund after 2 weeks!,0,3
556250,Billing Issue,Had to call multiple times for a simple billing issue!,0,0
362126,No Issue,"Everything went smoothly, highly recommended.",0,4
353525,Late Refund,Finally got my refund after multiple calls.,0,3
516473,Billing Issue,Had to call multiple times for a simple billing issue!,0,0
356784,Service Quality,The service was too slow and unprofessional!,0,5
604861,Customer Support Issue,Customer service was rude and unhelpful!,0,1
420274,Service Quality,"Very satisfied with the service, will recommend!",0,5
484406,Service Quality,I'm disappointed with the overall experience!,0,5
585145,No Issue,"No issues, smooth transactions every time.",0,4
304331,Late Refund,Still waiting for my refund after 2 weeks!,0,3
495126,Billing Issue,Had to call multiple times for a simple billing issue!,0,0
117501,Service Quality,I'm disappointed with the overall experience!,0,5
621267,Service Quality,The service was too slow and unprofessional!,0,5
568154,Customer Support Issue,"Long wait time for support, very frustrating!",0,1
113908,No Issue,"No issues, smooth transactions every time.",0,4
466467,Late Refund,"Refund process is very slow, not happy!",0,3
441439,Late Refund,"Refund process is very slow, not happy!",0,3
652417,Service Quality,Service was excellent and very professional.,0,5
390734,Customer Support Issue,Customer service was rude and unhelpful!,0,1
302417,No Issue,"Great experience, very satisfied!",0,4
368029,No Issue,"Great experience, very satisfied!",0,4
549080,No Issue,"No issues, smooth transactions every time.",0,4
463867,Late Refund,Finally got my refund after multiple calls.,0,3
581746,Customer Support Issue,Customer service was rude and unhelpful!,0,1
313574,Billing Issue,"Billing discrepancy, support is not helping!",0,0
412298,No Issue,"Everything went smoothly, highly recommended.",0,4
465791,No Issue,Customer support was helpful in resolving my concern.,0,4
380983,Billing Issue,Had to call multiple times for a simple billing issue!,0,0
220061,Billing Issue,"Incorrect amount charged, need a refund!",0,0
641939,Service Quality,Service was excellent and very professional.,0,5
818361,Billing Issue,Had to call multiple times for a simple billing issue!,0,0
423889,Service Quality,The service was too slow and unprofessional!,0,5
357936,Late Refund,Still waiting for my refund after 2 weeks!,0,3
477536,No Issue,"No issues, smooth transactions every time.",0,4
590203,Customer Support Issue,"Long wait time for support, very frustrating!",0,1
346394,Late Refund,"Refund process is very slow, not happy!",0,3
341138,Late Refund,Still waiting for my refund after 2 weeks!,0,3
473236,Late Refund,Finally got my refund after multiple calls.,0,3
596596,Billing Issue,"Incorrect amount charged, need a refund!",0,0
428775,Billing Issue,Had to call multiple times for a simple billing issue!,0,0
345218,No Issue,"Everything went smoothly, highly recommended.",0,4
590726,Late Refund,Finally got my refund after multiple calls.,0,3
647409,Late Refund,Finally got my refund after multiple calls.,0,3
620192,Customer Support Issue,"Long wait time for support, very frustrating!",0,1
376024,Customer Support Issue,Customer service was rude and unhelpful!,0,1
653897,Service Quality,I'm disappointed with the overall experience!,0,5
414468,No Issue,Customer support was helpful in resolving my concern.,0,4
315361,Billing Issue,"Incorrect amount charged, need a refund!",0,0
536443,Service Quality,Service was excellent and very professional.,0,5
497790,Billing Issue,"Incorrect amount charged, need a refund!",0,0
473641,Billing Issue,"Incorrect amount charged, need a refund!",0,0
315198,Service Quality,"Very satisfied with the service, will recommend!",0,5
607611,Billing Issue,"Incorrect amount charged, need a refund!",0,0
621396,Billing Issue,"Incorrect amount charged, need a refund!",0,0
594594,Service Quality,Service was excellent and very professional.,0,5
622853,Late Refund,Still waiting for my refund after 2 weeks!,0,3
451148,Customer Support Issue,Customer service was rude and unhelpful!,0,1
428255,Late Refund,Still waiting for my refund after 2 weeks!,0,3
488255,Billing Issue,"Incorrect amount charged, need a refund!",0,0
512319,Billing Issue,"Billing discrepancy, support is not helping!",0,0
524771,Billing Issue,"Incorrect amount charged, need a refund!",0,0
605661,Customer Support Issue,"Long wait time for support, very frustrating!",0,1
409501,Customer Support Issue,"Long wait time for support, very frustrating!",0,1
370360,No Issue,"No issues, smooth transactions every time.",0,4
389815,Late Refund,Still waiting for my refund after 2 weeks!,0,3
493239,Late Refund,Still waiting for my refund after 2 weeks!,0,3
567827,Service Quality,Quality of service was not up to the mark!,0,5
481776,Service Quality,"Very satisfied with the service, will recommend!",0,5
597092,Service Quality,Quality of service was not up to the mark!,0,5
560679,No Issue,"Happy with the service, would recommend.",0,4
397197,Billing Issue,"Incorrect amount charged, need a refund!",0,0
313198,No Issue,"Happy with the service, would recommend.",0,4
424044,Service Quality,"Very satisfied with the service, will recommend!",0,5
368218,Late Refund,Still waiting for my refund after 2 weeks!,0,3
438495,Customer Support Issue,Support team was responsive and helpful.,0,1
100529,Service Quality,I'm disappointed with the overall experience!,0,5
541686,No Issue,Customer support was helpful in resolving my concern.,0,4
670309,Billing Issue,"Incorrect amount charged, need a refund!",0,0
393493,No Issue,"Great experience, very satisfied!",0,4
533987,Billing Issue,Had to call multiple times for a simple billing issue!,0,0
531786,Billing Issue,Had to call multiple times for a simple billing issue!,0,0
480614,Late Refund,Still waiting for my refund after 2 weeks!,0,3
494542,Billing Issue,"Incorrect amount charged, need a refund!",0,0
515740,Customer Support Issue,"Long wait time for support, very frustrating!",0,1
533180,Service Quality,Quality of service was not up to the mark!,0,5
815158,Late Refund,Still waiting for my refund after 2 weeks!,0,3
510858,Service Quality,The service was too slow and unprofessional!,0,5
813524,No Issue,"No issues, smooth transactions every time.",0,4
343783,Late Refund,Finally got my refund after multiple calls.,0,3
562683,Customer Support Issue,"Long wait time for support, very frustrating!",0,1
340769,No Issue,Customer support was helpful in resolving my concern.,0,4
373091,No Issue,Customer support was helpful in resolving my concern.,0,4
819066,Billing Issue,Had to call multiple times for a simple billing issue!,0,0
544068,Late Refund,Still waiting for my refund after 2 weeks!,0,3
140353,Customer Support Issue,"Long wait time for support, very frustrating!",0,1
441875,Billing Issue,"Incorrect amount charged, need a refund!",0,0
439427,Late Refund,"Refund process is very slow, not happy!",0,3
371018,No Issue,"Happy with the service, would recommend.",0,4
636563,Billing Issue,"Billing discrepancy, support is not helping!",0,0
644684,No Issue,"Happy with the service, would recommend.",0,4
586005,Customer Support Issue,Customer service was rude and unhelpful!,0,1
655136,Customer Support Issue,Support team was responsive and helpful.,0,1
432383,No Issue,"Happy with the service, would recommend.",0,4
374244,Late Refund,"Refund process is very slow, not happy!",0,3
526345,Customer Support Issue,"Long wait time for support, very frustrating!",0,1
547463,Service Quality,Quality of service was not up to the mark!,0,5
582095,Late Refund,"Refund process is very slow, not happy!",0,3
384423,No Issue,"No issues, smooth transactions every time.",0,4
411460,Service Quality,"Very satisfied with the service, will recommend!",0,5
370414,Customer Support Issue,Support team was responsive and helpful.,0,1
636123,Billing Issue,Had to call multiple times for a simple billing issue!,0,0
626446,Billing Issue,"Incorrect amount charged, need a refund!",0,0
647305,Service Quality,Service was excellent and very professional.,0,5
601488,Late Refund,Finally got my refund after multiple calls.,0,3
352758,Service Quality,Service was excellent and very professional.,0,5
474325,Late Refund,Still waiting for my refund after 2 weeks!,0,3
541856,No Issue,"Happy with the service, would recommend.",0,4
526498,No Issue,"Everything went smoothly, highly recommended.",0,4
368864,Service Quality,Quality of service was not up to the mark!,0,5
626323,Service Quality,I'm disappointed with the overall experience!,0,5
543406,Billing Issue,"Incorrect amount charged, need a refund!",0,0
577559,Late Refund,Still waiting for my refund after 2 weeks!,0,3
470725,No Issue,"Great experience, very satisfied!",0,4
443526,Service Quality,Quality of service was not up to the mark!,0,5
300725,Billing Issue,Had to call multiple times for a simple billing issue!,0,0
492787,No Issue,"Happy with the service, would recommend.",0,4
674676,Late Refund,Finally got my refund after multiple calls.,0,3
490004,Billing Issue,Had to call multiple times for a simple billing issue!,0,0
369504,Service Quality,The service was too slow and unprofessional!,0,5
592227,Late Refund,Finally got my refund after multiple calls.,0,3
507115,Billing Issue,"Billing discrepancy, support is not helping!",0,0
470901,No Issue,Customer support was helpful in resolving my concern.,0,4
445124,Service Quality,Quality of service was not up to the mark!,0,5
514795,Service Quality,I'm disappointed with the overall experience!,0,5
530605,Service Quality,Quality of service was not up to the mark!,0,5
365276,Service Quality,The service was too slow and unprofessional!,0,5
501273,Billing Issue,Had to call multiple times for a simple billing issue!,0,0
469244,Billing Issue,"Incorrect amount charged, need a refund!",0,0
112755,No Issue,Customer support was helpful in resolving my concern.,0,4
625390,Late Refund,Finally got my refund after multiple calls.,0,3
385323,Billing Issue,Had to call multiple times for a simple billing issue!,0,0
420279,Customer Support Issue,Customer service was rude and unhelpful!,0,1
499097,Billing Issue,"Billing discrepancy, support is not helping!",0,0
373036,Late Refund,Still waiting for my refund after 2 weeks!,0,3
672872,Customer Support Issue,Support team was responsive and helpful.,0,1
622535,Customer Support Issue,Customer service was rude and unhelpful!,0,1
363130,Service Quality,The service was too slow and unprofessional!,0,5
770248,Late Refund,Still waiting for my refund after 2 weeks!,0,3
379237,Customer Support Issue,Support team was responsive and helpful.,0,1
485415,No Issue,"No issues, smooth transactions every time.",0,4
353575,Late Refund,"Refund process is very slow, not happy!",0,3
465214,Billing Issue,"Incorrect amount charged, need a refund!",0,0
626825,Late Refund,"Refund process is very slow, not happy!",0,3
367968,Customer Support Issue,Support team was responsive and helpful.,0,1
449943,Late Refund,Finally got my refund after multiple calls.,0,3
383124,Late Refund,"Refund process is very slow, not happy!",0,3
738882,Billing Issue,Had to call multiple times for a simple billing issue!,0,0
538118,No Issue,"No issues, smooth transactions every time.",0,4
429268,Customer Support Issue,Support team was responsive and helpful.,0,1
627562,Customer Support Issue,Support team was responsive and helpful.,0,1
391966,No Issue,"Happy with the service, would recommend.",0,4
563546,No Issue,"Happy with the service, would recommend.",0,4
640738,Service Quality,The service was too slow and unprofessional!,0,5
305122,Service Quality,The service was too slow and unprofessional!,0,5
344932,Service Quality,"Very satisfied with the service, will recommend!",0,5
544642,No Issue,"Great experience, very satisfied!",0,4
627550,Service Quality,"Very satisfied with the service, will recommend!",0,5
305611,No Issue,Customer support was helpful in resolving my concern.,0,4
493187,No Issue,"No issues, smooth transactions every time.",0,4
520080,Service Quality,"Very satisfied with the service, will recommend!",0,5
305685,Billing Issue,Had to call multiple times for a simple billing issue!,0,0
444072,No Issue,"No issues, smooth transactions every time.",0,4
425022,Service Quality,The service was too slow and unprofessional!,0,5
431004,Service Quality,Service was excellent and very professional.,0,5
644683,No Issue,"Happy with the service, would recommend.",0,4
676810,Customer Support Issue,Support team was responsive and helpful.,0,1
764218,Service Quality,Quality of service was not up to the mark!,0,5
363846,No Issue,"No issues, smooth transactions every time.",0,4
512767,Billing Issue,"Incorrect amount charged, need a refund!",0,0
466989,Service Quality,Service was excellent and very professional.,0,5
474237,Billing Issue,"Billing discrepancy, support is not helping!",0,0
492901,Customer Support Issue,"Long wait time for support, very frustrating!",0,1
382341,Service Quality,Quality of service was not up to the mark!,0,5
309247,Service Quality,The service was too slow and unprofessional!,0,5
371887,Service Quality,Service was excellent and very professional.,0,5
440520,Billing Issue,"Billing discrepancy, support is not helping!",0,0
364912,Billing Issue,Had to call multiple times for a simple billing issue!,0,0
813841,Service Quality,The service was too slow and unprofessional!,0,5
513942,Late Refund,Still waiting for my refund after 2 weeks!,0,3
391654,Service Quality,Service was excellent and very professional.,0,5
642278,Late Refund,Finally got my refund after multiple calls.,0,3
653206,Customer Support Issue,Customer service was rude and unhelpful!,0,1
474602,No Issue,"Happy with the service, would recommend.",0,4
386863,Late Refund,Finally got my refund after multiple calls.,0,3
345517,No Issue,"No issues, smooth transactions every time.",0,4
475272,Customer Support Issue,Customer service was rude and unhelpful!,0,1
362811,Billing Issue,"Incorrect amount charged, need a refund!",0,0
459511,Late Refund,Still waiting for my refund after 2 weeks!,0,3
607195,No Issue,"No issues, smooth transactions every time.",0,4
677668,No Issue,"Happy with the service, would recommend.",0,4
220176,Customer Support Issue,Support team was responsive and helpful.,0,1
815732,Customer Support Issue,"Long wait time for support, very frustrating!",0,1
366461,Service Quality,The service was too slow and unprofessional!,0,5
814219,Billing Issue,"Incorrect amount charged, need a refund!",0,0
363145,Customer Support Issue,"Long wait time for support, very frustrating!",0,1
597188,Late Refund,Finally got my refund after multiple calls.,0,3
309585,Service Quality,Quality of service was not up to the mark!,0,5
575332,No Issue,"Happy with the service, would recommend.",0,4
575401,Service Quality,Service was excellent and very professional.,0,5
402429,Customer Support Issue,"Long wait time for support, very frustrating!",0,1
349911,Service Quality,The service was too slow and unprofessional!,0,5
391846,Service Quality,The service was too slow and unprofessional!,0,5
303362,No Issue,"No issues, smooth transactions every time.",0,4
493621,Service Quality,"Very satisfied with the service, will recommend!",0,5
550382,Billing Issue,"Billing discrepancy, support is not helping!",0,0
371938,Billing Issue,"Incorrect amount charged, need a refund!",0,0
598885,Customer Support Issue,Support team was responsive and helpful.,0,1
641914,Late Refund,Still waiting for my refund after 2 weeks!,0,3
461883,Billing Issue,Had to call multiple times for a simple billing issue!,0,0
677135,Late Refund,Finally got my refund after multiple calls.,0,3
223393,Billing Issue,Had to call multiple times for a simple billing issue!,0,0
657603,Late Refund,Still waiting for my refund after 2 weeks!,0,3
401394,Late Refund,"Refund process is very slow, not happy!",0,3
404580,Service Quality,The service was too slow and unprofessional!,0,5
624831,Billing Issue,"Incorrect amount charged, need a refund!",0,0
427019,No Issue,"Happy with the service, would recommend.",0,4
408297,Customer Support Issue,Customer service was rude and unhelpful!,0,1
645779,Service Quality,Service was excellent and very professional.,0,5
506642,Customer Support Issue,Customer service was rude and unhelpful!,0,1
347974,Customer Support Issue,Customer service was rude and unhelpful!,0,1
342796,Customer Support Issue,"Long wait time for support, very frustrating!",0,1
651085,Late Refund,Finally got my refund after multiple calls.,0,3
509648,No Issue,"Great experience, very satisfied!",0,4
376918,Billing Issue,"Billing discrepancy, support is not helping!",0,0
364026,Billing Issue,"Incorrect amount charged, need a refund!",0,0
475339,Service Quality,Quality of service was not up to the mark!,0,5
309585,No Issue,"No issues, smooth transactions every time.",0,4
438148,No Issue,"Happy with the service, would recommend.",0,4
432502,Billing Issue,"Billing discrepancy, support is not helping!",0,0
480734,Service Quality,I'm disappointed with the overall experience!,0,5
510632,Billing Issue,"Incorrect amount charged, need a refund!",0,0
161157,Customer Support Issue,"Long wait time for support, very frustrating!",0,1
380210,Billing Issue,Had to call multiple times for a simple billing issue!,0,0
424207,Late Refund,Finally got my refund after multiple calls.,0,3
370547,Late Refund,Finally got my refund after multiple calls.,0,3
457582,No Issue,"Happy with the service, would recommend.",0,4
577548,Late Refund,Still waiting for my refund after 2 weeks!,0,3
342950,Late Refund,Finally got my refund after multiple calls.,0,3
622913,No Issue,"Happy with the service, would recommend.",0,4
556212,Service Quality,The service was too slow and unprofessional!,0,5
388049,Late Refund,Still waiting for my refund after 2 weeks!,0,3
648735,Customer Support Issue,"Long wait time for support, very frustrating!",0,1
657189,Customer Support Issue,"Long wait time for support, very frustrating!",0,1
626694,No Issue,"No issues, smooth transactions every time.",0,4
387402,Billing Issue,"Incorrect amount charged, need a refund!",0,0
374578,Service Quality,The service was too slow and unprofessional!,0,5
369766,Service Quality,Quality of service was not up to the mark!,0,5
658731,Service Quality,The service was too slow and unprofessional!,0,5
537345,Customer Support Issue,Support team was responsive and helpful.,0,1
591984,No Issue,"No issues, smooth transactions every time.",0,4
442644,No Issue,"Everything went smoothly, highly recommended.",0,4
472560,Customer Support Issue,Customer service was rude and unhelpful!,0,1
557480,Billing Issue,Had to call multiple times for a simple billing issue!,0,0
810703,No Issue,"No issues, smooth transactions every time.",0,4
426801,Billing Issue,"Billing discrepancy, support is not helping!",0,0
659455,Service Quality,Service was excellent and very professional.,0,5
583649,No Issue,"Everything went smoothly, highly recommended.",0,4
398349,Customer Support Issue,"Long wait time for support, very frustrating!",0,1
355212,Service Quality,"Very satisfied with the service, will recommend!",0,5
344899,Late Refund,Still waiting for my refund after 2 weeks!,0,3
650538,Service Quality,I'm disappointed with the overall experience!,0,5
304911,No Issue,Customer support was helpful in resolving my concern.,0,4
382616,Late Refund,Still waiting for my refund after 2 weeks!,0,3
444270,Service Quality,Service was excellent and very professional.,0,5
341508,Billing Issue,"Incorrect amount charged, need a refund!",0,0
592783,Customer Support Issue,Customer service was rude and unhelpful!,0,1
396575,Service Quality,"Very satisfied with the service, will recommend!",0,5
436176,Billing Issue,"Billing discrepancy, support is not helping!",0,0
646876,Customer Support Issue,Customer service was rude and unhelpful!,0,1
680343,Billing Issue,Had to call multiple times for a simple billing issue!,0,0
646958,No Issue,"Everything went smoothly, highly recommended.",0,4
538177,Billing Issue,"Incorrect amount charged, need a refund!",0,0
658171,Service Quality,I'm disappointed with the overall experience!,0,5
534991,No Issue,"Everything went smoothly, highly recommended.",0,4
393855,No Issue,"No issues, smooth transactions every time.",0,4
646649,Late Refund,Finally got my refund after multiple calls.,0,3
624181,Customer Support Issue,"Long wait time for support, very frustrating!",0,1
514243,Service Quality,Service was excellent and very professional.,0,5
554076,Billing Issue,"Billing discrepancy, support is not helping!",0,0
502964,Late Refund,Finally got my refund after multiple calls.,0,3
399841,Billing Issue,"Billing discrepancy, support is not helping!",0,0
476963,Customer Support Issue,Customer service was rude and unhelpful!,0,1
649903,Service Quality,I'm disappointed with the overall experience!,0,5
411966,Customer Support Issue,Customer service was rude and unhelpful!,0,1
384746,Late Refund,Finally got my refund after multiple calls.,0,3
353445,Billing Issue,"Billing discrepancy, support is not helping!",0,0
523599,Late Refund,Finally got my refund after multiple calls.,0,3
645166,Customer Support Issue,Customer service was rude and unhelpful!,0,1
459295,Billing Issue,"Incorrect amount charged, need a refund!",0,0
607498,Late Refund,Finally got my refund after multiple calls.,0,3
422941,Service Quality,The service was too slow and unprofessional!,0,5
354193,Billing Issue,"Billing discrepancy, support is not helping!",0,0
464093,Late Refund,"Refund process is very slow, not happy!",0,3
406566,No Issue,"Everything went smoothly, highly recommended.",0,4
345984,Customer Support Issue,"Long wait time for support, very frustrating!",0,1
579512,Customer Support Issue,Support team was responsive and helpful.,0,1
539113,Billing Issue,Had to call multiple times for a simple billing issue!,0,0
354888,No Issue,"No issues, smooth transactions every time.",0,4
348904,Service Quality,The service was too slow and unprofessional!,0,5
672143,Customer Support Issue,Support team was responsive and helpful.,0,1
554314,No Issue,"No issues, smooth transactions every time.",0,4
404842,No Issue,Customer support was helpful in resolving my concern.,0,4
308812,No Issue,Customer support was helpful in resolving my concern.,0,4
503932,No Issue,"Happy with the service, would recommend.",0,4
652379,Customer Support Issue,Customer service was rude and unhelpful!,0,1
403446,No Issue,Customer support was helpful in resolving my concern.,0,4
568641,Billing Issue,"Billing discrepancy, support is not helping!",0,0
464560,No Issue,"No issues, smooth transactions every time.",0,4
555200,Late Refund,Finally got my refund after multiple calls.,0,3
358780,Billing Issue,"Incorrect amount charged, need a refund!",0,0
435644,Late Refund,Still waiting for my refund after 2 weeks!,0,3
488512,Service Quality,The service was too slow and unprofessional!,0,5
387023,No Issue,"Happy with the service, would recommend.",0,4
540412,Billing Issue,Had to call multiple times for a simple billing issue!,0,0
469021,Service Quality,Quality of service was not up to the mark!,0,5
496443,Billing Issue,Had to call multiple times for a simple billing issue!,0,0
525954,No Issue,"Everything went smoothly, highly recommended.",0,4
721753,Service Quality,I'm disappointed with the overall experience!,0,5
381499,Billing Issue,"Incorrect amount charged, need a refund!",0,0
374721,No Issue,"No issues, smooth transactions every time.",0,4
368349,Service Quality,Quality of service was not up to the mark!,0,5
469594,No Issue,"Happy with the service, would recommend.",0,4
496460,Late Refund,Finally got my refund after multiple calls.,0,3
507786,Late Refund,"Refund process is very slow, not happy!",0,3
303397,Late Refund,Still waiting for my refund after 2 weeks!,0,3
302399,Billing Issue,"Incorrect amount charged, need a refund!",0,0
504063,Billing Issue,Had to call multiple times for a simple billing issue!,0,0
494233,No Issue,"Everything went smoothly, highly recommended.",0,4
567199,Customer Support Issue,"Long wait time for support, very frustrating!",0,1
300101,Service Quality,The service was too slow and unprofessional!,0,5
813669,Service Quality,Quality of service was not up to the mark!,0,5
470281,Customer Support Issue,"Long wait time for support, very frustrating!",0,1
478486,No Issue,"Great experience, very satisfied!",0,4
508713,No Issue,"Happy with the service, would recommend.",0,4
481338,Service Quality,The service was too slow and unprofessional!,0,5
384259,Customer Support Issue,Customer service was rude and unhelpful!,0,1
413199,Service Quality,Service was excellent and very professional.,0,5
346519,Late Refund,"Refund process is very slow, not happy!",0,3
370328,Customer Support Issue,"Long wait time for support, very frustrating!",0,1
391541,Late Refund,"Refund process is very slow, not happy!",0,3
302130,Billing Issue,Had to call multiple times for a simple billing issue!,0,0
680789,Late Refund,Still waiting for my refund after 2 weeks!,0,3
509390,No Issue,"Great experience, very satisfied!",0,4
301199,Billing Issue,"Incorrect amount charged, need a refund!",0,0
405045,Billing Issue,"Incorrect amount charged, need a refund!",0,0
624670,Customer Support Issue,Support team was responsive and helpful.,0,1
463826,No Issue,"Great experience, very satisfied!",0,4
492782,Customer Support Issue,Customer service was rude and unhelpful!,0,1
814615,No Issue,"No issues, smooth transactions every time.",0,4
481594,Late Refund,Still waiting for my refund after 2 weeks!,0,3
818650,Late Refund,Still waiting for my refund after 2 weeks!,0,3
541993,Customer Support Issue,Customer service was rude and unhelpful!,0,1
652693,Billing Issue,Had to call multiple times for a simple billing issue!,0,0
430862,Late Refund,"Refund process is very slow, not happy!",0,3
427631,Billing Issue,Had to call multiple times for a simple billing issue!,0,0
645382,Billing Issue,"Incorrect amount charged, need a refund!",0,0
588189,No Issue,"Great experience, very satisfied!",0,4
315074,Late Refund,Still waiting for my refund after 2 weeks!,0,3
402020,Billing Issue,Had to call multiple times for a simple billing issue!,0,0
431488,Service Quality,Service was excellent and very professional.,0,5
524581,Late Refund,"Refund process is very slow, not happy!",0,3
524030,No Issue,Customer support was helpful in resolving my concern.,0,4
608626,Billing Issue,"Billing discrepancy, support is not helping!",0,0
777847,Customer Support Issue,Support team was responsive and helpful.,0,1
514480,Late Refund,Still waiting for my refund after 2 weeks!,0,3
636172,Customer Support Issue,"Long wait time for support, very frustrating!",0,1
406631,Customer Support Issue,Support team was responsive and helpful.,0,1
456183,Late Refund,Finally got my refund after multiple calls.,0,3
401362,Customer Support Issue,"Long wait time for support, very frustrating!",0,1
591030,Late Refund,Finally got my refund after multiple calls.,0,3
349472,Billing Issue,"Incorrect amount charged, need a refund!",0,0
384071,Late Refund,"Refund process is very slow, not happy!",0,3
305862,Late Refund,"Refund process is very slow, not happy!",0,3
395972,No Issue,"Great experience, very satisfied!",0,4
810467,Late Refund,Still waiting for my refund after 2 weeks!,0,3
535318,Late Refund,"Refund process is very slow, not happy!",0,3
449460,Customer Support Issue,Customer service was rude and unhelpful!,0,1
429765,Late Refund,Finally got my refund after multiple calls.,0,3
437492,Service Quality,The service was too slow and unprofessional!,0,5
302782,Late Refund,Finally got my refund after multiple calls.,0,3
475338,Service Quality,The service was too slow and unprofessional!,0,5
519386,Billing Issue,"Incorrect amount charged, need a refund!",0,0
319149,Billing Issue,"Incorrect amount charged, need a refund!",0,0
495650,No Issue,"Happy with the service, would recommend.",0,4
598229,Late Refund,"Refund process is very slow, not happy!",0,3
393698,Late Refund,Still waiting for my refund after 2 weeks!,0,3
815162,Billing Issue,Had to call multiple times for a simple billing issue!,0,0
475344,Customer Support Issue,Customer service was rude and unhelpful!,0,1
369696,Late Refund,Finally got my refund after multiple calls.,0,3
427796,Billing Issue,"Billing discrepancy, support is not helping!",0,0
507589,Billing Issue,Had to call multiple times for a simple billing issue!,0,0
411687,No Issue,"Happy with the service, would recommend.",0,4
606985,Service Quality,I'm disappointed with the overall experience!,0,5
646543,Late Refund,Finally got my refund after multiple calls.,0,3
384297,Service Quality,Quality of service was not up to the mark!,0,5
484443,Service Quality,"Very satisfied with the service, will recommend!",0,5
499705,Customer Support Issue,"Long wait time for support, very frustrating!",0,1
514229,Late Refund,"Refund process is very slow, not happy!",0,3
518623,Late Refund,"Refund process is very slow, not happy!",0,3
392608,Billing Issue,"Incorrect amount charged, need a refund!",0,0
656515,Service Quality,The service was too slow and unprofessional!,0,5
472772,Service Quality,Quality of service was not up to the mark!,0,5
380760,Service Quality,Service was excellent and very professional.,0,5
633179,Billing Issue,"Incorrect amount charged, need a refund!",0,0
570581,Late Refund,Still waiting for my refund after 2 weeks!,0,3
446728,No Issue,"Everything went smoothly, highly recommended.",0,4
552553,Late Refund,Still waiting for my refund after 2 weeks!,0,3
494725,Customer Support Issue,Support team was responsive and helpful.,0,1
447593,Late Refund,Finally got my refund after multiple calls.,0,3
103426,Customer Support Issue,Customer service was rude and unhelpful!,0,1
707807,Billing Issue,"Billing discrepancy, support is not helping!",0,0
344533,No Issue,Customer support was helpful in resolving my concern.,0,4
488776,Late Refund,Finally got my refund after multiple calls.,0,3
626379,Late Refund,Still waiting for my refund after 2 weeks!,0,3
496133,Late Refund,"Refund process is very slow, not happy!",0,3
382066,Late Refund,"Refund process is very slow, not happy!",0,3
379611,No Issue,"Everything went smoothly, highly recommended.",0,4
310282,No Issue,"Everything went smoothly, highly recommended.",0,4
473267,Late Refund,"Refund process is very slow, not happy!",0,3
348023,Service Quality,Service was excellent and very professional.,0,5
498983,Customer Support Issue,Support team was responsive and helpful.,0,1
456257,Customer Support Issue,Support team was responsive and helpful.,0,1
776883,No Issue,"Everything went smoothly, highly recommended.",0,4
508959,Late Refund,Finally got my refund after multiple calls.,0,3
620412,No Issue,"Happy with the service, would recommend.",0,4
399959,No Issue,"No issues, smooth transactions every time.",0,4
628588,Service Quality,Quality of service was not up to the mark!,0,5
471834,No Issue,"Everything went smoothly, highly recommended.",0,4
585052,No Issue,"Happy with the service, would recommend.",0,4
627972,Service Quality,"Very satisfied with the service, will recommend!",0,5
454746,Late Refund,Finally got my refund after multiple calls.,0,3
433762,Late Refund,Still waiting for my refund after 2 weeks!,0,3
500956,Late Refund,Finally got my refund after multiple calls.,0,3
604900,Service Quality,"Very satisfied with the service, will recommend!",0,5
641920,No Issue,"No issues, smooth transactions every time.",0,4
370339,Customer Support Issue,Support team was responsive and helpful.,0,1
502762,No Issue,"Everything went smoothly, highly recommended.",0,4
424057,Billing Issue,Had to call multiple times for a simple billing issue!,0,0
510337,Billing Issue,"Billing discrepancy, support is not helping!",0,0
414540,No Issue,Customer support was helpful in resolving my concern.,0,4
363838,Service Quality,The service was too slow and unprofessional!,0,5
505188,Billing Issue,"Incorrect amount charged, need a refund!",0,0
395814,No Issue,Customer support was helpful in resolving my concern.,0,4
394589,Service Quality,The service was too slow and unprofessional!,0,5
401221,Service Quality,Service was excellent and very professional.,0,5
583096,Billing Issue,"Incorrect amount charged, need a refund!",0,0
420143,Late Refund,Finally got my refund after multiple calls.,0,3
486340,No Issue,"Everything went smoothly, highly recommended.",0,4
811288,Customer Support Issue,Support team was responsive and helpful.,0,1
531127,No Issue,"No issues, smooth transactions every time.",0,4
483420,Service Quality,Service was excellent and very professional.,0,5
474779,No Issue,Customer support was helpful in resolving my concern.,0,4
508015,Customer Support Issue,Customer service was rude and unhelpful!,0,1
458721,No Issue,"Great experience, very satisfied!",0,4
549169,Service Quality,"Very satisfied with the service, will recommend!",0,5
439975,Service Quality,I'm disappointed with the overall experience!,0,5
397254,Service Quality,"Very satisfied with the service, will recommend!",0,5
113925,Late Refund,Finally got my refund after multiple calls.,0,3
373816,Late Refund,Finally got my refund after multiple calls.,0,3
451668,Service Quality,"Very satisfied with the service, will recommend!",0,5
403379,Customer Support Issue,Customer service was rude and unhelpful!,0,1
501487,Late Refund,Finally got my refund after multiple calls.,0,3
638400,Billing Issue,"Billing discrepancy, support is not helping!",0,0
816254,Billing Issue,"Incorrect amount charged, need a refund!",0,0
305104,Service Quality,"Very satisfied with the service, will recommend!",0,5
515279,Customer Support Issue,Customer service was rude and unhelpful!,0,1
548472,Service Quality,Quality of service was not up to the mark!,0,5
642158,Service Quality,"Very satisfied with the service, will recommend!",0,5
676183,Late Refund,Still waiting for my refund after 2 weeks!,0,3
813542,Service Quality,Quality of service was not up to the mark!,0,5
582074,No Issue,Customer support was helpful in resolving my concern.,0,4
545906,Service Quality,Quality of service was not up to the mark!,0,5
117515,Billing Issue,Had to call multiple times for a simple billing issue!,0,0
680631,No Issue,"Everything went smoothly, highly recommended.",0,4
118548,Late Refund,"Refund process is very slow, not happy!",0,3
372880,Customer Support Issue,Support team was responsive and helpful.,0,1
518853,Billing Issue,Had to call multiple times for a simple billing issue!,0,0
397129,Service Quality,Quality of service was not up to the mark!,0,5
481009,Late Refund,Still waiting for my refund after 2 weeks!,0,3
520983,Customer Support Issue,Support team was responsive and helpful.,0,1
700580,Billing Issue,"Billing discrepancy, support is not helping!",0,0
582814,Late Refund,Finally got my refund after multiple calls.,0,3
477938,Service Quality,Service was excellent and very professional.,0,5
390864,No Issue,"No issues, smooth transactions every time.",0,4
442088,Billing Issue,"Incorrect amount charged, need a refund!",0,0
123473,No Issue,"No issues, smooth transactions every time.",0,4
585220,Customer Support Issue,Customer service was rude and unhelpful!,0,1
383891,Billing Issue,"Billing discrepancy, support is not helping!",0,0
474995,No Issue,"No issues, smooth transactions every time.",0,4
426958,Customer Support Issue,"Long wait time for support, very frustrating!",0,1
547474,Customer Support Issue,"Long wait time for support, very frustrating!",0,1
675998,Customer Support Issue,Customer service was rude and unhelpful!,0,1
655978,Late Refund,"Refund process is very slow, not happy!",0,3
506393,Service Quality,Quality of service was not up to the mark!,0,5
590593,Customer Support Issue,Customer service was rude and unhelpful!,0,1
401699,Late Refund,Still waiting for my refund after 2 weeks!,0,3
476123,Customer Support Issue,"Long wait time for support, very frustrating!",0,1
577370,No Issue,Customer support was helpful in resolving my concern.,0,4
495141,Service Quality,The service was too slow and unprofessional!,0,5
415893,Customer Support Issue,Customer service was rude and unhelpful!,0,1
234065,Billing Issue,Had to call multiple times for a simple billing issue!,0,0
376478,Service Quality,The service was too slow and unprofessional!,0,5
400928,Billing Issue,"Billing discrepancy, support is not helping!",0,0
582122,Billing Issue,"Billing discrepancy, support is not helping!",0,0
381995,Customer Support Issue,Customer service was rude and unhelpful!,0,1
401158,No Issue,"Happy with the service, would recommend.",0,4
103408,Customer Support Issue,Support team was responsive and helpful.,0,1
645291,Late Refund,"Refund process is very slow, not happy!",0,3
412707,Customer Support Issue,Support team was responsive and helpful.,0,1
606100,Late Refund,"Refund process is very slow, not happy!",0,3
500996,Late Refund,Finally got my refund after multiple calls.,0,3
423602,No Issue,Customer support was helpful in resolving my concern.,0,4
675928,No Issue,Customer support was helpful in resolving my concern.,0,4
659374,Service Quality,"Very satisfied with the service, will recommend!",0,5
500848,No Issue,"No issues, smooth transactions every time.",0,4
726073,No Issue,"No issues, smooth transactions every time.",0,4
505417,Late Refund,"Refund process is very slow, not happy!",0,3
341978,Late Refund,"Refund process is very slow, not happy!",0,3
428750,No Issue,"Great experience, very satisfied!",0,4
466654,No Issue,Customer support was helpful in resolving my concern.,0,4
445206,Billing Issue,"Billing discrepancy, support is not helping!",0,0
340446,No Issue,Customer support was helpful in resolving my concern.,0,4
539787,Service Quality,Quality of service was not up to the mark!,0,5
418630,Customer Support Issue,Support team was responsive and helpful.,0,1
449957,Customer Support Issue,Customer service was rude and unhelpful!,0,1
680873,Customer Support Issue,Support team was responsive and helpful.,0,1
356612,No Issue,"Great experience, very satisfied!",0,4
647119,Late Refund,"Refund process is very slow, not happy!",0,3
624739,Service Quality,I'm disappointed with the overall experience!,0,5
475579,Billing Issue,"Billing discrepancy, support is not helping!",0,0
349302,Late Refund,Finally got my refund after multiple calls.,0,3
645139,Late Refund,Still waiting for my refund after 2 weeks!,0,3
468284,Customer Support Issue,Support team was responsive and helpful.,0,1
381748,Customer Support Issue,"Long wait time for support, very frustrating!",0,1
591570,Service Quality,Quality of service was not up to the mark!,0,5
644547,No Issue,"Happy with the service, would recommend.",0,4
472997,Billing Issue,"Billing discrepancy, support is not helping!",0,0
427712,Late Refund,"Refund process is very slow, not happy!",0,3
370860,Service Quality,I'm disappointed with the overall experience!,0,5
418668,Late Refund,Still waiting for my refund after 2 weeks!,0,3
468065,Billing Issue,Had to call multiple times for a simple billing issue!,0,0
526863,Billing Issue,"Billing discrepancy, support is not helping!",0,0
118526,Billing Issue,"Billing discrepancy, support is not helping!",0,0
810638,Service Quality,"Very satisfied with the service, will recommend!",0,5
542860,Service Quality,Service was excellent and very professional.,0,5
521158,No Issue,Customer support was helpful in resolving my concern.,0,4
640791,Late Refund,Finally got my refund after multiple calls.,0,3
474320,Late Refund,"Refund process is very slow, not happy!",0,3
304661,No Issue,"Great experience, very satisfied!",0,4
519883,Billing Issue,"Incorrect amount charged, need a refund!",0,0
579261,Customer Support Issue,Support team was responsive and helpful.,0,1
480427,Customer Support Issue,Support team was responsive and helpful.,0,1
465280,No Issue,Customer support was helpful in resolving my concern.,0,4
301054,Late Refund,"Refund process is very slow, not happy!",0,3
649774,Customer Support Issue,"Long wait time for support, very frustrating!",0,1
392230,No Issue,"Happy with the service, would recommend.",0,4
344034,Service Quality,I'm disappointed with the overall experience!,0,5
816677,Customer Support Issue,"Long wait time for support, very frustrating!",0,1
447052,No Issue,"Happy with the service, would recommend.",0,4
381297,Late Refund,"Refund process is very slow, not happy!",0,3
370454,Customer Support Issue,Support team was responsive and helpful.,0,1
624276,Customer Support Issue,"Long wait time for support, very frustrating!",0,1
481291,Customer Support Issue,"Long wait time for support, very frustrating!",0,1
429571,Late Refund,Still waiting for my refund after 2 weeks!,0,3
482709,No Issue,Customer support was helpful in resolving my concern.,0,4
349298,Billing Issue,"Incorrect amount charged, need a refund!",0,0
395724,No Issue,"Happy with the service, would recommend.",0,4
385664,Customer Support Issue,Customer service was rude and unhelpful!,0,1
556368,No Issue,"Great experience, very satisfied!",0,4
381084,Service Quality,Service was excellent and very professional.,0,5
580016,Service Quality,Quality of service was not up to the mark!,0,5
155637,Customer Support Issue,Customer service was rude and unhelpful!,0,1
439736,Late Refund,"Refund process is very slow, not happy!",0,3
606474,Customer Support Issue,Customer service was rude and unhelpful!,0,1
466793,Customer Support Issue,"Long wait time for support, very frustrating!",0,1
354810,No Issue,"Everything went smoothly, highly recommended.",0,4
488453,Service Quality,I'm disappointed with the overall experience!,0,5
427293,Billing Issue,Had to call multiple times for a simple billing issue!,0,0
302298,Late Refund,"Refund process is very slow, not happy!",0,3
426342,No Issue,"Great experience, very satisfied!",0,4
446191,Service Quality,"Very satisfied with the service, will recommend!",0,5
485897,Service Quality,Service was excellent and very professional.,0,5
811598,No Issue,"No issues, smooth transactions every time.",0,4
511649,Service Quality,The service was too slow and unprofessional!,0,5
440089,No Issue,Customer support was helpful in resolving my concern.,0,4
559134,Service Quality,Quality of service was not up to the mark!,0,5
446854,Late Refund,Finally got my refund after multiple calls.,0,3
607571,Late Refund,Finally got my refund after multiple calls.,0,3
510325,No Issue,Customer support was helpful in resolving my concern.,0,4
411648,Late Refund,"Refund process is very slow, not happy!",0,3
386702,No Issue,"No issues, smooth transactions every time.",0,4
397022,Late Refund,"Refund process is very slow, not happy!",0,3
435049,Service Quality,Service was excellent and very professional.,0,5
310023,No Issue,"Happy with the service, would recommend.",0,4
302275,Late Refund,"Refund process is very slow, not happy!",0,3
465081,No Issue,"Happy with the service, would recommend.",0,4
650346,Billing Issue,"Incorrect amount charged, need a refund!",0,0
691339,No Issue,"Happy with the service, would recommend.",0,4
677093,Late Refund,"Refund process is very slow, not happy!",0,3
652838,No Issue,"Great experience, very satisfied!",0,4
699388,Billing Issue,Had to call multiple times for a simple billing issue!,0,0
670339,Late Refund,Still waiting for my refund after 2 weeks!,0,3
652782,Customer Support Issue,Customer service was rude and unhelpful!,0,1
548311,Late Refund,"Refund process is very slow, not happy!",0,3
383268,Service Quality,Service was excellent and very professional.,0,5
488808,Billing Issue,Had to call multiple times for a simple billing issue!,0,0
814958,Customer Support Issue,"Long wait time for support, very frustrating!",0,1
580319,No Issue,"Happy with the service, would recommend.",0,4
568434,Customer Support Issue,Customer service was rude and unhelpful!,0,1
311765,Billing Issue,Had to call multiple times for a simple billing issue!,0,0
448053,No Issue,Customer support was helpful in resolving my concern.,0,4
770210,Customer Support Issue,"Long wait time for support, very frustrating!",0,1
305007,No Issue,"Great experience, very satisfied!",0,4
388607,Billing Issue,"Incorrect amount charged, need a refund!",0,0
507529,Customer Support Issue,"Long wait time for support, very frustrating!",0,1
460610,No Issue,"Happy with the service, would recommend.",0,4
422621,Billing Issue,Had to call multiple times for a simple billing issue!,0,0
654255,Billing Issue,Had to call multiple times for a simple billing issue!,0,0
371683,Customer Support Issue,Customer service was rude and unhelpful!,0,1
455500,Late Refund,Finally got my refund after multiple calls.,0,3
480805,Billing Issue,Had to call multiple times for a simple billing issue!,0,0
484548,Late Refund,"Refund process is very slow, not happy!",0,3
340378,Billing Issue,"Billing discrepancy, support is not helping!",0,0
406219,No Issue,Customer support was helpful in resolving my concern.,0,4
438363,No Issue,Customer support was helpful in resolving my concern.,0,4
357269,Billing Issue,"Incorrect amount charged, need a refund!",0,0
302738,Customer Support Issue,Customer service was rude and unhelpful!,0,1
813486,Customer Support Issue,"Long wait time for support, very frustrating!",0,1
506787,Billing Issue,"Billing discrepancy, support is not helping!",0,0
500826,Service Quality,"Very satisfied with the service, will recommend!",0,5
585458,Service Quality,The service was too slow and unprofessional!,0,5
444111,Service Quality,I'm disappointed with the overall experience!,0,5
524089,Customer Support Issue,Customer service was rude and unhelpful!,0,1
348102,No Issue,"No issues, smooth transactions every time.",0,4
379596,Customer Support Issue,Support team was responsive and helpful.,0,1
369999,Customer Support Issue,Support team was responsive and helpful.,0,1
103346,Service Quality,"Very satisfied with the service, will recommend!",0,5
493027,No Issue,"No issues, smooth transactions every time.",0,4
344250,Service Quality,Service was excellent and very professional.,0,5
357604,Late Refund,Still waiting for my refund after 2 weeks!,0,3
341816,Billing Issue,Had to call multiple times for a simple billing issue!,0,0
373030,Billing Issue,"Incorrect amount charged, need a refund!",0,0
446767,Customer Support Issue,"Long wait time for support, very frustrating!",0,1
498343,Service Quality,I'm disappointed with the overall experience!,0,5
549127,No Issue,Customer support was helpful in resolving my concern.,0,4
738904,Service Quality,"Very satisfied with the service, will recommend!",0,5
315265,Service Quality,I'm disappointed with the overall experience!,0,5
888636,Billing Issue,"Billing discrepancy, support is not helping!",0,0
446225,No Issue,Customer support was helpful in resolving my concern.,0,4
472099,Billing Issue,"Billing discrepancy, support is not helping!",0,0
523021,Service Quality,I'm disappointed with the overall experience!,0,5
537770,Billing Issue,"Billing discrepancy, support is not helping!",0,0
550300,Billing Issue,"Billing discrepancy, support is not helping!",0,0
417964,Late Refund,Finally got my refund after multiple calls.,0,3
491958,Late Refund,"Refund process is very slow, not happy!",0,3
479601,Customer Support Issue,Customer service was rude and unhelpful!,0,1
386633,No Issue,"Happy with the service, would recommend.",0,4
392150,Service Quality,Service was excellent and very professional.,0,5
392782,Service Quality,"Very satisfied with the service, will recommend!",0,5
438771,No Issue,"Everything went smoothly, highly recommended.",0,4
592105,No Issue,"Happy with the service, would recommend.",0,4
545730,Customer Support Issue,"Long wait time for support, very frustrating!",0,1
647066,No Issue,"No issues, smooth transactions every time.",0,4
341990,Service Quality,Quality of service was not up to the mark!,0,5
572623,Billing Issue,"Billing discrepancy, support is not helping!",0,0
513367,Billing Issue,Had to call multiple times for a simple billing issue!,0,0
405028,No Issue,Customer support was helpful in resolving my concern.,0,4
608258,Late Refund,"Refund process is very slow, not happy!",0,3
676531,Late Refund,Still waiting for my refund after 2 weeks!,0,3
460751,Service Quality,Quality of service was not up to the mark!,0,5
514173,Customer Support Issue,"Long wait time for support, very frustrating!",0,1
422562,Customer Support Issue,"Long wait time for support, very frustrating!",0,1
511930,Service Quality,The service was too slow and unprofessional!,0,5
556572,Customer Support Issue,Support team was responsive and helpful.,0,1
345896,Billing Issue,"Incorrect amount charged, need a refund!",0,0
815023,Customer Support Issue,Support team was responsive and helpful.,0,1
341456,Billing Issue,"Incorrect amount charged, need a refund!",0,0
533091,No Issue,Customer support was helpful in resolving my concern.,0,4
355110,No Issue,"No issues, smooth transactions every time.",0,4
658167,No Issue,"Everything went smoothly, highly recommended.",0,4
595539,Late Refund,Still waiting for my refund after 2 weeks!,0,3
397907,Late Refund,"Refund process is very slow, not happy!",0,3
562407,Billing Issue,"Billing discrepancy, support is not helping!",0,0
370263,Billing Issue,"Incorrect amount charged, need a refund!",0,0
776124,Billing Issue,"Incorrect amount charged, need a refund!",0,0
811952,No Issue,"Happy with the service, would recommend.",0,4
507772,No Issue,"Everything went smoothly, highly recommended.",0,4
647944,Service Quality,I'm disappointed with the overall experience!,0,5
817240,Customer Support Issue,Support team was responsive and helpful.,0,1
487887,No Issue,"Everything went smoothly, highly recommended.",0,4
495697,Late Refund,"Refund process is very slow, not happy!",0,3
413875,No Issue,Customer support was helpful in resolving my concern.,0,4
391884,Customer Support Issue,Support team was responsive and helpful.,0,1
510834,Billing Issue,"Billing discrepancy, support is not helping!",0,0
363207,Billing Issue,"Billing discrepancy, support is not helping!",0,0
562790,No Issue,"Great experience, very satisfied!",0,4
478022,Billing Issue,"Billing discrepancy, support is not helping!",0,0
300130,Customer Support Issue,Support team was responsive and helpful.,0,1
471667,Customer Support Issue,Customer service was rude and unhelpful!,0,1
644690,Billing Issue,Had to call multiple times for a simple billing issue!,0,0
363439,Late Refund,"Refund process is very slow, not happy!",0,3
511558,Billing Issue,"Incorrect amount charged, need a refund!",0,0
302628,No Issue,"Happy with the service, would recommend.",0,4
811139,Billing Issue,Had to call multiple times for a simple billing issue!,0,0
381889,No Issue,"Great experience, very satisfied!",0,4
545601,Late Refund,Finally got my refund after multiple calls.,0,3
400292,No Issue,"Great experience, very satisfied!",0,4
484109,No Issue,"Everything went smoothly, highly recommended.",0,4
447267,No Issue,"Happy with the service, would recommend.",0,4
549459,Late Refund,"Refund process is very slow, not happy!",0,3
438032,No Issue,"Everything went smoothly, highly recommended.",0,4
400063,Billing Issue,"Incorrect amount charged, need a refund!",0,0
342693,Late Refund,Still waiting for my refund after 2 weeks!,0,3
556929,Late Refund,Finally got my refund after multiple calls.,0,3
343367,No Issue,"No issues, smooth transactions every time.",0,4
384536,Service Quality,Service was excellent and very professional.,0,5
346921,Service Quality,Service was excellent and very professional.,0,5
446032,Service Quality,Service was excellent and very professional.,0,5
625575,Late Refund,"Refund process is very slow, not happy!",0,3
519812,No Issue,Customer support was helpful in resolving my concern.,0,4
311619,Billing Issue,"Billing discrepancy, support is not helping!",0,0
584593,No Issue,Customer support was helpful in resolving my concern.,0,4
512191,Service Quality,Quality of service was not up to the mark!,0,5
344765,Billing Issue,"Billing discrepancy, support is not helping!",0,0
626438,Service Quality,Service was excellent and very professional.,0,5
355464,Billing Issue,"Incorrect amount charged, need a refund!",0,0
523462,Billing Issue,Had to call multiple times for a simple billing issue!,0,0
587278,No Issue,"Happy with the service, would recommend.",0,4
449545,Customer Support Issue,Support team was responsive and helpful.,0,1
382249,Late Refund,"Refund process is very slow, not happy!",0,3
369366,Service Quality,The service was too slow and unprofessional!,0,5
659701,Service Quality,I'm disappointed with the overall experience!,0,5
395891,Late Refund,"Refund process is very slow, not happy!",0,3
649733,Billing Issue,Had to call multiple times for a simple billing issue!,0,0
502234,Customer Support Issue,"Long wait time for support, very frustrating!",0,1
311727,Billing Issue,"Billing discrepancy, support is not helping!",0,0
606401,No Issue,"Happy with the service, would recommend.",0,4
180005,Billing Issue,Had to call multiple times for a simple billing issue!,0,0
491148,Billing Issue,Had to call multiple times for a simple billing issue!,0,0
501356,Service Quality,Quality of service was not up to the mark!,0,5
588389,Billing Issue,"Billing discrepancy, support is not helping!",0,0
511780,Late Refund,Still waiting for my refund after 2 weeks!,0,3
611182,Customer Support Issue,Support team was responsive and helpful.,0,1
357281,Billing Issue,"Incorrect amount charged, need a refund!",0,0
492139,Billing Issue,"Incorrect amount charged, need a refund!",0,0
735117,Customer Support Issue,Support team was responsive and helpful.,0,1
429107,No Issue,"Happy with the service, would recommend.",0,4
379775,Service Quality,"Very satisfied with the service, will recommend!",0,5
303400,Service Quality,"Very satisfied with the service, will recommend!",0,5
402218,Customer Support Issue,Support team was responsive and helpful.,0,1
529243,Service Quality,Service was excellent and very professional.,0,5
651364,Late Refund,"Refund process is very slow, not happy!",0,3
550123,Service Quality,Service was excellent and very professional.,0,5
551265,No Issue,"No issues, smooth transactions every time.",0,4
407848,No Issue,"Great experience, very satisfied!",0,4
420667,Service Quality,Quality of service was not up to the mark!,0,5
435452,Service Quality,The service was too slow and unprofessional!,0,5
333970,Customer Support Issue,Support team was responsive and helpful.,0,1
363682,Service Quality,Service was excellent and very professional.,0,5
345360,Late Refund,Still waiting for my refund after 2 weeks!,0,3
672039,No Issue,Customer support was helpful in resolving my concern.,0,4
594272,Service Quality,I'm disappointed with the overall experience!,0,5
545701,Service Quality,Quality of service was not up to the mark!,0,5
402819,Late Refund,Finally got my refund after multiple calls.,0,3
482789,Billing Issue,"Incorrect amount charged, need a refund!",0,0
429808,Service Quality,Quality of service was not up to the mark!,0,5
370353,Late Refund,"Refund process is very slow, not happy!",0,3
480302,Billing Issue,Had to call multiple times for a simple billing issue!,0,0
812977,No Issue,"Great experience, very satisfied!",0,4
623086,No Issue,Customer support was helpful in resolving my concern.,0,4
370428,Service Quality,I'm disappointed with the overall experience!,0,5
650995,No Issue,"Great experience, very satisfied!",0,4
653649,Customer Support Issue,Customer service was rude and unhelpful!,0,1
552260,No Issue,Customer support was helpful in resolving my concern.,0,4
517858,No Issue,Customer support was helpful in resolving my concern.,0,4
653003,Late Refund,Finally got my refund after multiple calls.,0,3
378682,No Issue,"Everything went smoothly, highly recommended.",0,4
488394,Late Refund,"Refund process is very slow, not happy!",0,3
649078,Service Quality,"Very satisfied with the service, will recommend!",0,5
593972,Customer Support Issue,Support team was responsive and helpful.,0,1
584684,No Issue,Customer support was helpful in resolving my concern.,0,4
415810,Customer Support Issue,Support team was responsive and helpful.,0,1
393548,Billing Issue,"Billing discrepancy, support is not helping!",0,0
500163,No Issue,"No issues, smooth transactions every time.",0,4
500597,Service Quality,"Very satisfied with the service, will recommend!",0,5
501485,Billing Issue,"Billing discrepancy, support is not helping!",0,0
362001,Late Refund,Finally got my refund after multiple calls.,0,3
438798,Billing Issue,"Incorrect amount charged, need a refund!",0,0
419387,Late Refund,Still waiting for my refund after 2 weeks!,0,3
444702,Late Refund,"Refund process is very slow, not happy!",0,3
446740,Late Refund,"Refund process is very slow, not happy!",0,3
116906,Late Refund,Still waiting for my refund after 2 weeks!,0,3
378249,Billing Issue,"Incorrect amount charged, need a refund!",0,0
414415,Late Refund,Still waiting for my refund after 2 weeks!,0,3
542623,Customer Support Issue,Customer service was rude and unhelpful!,0,1
535312,Billing Issue,"Billing discrepancy, support is not helping!",0,0
811306,Late Refund,Finally got my refund after multiple calls.,0,3
485215,Billing Issue,"Billing discrepancy, support is not helping!",0,0
594390,No Issue,"No issues, smooth transactions every time.",0,4
434390,Service Quality,Quality of service was not up to the mark!,0,5
491536,Late Refund,"Refund process is very slow, not happy!",0,3
460123,No Issue,"No issues, smooth transactions every time.",0,4
507648,Billing Issue,"Billing discrepancy, support is not helping!",0,0
301575,Late Refund,Finally got my refund after multiple calls.,0,3
357525,No Issue,"Happy with the service, would recommend.",0,4
399686,Billing Issue,Had to call multiple times for a simple billing issue!,0,0
396217,Customer Support Issue,Customer service was rude and unhelpful!,0,1
463580,Customer Support Issue,Support team was responsive and helpful.,0,1
487794,Billing Issue,"Incorrect amount charged, need a refund!",0,0
423258,No Issue,Customer support was helpful in resolving my concern.,0,4
628700,Customer Support Issue,Support team was responsive and helpful.,0,1
348542,Late Refund,Finally got my refund after multiple calls.,0,3
103063,Late Refund,"Refund process is very slow, not happy!",0,3
656034,No Issue,"Happy with the service, would recommend.",0,4
479827,Service Quality,"Very satisfied with the service, will recommend!",0,5
596389,No Issue,Customer support was helpful in resolving my concern.,0,4
395951,Customer Support Issue,Support team was responsive and helpful.,0,1
521830,Service Quality,I'm disappointed with the overall experience!,0,5
380032,Late Refund,Still waiting for my refund after 2 weeks!,0,3
513572,No Issue,"Happy with the service, would recommend.",0,4
566586,Billing Issue,"Billing discrepancy, support is not helping!",0,0
366962,Customer Support Issue,Customer service was rude and unhelpful!,0,1
391904,Late Refund,Finally got my refund after multiple calls.,0,3
390868,Billing Issue,"Billing discrepancy, support is not helping!",0,0
466931,Billing Issue,"Incorrect amount charged, need a refund!",0,0
644890,Late Refund,"Refund process is very slow, not happy!",0,3
302008,Late Refund,"Refund process is very slow, not happy!",0,3
675946,Billing Issue,"Incorrect amount charged, need a refund!",0,0
398304,Billing Issue,Had to call multiple times for a simple billing issue!,0,0
303868,Billing Issue,"Incorrect amount charged, need a refund!",0,0
555064,Service Quality,"Very satisfied with the service, will recommend!",0,5
582501,Late Refund,Still waiting for my refund after 2 weeks!,0,3
390360,Billing Issue,"Incorrect amount charged, need a refund!",0,0
475660,No Issue,Customer support was helpful in resolving my concern.,0,4
501450,Customer Support Issue,Customer service was rude and unhelpful!,0,1
348213,Customer Support Issue,Support team was responsive and helpful.,0,1
589033,Billing Issue,Had to call multiple times for a simple billing issue!,0,0
434574,Billing Issue,"Billing discrepancy, support is not helping!",0,0
495533,No Issue,Customer support was helpful in resolving my concern.,0,4
587028,Service Quality,"Very satisfied with the service, will recommend!",0,5
369765,Billing Issue,"Incorrect amount charged, need a refund!",0,0
535322,Late Refund,Finally got my refund after multiple calls.,0,3
509573,Late Refund,"Refund process is very slow, not happy!",0,3
585469,No Issue,"Happy with the service, would recommend.",0,4
429139,No Issue,"Happy with the service, would recommend.",0,4
387092,Late Refund,Finally got my refund after multiple calls.,0,3
595436,No Issue,"Everything went smoothly, highly recommended.",0,4
412581,Customer Support Issue,Customer service was rude and unhelpful!,0,1
444106,Billing Issue,Had to call multiple times for a simple billing issue!,0,0
657663,Service Quality,I'm disappointed with the overall experience!,0,5
411305,Billing Issue,Had to call multiple times for a simple billing issue!,0,0
510126,Billing Issue,"Incorrect amount charged, need a refund!",0,0
399801,Billing Issue,Had to call multiple times for a simple billing issue!,0,0
672152,Billing Issue,"Billing discrepancy, support is not helping!",0,0
459273,Customer Support Issue,Customer service was rude and unhelpful!,0,1
596665,Service Quality,I'm disappointed with the overall experience!,0,5
607881,Billing Issue,"Incorrect amount charged, need a refund!",0,0
302025,Billing Issue,Had to call multiple times for a simple billing issue!,0,0
623574,No Issue,"Happy with the service, would recommend.",0,4
303012,No Issue,"No issues, smooth transactions every time.",0,4
466693,Late Refund,"Refund process is very slow, not happy!",0,3
582349,Customer Support Issue,Customer service was rude and unhelpful!,0,1
372190,Late Refund,Still waiting for my refund after 2 weeks!,0,3
672216,No Issue,"Everything went smoothly, highly recommended.",0,4
112518,Late Refund,Still waiting for my refund after 2 weeks!,0,3
435595,Billing Issue,"Billing discrepancy, support is not helping!",0,0
305135,No Issue,Customer support was helpful in resolving my concern.,0,4
302407,No Issue,"Great experience, very satisfied!",0,4
513528,Billing Issue,Had to call multiple times for a simple billing issue!,0,0
300163,Service Quality,Service was excellent and very professional.,0,5
410946,Customer Support Issue,Support team was responsive and helpful.,0,1
435177,Customer Support Issue,Customer service was rude and unhelpful!,0,1
553833,Customer Support Issue,"Long wait time for support, very frustrating!",0,1
640320,Customer Support Issue,Customer service was rude and unhelpful!,0,1
507013,No Issue,"Great experience, very satisfied!",0,4
690060,No Issue,Customer support was helpful in resolving my concern.,0,4
393148,Billing Issue,Had to call multiple times for a simple billing issue!,0,0
396230,Billing Issue,"Incorrect amount charged, need a refund!",0,0
627417,Billing Issue,Had to call multiple times for a simple billing issue!,0,0
362031,Customer Support Issue,"Long wait time for support, very frustrating!",0,1
511036,Late Refund,"Refund process is very slow, not happy!",0,3
416816,Customer Support Issue,Customer service was rude and unhelpful!,0,1
510518,No Issue,"Great experience, very satisfied!",0,4
452248,Billing Issue,Had to call multiple times for a simple billing issue!,0,0
429317,Service Quality,The service was too slow and unprofessional!,0,5
443572,Late Refund,Still waiting for my refund after 2 weeks!,0,3
402634,No Issue,"Everything went smoothly, highly recommended.",0,4
515899,Late Refund,"Refund process is very slow, not happy!",0,3
503690,No Issue,"Happy with the service, would recommend.",0,4
585127,Late Refund,"Refund process is very slow, not happy!",0,3
464041,No Issue,"Happy with the service, would recommend.",0,4
443740,Service Quality,Quality of service was not up to the mark!,0,5
576940,Billing Issue,Had to call multiple times for a simple billing issue!,0,0
399676,No Issue,"Everything went smoothly, highly recommended.",0,4
592334,Service Quality,The service was too slow and unprofessional!,0,5
441996,No Issue,"Everything went smoothly, highly recommended.",0,4
657170,Billing Issue,"Incorrect amount charged, need a refund!",0,0
404196,Late Refund,"Refund process is very slow, not happy!",0,3
546487,Customer Support Issue,Customer service was rude and unhelpful!,0,1
650395,No Issue,Customer support was helpful in resolving my concern.,0,4
498302,Customer Support Issue,Customer service was rude and unhelpful!,0,1
469789,Billing Issue,"Billing discrepancy, support is not helping!",0,0
355424,Late Refund,"Refund process is very slow, not happy!",0,3
510510,Late Refund,"Refund process is very slow, not happy!",0,3
354560,Late Refund,Finally got my refund after multiple calls.,0,3
334999,Customer Support Issue,Support team was responsive and helpful.,0,1
516445,Billing Issue,"Incorrect amount charged, need a refund!",0,0
538626,No Issue,Customer support was helpful in resolving my concern.,0,4
376211,Billing Issue,Had to call multiple times for a simple billing issue!,0,0
409774,Late Refund,"Refund process is very slow, not happy!",0,3
334697,Late Refund,Finally got my refund after multiple calls.,0,3
342763,Billing Issue,"Billing discrepancy, support is not helping!",0,0
405589,No Issue,"Happy with the service, would recommend.",0,4
408977,Late Refund,Finally got my refund after multiple calls.,0,3
399209,No Issue,Customer support was helpful in resolving my concern.,0,4
425763,Customer Support Issue,Customer service was rude and unhelpful!,0,1
520644,No Issue,"No issues, smooth transactions every time.",0,4
438116,No Issue,"Happy with the service, would recommend.",0,4
344240,Late Refund,"Refund process is very slow, not happy!",0,3
624077,Customer Support Issue,"Long wait time for support, very frustrating!",0,1
583567,No Issue,"Happy with the service, would recommend.",0,4
394469,Service Quality,Service was excellent and very professional.,0,5
888171,No Issue,"No issues, smooth transactions every time.",0,4
407907,No Issue,"Great experience, very satisfied!",0,4
395669,No Issue,"Happy with the service, would recommend.",0,4
389236,Late Refund,Still waiting for my refund after 2 weeks!,0,3
556429,Customer Support Issue,Customer service was rude and unhelpful!,0,1
628217,No Issue,"Great experience, very satisfied!",0,4
654853,Customer Support Issue,Customer service was rude and unhelpful!,0,1
342341,Customer Support Issue,Customer service was rude and unhelpful!,0,1
655765,Late Refund,Finally got my refund after multiple calls.,0,3
401055,Late Refund,"Refund process is very slow, not happy!",0,3
378201,Customer Support Issue,Customer service was rude and unhelpful!,0,1
498097,No Issue,"Everything went smoothly, highly recommended.",0,4
369232,Service Quality,Quality of service was not up to the mark!,0,5
355506,Late Refund,Finally got my refund after multiple calls.,0,3
433271,Service Quality,The service was too slow and unprofessional!,0,5
648717,Service Quality,The service was too slow and unprofessional!,0,5
457705,Service Quality,"Very satisfied with the service, will recommend!",0,5
436787,Late Refund,Still waiting for my refund after 2 weeks!,0,3
409661,Billing Issue,"Incorrect amount charged, need a refund!",0,0
505031,Customer Support Issue,Support team was responsive and helpful.,0,1
358300,No Issue,"Great experience, very satisfied!",0,4
656707,Service Quality,I'm disappointed with the overall experience!,0,5
362522,Service Quality,I'm disappointed with the overall experience!,0,5
508070,Billing Issue,Had to call multiple times for a simple billing issue!,0,0
427037,Customer Support Issue,"Long wait time for support, very frustrating!",0,1
366869,Customer Support Issue,Customer service was rude and unhelpful!,0,1
623001,Customer Support Issue,Customer service was rude and unhelpful!,0,1
426405,No Issue,"Happy with the service, would recommend.",0,4
425272,Billing Issue,"Incorrect amount charged, need a refund!",0,0
506535,Service Quality,The service was too slow and unprofessional!,0,5
670546,Billing Issue,Had to call multiple times for a simple billing issue!,0,0
674458,Late Refund,Still waiting for my refund after 2 weeks!,0,3
430134,Late Refund,Still waiting for my refund after 2 weeks!,0,3
413757,Late Refund,Still waiting for my refund after 2 weeks!,0,3
413946,Billing Issue,"Incorrect amount charged, need a refund!",0,0
770777,Service Quality,I'm disappointed with the overall experience!,0,5
438334,No Issue,"Everything went smoothly, highly recommended.",0,4
116909,Customer Support Issue,Support team was responsive and helpful.,0,1
517937,Billing Issue,"Billing discrepancy, support is not helping!",0,0
403544,Billing Issue,"Billing discrepancy, support is not helping!",0,0
526856,Customer Support Issue,Customer service was rude and unhelpful!,0,1
395671,No Issue,"No issues, smooth transactions every time.",0,4
597345,Late Refund,"Refund process is very slow, not happy!",0,3
539321,No Issue,"No issues, smooth transactions every time.",0,4
511368,No Issue,"Everything went smoothly, highly recommended.",0,4
470234,Service Quality,Quality of service was not up to the mark!,0,5
461597,No Issue,Customer support was helpful in resolving my concern.,0,4
496763,No Issue,Customer support was helpful in resolving my concern.,0,4
516518,No Issue,"Happy with the service, would recommend.",0,4
412183,Service Quality,I'm disappointed with the overall experience!,0,5
357331,Customer Support Issue,Customer service was rude and unhelpful!,0,1
437984,Late Refund,Finally got my refund after multiple calls.,0,3
344400,No Issue,"Great experience, very satisfied!",0,4
495828,Late Refund,Finally got my refund after multiple calls.,0,3
500574,Service Quality,"Very satisfied with the service, will recommend!",0,5
507571,No Issue,Customer support was helpful in resolving my concern.,0,4
308953,Billing Issue,Had to call multiple times for a simple billing issue!,0,0
461487,Late Refund,"Refund process is very slow, not happy!",0,3
470044,No Issue,"Happy with the service, would recommend.",0,4
380693,Service Quality,I'm disappointed with the overall experience!,0,5
346513,Service Quality,Service was excellent and very professional.,0,5
485297,No Issue,"No issues, smooth transactions every time.",0,4
389668,No Issue,"No issues, smooth transactions every time.",0,4
509827,No Issue,Customer support was helpful in resolving my concern.,0,4
498446,Customer Support Issue,Customer service was rude and unhelpful!,0,1
414170,No Issue,"No issues, smooth transactions every time.",0,4
648098,No Issue,"Everything went smoothly, highly recommended.",0,4
313744,Service Quality,"Very satisfied with the service, will recommend!",0,5
551750,Service Quality,Quality of service was not up to the mark!,0,5
357586,Customer Support Issue,"Long wait time for support, very frustrating!",0,1
524010,Service Quality,"Very satisfied with the service, will recommend!",0,5
653378,No Issue,"Everything went smoothly, highly recommended.",0,4
413980,Customer Support Issue,Customer service was rude and unhelpful!,0,1
381210,Late Refund,Finally got my refund after multiple calls.,0,3
443782,Billing Issue,"Incorrect amount charged, need a refund!",0,0
463055,Late Refund,Finally got my refund after multiple calls.,0,3
416615,Late Refund,Finally got my refund after multiple calls.,0,3
816074,No Issue,"Great experience, very satisfied!",0,4
649928,Customer Support Issue,"Long wait time for support, very frustrating!",0,1
557768,Billing Issue,"Incorrect amount charged, need a refund!",0,0
522199,Customer Support Issue,Customer service was rude and unhelpful!,0,1
458710,Customer Support Issue,Support team was responsive and helpful.,0,1
648073,Service Quality,I'm disappointed with the overall experience!,0,5
536565,No Issue,"Happy with the service, would recommend.",0,4
644333,Billing Issue,"Incorrect amount charged, need a refund!",0,0
401902,Service Quality,Quality of service was not up to the mark!,0,5
649234,Customer Support Issue,Support team was responsive and helpful.,0,1
602071,Billing Issue,"Billing discrepancy, support is not helping!",0,0
655106,Late Refund,Still waiting for my refund after 2 weeks!,0,3
376432,No Issue,"No issues, smooth transactions every time.",0,4
407436,Customer Support Issue,"Long wait time for support, very frustrating!",0,1
402360,Customer Support Issue,"Long wait time for support, very frustrating!",0,1
486917,No Issue,"Great experience, very satisfied!",0,4
377950,Late Refund,"Refund process is very slow, not happy!",0,3
535971,Service Quality,The service was too slow and unprofessional!,0,5
655556,Customer Support Issue,Customer service was rude and unhelpful!,0,1
506057,Service Quality,The service was too slow and unprofessional!,0,5
356678,Late Refund,Still waiting for my refund after 2 weeks!,0,3
353084,Billing Issue,"Billing discrepancy, support is not helping!",0,0
533645,Billing Issue,"Billing discrepancy, support is not helping!",0,0
623199,No Issue,"Happy with the service, would recommend.",0,4
657965,No Issue,"Everything went smoothly, highly recommended.",0,4
483249,Customer Support Issue,"Long wait time for support, very frustrating!",0,1
652647,Customer Support Issue,Support team was responsive and helpful.,0,1
504688,Late Refund,"Refund process is very slow, not happy!",0,3
398714,Customer Support Issue,"Long wait time for support, very frustrating!",0,1
598187,Customer Support Issue,"Long wait time for support, very frustrating!",0,1
626982,No Issue,"No issues, smooth transactions every time.",0,4
427990,Billing Issue,"Billing discrepancy, support is not helping!",0,0
521398,Service Quality,Service was excellent and very professional.,0,5
588654,No Issue,"Everything went smoothly, highly recommended.",0,4
449189,No Issue,"Happy with the service, would recommend.",0,4
403516,Customer Support Issue,Support team was responsive and helpful.,0,1
457718,Late Refund,Still waiting for my refund after 2 weeks!,0,3
641402,Billing Issue,"Billing discrepancy, support is not helping!",0,0
432400,Late Refund,Finally got my refund after multiple calls.,0,3
553203,Late Refund,"Refund process is very slow, not happy!",0,3
444609,Billing Issue,"Billing discrepancy, support is not helping!",0,0
416707,Customer Support Issue,Customer service was rude and unhelpful!,0,1
458594,Late Refund,"Refund process is very slow, not happy!",0,3
646112,Customer Support Issue,"Long wait time for support, very frustrating!",0,1
526231,Customer Support Issue,Support team was responsive and helpful.,0,1
816743,Billing Issue,Had to call multiple times for a simple billing issue!,0,0
486804,Late Refund,"Refund process is very slow, not happy!",0,3
496916,Service Quality,Quality of service was not up to the mark!,0,5
494786,Customer Support Issue,"Long wait time for support, very frustrating!",0,1
607102,Customer Support Issue,Support team was responsive and helpful.,0,1
419752,Late Refund,Finally got my refund after multiple calls.,0,3
647053,Customer Support Issue,"Long wait time for support, very frustrating!",0,1
341544,Service Quality,"Very satisfied with the service, will recommend!",0,5
458481,No Issue,"No issues, smooth transactions every time.",0,4
334885,Service Quality,Quality of service was not up to the mark!,0,5
451441,Billing Issue,"Incorrect amount charged, need a refund!",0,0
409343,Customer Support Issue,"Long wait time for support, very frustrating!",0,1
429874,Late Refund,Still waiting for my refund after 2 weeks!,0,3
810372,Late Refund,"Refund process is very slow, not happy!",0,3
367370,Late Refund,Finally got my refund after multiple calls.,0,3
449597,No Issue,Customer support was helpful in resolving my concern.,0,4
460595,No Issue,"Everything went smoothly, highly recommended.",0,4
407822,Billing Issue,"Billing discrepancy, support is not helping!",0,0
341442,Customer Support Issue,Customer service was rude and unhelpful!,0,1
642184,Service Quality,"Very satisfied with the service, will recommend!",0,5
506569,Service Quality,Service was excellent and very professional.,0,5
398484,No Issue,Customer support was helpful in resolving my concern.,0,4
344610,Service Quality,Quality of service was not up to the mark!,0,5
383948,Billing Issue,"Billing discrepancy, support is not helping!",0,0
659335,No Issue,"No issues, smooth transactions every time.",0,4
497577,No Issue,"Happy with the service, would recommend.",0,4
368649,No Issue,"Happy with the service, would recommend.",0,4
622723,Customer Support Issue,"Long wait time for support, very frustrating!",0,1
452181,No Issue,"Everything went smoothly, highly recommended.",0,4
775138,Customer Support Issue,Customer service was rude and unhelpful!,0,1
606692,Customer Support Issue,"Long wait time for support, very frustrating!",0,1
525979,Late Refund,Still waiting for my refund after 2 weeks!,0,3
469239,Late Refund,"Refund process is very slow, not happy!",0,3
422009,Customer Support Issue,Customer service was rude and unhelpful!,0,1
816522,Billing Issue,"Incorrect amount charged, need a refund!",0,0
507633,Billing Issue,Had to call multiple times for a simple billing issue!,0,0
519688,Billing Issue,"Billing discrepancy, support is not helping!",0,0
385356,No Issue,"Great experience, very satisfied!",0,4
537372,No Issue,"No issues, smooth transactions every time.",0,4
628638,Customer Support Issue,Customer service was rude and unhelpful!,0,1
505376,Customer Support Issue,Support team was responsive and helpful.,0,1
376231,Customer Support Issue,Support team was responsive and helpful.,0,1
641760,Billing Issue,"Billing discrepancy, support is not helping!",0,0
304304,Service Quality,The service was too slow and unprofessional!,0,5
523011,Billing Issue,"Incorrect amount charged, need a refund!",0,0
346955,Service Quality,"Very satisfied with the service, will recommend!",0,5
355187,No Issue,"Great experience, very satisfied!",0,4
584995,No Issue,Customer support was helpful in resolving my concern.,0,4
369017,Late Refund,"Refund process is very slow, not happy!",0,3
383074,Service Quality,"Very satisfied with the service, will recommend!",0,5
545660,Customer Support Issue,Customer service was rude and unhelpful!,0,1
639616,Late Refund,Still waiting for my refund after 2 weeks!,0,3
728964,Late Refund,Finally got my refund after multiple calls.,0,3
524239,Late Refund,Still waiting for my refund after 2 weeks!,0,3
530328,Late Refund,"Refund process is very slow, not happy!",0,3
649734,Late Refund,Still waiting for my refund after 2 weeks!,0,3
472020,Late Refund,"Refund process is very slow, not happy!",0,3
355997,Service Quality,I'm disappointed with the overall experience!,0,5
445477,Billing Issue,Had to call multiple times for a simple billing issue!,0,0
500313,Billing Issue,"Incorrect amount charged, need a refund!",0,0
376472,Late Refund,Finally got my refund after multiple calls.,0,3
466804,Billing Issue,Had to call multiple times for a simple billing issue!,0,0
392148,Service Quality,I'm disappointed with the overall experience!,0,5
522328,Customer Support Issue,Customer service was rude and unhelpful!,0,1
680718,Service Quality,Quality of service was not up to the mark!,0,5
468823,Customer Support Issue,"Long wait time for support, very frustrating!",0,1
685540,No Issue,"Everything went smoothly, highly recommended.",0,4
817027,No Issue,"Great experience, very satisfied!",0,4
304588,Customer Support Issue,Support team was responsive and helpful.,0,1
346107,Customer Support Issue,Support team was responsive and helpful.,0,1
503188,Late Refund,Finally got my refund after multiple calls.,0,3
530292,Late Refund,Still waiting for my refund after 2 weeks!,0,3
410607,Billing Issue,"Billing discrepancy, support is not helping!",0,0
220074,Service Quality,I'm disappointed with the overall experience!,0,5
497281,Customer Support Issue,Support team was responsive and helpful.,0,1
483777,Late Refund,"Refund process is very slow, not happy!",0,3
589808,Late Refund,Still waiting for my refund after 2 weeks!,0,3
575148,Customer Support Issue,Support team was responsive and helpful.,0,1
300321,No Issue,"No issues, smooth transactions every time.",0,4
433855,No Issue,Customer support was helpful in resolving my concern.,0,4
380625,Billing Issue,"Billing discrepancy, support is not helping!",0,0
648057,Customer Support Issue,Customer service was rude and unhelpful!,0,1
384096,Customer Support Issue,Customer service was rude and unhelpful!,0,1
644648,Customer Support Issue,Customer service was rude and unhelpful!,0,1
309157,Billing Issue,"Billing discrepancy, support is not helping!",0,0
349984,Billing Issue,"Billing discrepancy, support is not helping!",0,0
411313,Service Quality,Service was excellent and very professional.,0,5
555111,Late Refund,Finally got my refund after multiple calls.,0,3
708237,Late Refund,"Refund process is very slow, not happy!",0,3
544562,No Issue,"Happy with the service, would recommend.",0,4
627844,Service Quality,I'm disappointed with the overall experience!,0,5
623151,Late Refund,Finally got my refund after multiple calls.,0,3
816488,Billing Issue,"Incorrect amount charged, need a refund!",0,0
652745,No Issue,"Great experience, very satisfied!",0,4
535552,Billing Issue,"Incorrect amount charged, need a refund!",0,0
341956,Late Refund,Still waiting for my refund after 2 weeks!,0,3
347812,Customer Support Issue,Customer service was rude and unhelpful!,0,1
607155,Customer Support Issue,Customer service was rude and unhelpful!,0,1
650877,Late Refund,Finally got my refund after multiple calls.,0,3
653615,Customer Support Issue,"Long wait time for support, very frustrating!",0,1
815815,Billing Issue,Had to call multiple times for a simple billing issue!,0,0
366955,Customer Support Issue,"Long wait time for support, very frustrating!",0,1
482975,Service Quality,"Very satisfied with the service, will recommend!",0,5
463042,Late Refund,"Refund process is very slow, not happy!",0,3
623606,Billing Issue,Had to call multiple times for a simple billing issue!,0,0
392573,No Issue,Customer support was helpful in resolving my concern.,0,4
542193,Service Quality,Service was excellent and very professional.,0,5
388502,Late Refund,Still waiting for my refund after 2 weeks!,0,3
390813,No Issue,"No issues, smooth transactions every time.",0,4
640137,Late Refund,Still waiting for my refund after 2 weeks!,0,3
529625,Billing Issue,Had to call multiple times for a simple billing issue!,0,0
494748,Service Quality,Service was excellent and very professional.,0,5
344495,Service Quality,Quality of service was not up to the mark!,0,5
443306,No Issue,"Great experience, very satisfied!",0,4
230913,Billing Issue,"Billing discrepancy, support is not helping!",0,0
499595,Late Refund,Still waiting for my refund after 2 weeks!,0,3
374921,Customer Support Issue,"Long wait time for support, very frustrating!",0,1
152658,Service Quality,I'm disappointed with the overall experience!,0,5
229245,Billing Issue,Had to call multiple times for a simple billing issue!,0,0
300872,Customer Support Issue,Support team was responsive and helpful.,0,1
586996,Late Refund,Still waiting for my refund after 2 weeks!,0,3
654072,Customer Support Issue,"Long wait time for support, very frustrating!",0,1
677488,Customer Support Issue,Customer service was rude and unhelpful!,0,1
377472,Customer Support Issue,Customer service was rude and unhelpful!,0,1
601930,Late Refund,"Refund process is very slow, not happy!",0,3
770071,No Issue,Customer support was helpful in resolving my concern.,0,4
351991,Late Refund,"Refund process is very slow, not happy!",0,3
470014,Late Refund,"Refund process is very slow, not happy!",0,3
588204,Customer Support Issue,"Long wait time for support, very frustrating!",0,1
475679,Service Quality,The service was too slow and unprofessional!,0,5
122001,Service Quality,"Very satisfied with the service, will recommend!",0,5
888709,Late Refund,Finally got my refund after multiple calls.,0,3
301029,Service Quality,Quality of service was not up to the mark!,0,5
448324,Service Quality,The service was too slow and unprofessional!,0,5
457619,No Issue,Customer support was helpful in resolving my concern.,0,4
440423,Billing Issue,"Incorrect amount charged, need a refund!",0,0
657803,Customer Support Issue,Support team was responsive and helpful.,0,1
407669,Service Quality,I'm disappointed with the overall experience!,0,5
465625,Service Quality,Service was excellent and very professional.,0,5
362682,Service Quality,The service was too slow and unprofessional!,0,5
355282,Late Refund,"Refund process is very slow, not happy!",0,3
456804,Late Refund,Finally got my refund after multiple calls.,0,3
649700,Customer Support Issue,"Long wait time for support, very frustrating!",0,1
467696,No Issue,"Everything went smoothly, highly recommended.",0,4
474911,Service Quality,Quality of service was not up to the mark!,0,5
305108,Billing Issue,"Incorrect amount charged, need a refund!",0,0
469392,Billing Issue,"Billing discrepancy, support is not helping!",0,0
505561,Service Quality,Quality of service was not up to the mark!,0,5
552352,Late Refund,"Refund process is very slow, not happy!",0,3
463923,Customer Support Issue,"Long wait time for support, very frustrating!",0,1
594574,Billing Issue,"Incorrect amount charged, need a refund!",0,0
463780,Late Refund,"Refund process is very slow, not happy!",0,3
414502,Late Refund,Finally got my refund after multiple calls.,0,3
484389,Service Quality,Quality of service was not up to the mark!,0,5
388074,Late Refund,"Refund process is very slow, not happy!",0,3
357350,Billing Issue,"Incorrect amount charged, need a refund!",0,0
659935,Service Quality,I'm disappointed with the overall experience!,0,5
639559,Service Quality,"Very satisfied with the service, will recommend!",0,5
460550,Billing Issue,Had to call multiple times for a simple billing issue!,0,0
475656,Billing Issue,Had to call multiple times for a simple billing issue!,0,0
392080,Customer Support Issue,Customer service was rude and unhelpful!,0,1
506402,Service Quality,Service was excellent and very professional.,0,5
442148,Service Quality,I'm disappointed with the overall experience!,0,5
584149,Customer Support Issue,Support team was responsive and helpful.,0,1
378758,Customer Support Issue,Customer service was rude and unhelpful!,0,1
371817,Billing Issue,"Incorrect amount charged, need a refund!",0,0
452105,Late Refund,"Refund process is very slow, not happy!",0,3
304618,Late Refund,"Refund process is very slow, not happy!",0,3
372637,Service Quality,"Very satisfied with the service, will recommend!",0,5
819032,Customer Support Issue,Support team was responsive and helpful.,0,1
496679,No Issue,"Everything went smoothly, highly recommended.",0,4
343670,Customer Support Issue,"Long wait time for support, very frustrating!",0,1
459186,Customer Support Issue,Support team was responsive and helpful.,0,1
514052,Billing Issue,Had to call multiple times for a simple billing issue!,0,0
389710,Late Refund,Finally got my refund after multiple calls.,0,3
389526,Customer Support Issue,"Long wait time for support, very frustrating!",0,1
393688,Billing Issue,Had to call multiple times for a simple billing issue!,0,0
449771,Late Refund,Still waiting for my refund after 2 weeks!,0,3
377486,Service Quality,Quality of service was not up to the mark!,0,5
313953,Service Quality,Quality of service was not up to the mark!,0,5
579103,Billing Issue,"Incorrect amount charged, need a refund!",0,0
447412,Billing Issue,"Billing discrepancy, support is not helping!",0,0
538578,Billing Issue,"Incorrect amount charged, need a refund!",0,0
355172,Service Quality,I'm disappointed with the overall experience!,0,5
606827,Late Refund,Still waiting for my refund after 2 weeks!,0,3
467470,Customer Support Issue,Customer service was rude and unhelpful!,0,1
496579,Billing Issue,Had to call multiple times for a simple billing issue!,0,0
599483,Service Quality,Quality of service was not up to the mark!,0,5
347617,Billing Issue,"Incorrect amount charged, need a refund!",0,0
653527,No Issue,"No issues, smooth transactions every time.",0,4
402260,Customer Support Issue,Customer service was rude and unhelpful!,0,1
509067,No Issue,"Happy with the service, would recommend.",0,4
464492,Late Refund,"Refund process is very slow, not happy!",0,3
508934,Late Refund,Still waiting for my refund after 2 weeks!,0,3
512971,Late Refund,Still waiting for my refund after 2 weeks!,0,3
600838,No Issue,"Great experience, very satisfied!",0,4
648554,Late Refund,Still waiting for my refund after 2 weeks!,0,3
484207,Late Refund,Finally got my refund after multiple calls.,0,3
466535,Service Quality,The service was too slow and unprofessional!,0,5
563669,Billing Issue,"Billing discrepancy, support is not helping!",0,0
418146,Late Refund,Still waiting for my refund after 2 weeks!,0,3
473968,No Issue,"Happy with the service, would recommend.",0,4
590059,Late Refund,Finally got my refund after multiple calls.,0,3
680569,Late Refund,Still waiting for my refund after 2 weeks!,0,3
816013,Billing Issue,"Incorrect amount charged, need a refund!",0,0
534719,Billing Issue,"Billing discrepancy, support is not helping!",0,0
579797,No Issue,"No issues, smooth transactions every time.",0,4
344510,Service Quality,The service was too slow and unprofessional!,0,5
501816,Customer Support Issue,"Long wait time for support, very frustrating!",0,1
582495,Billing Issue,"Incorrect amount charged, need a refund!",0,0
668399,Customer Support Issue,Support team was responsive and helpful.,0,1
608996,Customer Support Issue,"Long wait time for support, very frustrating!",0,1
400801,Late Refund,Still waiting for my refund after 2 weeks!,0,3
603555,Service Quality,Quality of service was not up to the mark!,0,5
771221,Late Refund,Finally got my refund after multiple calls.,0,3
424609,No Issue,Customer support was helpful in resolving my concern.,0,4
498048,Customer Support Issue,Support team was responsive and helpful.,0,1
604873,Service Quality,Quality of service was not up to the mark!,0,5
500518,No Issue,"Happy with the service, would recommend.",0,4
506529,Customer Support Issue,Customer service was rude and unhelpful!,0,1
362291,Customer Support Issue,"Long wait time for support, very frustrating!",0,1
645343,Billing Issue,"Incorrect amount charged, need a refund!",0,0
362641,Late Refund,"Refund process is very slow, not happy!",0,3
100573,Late Refund,"Refund process is very slow, not happy!",0,3
395302,No Issue,Customer support was helpful in resolving my concern.,0,4
502979,No Issue,"No issues, smooth transactions every time.",0,4
644475,Late Refund,Finally got my refund after multiple calls.,0,3
592210,Late Refund,Still waiting for my refund after 2 weeks!,0,3
368321,Service Quality,I'm disappointed with the overall experience!,0,5
503710,Service Quality,"Very satisfied with the service, will recommend!",0,5
438248,Late Refund,Still waiting for my refund after 2 weeks!,0,3
810734,Service Quality,The service was too slow and unprofessional!,0,5
488380,Billing Issue,"Incorrect amount charged, need a refund!",0,0
490850,Billing Issue,Had to call multiple times for a simple billing issue!,0,0
480356,Service Quality,"Very satisfied with the service, will recommend!",0,5
358401,Service Quality,Quality of service was not up to the mark!,0,5
372610,Customer Support Issue,"Long wait time for support, very frustrating!",0,1
305237,Late Refund,Finally got my refund after multiple calls.,0,3
816170,No Issue,"Everything went smoothly, highly recommended.",0,4
436643,Customer Support Issue,"Long wait time for support, very frustrating!",0,1
354267,Customer Support Issue,"Long wait time for support, very frustrating!",0,1
398766,Late Refund,"Refund process is very slow, not happy!",0,3
421318,Service Quality,Service was excellent and very professional.,0,5
485379,Billing Issue,Had to call multiple times for a simple billing issue!,0,0
811331,Service Quality,The service was too slow and unprofessional!,0,5
551167,Customer Support Issue,"Long wait time for support, very frustrating!",0,1
672574,Service Quality,Service was excellent and very professional.,0,5
538555,Billing Issue,"Billing discrepancy, support is not helping!",0,0
504970,Service Quality,Quality of service was not up to the mark!,0,5
444098,Late Refund,Finally got my refund after multiple calls.,0,3
810951,Service Quality,I'm disappointed with the overall experience!,0,5
356816,Billing Issue,"Incorrect amount charged, need a refund!",0,0
824657,Late Refund,Still waiting for my refund after 2 weeks!,0,3
511521,Customer Support Issue,"Long wait time for support, very frustrating!",0,1
587856,Service Quality,Service was excellent and very professional.,0,5
497413,No Issue,"Everything went smoothly, highly recommended.",0,4
438591,Billing Issue,"Billing discrepancy, support is not helping!",0,0
313913,Billing Issue,Had to call multiple times for a simple billing issue!,0,0
484996,No Issue,"Happy with the service, would recommend.",0,4
539486,No Issue,"Happy with the service, would recommend.",0,4
432876,Customer Support Issue,Support team was responsive and helpful.,0,1
608262,No Issue,Customer support was helpful in resolving my concern.,0,4
468377,No Issue,"Happy with the service, would recommend.",0,4
403016,Service Quality,"Very satisfied with the service, will recommend!",0,5
653579,Late Refund,"Refund process is very slow, not happy!",0,3
491832,Late Refund,Still waiting for my refund after 2 weeks!,0,3
440772,Billing Issue,Had to call multiple times for a simple billing issue!,0,0
434015,Service Quality,Quality of service was not up to the mark!,0,5
459643,Billing Issue,"Billing discrepancy, support is not helping!",0,0
811573,No Issue,"Happy with the service, would recommend.",0,4
471170,Billing Issue,Had to call multiple times for a simple billing issue!,0,0
588557,Late Refund,"Refund process is very slow, not happy!",0,3
349477,Late Refund,"Refund process is very slow, not happy!",0,3
672396,Billing Issue,"Incorrect amount charged, need a refund!",0,0
644831,Billing Issue,"Billing discrepancy, support is not helping!",0,0
444874,Billing Issue,Had to call multiple times for a simple billing issue!,0,0
589052,Service Quality,Quality of service was not up to the mark!,0,5
393381,Billing Issue,Had to call multiple times for a simple billing issue!,0,0
429713,Customer Support Issue,Support team was responsive and helpful.,0,1
469037,No Issue,"Great experience, very satisfied!",0,4
502613,Late Refund,"Refund process is very slow, not happy!",0,3
343806,No Issue,"No issues, smooth transactions every time.",0,4
334916,Service Quality,I'm disappointed with the overall experience!,0,5
815283,Customer Support Issue,Support team was responsive and helpful.,0,1
480925,Late Refund,Still waiting for my refund after 2 weeks!,0,3
428701,Customer Support Issue,"Long wait time for support, very frustrating!",0,1
511194,No Issue,"Great experience, very satisfied!",0,4
599173,Service Quality,The service was too slow and unprofessional!,0,5
420244,Customer Support Issue,Customer service was rude and unhelpful!,0,1
597991,Customer Support Issue,"Long wait time for support, very frustrating!",0,1
161745,Billing Issue,"Billing discrepancy, support is not helping!",0,0
533498,Billing Issue,"Incorrect amount charged, need a refund!",0,0
487628,Customer Support Issue,Support team was responsive and helpful.,0,1
382152,Service Quality,Service was excellent and very professional.,0,5
486272,No Issue,"No issues, smooth transactions every time.",0,4
672312,Billing Issue,"Billing discrepancy, support is not helping!",0,0
708837,Customer Support Issue,Support team was responsive and helpful.,0,1
625592,No Issue,"Everything went smoothly, highly recommended.",0,4
534796,Billing Issue,"Billing discrepancy, support is not helping!",0,0
674600,Customer Support Issue,"Long wait time for support, very frustrating!",0,1
571271,Billing Issue,"Billing discrepancy, support is not helping!",0,0
473087,Billing Issue,"Billing discrepancy, support is not helping!",0,0
456877,Late Refund,"Refund process is very slow, not happy!",0,3
567213,No Issue,"Happy with the service, would recommend.",0,4
467563,Late Refund,"Refund process is very slow, not happy!",0,3
133376,No Issue,"Great experience, very satisfied!",0,4
582004,Late Refund,Still waiting for my refund after 2 weeks!,0,3
506492,No Issue,"Great experience, very satisfied!",0,4
383745,Late Refund,Still waiting for my refund after 2 weeks!,0,3
626377,Late Refund,Still waiting for my refund after 2 weeks!,0,3
565174,Billing Issue,Had to call multiple times for a simple billing issue!,0,0
304680,Late Refund,Finally got my refund after multiple calls.,0,3
369670,Late Refund,Still waiting for my refund after 2 weeks!,0,3
646849,No Issue,"Happy with the service, would recommend.",0,4
430769,Late Refund,Still waiting for my refund after 2 weeks!,0,3
530743,No Issue,"Great experience, very satisfied!",0,4
556409,Service Quality,The service was too slow and unprofessional!,0,5
494275,Late Refund,Still waiting for my refund after 2 weeks!,0,3
647118,Service Quality,Service was excellent and very professional.,0,5
472830,Service Quality,Quality of service was not up to the mark!,0,5
494549,Late Refund,Still waiting for my refund after 2 weeks!,0,3
311587,Service Quality,"Very satisfied with the service, will recommend!",0,5
316614,Late Refund,Still waiting for my refund after 2 weeks!,0,3
349548,Customer Support Issue,Customer service was rude and unhelpful!,0,1
388388,Billing Issue,"Billing discrepancy, support is not helping!",0,0
386226,Service Quality,The service was too slow and unprofessional!,0,5
223038,Billing Issue,"Incorrect amount charged, need a refund!",0,0
452075,Service Quality,Quality of service was not up to the mark!,0,5
680040,No Issue,"Happy with the service, would recommend.",0,4
501611,Service Quality,"Very satisfied with the service, will recommend!",0,5
649427,Customer Support Issue,"Long wait time for support, very frustrating!",0,1
471780,No Issue,"Everything went smoothly, highly recommended.",0,4
349897,No Issue,"Great experience, very satisfied!",0,4
355418,Late Refund,"Refund process is very slow, not happy!",0,3
304867,Billing Issue,"Incorrect amount charged, need a refund!",0,0
366519,Customer Support Issue,Customer service was rude and unhelpful!,0,1
301396,Service Quality,I'm disappointed with the overall experience!,0,5
495661,Billing Issue,"Billing discrepancy, support is not helping!",0,0
466847,No Issue,"Great experience, very satisfied!",0,4
344223,No Issue,Customer support was helpful in resolving my concern.,0,4
404455,No Issue,"Happy with the service, would recommend.",0,4
520586,Billing Issue,"Incorrect amount charged, need a refund!",0,0
450506,Customer Support Issue,Support team was responsive and helpful.,0,1
358697,No Issue,"No issues, smooth transactions every time.",0,4
375052,No Issue,"Happy with the service, would recommend.",0,4
466393,Billing Issue,Had to call multiple times for a simple billing issue!,0,0
539318,Late Refund,Finally got my refund after multiple calls.,0,3
507623,Service Quality,I'm disappointed with the overall experience!,0,5
422404,Billing Issue,"Billing discrepancy, support is not helping!",0,0
504928,Service Quality,I'm disappointed with the overall experience!,0,5
345327,Late Refund,Finally got my refund after multiple calls.,0,3
427198,Late Refund,"Refund process is very slow, not happy!",0,3
525019,Late Refund,Still waiting for my refund after 2 weeks!,0,3
462688,Customer Support Issue,Support team was responsive and helpful.,0,1
353061,Billing Issue,"Incorrect amount charged, need a refund!",0,0
651503,No Issue,"Happy with the service, would recommend.",0,4
311523,Customer Support Issue,Customer service was rude and unhelpful!,0,1
367629,Billing Issue,"Billing discrepancy, support is not helping!",0,0
411251,Billing Issue,"Incorrect amount charged, need a refund!",0,0
409239,Late Refund,Finally got my refund after multiple calls.,0,3
516270,Billing Issue,Had to call multiple times for a simple billing issue!,0,0
446659,Service Quality,Quality of service was not up to the mark!,0,5
300235,Customer Support Issue,Support team was responsive and helpful.,0,1
505742,Late Refund,Still waiting for my refund after 2 weeks!,0,3
405962,Late Refund,Still waiting for my refund after 2 weeks!,0,3
537282,No Issue,Customer support was helpful in resolving my concern.,0,4
345394,Service Quality,The service was too slow and unprofessional!,0,5
524831,Customer Support Issue,"Long wait time for support, very frustrating!",0,1
413003,No Issue,Customer support was helpful in resolving my concern.,0,4
301509,Billing Issue,"Billing discrepancy, support is not helping!",0,0
528965,Late Refund,Finally got my refund after multiple calls.,0,3
373911,No Issue,"Great experience, very satisfied!",0,4
508265,Customer Support Issue,"Long wait time for support, very frustrating!",0,1
310277,Customer Support Issue,Customer service was rude and unhelpful!,0,1
581254,Billing Issue,"Billing discrepancy, support is not helping!",0,0
371109,Service Quality,The service was too slow and unprofessional!,0,5
579867,No Issue,"No issues, smooth transactions every time.",0,4
470979,Billing Issue,"Billing discrepancy, support is not helping!",0,0
810386,No Issue,"Happy with the service, would recommend.",0,4
627920,Service Quality,The service was too slow and unprofessional!,0,5
415422,Customer Support Issue,Support team was responsive and helpful.,0,1
449781,Customer Support Issue,Customer service was rude and unhelpful!,0,1
544981,Billing Issue,Had to call multiple times for a simple billing issue!,0,0
626594,Service Quality,The service was too slow and unprofessional!,0,5
305247,No Issue,"Happy with the service, would recommend.",0,4
373765,Customer Support Issue,Support team was responsive and helpful.,0,1
300881,Service Quality,The service was too slow and unprofessional!,0,5
598694,Late Refund,Finally got my refund after multiple calls.,0,3
430285,No Issue,"Happy with the service, would recommend.",0,4
598944,No Issue,Customer support was helpful in resolving my concern.,0,4
481667,Late Refund,"Refund process is very slow, not happy!",0,3
393228,Late Refund,Finally got my refund after multiple calls.,0,3
584403,No Issue,"Happy with the service, would recommend.",0,4
340195,Customer Support Issue,Customer service was rude and unhelpful!,0,1
155619,Billing Issue,Had to call multiple times for a simple billing issue!,0,0
123295,Late Refund,"Refund process is very slow, not happy!",0,3
408846,Late Refund,Still waiting for my refund after 2 weeks!,0,3
606119,Late Refund,Finally got my refund after multiple calls.,0,3
362391,Service Quality,The service was too slow and unprofessional!,0,5
372570,No Issue,"No issues, smooth transactions every time.",0,4
354837,Service Quality,"Very satisfied with the service, will recommend!",0,5
354041,Customer Support Issue,"Long wait time for support, very frustrating!",0,1
357762,No Issue,"Great experience, very satisfied!",0,4
496321,Late Refund,"Refund process is very slow, not happy!",0,3
313674,Late Refund,Finally got my refund after multiple calls.,0,3
651766,Billing Issue,"Incorrect amount charged, need a refund!",0,0
558161,Late Refund,"Refund process is very slow, not happy!",0,3
653477,Billing Issue,"Billing discrepancy, support is not helping!",0,0
357362,Service Quality,Quality of service was not up to the mark!,0,5
559627,Billing Issue,"Incorrect amount charged, need a refund!",0,0
366455,Service Quality,Service was excellent and very professional.,0,5
474244,Customer Support Issue,"Long wait time for support, very frustrating!",0,1
621520,Service Quality,I'm disappointed with the overall experience!,0,5
640804,Late Refund,Still waiting for my refund after 2 weeks!,0,3
178137,Billing Issue,Had to call multiple times for a simple billing issue!,0,0
516760,Late Refund,Still waiting for my refund after 2 weeks!,0,3
416139,No Issue,Customer support was helpful in resolving my concern.,0,4
595117,Customer Support Issue,Customer service was rude and unhelpful!,0,1
817072,Customer Support Issue,"Long wait time for support, very frustrating!",0,1
385629,Billing Issue,"Incorrect amount charged, need a refund!",0,0
469238,Customer Support Issue,Customer service was rude and unhelpful!,0,1
505466,Service Quality,"Very satisfied with the service, will recommend!",0,5
659163,Billing Issue,Had to call multiple times for a simple billing issue!,0,0
432729,Late Refund,"Refund process is very slow, not happy!",0,3
571686,Service Quality,Quality of service was not up to the mark!,0,5
514766,Billing Issue,"Incorrect amount charged, need a refund!",0,0
676721,Billing Issue,"Billing discrepancy, support is not helping!",0,0
480845,Customer Support Issue,Customer service was rude and unhelpful!,0,1
651585,Customer Support Issue,Support team was responsive and helpful.,0,1
471574,No Issue,"Happy with the service, would recommend.",0,4
355887,No Issue,"Everything went smoothly, highly recommended.",0,4
303504,No Issue,"Happy with the service, would recommend.",0,4
426151,Late Refund,"Refund process is very slow, not happy!",0,3
509548,Service Quality,Service was excellent and very professional.,0,5
489895,Customer Support Issue,"Long wait time for support, very frustrating!",0,1
476508,Service Quality,Quality of service was not up to the mark!,0,5
543849,Service Quality,Quality of service was not up to the mark!,0,5
472136,No Issue,"No issues, smooth transactions every time.",0,4
650095,No Issue,"Great experience, very satisfied!",0,4
653736,No Issue,"No issues, smooth transactions every time.",0,4
529643,Billing Issue,Had to call multiple times for a simple billing issue!,0,0
900603,Late Refund,Finally got my refund after multiple calls.,0,3
373049,Billing Issue,"Incorrect amount charged, need a refund!",0,0
504692,Customer Support Issue,"Long wait time for support, very frustrating!",0,1
413970,Customer Support Issue,Customer service was rude and unhelpful!,0,1
398117,No Issue,"No issues, smooth transactions every time.",0,4
641469,Customer Support Issue,Support team was responsive and helpful.,0,1
475890,Customer Support Issue,Customer service was rude and unhelpful!,0,1
348055,Service Quality,"Very satisfied with the service, will recommend!",0,5
353108,Billing Issue,"Billing discrepancy, support is not helping!",0,0
507000,Customer Support Issue,"Long wait time for support, very frustrating!",0,1
652503,No Issue,"No issues, smooth transactions every time.",0,4
387757,Service Quality,I'm disappointed with the overall experience!,0,5
382991,No Issue,"Everything went smoothly, highly recommended.",0,4
220218,Customer Support Issue,"Long wait time for support, very frustrating!",0,1
413017,Customer Support Issue,"Long wait time for support, very frustrating!",0,1
534166,Late Refund,Still waiting for my refund after 2 weeks!,0,3
398301,Late Refund,Still waiting for my refund after 2 weeks!,0,3
220129,Late Refund,"Refund process is very slow, not happy!",0,3
478397,Customer Support Issue,Support team was responsive and helpful.,0,1
642258,Billing Issue,"Incorrect amount charged, need a refund!",0,0
583267,No Issue,"Everything went smoothly, highly recommended.",0,4
628818,Service Quality,"Very satisfied with the service, will recommend!",0,5
442229,Customer Support Issue,"Long wait time for support, very frustrating!",0,1
369588,Service Quality,The service was too slow and unprofessional!,0,5
345536,Service Quality,"Very satisfied with the service, will recommend!",0,5
818443,No Issue,"No issues, smooth transactions every time.",0,4
544649,Customer Support Issue,Customer service was rude and unhelpful!,0,1
300103,Billing Issue,"Billing discrepancy, support is not helping!",0,0
818894,Customer Support Issue,Customer service was rude and unhelpful!,0,1
888129,Billing Issue,Had to call multiple times for a simple billing issue!,0,0
644155,Service Quality,I'm disappointed with the overall experience!,0,5
355149,Service Quality,I'm disappointed with the overall experience!,0,5
442897,Service Quality,Service was excellent and very professional.,0,5
554188,No Issue,"No issues, smooth transactions every time.",0,4
544341,Billing Issue,"Incorrect amount charged, need a refund!",0,0
426810,Late Refund,Finally got my refund after multiple calls.,0,3
810306,Service Quality,"Very satisfied with the service, will recommend!",0,5
510851,Billing Issue,"Billing discrepancy, support is not helping!",0,0
303935,Customer Support Issue,Customer service was rude and unhelpful!,0,1
816815,Service Quality,Quality of service was not up to the mark!,0,5
456028,Late Refund,"Refund process is very slow, not happy!",0,3
413546,Billing Issue,"Incorrect amount charged, need a refund!",0,0
492270,Customer Support Issue,Customer service was rude and unhelpful!,0,1
522809,Customer Support Issue,Customer service was rude and unhelpful!,0,1
301628,Service Quality,I'm disappointed with the overall experience!,0,5
551442,Billing Issue,Had to call multiple times for a simple billing issue!,0,0
477596,No Issue,"No issues, smooth transactions every time.",0,4
453728,Customer Support Issue,"Long wait time for support, very frustrating!",0,1
302087,Late Refund,Still waiting for my refund after 2 weeks!,0,3
497478,Service Quality,"Very satisfied with the service, will recommend!",0,5
427260,Late Refund,Still waiting for my refund after 2 weeks!,0,3
511097,Customer Support Issue,Support team was responsive and helpful.,0,1
623029,No Issue,"Great experience, very satisfied!",0,4
508011,Late Refund,Finally got my refund after multiple calls.,0,3
397704,Customer Support Issue,Customer service was rude and unhelpful!,0,1
311908,Customer Support Issue,Customer service was rude and unhelpful!,0,1
418319,Late Refund,Finally got my refund after multiple calls.,0,3
395908,Billing Issue,"Incorrect amount charged, need a refund!",0,0
556356,Late Refund,Still waiting for my refund after 2 weeks!,0,3
464586,No Issue,"No issues, smooth transactions every time.",0,4
456119,Customer Support Issue,"Long wait time for support, very frustrating!",0,1
536061,Late Refund,Finally got my refund after multiple calls.,0,3
504190,Customer Support Issue,"Long wait time for support, very frustrating!",0,1
354057,Late Refund,Finally got my refund after multiple calls.,0,3
512412,Customer Support Issue,Support team was responsive and helpful.,0,1
740392,Billing Issue,"Incorrect amount charged, need a refund!",0,0
489843,Late Refund,Finally got my refund after multiple calls.,0,3
449604,Service Quality,I'm disappointed with the overall experience!,0,5
523270,No Issue,"No issues, smooth transactions every time.",0,4
472721,Customer Support Issue,"Long wait time for support, very frustrating!",0,1
457753,Service Quality,The service was too slow and unprofessional!,0,5
811895,Late Refund,"Refund process is very slow, not happy!",0,3
577830,Billing Issue,"Incorrect amount charged, need a refund!",0,0
521000,Customer Support Issue,Support team was responsive and helpful.,0,1
538237,No Issue,Customer support was helpful in resolving my concern.,0,4
542263,No Issue,"Happy with the service, would recommend.",0,4
659717,Billing Issue,"Billing discrepancy, support is not helping!",0,0
480210,Late Refund,Finally got my refund after multiple calls.,0,3
659184,Service Quality,I'm disappointed with the overall experience!,0,5
477366,Late Refund,"Refund process is very slow, not happy!",0,3
388491,No Issue,"No issues, smooth transactions every time.",0,4
344339,Billing Issue,Had to call multiple times for a simple billing issue!,0,0
192031,Late Refund,Still waiting for my refund after 2 weeks!,0,3
536825,Customer Support Issue,"Long wait time for support, very frustrating!",0,1
516821,Service Quality,The service was too slow and unprofessional!,0,5
353666,Customer Support Issue,Support team was responsive and helpful.,0,1
413082,Late Refund,"Refund process is very slow, not happy!",0,3
546945,Customer Support Issue,Support team was responsive and helpful.,0,1
516813,Customer Support Issue,Support team was responsive and helpful.,0,1
646908,No Issue,Customer support was helpful in resolving my concern.,0,4
549379,Billing Issue,"Incorrect amount charged, need a refund!",0,0
503780,Late Refund,Still waiting for my refund after 2 weeks!,0,3
659885,Service Quality,Quality of service was not up to the mark!,0,5
354634,Customer Support Issue,Customer service was rude and unhelpful!,0,1
140374,Late Refund,Still waiting for my refund after 2 weeks!,0,3
461456,No Issue,"Everything went smoothly, highly recommended.",0,4
601466,Late Refund,Finally got my refund after multiple calls.,0,3
355488,Customer Support Issue,"Long wait time for support, very frustrating!",0,1
506892,No Issue,Customer support was helpful in resolving my concern.,0,4
644990,No Issue,"Everything went smoothly, highly recommended.",0,4
811345,Billing Issue,"Incorrect amount charged, need a refund!",0,0
659885,Late Refund,Still waiting for my refund after 2 weeks!,0,3
581597,Service Quality,"Very satisfied with the service, will recommend!",0,5
391020,Late Refund,Finally got my refund after multiple calls.,0,3
303091,Late Refund,Finally got my refund after multiple calls.,0,3
471581,Billing Issue,"Incorrect amount charged, need a refund!",0,0
346942,Service Quality,"Very satisfied with the service, will recommend!",0,5
222635,Late Refund,Finally got my refund after multiple calls.,0,3
123267,Service Quality,"Very satisfied with the service, will recommend!",0,5
482357,Billing Issue,"Incorrect amount charged, need a refund!",0,0
641148,No Issue,"No issues, smooth transactions every time.",0,4
626545,Service Quality,I'm disappointed with the overall experience!,0,5
672367,Late Refund,"Refund process is very slow, not happy!",0,3
399372,Billing Issue,"Incorrect amount charged, need a refund!",0,0
770273,Billing Issue,"Billing discrepancy, support is not helping!",0,0
811516,Late Refund,"Refund process is very slow, not happy!",0,3
818675,Service Quality,The service was too slow and unprofessional!,0,5
485851,No Issue,"No issues, smooth transactions every time.",0,4
404374,No Issue,"Great experience, very satisfied!",0,4
441485,Customer Support Issue,Customer service was rude and unhelpful!,0,1
445374,Late Refund,Still waiting for my refund after 2 weeks!,0,3
584964,Customer Support Issue,Customer service was rude and unhelpful!,0,1
424771,Customer Support Issue,Support team was responsive and helpful.,0,1
508940,Service Quality,The service was too slow and unprofessional!,0,5
361725,Service Quality,Quality of service was not up to the mark!,0,5
308987,Late Refund,Still waiting for my refund after 2 weeks!,0,3
534492,Late Refund,Finally got my refund after multiple calls.,0,3
445365,Customer Support Issue,"Long wait time for support, very frustrating!",0,1
161714,Late Refund,Finally got my refund after multiple calls.,0,3
499459,Service Quality,"Very satisfied with the service, will recommend!",0,5
409996,Late Refund,Still waiting for my refund after 2 weeks!,0,3
524424,Late Refund,Finally got my refund after multiple calls.,0,3
607521,Billing Issue,"Incorrect amount charged, need a refund!",0,0
464466,Billing Issue,Had to call multiple times for a simple billing issue!,0,0
178132,Late Refund,Finally got my refund after multiple calls.,0,3
387545,Customer Support Issue,"Long wait time for support, very frustrating!",0,1
372801,Billing Issue,Had to call multiple times for a simple billing issue!,0,0
538984,Customer Support Issue,Support team was responsive and helpful.,0,1
507543,Billing Issue,Had to call multiple times for a simple billing issue!,0,0
596033,Late Refund,Finally got my refund after multiple calls.,0,3
500332,Service Quality,The service was too slow and unprofessional!,0,5
493398,Customer Support Issue,Customer service was rude and unhelpful!,0,1
817778,No Issue,"Everything went smoothly, highly recommended.",0,4
454840,Customer Support Issue,Support team was responsive and helpful.,0,1
599723,Customer Support Issue,Customer service was rude and unhelpful!,0,1
303856,No Issue,"Great experience, very satisfied!",0,4
520810,Billing Issue,"Incorrect amount charged, need a refund!",0,0
393008,Billing Issue,"Billing discrepancy, support is not helping!",0,0
354242,Customer Support Issue,Support team was responsive and helpful.,0,1
449956,Late Refund,Still waiting for my refund after 2 weeks!,0,3
598888,No Issue,"Happy with the service, would recommend.",0,4
658355,Customer Support Issue,Support team was responsive and helpful.,0,1
652289,Billing Issue,"Billing discrepancy, support is not helping!",0,0
811530,Billing Issue,"Incorrect amount charged, need a refund!",0,0
562293,Late Refund,"Refund process is very slow, not happy!",0,3
596715,Service Quality,The service was too slow and unprofessional!,0,5
771897,Customer Support Issue,Support team was responsive and helpful.,0,1
532492,Service Quality,Quality of service was not up to the mark!,0,5
537100,Billing Issue,Had to call multiple times for a simple billing issue!,0,0
639143,Late Refund,"Refund process is very slow, not happy!",0,3
397964,Billing Issue,Had to call multiple times for a simple billing issue!,0,0
385821,Late Refund,"Refund process is very slow, not happy!",0,3
551349,Billing Issue,"Incorrect amount charged, need a refund!",0,0
642235,Service Quality,I'm disappointed with the overall experience!,0,5
657578,Billing Issue,"Billing discrepancy, support is not helping!",0,0
631933,Service Quality,"Very satisfied with the service, will recommend!",0,5
483728,No Issue,"Everything went smoothly, highly recommended.",0,4
431076,No Issue,"Happy with the service, would recommend.",0,4
657780,Customer Support Issue,Customer service was rude and unhelpful!,0,1
657625,Customer Support Issue,"Long wait time for support, very frustrating!",0,1
625562,Service Quality,I'm disappointed with the overall experience!,0,5
547269,Late Refund,Still waiting for my refund after 2 weeks!,0,3
361105,Billing Issue,Had to call multiple times for a simple billing issue!,0,0
607201,Billing Issue,"Billing discrepancy, support is not helping!",0,0
651740,Late Refund,"Refund process is very slow, not happy!",0,3
556250,Customer Support Issue,Customer service was rude and unhelpful!,0,1
378485,Customer Support Issue,Customer service was rude and unhelpful!,0,1
727765,Customer Support Issue,"Long wait time for support, very frustrating!",0,1
566846,Service Quality,The service was too slow and unprofessional!,0,5
309349,Customer Support Issue,Support team was responsive and helpful.,0,1
476145,Customer Support Issue,Customer service was rude and unhelpful!,0,1
498053,Service Quality,The service was too slow and unprofessional!,0,5
674495,Late Refund,Still waiting for my refund after 2 weeks!,0,3
539632,No Issue,"No issues, smooth transactions every time.",0,4
497810,Service Quality,Service was excellent and very professional.,0,5
303830,Billing Issue,"Billing discrepancy, support is not helping!",0,0
401183,Service Quality,"Very satisfied with the service, will recommend!",0,5
487538,Billing Issue,"Billing discrepancy, support is not helping!",0,0
625077,Customer Support Issue,Customer service was rude and unhelpful!,0,1
356223,Service Quality,Quality of service was not up to the mark!,0,5
112719,Customer Support Issue,Customer service was rude and unhelpful!,0,1
555126,Late Refund,Finally got my refund after multiple calls.,0,3
427048,Late Refund,"Refund process is very slow, not happy!",0,3
575816,Late Refund,Still waiting for my refund after 2 weeks!,0,3
419117,Billing Issue,"Incorrect amount charged, need a refund!",0,0
412118,Billing Issue,"Incorrect amount charged, need a refund!",0,0
528357,Late Refund,Finally got my refund after multiple calls.,0,3
427549,Service Quality,Service was excellent and very professional.,0,5
341660,Service Quality,I'm disappointed with the overall experience!,0,5
512794,Billing Issue,"Billing discrepancy, support is not helping!",0,0
524955,Billing Issue,Had to call multiple times for a simple billing issue!,0,0
469791,Late Refund,Finally got my refund after multiple calls.,0,3
495358,Late Refund,Still waiting for my refund after 2 weeks!,0,3
370620,Customer Support Issue,Customer service was rude and unhelpful!,0,1
361907,Late Refund,Finally got my refund after multiple calls.,0,3
301197,Service Quality,"Very satisfied with the service, will recommend!",0,5
353904,Billing Issue,Had to call multiple times for a simple billing issue!,0,0
473359,Billing Issue,"Billing discrepancy, support is not helping!",0,0
223424,Late Refund,"Refund process is very slow, not happy!",0,3
388959,Customer Support Issue,Support team was responsive and helpful.,0,1
645181,Customer Support Issue,Support team was responsive and helpful.,0,1
315072,Customer Support Issue,Customer service was rude and unhelpful!,0,1
581204,No Issue,"Everything went smoothly, highly recommended.",0,4
445921,Service Quality,The service was too slow and unprofessional!,0,5
591674,Billing Issue,Had to call multiple times for a simple billing issue!,0,0
652406,Late Refund,"Refund process is very slow, not happy!",0,3
410297,Service Quality,I'm disappointed with the overall experience!,0,5
465582,Service Quality,"Very satisfied with the service, will recommend!",0,5
390172,Late Refund,"Refund process is very slow, not happy!",0,3
811082,Late Refund,Still waiting for my refund after 2 weeks!,0,3
620136,Late Refund,"Refund process is very slow, not happy!",0,3
468162,Service Quality,I'm disappointed with the overall experience!,0,5
444733,Customer Support Issue,"Long wait time for support, very frustrating!",0,1
568521,Late Refund,Still waiting for my refund after 2 weeks!,0,3
811069,Customer Support Issue,Support team was responsive and helpful.,0,1
362826,Billing Issue,"Billing discrepancy, support is not helping!",0,0
399150,Billing Issue,"Incorrect amount charged, need a refund!",0,0
515802,No Issue,"Happy with the service, would recommend.",0,4
436826,Billing Issue,"Incorrect amount charged, need a refund!",0,0
533530,Billing Issue,"Billing discrepancy, support is not helping!",0,0
647451,Service Quality,The service was too slow and unprofessional!,0,5
390172,Billing Issue,Had to call multiple times for a simple billing issue!,0,0
349635,Service Quality,"Very satisfied with the service, will recommend!",0,5
888591,No Issue,Customer support was helpful in resolving my concern.,0,4
982620,Late Refund,Still waiting for my refund after 2 weeks!,0,3
381257,Service Quality,"Very satisfied with the service, will recommend!",0,5
434510,No Issue,"No issues, smooth transactions every time.",0,4
545758,Customer Support Issue,"Long wait time for support, very frustrating!",0,1
488442,Service Quality,I'm disappointed with the overall experience!,0,5
448843,Service Quality,I'm disappointed with the overall experience!,0,5
410272,Late Refund,Finally got my refund after multiple calls.,0,3
454291,Customer Support Issue,"Long wait time for support, very frustrating!",0,1
471296,Customer Support Issue,"Long wait time for support, very frustrating!",0,1
528846,Service Quality,"Very satisfied with the service, will recommend!",0,5
582950,No Issue,"Happy with the service, would recommend.",0,4
624744,Customer Support Issue,Support team was responsive and helpful.,0,1
990257,Service Quality,Quality of service was not up to the mark!,0,5
549667,Customer Support Issue,Customer service was rude and unhelpful!,0,1
653661,Late Refund,Finally got my refund after multiple calls.,0,3
302742,Late Refund,"Refund process is very slow, not happy!",0,3
372809,No Issue,Customer support was helpful in resolving my concern.,0,4
405879,Customer Support Issue,Customer service was rude and unhelpful!,0,1
518261,No Issue,"Great experience, very satisfied!",0,4
813804,Customer Support Issue,Support team was responsive and helpful.,0,1
811737,No Issue,"Happy with the service, would recommend.",0,4
649457,Billing Issue,"Incorrect amount charged, need a refund!",0,0
471932,No Issue,"No issues, smooth transactions every time.",0,4
539087,Service Quality,"Very satisfied with the service, will recommend!",0,5
341598,Billing Issue,"Billing discrepancy, support is not helping!",0,0
386148,Billing Issue,"Billing discrepancy, support is not helping!",0,0
363783,Late Refund,Finally got my refund after multiple calls.,0,3
408620,Late Refund,Finally got my refund after multiple calls.,0,3
384164,Service Quality,Service was excellent and very professional.,0,5
640173,Customer Support Issue,"Long wait time for support, very frustrating!",0,1
465059,Billing Issue,Had to call multiple times for a simple billing issue!,0,0
313848,Service Quality,I'm disappointed with the overall experience!,0,5
422816,No Issue,Customer support was helpful in resolving my concern.,0,4
574863,Customer Support Issue,"Long wait time for support, very frustrating!",0,1
386353,Customer Support Issue,"Long wait time for support, very frustrating!",0,1
365100,No Issue,Customer support was helpful in resolving my concern.,0,4
357597,Service Quality,Service was excellent and very professional.,0,5
345755,Service Quality,I'm disappointed with the overall experience!,0,5
413360,Service Quality,I'm disappointed with the overall experience!,0,5
398262,No Issue,"No issues, smooth transactions every time.",0,4
911189,Customer Support Issue,"Long wait time for support, very frustrating!",0,1
383608,Customer Support Issue,Customer service was rude and unhelpful!,0,1
372495,Service Quality,Quality of service was not up to the mark!,0,5
571162,Service Quality,"Very satisfied with the service, will recommend!",0,5
549497,Service Quality,I'm disappointed with the overall experience!,0,5
624035,Billing Issue,"Billing discrepancy, support is not helping!",0,0
644598,Billing Issue,"Billing discrepancy, support is not helping!",0,0
397298,Customer Support Issue,"Long wait time for support, very frustrating!",0,1
818391,Customer Support Issue,Support team was responsive and helpful.,0,1
373643,Billing Issue,Had to call multiple times for a simple billing issue!,0,0
435301,No Issue,"Great experience, very satisfied!",0,4
468148,No Issue,"No issues, smooth transactions every time.",0,4
426749,Billing Issue,"Billing discrepancy, support is not helping!",0,0
648008,Late Refund,"Refund process is very slow, not happy!",0,3
622911,Late Refund,Finally got my refund after multiple calls.,0,3
381294,Customer Support Issue,"Long wait time for support, very frustrating!",0,1
464352,Service Quality,I'm disappointed with the overall experience!,0,5
593739,Customer Support Issue,Support team was responsive and helpful.,0,1
547571,Billing Issue,"Incorrect amount charged, need a refund!",0,0
388713,Service Quality,Quality of service was not up to the mark!,0,5
362049,No Issue,"Great experience, very satisfied!",0,4
391581,Billing Issue,Had to call multiple times for a simple billing issue!,0,0
541225,Customer Support Issue,"Long wait time for support, very frustrating!",0,1
607445,Billing Issue,"Incorrect amount charged, need a refund!",0,0
532070,Late Refund,"Refund process is very slow, not happy!",0,3
427960,Customer Support Issue,Support team was responsive and helpful.,0,1
485336,Late Refund,"Refund process is very slow, not happy!",0,3
512305,Billing Issue,Had to call multiple times for a simple billing issue!,0,0
511573,Billing Issue,"Incorrect amount charged, need a refund!",0,0
575003,Service Quality,"Very satisfied with the service, will recommend!",0,5
646458,No Issue,"Happy with the service, would recommend.",0,4
814073,No Issue,"Everything went smoothly, highly recommended.",0,4
385827,Billing Issue,Had to call multiple times for a simple billing issue!,0,0
438392,No Issue,"Everything went smoothly, highly recommended.",0,4
726725,Late Refund,Still waiting for my refund after 2 weeks!,0,3
416401,Late Refund,"Refund process is very slow, not happy!",0,3
304065,No Issue,"Happy with the service, would recommend.",0,4
624703,Late Refund,Still waiting for my refund after 2 weeks!,0,3
512045,Customer Support Issue,Support team was responsive and helpful.,0,1
652282,No Issue,"Great experience, very satisfied!",0,4
127235,Service Quality,I'm disappointed with the overall experience!,0,5
371425,Customer Support Issue,Customer service was rude and unhelpful!,0,1
372015,Late Refund,Still waiting for my refund after 2 weeks!,0,3
334130,Billing Issue,"Billing discrepancy, support is not helping!",0,0
374998,Service Quality,I'm disappointed with the overall experience!,0,5
522911,Customer Support Issue,"Long wait time for support, very frustrating!",0,1
621879,Service Quality,I'm disappointed with the overall experience!,0,5
309272,Billing Issue,Had to call multiple times for a simple billing issue!,0,0
476263,No Issue,"No issues, smooth transactions every time.",0,4
592427,Billing Issue,"Incorrect amount charged, need a refund!",0,0
506046,Service Quality,The service was too slow and unprofessional!,0,5
556120,Customer Support Issue,Support team was responsive and helpful.,0,1
655088,Customer Support Issue,Support team was responsive and helpful.,0,1
429404,Service Quality,I'm disappointed with the overall experience!,0,5
628037,Customer Support Issue,"Long wait time for support, very frustrating!",0,1
377879,Customer Support Issue,Customer service was rude and unhelpful!,0,1
436064,No Issue,"Everything went smoothly, highly recommended.",0,4
528907,No Issue,"No issues, smooth transactions every time.",0,4
392590,Customer Support Issue,Support team was responsive and helpful.,0,1
579325,Customer Support Issue,"Long wait time for support, very frustrating!",0,1
670401,Late Refund,"Refund process is very slow, not happy!",0,3
367481,Billing Issue,"Incorrect amount charged, need a refund!",0,0
647105,Late Refund,Still waiting for my refund after 2 weeks!,0,3
480690,Customer Support Issue,Support team was responsive and helpful.,0,1
382169,Service Quality,I'm disappointed with the overall experience!,0,5
374932,Late Refund,Finally got my refund after multiple calls.,0,3
544154,No Issue,"No issues, smooth transactions every time.",0,4
383766,Service Quality,The service was too slow and unprofessional!,0,5
496945,No Issue,"Everything went smoothly, highly recommended.",0,4
412694,Customer Support Issue,Support team was responsive and helpful.,0,1
358057,Billing Issue,Had to call multiple times for a simple billing issue!,0,0
508587,Service Quality,"Very satisfied with the service, will recommend!",0,5
374195,Customer Support Issue,"Long wait time for support, very frustrating!",0,1
340987,Customer Support Issue,"Long wait time for support, very frustrating!",0,1
724211,Customer Support Issue,"Long wait time for support, very frustrating!",0,1
458519,Billing Issue,"Incorrect amount charged, need a refund!",0,0
370516,No Issue,"Happy with the service, would recommend.",0,4
406851,Late Refund,Still waiting for my refund after 2 weeks!,0,3
623228,Service Quality,I'm disappointed with the overall experience!,0,5
404899,Late Refund,Finally got my refund after multiple calls.,0,3
653891,Billing Issue,"Billing discrepancy, support is not helping!",0,0
497475,Service Quality,I'm disappointed with the overall experience!,0,5
357621,Service Quality,I'm disappointed with the overall experience!,0,5
499191,Billing Issue,"Billing discrepancy, support is not helping!",0,0
490676,Service Quality,Quality of service was not up to the mark!,0,5
441099,No Issue,"Happy with the service, would recommend.",0,4
607246,Service Quality,Quality of service was not up to the mark!,0,5
519247,Customer Support Issue,Customer service was rude and unhelpful!,0,1
644681,Service Quality,"Very satisfied with the service, will recommend!",0,5
510715,Customer Support Issue,Customer service was rude and unhelpful!,0,1
654674,Customer Support Issue,Customer service was rude and unhelpful!,0,1
527925,Billing Issue,Had to call multiple times for a simple billing issue!,0,0
564160,No Issue,"Great experience, very satisfied!",0,4
390327,No Issue,"Everything went smoothly, highly recommended.",0,4
501007,Late Refund,Finally got my refund after multiple calls.,0,3
423568,Late Refund,Finally got my refund after multiple calls.,0,3
659884,No Issue,"Everything went smoothly, highly recommended.",0,4
579026,Service Quality,"Very satisfied with the service, will recommend!",0,5
644795,Service Quality,"Very satisfied with the service, will recommend!",0,5
625094,Billing Issue,"Incorrect amount charged, need a refund!",0,0
506396,Billing Issue,"Incorrect amount charged, need a refund!",0,0
546816,Service Quality,I'm disappointed with the overall experience!,0,5
348668,Service Quality,Service was excellent and very professional.,0,5
394790,No Issue,"No issues, smooth transactions every time.",0,4
451371,Billing Issue,"Incorrect amount charged, need a refund!",0,0
402188,Billing Issue,Had to call multiple times for a simple billing issue!,0,0
466528,Billing Issue,"Incorrect amount charged, need a refund!",0,0
403766,Late Refund,Finally got my refund after multiple calls.,0,3
391112,Customer Support Issue,Support team was responsive and helpful.,0,1
384200,Service Quality,Quality of service was not up to the mark!,0,5
461055,Service Quality,I'm disappointed with the overall experience!,0,5
814076,Billing Issue,Had to call multiple times for a simple billing issue!,0,0
532669,Late Refund,Still waiting for my refund after 2 weeks!,0,3
674372,Customer Support Issue,Customer service was rude and unhelpful!,0,1
533466,No Issue,"Everything went smoothly, highly recommended.",0,4
348425,Late Refund,Still waiting for my refund after 2 weeks!,0,3
370528,Late Refund,"Refund process is very slow, not happy!",0,3
818845,No Issue,"Great experience, very satisfied!",0,4
516754,Billing Issue,Had to call multiple times for a simple billing issue!,0,0
569852,Customer Support Issue,"Long wait time for support, very frustrating!",0,1
656660,Service Quality,Quality of service was not up to the mark!,0,5
547250,Service Quality,The service was too slow and unprofessional!,0,5
888143,No Issue,"No issues, smooth transactions every time.",0,4
497507,Customer Support Issue,"Long wait time for support, very frustrating!",0,1
472667,No Issue,"Great experience, very satisfied!",0,4
560680,Late Refund,"Refund process is very slow, not happy!",0,3
608053,Customer Support Issue,Support team was responsive and helpful.,0,1
468202,Customer Support Issue,"Long wait time for support, very frustrating!",0,1
361707,Customer Support Issue,Support team was responsive and helpful.,0,1
365499,No Issue,"No issues, smooth transactions every time.",0,4
621901,No Issue,"Happy with the service, would recommend.",0,4
458826,No Issue,"Happy with the service, would recommend.",0,4
445391,No Issue,"Great experience, very satisfied!",0,4
414432,No Issue,"Happy with the service, would recommend.",0,4
313846,Customer Support Issue,"Long wait time for support, very frustrating!",0,1
402032,Billing Issue,Had to call multiple times for a simple billing issue!,0,0
646972,Billing Issue,Had to call multiple times for a simple billing issue!,0,0
652403,Service Quality,The service was too slow and unprofessional!,0,5
586464,Service Quality,I'm disappointed with the overall experience!,0,5
647188,Service Quality,Service was excellent and very professional.,0,5
545501,Customer Support Issue,Customer service was rude and unhelpful!,0,1
512874,Late Refund,"Refund process is very slow, not happy!",0,3
446243,Billing Issue,"Billing discrepancy, support is not helping!",0,0
389799,No Issue,"Everything went smoothly, highly recommended.",0,4
608647,Service Quality,Quality of service was not up to the mark!,0,5
349922,Billing Issue,"Incorrect amount charged, need a refund!",0,0
424004,Customer Support Issue,"Long wait time for support, very frustrating!",0,1
223130,Late Refund,Still waiting for my refund after 2 weeks!,0,3
346800,Billing Issue,"Incorrect amount charged, need a refund!",0,0
356018,Customer Support Issue,Customer service was rude and unhelpful!,0,1
680830,Customer Support Issue,Support team was responsive and helpful.,0,1
435840,Customer Support Issue,Support team was responsive and helpful.,0,1
366700,No Issue,"Great experience, very satisfied!",0,4
888229,Billing Issue,"Billing discrepancy, support is not helping!",0,0
349188,Late Refund,"Refund process is very slow, not happy!",0,3
440705,Customer Support Issue,Customer service was rude and unhelpful!,0,1
371557,Billing Issue,Had to call multiple times for a simple billing issue!,0,0
514508,Customer Support Issue,Support team was responsive and helpful.,0,1
597747,Late Refund,Finally got my refund after multiple calls.,0,3
440056,Late Refund,Finally got my refund after multiple calls.,0,3
811401,No Issue,"Happy with the service, would recommend.",0,4
178153,Customer Support Issue,Support team was responsive and helpful.,0,1
318291,Billing Issue,"Incorrect amount charged, need a refund!",0,0
573510,Service Quality,I'm disappointed with the overall experience!,0,5
426217,Service Quality,Quality of service was not up to the mark!,0,5
542166,Late Refund,"Refund process is very slow, not happy!",0,3
556442,No Issue,"Great experience, very satisfied!",0,4
111282,No Issue,"Happy with the service, would recommend.",0,4
597016,Late Refund,Still waiting for my refund after 2 weeks!,0,3
472755,No Issue,"No issues, smooth transactions every time.",0,4
444649,Billing Issue,"Incorrect amount charged, need a refund!",0,0
502852,No Issue,"No issues, smooth transactions every time.",0,4
391171,Late Refund,"Refund process is very slow, not happy!",0,3
498299,No Issue,"Great experience, very satisfied!",0,4
608858,Late Refund,"Refund process is very slow, not happy!",0,3
888729,Billing Issue,Had to call multiple times for a simple billing issue!,0,0
450677,No Issue,"Everything went smoothly, highly recommended.",0,4
656383,Billing Issue,Had to call multiple times for a simple billing issue!,0,0
365931,Late Refund,Finally got my refund after multiple calls.,0,3
819531,No Issue,"Great experience, very satisfied!",0,4
581793,Billing Issue,Had to call multiple times for a simple billing issue!,0,0
422639,No Issue,"Everything went smoothly, highly recommended.",0,4
358606,No Issue,"Great experience, very satisfied!",0,4
559866,Service Quality,I'm disappointed with the overall experience!,0,5
467343,Service Quality,I'm disappointed with the overall experience!,0,5
593590,No Issue,"Great experience, very satisfied!",0,4
656347,Service Quality,The service was too slow and unprofessional!,0,5
391913,Billing Issue,"Billing discrepancy, support is not helping!",0,0
140308,No Issue,"No issues, smooth transactions every time.",0,4
511972,Late Refund,"Refund process is very slow, not happy!",0,3
562676,Customer Support Issue,"Long wait time for support, very frustrating!",0,1
644501,Billing Issue,"Billing discrepancy, support is not helping!",0,0
433023,Billing Issue,Had to call multiple times for a simple billing issue!,0,0
367578,Billing Issue,Had to call multiple times for a simple billing issue!,0,0
812742,No Issue,"Happy with the service, would recommend.",0,4
424021,No Issue,Customer support was helpful in resolving my concern.,0,4
381133,Late Refund,Still waiting for my refund after 2 weeks!,0,3
818657,Late Refund,Finally got my refund after multiple calls.,0,3
588827,Billing Issue,"Billing discrepancy, support is not helping!",0,0
447758,Billing Issue,"Incorrect amount charged, need a refund!",0,0
512100,Customer Support Issue,Customer service was rude and unhelpful!,0,1
499235,Billing Issue,"Billing discrepancy, support is not helping!",0,0
444372,Late Refund,"Refund process is very slow, not happy!",0,3
360691,Service Quality,The service was too slow and unprofessional!,0,5
628719,No Issue,"Everything went smoothly, highly recommended.",0,4
645367,Late Refund,Finally got my refund after multiple calls.,0,3
155659,No Issue,"Great experience, very satisfied!",0,4
349074,Service Quality,I'm disappointed with the overall experience!,0,5
653756,Billing Issue,"Billing discrepancy, support is not helping!",0,0
400456,Late Refund,Finally got my refund after multiple calls.,0,3
489605,Billing Issue,Had to call multiple times for a simple billing issue!,0,0
653197,Customer Support Issue,Customer service was rude and unhelpful!,0,1
379407,Customer Support Issue,Customer service was rude and unhelpful!,0,1
888686,Billing Issue,"Billing discrepancy, support is not helping!",0,0
472728,Billing Issue,Had to call multiple times for a simple billing issue!,0,0
536739,Service Quality,"Very satisfied with the service, will recommend!",0,5
652387,Customer Support Issue,Customer service was rude and unhelpful!,0,1
342339,Billing Issue,"Billing discrepancy, support is not helping!",0,0
528448,No Issue,"Happy with the service, would recommend.",0,4
434852,Customer Support Issue,Customer service was rude and unhelpful!,0,1
570817,Customer Support Issue,Customer service was rude and unhelpful!,0,1
620025,Late Refund,"Refund process is very slow, not happy!",0,3
518512,No Issue,"Everything went smoothly, highly recommended.",0,4
521444,Service Quality,Quality of service was not up to the mark!,0,5
441757,Customer Support Issue,Customer service was rude and unhelpful!,0,1
515551,Late Refund,Finally got my refund after multiple calls.,0,3
607244,Late Refund,Still waiting for my refund after 2 weeks!,0,3
553815,Late Refund,Finally got my refund after multiple calls.,0,3
344260,Late Refund,Still waiting for my refund after 2 weeks!,0,3
303577,No Issue,"Great experience, very satisfied!",0,4
624635,Customer Support Issue,"Long wait time for support, very frustrating!",0,1
399200,Billing Issue,"Billing discrepancy, support is not helping!",0,0
379542,Late Refund,"Refund process is very slow, not happy!",0,3
628716,Customer Support Issue,Customer service was rude and unhelpful!,0,1
537370,Customer Support Issue,"Long wait time for support, very frustrating!",0,1
400998,Customer Support Issue,Customer service was rude and unhelpful!,0,1
363147,Customer Support Issue,Customer service was rude and unhelpful!,0,1
501407,Billing Issue,Had to call multiple times for a simple billing issue!,0,0
484006,No Issue,"Happy with the service, would recommend.",0,4
476122,Service Quality,I'm disappointed with the overall experience!,0,5
593210,Customer Support Issue,"Long wait time for support, very frustrating!",0,1
425467,Customer Support Issue,"Long wait time for support, very frustrating!",0,1
387159,Billing Issue,Had to call multiple times for a simple billing issue!,0,0
383475,Billing Issue,Had to call multiple times for a simple billing issue!,0,0
435194,Service Quality,Service was excellent and very professional.,0,5
520169,No Issue,"Everything went smoothly, highly recommended.",0,4
380387,No Issue,"Great experience, very satisfied!",0,4
460102,Customer Support Issue,Support team was responsive and helpful.,0,1
462867,Billing Issue,"Incorrect amount charged, need a refund!",0,0
676888,Late Refund,Finally got my refund after multiple calls.,0,3
490381,Customer Support Issue,"Long wait time for support, very frustrating!",0,1
407282,Customer Support Issue,Customer service was rude and unhelpful!,0,1
433576,No Issue,"Everything went smoothly, highly recommended.",0,4
360021,Late Refund,"Refund process is very slow, not happy!",0,3
506477,Service Quality,Service was excellent and very professional.,0,5
408155,Billing Issue,"Incorrect amount charged, need a refund!",0,0
429598,No Issue,"No issues, smooth transactions every time.",0,4
480840,Late Refund,"Refund process is very slow, not happy!",0,3
658550,Billing Issue,"Billing discrepancy, support is not helping!",0,0
507737,Customer Support Issue,Support team was responsive and helpful.,0,1
518821,Service Quality,Service was excellent and very professional.,0,5
368924,Late Refund,Still waiting for my refund after 2 weeks!,0,3
489156,Late Refund,Finally got my refund after multiple calls.,0,3
581616,Late Refund,Finally got my refund after multiple calls.,0,3
361292,No Issue,"Happy with the service, would recommend.",0,4
811989,Service Quality,The service was too slow and unprofessional!,0,5
777396,Customer Support Issue,Support team was responsive and helpful.,0,1
606363,Late Refund,Finally got my refund after multiple calls.,0,3
812353,Service Quality,"Very satisfied with the service, will recommend!",0,5
461169,Billing Issue,"Incorrect amount charged, need a refund!",0,0
680620,No Issue,"Everything went smoothly, highly recommended.",0,4
471865,No Issue,"Great experience, very satisfied!",0,4
464046,Late Refund,Finally got my refund after multiple calls.,0,3
340467,Customer Support Issue,Customer service was rude and unhelpful!,0,1
503693,Service Quality,The service was too slow and unprofessional!,0,5
454388,Service Quality,Service was excellent and very professional.,0,5
444353,Customer Support Issue,Support team was responsive and helpful.,0,1
468942,Service Quality,"Very satisfied with the service, will recommend!",0,5
411095,Billing Issue,"Incorrect amount charged, need a refund!",0,0
468886,Customer Support Issue,"Long wait time for support, very frustrating!",0,1
356262,No Issue,"Everything went smoothly, highly recommended.",0,4
400563,Late Refund,"Refund process is very slow, not happy!",0,3
649868,Late Refund,Still waiting for my refund after 2 weeks!,0,3
342680,Service Quality,I'm disappointed with the overall experience!,0,5
657072,Customer Support Issue,Customer service was rude and unhelpful!,0,1
450136,Service Quality,Service was excellent and very professional.,0,5
478823,Customer Support Issue,"Long wait time for support, very frustrating!",0,1
652906,Billing Issue,"Billing discrepancy, support is not helping!",0,0
413367,Service Quality,"Very satisfied with the service, will recommend!",0,5
651907,Customer Support Issue,Customer service was rude and unhelpful!,0,1
300396,Customer Support Issue,Support team was responsive and helpful.,0,1
416894,Billing Issue,"Billing discrepancy, support is not helping!",0,0
450818,No Issue,Customer support was helpful in resolving my concern.,0,4
558845,No Issue,Customer support was helpful in resolving my concern.,0,4
680758,Billing Issue,Had to call multiple times for a simple billing issue!,0,0
401195,Late Refund,Still waiting for my refund after 2 weeks!,0,3
345241,No Issue,"Happy with the service, would recommend.",0,4
300434,Service Quality,Quality of service was not up to the mark!,0,5
476090,No Issue,"Everything went smoothly, highly recommended.",0,4
303061,Service Quality,Service was excellent and very professional.,0,5
644900,Late Refund,Still waiting for my refund after 2 weeks!,0,3
815273,Late Refund,"Refund process is very slow, not happy!",0,3
623776,Late Refund,Finally got my refund after multiple calls.,0,3
625338,Service Quality,The service was too slow and unprofessional!,0,5
559359,No Issue,"No issues, smooth transactions every time.",0,4
511322,No Issue,"No issues, smooth transactions every time.",0,4
815473,Service Quality,Quality of service was not up to the mark!,0,5
418569,No Issue,"No issues, smooth transactions every time.",0,4
509882,Customer Support Issue,"Long wait time for support, very frustrating!",0,1
463976,Late Refund,"Refund process is very slow, not happy!",0,3
431585,No Issue,"No issues, smooth transactions every time.",0,4
358636,No Issue,"Everything went smoothly, highly recommended.",0,4
415655,No Issue,"Happy with the service, would recommend.",0,4
309468,Customer Support Issue,Customer service was rude and unhelpful!,0,1
418013,Service Quality,"Very satisfied with the service, will recommend!",0,5
439510,Late Refund,Still waiting for my refund after 2 weeks!,0,3
453853,Late Refund,Finally got my refund after multiple calls.,0,3
430637,Customer Support Issue,Support team was responsive and helpful.,0,1
383434,Customer Support Issue,"Long wait time for support, very frustrating!",0,1
499998,No Issue,"Everything went smoothly, highly recommended.",0,4
371409,No Issue,"Happy with the service, would recommend.",0,4
342309,Late Refund,"Refund process is very slow, not happy!",0,3
606168,Service Quality,I'm disappointed with the overall experience!,0,5
735061,Customer Support Issue,Customer service was rude and unhelpful!,0,1
500589,Billing Issue,"Billing discrepancy, support is not helping!",0,0
364015,No Issue,"No issues, smooth transactions every time.",0,4
450176,No Issue,"No issues, smooth transactions every time.",0,4
344928,Billing Issue,"Incorrect amount charged, need a refund!",0,0
355947,Customer Support Issue,Support team was responsive and helpful.,0,1
358791,Billing Issue,"Billing discrepancy, support is not helping!",0,0
344348,Service Quality,Quality of service was not up to the mark!,0,5
410010,Customer Support Issue,Support team was responsive and helpful.,0,1
735041,No Issue,"Happy with the service, would recommend.",0,4
517160,Late Refund,Finally got my refund after multiple calls.,0,3
411656,Billing Issue,"Incorrect amount charged, need a refund!",0,0
526027,Service Quality,I'm disappointed with the overall experience!,0,5
305739,Customer Support Issue,Support team was responsive and helpful.,0,1
585678,Customer Support Issue,"Long wait time for support, very frustrating!",0,1
378000,Billing Issue,Had to call multiple times for a simple billing issue!,0,0
404668,Late Refund,"Refund process is very slow, not happy!",0,3
371989,Service Quality,Service was excellent and very professional.,0,5
539149,Billing Issue,Had to call multiple times for a simple billing issue!,0,0
407175,Service Quality,The service was too slow and unprofessional!,0,5
542729,Late Refund,"Refund process is very slow, not happy!",0,3
465949,Late Refund,Finally got my refund after multiple calls.,0,3
571605,Late Refund,"Refund process is very slow, not happy!",0,3
523187,Billing Issue,"Incorrect amount charged, need a refund!",0,0
433158,Billing Issue,Had to call multiple times for a simple billing issue!,0,0
417979,Service Quality,Service was excellent and very professional.,0,5
640154,Late Refund,"Refund process is very slow, not happy!",0,3
309647,Billing Issue,Had to call multiple times for a simple billing issue!,0,0
482556,Billing Issue,"Incorrect amount charged, need a refund!",0,0
517669,Customer Support Issue,"Long wait time for support, very frustrating!",0,1
575710,Customer Support Issue,"Long wait time for support, very frustrating!",0,1
440243,Late Refund,"Refund process is very slow, not happy!",0,3
608053,Billing Issue,"Incorrect amount charged, need a refund!",0,0
556674,No Issue,"Great experience, very satisfied!",0,4
817364,Late Refund,Finally got my refund after multiple calls.,0,3
543054,Customer Support Issue,Support team was responsive and helpful.,0,1
397462,Customer Support Issue,Support team was responsive and helpful.,0,1
810092,Billing Issue,"Incorrect amount charged, need a refund!",0,0
444964,Service Quality,Quality of service was not up to the mark!,0,5
466298,Service Quality,Service was excellent and very professional.,0,5
625477,No Issue,"No issues, smooth transactions every time.",0,4
421793,Late Refund,"Refund process is very slow, not happy!",0,3
645361,Service Quality,"Very satisfied with the service, will recommend!",0,5
508215,Customer Support Issue,Support team was responsive and helpful.,0,1
557268,Late Refund,Still waiting for my refund after 2 weeks!,0,3
677172,Late Refund,"Refund process is very slow, not happy!",0,3
513830,Customer Support Issue,Customer service was rude and unhelpful!,0,1
391302,Late Refund,Finally got my refund after multiple calls.,0,3
396311,Late Refund,Still waiting for my refund after 2 weeks!,0,3
366109,Customer Support Issue,Support team was responsive and helpful.,0,1
472347,Service Quality,The service was too slow and unprofessional!,0,5
444845,Customer Support Issue,"Long wait time for support, very frustrating!",0,1
490757,Billing Issue,Had to call multiple times for a simple billing issue!,0,0
575649,Customer Support Issue,Customer service was rude and unhelpful!,0,1
438251,No Issue,"Great experience, very satisfied!",0,4
343964,Late Refund,"Refund process is very slow, not happy!",0,3
536040,Customer Support Issue,Support team was responsive and helpful.,0,1
568189,Service Quality,Quality of service was not up to the mark!,0,5
346795,Late Refund,Still waiting for my refund after 2 weeks!,0,3
587380,Customer Support Issue,Customer service was rude and unhelpful!,0,1
650735,No Issue,"Everything went smoothly, highly recommended.",0,4
469829,No Issue,Customer support was helpful in resolving my concern.,0,4
441864,Service Quality,Service was excellent and very professional.,0,5
515996,No Issue,"Everything went smoothly, highly recommended.",0,4
508219,Service Quality,I'm disappointed with the overall experience!,0,5
659910,Billing Issue,Had to call multiple times for a simple billing issue!,0,0
363587,Service Quality,"Very satisfied with the service, will recommend!",0,5
817036,Late Refund,"Refund process is very slow, not happy!",0,3
814777,Customer Support Issue,Support team was responsive and helpful.,0,1
658985,Billing Issue,"Billing discrepancy, support is not helping!",0,0
380897,No Issue,"Happy with the service, would recommend.",0,4
652751,No Issue,"Everything went smoothly, highly recommended.",0,4
531827,Billing Issue,"Billing discrepancy, support is not helping!",0,0
655305,Billing Issue,"Billing discrepancy, support is not helping!",0,0
349209,Billing Issue,Had to call multiple times for a simple billing issue!,0,0
594791,No Issue,"No issues, smooth transactions every time.",0,4
367533,Customer Support Issue,Support team was responsive and helpful.,0,1
484243,Service Quality,The service was too slow and unprofessional!,0,5
501767,Customer Support Issue,"Long wait time for support, very frustrating!",0,1
548329,No Issue,"Great experience, very satisfied!",0,4
395012,Billing Issue,Had to call multiple times for a simple billing issue!,0,0
475380,Late Refund,Finally got my refund after multiple calls.,0,3
812418,Late Refund,Finally got my refund after multiple calls.,0,3
596007,No Issue,"Everything went smoothly, highly recommended.",0,4
378026,Customer Support Issue,"Long wait time for support, very frustrating!",0,1
432861,No Issue,Customer support was helpful in resolving my concern.,0,4
607366,Late Refund,Still waiting for my refund after 2 weeks!,0,3
334410,No Issue,"Everything went smoothly, highly recommended.",0,4
583618,Service Quality,I'm disappointed with the overall experience!,0,5
648927,No Issue,Customer support was helpful in resolving my concern.,0,4
476906,Billing Issue,"Incorrect amount charged, need a refund!",0,0
433539,No Issue,"No issues, smooth transactions every time.",0,4
651626,Service Quality,I'm disappointed with the overall experience!,0,5
389178,Late Refund,"Refund process is very slow, not happy!",0,3
594308,Customer Support Issue,"Long wait time for support, very frustrating!",0,1
357494,Billing Issue,"Billing discrepancy, support is not helping!",0,0
353419,Late Refund,Still waiting for my refund after 2 weeks!,0,3
380097,Late Refund,Finally got my refund after multiple calls.,0,3
509868,No Issue,"Everything went smoothly, highly recommended.",0,4
497796,Service Quality,Service was excellent and very professional.,0,5
353527,Customer Support Issue,Support team was responsive and helpful.,0,1
354445,Customer Support Issue,"Long wait time for support, very frustrating!",0,1
362471,No Issue,"Everything went smoothly, highly recommended.",0,4
568364,Customer Support Issue,Support team was responsive and helpful.,0,1
580149,Service Quality,Service was excellent and very professional.,0,5
811537,Service Quality,The service was too slow and unprofessional!,0,5
435420,No Issue,"No issues, smooth transactions every time.",0,4
448570,Service Quality,"Very satisfied with the service, will recommend!",0,5
524674,Late Refund,"Refund process is very slow, not happy!",0,3
481863,Customer Support Issue,"Long wait time for support, very frustrating!",0,1
428008,Billing Issue,Had to call multiple times for a simple billing issue!,0,0
473359,Billing Issue,"Incorrect amount charged, need a refund!",0,0
485895,Billing Issue,Had to call multiple times for a simple billing issue!,0,0
383744,Customer Support Issue,Support team was responsive and helpful.,0,1
354437,No Issue,"No issues, smooth transactions every time.",0,4
379719,Billing Issue,"Billing discrepancy, support is not helping!",0,0
547005,No Issue,"Everything went smoothly, highly recommended.",0,4
990073,Customer Support Issue,Support team was responsive and helpful.,0,1
652359,Service Quality,Quality of service was not up to the mark!,0,5
481779,Customer Support Issue,Customer service was rude and unhelpful!,0,1
430607,No Issue,"Happy with the service, would recommend.",0,4
344414,Billing Issue,Had to call multiple times for a simple billing issue!,0,0
364597,Late Refund,Still waiting for my refund after 2 weeks!,0,3
626134,Customer Support Issue,Customer service was rude and unhelpful!,0,1
523760,Customer Support Issue,"Long wait time for support, very frustrating!",0,1
405903,Billing Issue,"Billing discrepancy, support is not helping!",0,0
477608,No Issue,"Everything went smoothly, highly recommended.",0,4
672535,Customer Support Issue,Customer service was rude and unhelpful!,0,1
116952,Service Quality,"Very satisfied with the service, will recommend!",0,5
493234,Service Quality,Quality of service was not up to the mark!,0,5
558222,Billing Issue,"Incorrect amount charged, need a refund!",0,0
550075,No Issue,"Great experience, very satisfied!",0,4
379817,No Issue,"No issues, smooth transactions every time.",0,4
420215,Billing Issue,"Incorrect amount charged, need a refund!",0,0
641714,Billing Issue,Had to call multiple times for a simple billing issue!,0,0
738320,Late Refund,"Refund process is very slow, not happy!",0,3
500743,Late Refund,"Refund process is very slow, not happy!",0,3
582557,Customer Support Issue,"Long wait time for support, very frustrating!",0,1
435163,No Issue,"Everything went smoothly, highly recommended.",0,4
577360,Customer Support Issue,Customer service was rude and unhelpful!,0,1
342223,No Issue,"Happy with the service, would recommend.",0,4
192083,Late Refund,Finally got my refund after multiple calls.,0,3
432267,Late Refund,"Refund process is very slow, not happy!",0,3
603021,Billing Issue,Had to call multiple times for a simple billing issue!,0,0
424691,Service Quality,I'm disappointed with the overall experience!,0,5
442669,No Issue,"Great experience, very satisfied!",0,4
568383,Service Quality,"Very satisfied with the service, will recommend!",0,5
429429,Late Refund,Still waiting for my refund after 2 weeks!,0,3
470574,Service Quality,The service was too slow and unprofessional!,0,5
370043,Customer Support Issue,Customer service was rude and unhelpful!,0,1
430655,Customer Support Issue,"Long wait time for support, very frustrating!",0,1
574772,Late Refund,"Refund process is very slow, not happy!",0,3
499406,Service Quality,Service was excellent and very professional.,0,5
816486,Service Quality,I'm disappointed with the overall experience!,0,5
510140,No Issue,"Great experience, very satisfied!",0,4
811620,Service Quality,Service was excellent and very professional.,0,5
415390,Customer Support Issue,"Long wait time for support, very frustrating!",0,1
583025,Billing Issue,"Billing discrepancy, support is not helping!",0,0
361058,Late Refund,"Refund process is very slow, not happy!",0,3
484420,No Issue,"No issues, smooth transactions every time.",0,4
445139,Service Quality,Service was excellent and very professional.,0,5
815761,Late Refund,"Refund process is very slow, not happy!",0,3
601574,Billing Issue,Had to call multiple times for a simple billing issue!,0,0
680163,Customer Support Issue,Support team was responsive and helpful.,0,1
654138,Service Quality,"Very satisfied with the service, will recommend!",0,5
435302,Billing Issue,Had to call multiple times for a simple billing issue!,0,0
448792,Billing Issue,"Incorrect amount charged, need a refund!",0,0
423703,Late Refund,Still waiting for my refund after 2 weeks!,0,3
656551,Customer Support Issue,Support team was responsive and helpful.,0,1
816445,No Issue,"Everything went smoothly, highly recommended.",0,4
393268,Service Quality,Service was excellent and very professional.,0,5
390555,Billing Issue,"Billing discrepancy, support is not helping!",0,0
589937,Billing Issue,Had to call multiple times for a simple billing issue!,0,0
354403,Late Refund,Still waiting for my refund after 2 weeks!,0,3
653380,Customer Support Issue,Customer service was rude and unhelpful!,0,1
334355,Service Quality,"Very satisfied with the service, will recommend!",0,5
353704,Service Quality,"Very satisfied with the service, will recommend!",0,5
443365,Late Refund,Finally got my refund after multiple calls.,0,3
372695,Billing Issue,"Billing discrepancy, support is not helping!",0,0
648216,Late Refund,Still waiting for my refund after 2 weeks!,0,3
389201,Service Quality,Quality of service was not up to the mark!,0,5
364527,Billing Issue,Had to call multiple times for a simple billing issue!,0,0
577806,Billing Issue,Had to call multiple times for a simple billing issue!,0,0
629163,Billing Issue,Had to call multiple times for a simple billing issue!,0,0
449104,Late Refund,Finally got my refund after multiple calls.,0,3
378977,Late Refund,"Refund process is very slow, not happy!",0,3
441463,No Issue,Customer support was helpful in resolving my concern.,0,4
433091,Billing Issue,"Billing discrepancy, support is not helping!",0,0
888913,Billing Issue,"Incorrect amount charged, need a refund!",0,0
344309,Billing Issue,Had to call multiple times for a simple billing issue!,0,0
457519,Late Refund,Still waiting for my refund after 2 weeks!,0,3
486666,Billing Issue,Had to call multiple times for a simple billing issue!,0,0
645365,Customer Support Issue,Customer service was rude and unhelpful!,0,1
606083,Customer Support Issue,"Long wait time for support, very frustrating!",0,1
230377,Billing Issue,"Billing discrepancy, support is not helping!",0,0
672845,Service Quality,Quality of service was not up to the mark!,0,5
547981,Service Quality,Service was excellent and very professional.,0,5
508063,Billing Issue,Had to call multiple times for a simple billing issue!,0,0
648436,Customer Support Issue,Customer service was rude and unhelpful!,0,1
391733,Customer Support Issue,Customer service was rude and unhelpful!,0,1
606868,Billing Issue,Had to call multiple times for a simple billing issue!,0,0
989667,Late Refund,Still waiting for my refund after 2 weeks!,0,3
493515,Billing Issue,"Billing discrepancy, support is not helping!",0,0
550209,Customer Support Issue,"Long wait time for support, very frustrating!",0,1
355920,No Issue,"Happy with the service, would recommend.",0,4
426825,No Issue,"Great experience, very satisfied!",0,4
624819,Billing Issue,Had to call multiple times for a simple billing issue!,0,0
618435,No Issue,"Great experience, very satisfied!",0,4
309388,Service Quality,Quality of service was not up to the mark!,0,5
539528,Customer Support Issue,Support team was responsive and helpful.,0,1
467869,Customer Support Issue,"Long wait time for support, very frustrating!",0,1
494734,Late Refund,Finally got my refund after multiple calls.,0,3
101670,Billing Issue,"Billing discrepancy, support is not helping!",0,0
540240,Billing Issue,"Incorrect amount charged, need a refund!",0,0
508978,Customer Support Issue,Support team was responsive and helpful.,0,1
411196,Service Quality,Service was excellent and very professional.,0,5
593408,Service Quality,The service was too slow and unprofessional!,0,5
411305,Late Refund,Still waiting for my refund after 2 weeks!,0,3
770031,Service Quality,I'm disappointed with the overall experience!,0,5
444082,No Issue,Customer support was helpful in resolving my concern.,0,4
511919,Billing Issue,"Incorrect amount charged, need a refund!",0,0
507151,Service Quality,The service was too slow and unprofessional!,0,5
405422,Customer Support Issue,"Long wait time for support, very frustrating!",0,1
345916,Customer Support Issue,Support team was responsive and helpful.,0,1
381068,Late Refund,Still waiting for my refund after 2 weeks!,0,3
963405,Service Quality,Quality of service was not up to the mark!,0,5
428414,Billing Issue,"Billing discrepancy, support is not helping!",0,0
547641,Service Quality,Service was excellent and very professional.,0,5
506479,Service Quality,The service was too slow and unprofessional!,0,5
369690,Billing Issue,Had to call multiple times for a simple billing issue!,0,0
426973,Billing Issue,Had to call multiple times for a simple billing issue!,0,0
132110,Billing Issue,"Incorrect amount charged, need a refund!",0,0
384666,Late Refund,Finally got my refund after multiple calls.,0,3
506575,No Issue,"Happy with the service, would recommend.",0,4
385479,No Issue,"Everything went smoothly, highly recommended.",0,4
394077,No Issue,"Happy with the service, would recommend.",0,4
459330,Billing Issue,"Billing discrepancy, support is not helping!",0,0
370690,Customer Support Issue,Support team was responsive and helpful.,0,1
454257,Customer Support Issue,Customer service was rude and unhelpful!,0,1
502558,Billing Issue,Had to call multiple times for a simple billing issue!,0,0
526099,Service Quality,"Very satisfied with the service, will recommend!",0,5
581659,No Issue,"Great experience, very satisfied!",0,4
654017,Service Quality,I'm disappointed with the overall experience!,0,5
426626,No Issue,"Great experience, very satisfied!",0,4
497951,Late Refund,Still waiting for my refund after 2 weeks!,0,3
402446,Late Refund,Still waiting for my refund after 2 weeks!,0,3
628659,Customer Support Issue,"Long wait time for support, very frustrating!",0,1
394274,No Issue,"No issues, smooth transactions every time.",0,4
650333,No Issue,"Great experience, very satisfied!",0,4
650484,Service Quality,"Very satisfied with the service, will recommend!",0,5
354163,Service Quality,Service was excellent and very professional.,0,5
553095,Customer Support Issue,Customer service was rude and unhelpful!,0,1
509948,Billing Issue,"Billing discrepancy, support is not helping!",0,0
650739,Customer Support Issue,Customer service was rude and unhelpful!,0,1
313677,Billing Issue,"Incorrect amount charged, need a refund!",0,0
380581,Late Refund,"Refund process is very slow, not happy!",0,3
606081,Service Quality,Quality of service was not up to the mark!,0,5
300657,No Issue,"Great experience, very satisfied!",0,4
465839,Service Quality,Quality of service was not up to the mark!,0,5
220290,Customer Support Issue,Customer service was rude and unhelpful!,0,1
342410,No Issue,"Everything went smoothly, highly recommended.",0,4
818590,No Issue,"Everything went smoothly, highly recommended.",0,4
308860,Billing Issue,"Billing discrepancy, support is not helping!",0,0
311305,No Issue,Customer support was helpful in resolving my concern.,0,4
473947,Service Quality,I'm disappointed with the overall experience!,0,5
541741,No Issue,"Everything went smoothly, highly recommended.",0,4
302611,No Issue,"No issues, smooth transactions every time.",0,4
596319,Billing Issue,"Billing discrepancy, support is not helping!",0,0
404805,Billing Issue,"Billing discrepancy, support is not helping!",0,0
465182,Late Refund,"Refund process is very slow, not happy!",0,3
301530,Service Quality,"Very satisfied with the service, will recommend!",0,5
340946,No Issue,"Everything went smoothly, highly recommended.",0,4
598350,Late Refund,"Refund process is very slow, not happy!",0,3
395118,No Issue,"Happy with the service, would recommend.",0,4
395328,Late Refund,"Refund process is very slow, not happy!",0,3
817687,No Issue,"Happy with the service, would recommend.",0,4
343827,Service Quality,Service was excellent and very professional.,0,5
437676,Service Quality,I'm disappointed with the overall experience!,0,5
470939,Customer Support Issue,Customer service was rude and unhelpful!,0,1
341011,No Issue,"Happy with the service, would recommend.",0,4
426789,Billing Issue,"Incorrect amount charged, need a refund!",0,0
309562,Customer Support Issue,"Long wait time for support, very frustrating!",0,1
399185,Late Refund,"Refund process is very slow, not happy!",0,3
560451,No Issue,"Happy with the service, would recommend.",0,4
445316,Billing Issue,"Incorrect amount charged, need a refund!",0,0
513348,Late Refund,Finally got my refund after multiple calls.,0,3
348808,Late Refund,"Refund process is very slow, not happy!",0,3
343279,Customer Support Issue,Customer service was rude and unhelpful!,0,1
469391,Service Quality,Service was excellent and very professional.,0,5
435934,Late Refund,Finally got my refund after multiple calls.,0,3
445331,Billing Issue,"Incorrect amount charged, need a refund!",0,0
528965,Late Refund,Finally got my refund after multiple calls.,0,3
647725,Billing Issue,Had to call multiple times for a simple billing issue!,0,0
394443,Billing Issue,Had to call multiple times for a simple billing issue!,0,0
380970,No Issue,Customer support was helpful in resolving my concern.,0,4
512996,Customer Support Issue,"Long wait time for support, very frustrating!",0,1
496322,Customer Support Issue,"Long wait time for support, very frustrating!",0,1
644230,Customer Support Issue,Customer service was rude and unhelpful!,0,1
429056,Late Refund,"Refund process is very slow, not happy!",0,3
473806,Customer Support Issue,"Long wait time for support, very frustrating!",0,1
623597,No Issue,"Great experience, very satisfied!",0,4
472367,Late Refund,Still waiting for my refund after 2 weeks!,0,3
535066,No Issue,"Everything went smoothly, highly recommended.",0,4
594130,Billing Issue,Had to call multiple times for a simple billing issue!,0,0
432669,Billing Issue,Had to call multiple times for a simple billing issue!,0,0
523207,Service Quality,"Very satisfied with the service, will recommend!",0,5
555191,Service Quality,The service was too slow and unprofessional!,0,5
347313,Late Refund,"Refund process is very slow, not happy!",0,3
566582,Customer Support Issue,Support team was responsive and helpful.,0,1
624712,Late Refund,Still waiting for my refund after 2 weeks!,0,3
568604,Customer Support Issue,Customer service was rude and unhelpful!,0,1
412813,Service Quality,Service was excellent and very professional.,0,5
598860,Late Refund,Finally got my refund after multiple calls.,0,3
498228,Billing Issue,"Incorrect amount charged, need a refund!",0,0
555011,Billing Issue,"Incorrect amount charged, need a refund!",0,0
526400,No Issue,"Everything went smoothly, highly recommended.",0,4
596357,No Issue,"No issues, smooth transactions every time.",0,4
100160,Service Quality,I'm disappointed with the overall experience!,0,5
737534,Customer Support Issue,"Long wait time for support, very frustrating!",0,1
502183,Customer Support Issue,Support team was responsive and helpful.,0,1
472153,No Issue,"No issues, smooth transactions every time.",0,4
552219,No Issue,"No issues, smooth transactions every time.",0,4
443228,Customer Support Issue,Customer service was rude and unhelpful!,0,1
497249,No Issue,"Everything went smoothly, highly recommended.",0,4
501561,Customer Support Issue,Support team was responsive and helpful.,0,1
387228,Late Refund,"Refund process is very slow, not happy!",0,3
349836,No Issue,"No issues, smooth transactions every time.",0,4
546868,Service Quality,I'm disappointed with the overall experience!,0,5
990080,Billing Issue,"Incorrect amount charged, need a refund!",0,0
302017,No Issue,"Happy with the service, would recommend.",0,4
446911,No Issue,"Great experience, very satisfied!",0,4
621616,Service Quality,Service was excellent and very professional.,0,5
392220,Customer Support Issue,Support team was responsive and helpful.,0,1
349360,Billing Issue,Had to call multiple times for a simple billing issue!,0,0
554596,Late Refund,Still waiting for my refund after 2 weeks!,0,3
659087,Billing Issue,"Billing discrepancy, support is not helping!",0,0
371230,Service Quality,I'm disappointed with the overall experience!,0,5
403475,Late Refund,Finally got my refund after multiple calls.,0,3
624804,Customer Support Issue,Customer service was rude and unhelpful!,0,1
651026,Customer Support Issue,"Long wait time for support, very frustrating!",0,1
478953,Late Refund,Still waiting for my refund after 2 weeks!,0,3
579652,Service Quality,"Very satisfied with the service, will recommend!",0,5
446396,No Issue,"Great experience, very satisfied!",0,4
127824,No Issue,"No issues, smooth transactions every time.",0,4
474850,Customer Support Issue,"Long wait time for support, very frustrating!",0,1
549881,Billing Issue,"Incorrect amount charged, need a refund!",0,0
382641,Late Refund,"Refund process is very slow, not happy!",0,3
813040,No Issue,"No issues, smooth transactions every time.",0,4
468357,No Issue,Customer support was helpful in resolving my concern.,0,4
409127,Service Quality,Service was excellent and very professional.,0,5
504050,Customer Support Issue,Support team was responsive and helpful.,0,1
455880,Customer Support Issue,Support team was responsive and helpful.,0,1
317200,Customer Support Issue,"Long wait time for support, very frustrating!",0,1
360087,Service Quality,Service was excellent and very professional.,0,5
603503,Customer Support Issue,"Long wait time for support, very frustrating!",0,1
511620,No Issue,"No issues, smooth transactions every time.",0,4
577177,Late Refund,Still waiting for my refund after 2 weeks!,0,3
343372,No Issue,"No issues, smooth transactions every time.",0,4
301507,Customer Support Issue,Customer service was rude and unhelpful!,0,1
405605,Service Quality,I'm disappointed with the overall experience!,0,5
386156,Late Refund,"Refund process is very slow, not happy!",0,3
301135,Late Refund,Finally got my refund after multiple calls.,0,3
672691,Late Refund,"Refund process is very slow, not happy!",0,3
449962,Service Quality,Service was excellent and very professional.,0,5
473529,Billing Issue,"Billing discrepancy, support is not helping!",0,0
914105,Billing Issue,"Billing discrepancy, support is not helping!",0,0
651599,Service Quality,"Very satisfied with the service, will recommend!",0,5
814280,Late Refund,"Refund process is very slow, not happy!",0,3
418719,Billing Issue,"Billing discrepancy, support is not helping!",0,0
598093,Late Refund,"Refund process is very slow, not happy!",0,3
564075,No Issue,"Great experience, very satisfied!",0,4
428021,Late Refund,Finally got my refund after multiple calls.,0,3
764461,No Issue,"Happy with the service, would recommend.",0,4
502642,Service Quality,Quality of service was not up to the mark!,0,5
349586,Billing Issue,"Incorrect amount charged, need a refund!",0,0
650318,Service Quality,"Very satisfied with the service, will recommend!",0,5
525031,No Issue,Customer support was helpful in resolving my concern.,0,4
427931,Service Quality,"Very satisfied with the service, will recommend!",0,5
378554,Late Refund,"Refund process is very slow, not happy!",0,3
577676,Service Quality,Quality of service was not up to the mark!,0,5
764269,No Issue,"No issues, smooth transactions every time.",0,4
395174,No Issue,"Everything went smoothly, highly recommended.",0,4
551666,No Issue,Customer support was helpful in resolving my concern.,0,4
676902,Billing Issue,Had to call multiple times for a simple billing issue!,0,0
473698,Billing Issue,Had to call multiple times for a simple billing issue!,0,0
449864,No Issue,"Great experience, very satisfied!",0,4
606947,No Issue,"Everything went smoothly, highly recommended.",0,4
655344,Late Refund,"Refund process is very slow, not happy!",0,3
536455,Late Refund,"Refund process is very slow, not happy!",0,3
522717,Billing Issue,Had to call multiple times for a simple billing issue!,0,0
490892,Customer Support Issue,Customer service was rude and unhelpful!,0,1
770563,Customer Support Issue,"Long wait time for support, very frustrating!",0,1
475854,Service Quality,Quality of service was not up to the mark!,0,5
341046,Customer Support Issue,Support team was responsive and helpful.,0,1
646730,Customer Support Issue,Customer service was rude and unhelpful!,0,1
429910,Late Refund,Finally got my refund after multiple calls.,0,3
441665,Billing Issue,"Billing discrepancy, support is not helping!",0,0
625166,Billing Issue,"Incorrect amount charged, need a refund!",0,0
670335,Service Quality,"Very satisfied with the service, will recommend!",0,5
449683,No Issue,"Happy with the service, would recommend.",0,4
641993,Late Refund,"Refund process is very slow, not happy!",0,3
477713,Customer Support Issue,"Long wait time for support, very frustrating!",0,1
374932,Service Quality,Quality of service was not up to the mark!,0,5
680593,Customer Support Issue,Customer service was rude and unhelpful!,0,1
399208,No Issue,"Everything went smoothly, highly recommended.",0,4
397728,No Issue,Customer support was helpful in resolving my concern.,0,4
721277,Late Refund,Finally got my refund after multiple calls.,0,3
342609,Billing Issue,"Incorrect amount charged, need a refund!",0,0
451915,No Issue,"Happy with the service, would recommend.",0,4
543336,Billing Issue,Had to call multiple times for a simple billing issue!,0,0
592007,Service Quality,I'm disappointed with the overall experience!,0,5
367045,Service Quality,I'm disappointed with the overall experience!,0,5
346551,Billing Issue,Had to call multiple times for a simple billing issue!,0,0
453460,Late Refund,"Refund process is very slow, not happy!",0,3
813162,Service Quality,The service was too slow and unprofessional!,0,5
542584,Billing Issue,"Billing discrepancy, support is not helping!",0,0
657905,Late Refund,Finally got my refund after multiple calls.,0,3
452857,No Issue,"Everything went smoothly, highly recommended.",0,4
511229,Customer Support Issue,Customer service was rude and unhelpful!,0,1
551335,Late Refund,Still waiting for my refund after 2 weeks!,0,3
387025,Billing Issue,"Billing discrepancy, support is not helping!",0,0
601080,Late Refund,"Refund process is very slow, not happy!",0,3
589775,Service Quality,The service was too slow and unprofessional!,0,5
346912,No Issue,"Everything went smoothly, highly recommended.",0,4
396317,No Issue,"Great experience, very satisfied!",0,4
818704,Customer Support Issue,"Long wait time for support, very frustrating!",0,1
481085,No Issue,"Happy with the service, would recommend.",0,4
388496,No Issue,Customer support was helpful in resolving my concern.,0,4
770249,Service Quality,I'm disappointed with the overall experience!,0,5
426906,Customer Support Issue,"Long wait time for support, very frustrating!",0,1
592283,No Issue,"No issues, smooth transactions every time.",0,4
642186,No Issue,"Happy with the service, would recommend.",0,4
487709,Late Refund,Still waiting for my refund after 2 weeks!,0,3
405555,Service Quality,Service was excellent and very professional.,0,5
646029,No Issue,Customer support was helpful in resolving my concern.,0,4
416309,Customer Support Issue,"Long wait time for support, very frustrating!",0,1
334803,No Issue,"Great experience, very satisfied!",0,4
460239,Service Quality,The service was too slow and unprofessional!,0,5
514079,Customer Support Issue,"Long wait time for support, very frustrating!",0,1
433993,No Issue,Customer support was helpful in resolving my concern.,0,4
546153,Late Refund,Finally got my refund after multiple calls.,0,3
819868,Late Refund,"Refund process is very slow, not happy!",0,3
346838,Customer Support Issue,Customer service was rude and unhelpful!,0,1
302253,Billing Issue,"Billing discrepancy, support is not helping!",0,0
453033,Late Refund,Still waiting for my refund after 2 weeks!,0,3
813379,Customer Support Issue,"Long wait time for support, very frustrating!",0,1
378217,Service Quality,The service was too slow and unprofessional!,0,5
571322,Customer Support Issue,Support team was responsive and helpful.,0,1
103013,No Issue,"No issues, smooth transactions every time.",0,4
367937,No Issue,"Happy with the service, would recommend.",0,4
480392,Service Quality,I'm disappointed with the overall experience!,0,5
301982,No Issue,"Great experience, very satisfied!",0,4
509532,Billing Issue,Had to call multiple times for a simple billing issue!,0,0
446815,Billing Issue,"Billing discrepancy, support is not helping!",0,0
624856,Service Quality,Service was excellent and very professional.,0,5
368651,Customer Support Issue,"Long wait time for support, very frustrating!",0,1
409939,Late Refund,"Refund process is very slow, not happy!",0,3
349781,No Issue,Customer support was helpful in resolving my concern.,0,4
477271,Late Refund,Finally got my refund after multiple calls.,0,3
422712,Service Quality,The service was too slow and unprofessional!,0,5
356885,Late Refund,Finally got my refund after multiple calls.,0,3
530855,Service Quality,"Very satisfied with the service, will recommend!",0,5
409570,Billing Issue,"Billing discrepancy, support is not helping!",0,0
371190,No Issue,"No issues, smooth transactions every time.",0,4
636497,Late Refund,Still waiting for my refund after 2 weeks!,0,3
395347,Customer Support Issue,"Long wait time for support, very frustrating!",0,1
516109,Customer Support Issue,"Long wait time for support, very frustrating!",0,1
365447,Billing Issue,"Incorrect amount charged, need a refund!",0,0
435146,No Issue,"Everything went smoothly, highly recommended.",0,4
888301,Billing Issue,Had to call multiple times for a simple billing issue!,0,0
525475,Late Refund,Finally got my refund after multiple calls.,0,3
450917,Service Quality,Service was excellent and very professional.,0,5
498361,No Issue,"Happy with the service, would recommend.",0,4
452785,Service Quality,"Very satisfied with the service, will recommend!",0,5
529552,Billing Issue,"Incorrect amount charged, need a refund!",0,0
420271,Billing Issue,"Billing discrepancy, support is not helping!",0,0
385560,Late Refund,"Refund process is very slow, not happy!",0,3
372221,Billing Issue,"Incorrect amount charged, need a refund!",0,0
483726,Late Refund,Still waiting for my refund after 2 weeks!,0,3
366616,Service Quality,I'm disappointed with the overall experience!,0,5
311351,Service Quality,I'm disappointed with the overall experience!,0,5
505887,Late Refund,Still waiting for my refund after 2 weeks!,0,3
443650,Billing Issue,"Incorrect amount charged, need a refund!",0,0
311882,Service Quality,I'm disappointed with the overall experience!,0,5
374978,Late Refund,Still waiting for my refund after 2 weeks!,0,3
456011,Service Quality,Quality of service was not up to the mark!,0,5
517700,Service Quality,I'm disappointed with the overall experience!,0,5
409212,Late Refund,Still waiting for my refund after 2 weeks!,0,3
680256,Late Refund,"Refund process is very slow, not happy!",0,3
504641,Late Refund,Finally got my refund after multiple calls.,0,3
370376,Late Refund,Finally got my refund after multiple calls.,0,3
301523,Billing Issue,Had to call multiple times for a simple billing issue!,0,0
500612,Late Refund,"Refund process is very slow, not happy!",0,3
513781,Billing Issue,Had to call multiple times for a simple billing issue!,0,0
395421,Late Refund,Still waiting for my refund after 2 weeks!,0,3
529531,Customer Support Issue,Customer service was rude and unhelpful!,0,1
346868,Customer Support Issue,Support team was responsive and helpful.,0,1
490476,Service Quality,"Very satisfied with the service, will recommend!",0,5
311810,Late Refund,Finally got my refund after multiple calls.,0,3
409213,Late Refund,"Refund process is very slow, not happy!",0,3
487310,Billing Issue,"Incorrect amount charged, need a refund!",0,0
457291,Service Quality,"Very satisfied with the service, will recommend!",0,5
524851,No Issue,Customer support was helpful in resolving my concern.,0,4
459213,Service Quality,I'm disappointed with the overall experience!,0,5
625415,Billing Issue,Had to call multiple times for a simple billing issue!,0,0
513173,Late Refund,Finally got my refund after multiple calls.,0,3
491890,Customer Support Issue,Customer service was rude and unhelpful!,0,1
814702,Late Refund,"Refund process is very slow, not happy!",0,3
610427,Late Refund,Finally got my refund after multiple calls.,0,3
729474,Billing Issue,"Billing discrepancy, support is not helping!",0,0
301041,Late Refund,"Refund process is very slow, not happy!",0,3
525552,Customer Support Issue,Customer service was rude and unhelpful!,0,1
653856,Customer Support Issue,Customer service was rude and unhelpful!,0,1
435598,Billing Issue,Had to call multiple times for a simple billing issue!,0,0
498028,Billing Issue,"Billing discrepancy, support is not helping!",0,0
509373,Late Refund,Still waiting for my refund after 2 weeks!,0,3
501522,Service Quality,"Very satisfied with the service, will recommend!",0,5
404392,Late Refund,Finally got my refund after multiple calls.,0,3
562647,No Issue,"Happy with the service, would recommend.",0,4
461060,Late Refund,Finally got my refund after multiple calls.,0,3
357045,Late Refund,Finally got my refund after multiple calls.,0,3
528834,No Issue,"Great experience, very satisfied!",0,4
478812,Customer Support Issue,"Long wait time for support, very frustrating!",0,1
587290,Service Quality,"Very satisfied with the service, will recommend!",0,5
587106,Service Quality,The service was too slow and unprofessional!,0,5
475712,Customer Support Issue,Support team was responsive and helpful.,0,1
647921,Service Quality,Service was excellent and very professional.,0,5
340425,Late Refund,Finally got my refund after multiple calls.,0,3
589751,Late Refund,Finally got my refund after multiple calls.,0,3
347896,No Issue,"Happy with the service, would recommend.",0,4
605004,Late Refund,Finally got my refund after multiple calls.,0,3
582691,Customer Support Issue,Customer service was rude and unhelpful!,0,1
408530,Late Refund,Still waiting for my refund after 2 weeks!,0,3
412811,Customer Support Issue,Customer service was rude and unhelpful!,0,1
383616,Customer Support Issue,Support team was responsive and helpful.,0,1
512920,Late Refund,"Refund process is very slow, not happy!",0,3
356619,Customer Support Issue,Customer service was rude and unhelpful!,0,1
486944,Billing Issue,"Billing discrepancy, support is not helping!",0,0
511137,Billing Issue,"Incorrect amount charged, need a refund!",0,0
418158,Billing Issue,"Billing discrepancy, support is not helping!",0,0
343341,Late Refund,"Refund process is very slow, not happy!",0,3
508544,No Issue,"Everything went smoothly, highly recommended.",0,4
403204,Billing Issue,"Billing discrepancy, support is not helping!",0,0
358836,Service Quality,Quality of service was not up to the mark!,0,5
648532,Billing Issue,"Incorrect amount charged, need a refund!",0,0
527117,Service Quality,Quality of service was not up to the mark!,0,5
355952,Customer Support Issue,"Long wait time for support, very frustrating!",0,1
372836,No Issue,"No issues, smooth transactions every time.",0,4
516375,Late Refund,"Refund process is very slow, not happy!",0,3
656285,No Issue,"Great experience, very satisfied!",0,4
436848,Service Quality,"Very satisfied with the service, will recommend!",0,5
478391,Billing Issue,"Incorrect amount charged, need a refund!",0,0
507307,Service Quality,Quality of service was not up to the mark!,0,5
498233,Late Refund,Still waiting for my refund after 2 weeks!,0,3
818221,No Issue,"Happy with the service, would recommend.",0,4
499109,Billing Issue,"Billing discrepancy, support is not helping!",0,0
438319,Billing Issue,"Incorrect amount charged, need a refund!",0,0
341060,Service Quality,Service was excellent and very professional.,0,5
377957,Customer Support Issue,"Long wait time for support, very frustrating!",0,1
436086,Billing Issue,"Incorrect amount charged, need a refund!",0,0
425382,Late Refund,"Refund process is very slow, not happy!",0,3
594661,Late Refund,"Refund process is very slow, not happy!",0,3
529395,No Issue,Customer support was helpful in resolving my concern.,0,4
505748,No Issue,"No issues, smooth transactions every time.",0,4
420762,Billing Issue,Had to call multiple times for a simple billing issue!,0,0
458468,No Issue,"Happy with the service, would recommend.",0,4
155618,Billing Issue,"Billing discrepancy, support is not helping!",0,0
389287,No Issue,Customer support was helpful in resolving my concern.,0,4
585407,Billing Issue,"Billing discrepancy, support is not helping!",0,0
659085,Service Quality,I'm disappointed with the overall experience!,0,5
435207,Customer Support Issue,Support team was responsive and helpful.,0,1
707197,Late Refund,Finally got my refund after multiple calls.,0,3
586732,Late Refund,Still waiting for my refund after 2 weeks!,0,3
220146,Service Quality,"Very satisfied with the service, will recommend!",0,5
510537,Billing Issue,"Incorrect amount charged, need a refund!",0,0
379825,Service Quality,"Very satisfied with the service, will recommend!",0,5
652388,Billing Issue,Had to call multiple times for a simple billing issue!,0,0
373889,No Issue,"No issues, smooth transactions every time.",0,4
453409,Service Quality,The service was too slow and unprofessional!,0,5
653518,Customer Support Issue,Customer service was rude and unhelpful!,0,1
549604,Service Quality,"Very satisfied with the service, will recommend!",0,5
488172,Late Refund,"Refund process is very slow, not happy!",0,3
382138,Late Refund,Finally got my refund after multiple calls.,0,3
382692,No Issue,"No issues, smooth transactions every time.",0,4
388219,No Issue,"No issues, smooth transactions every time.",0,4
358059,Late Refund,"Refund process is very slow, not happy!",0,3
446530,No Issue,"Everything went smoothly, highly recommended.",0,4
403657,Service Quality,I'm disappointed with the overall experience!,0,5
379502,Customer Support Issue,Customer service was rude and unhelpful!,0,1
472997,Customer Support Issue,"Long wait time for support, very frustrating!",0,1
497321,Billing Issue,Had to call multiple times for a simple billing issue!,0,0
597711,No Issue,"Great experience, very satisfied!",0,4
395748,Service Quality,Quality of service was not up to the mark!,0,5
674326,Service Quality,Service was excellent and very professional.,0,5
595277,Billing Issue,"Billing discrepancy, support is not helping!",0,0
658286,Customer Support Issue,"Long wait time for support, very frustrating!",0,1
650238,Customer Support Issue,Customer service was rude and unhelpful!,0,1
305734,Customer Support Issue,"Long wait time for support, very frustrating!",0,1
451963,Service Quality,Service was excellent and very professional.,0,5
491894,Billing Issue,"Incorrect amount charged, need a refund!",0,0
450245,Customer Support Issue,Support team was responsive and helpful.,0,1
540957,Billing Issue,"Billing discrepancy, support is not helping!",0,0
423705,No Issue,"Everything went smoothly, highly recommended.",0,4
592045,Service Quality,"Very satisfied with the service, will recommend!",0,5
608278,Billing Issue,"Billing discrepancy, support is not helping!",0,0
815286,Service Quality,The service was too slow and unprofessional!,0,5
488536,No Issue,"No issues, smooth transactions every time.",0,4
430943,No Issue,"No issues, smooth transactions every time.",0,4
817544,Late Refund,Still waiting for my refund after 2 weeks!,0,3
465146,Service Quality,Service was excellent and very professional.,0,5
370034,Customer Support Issue,Customer service was rude and unhelpful!,0,1
356857,Billing Issue,Had to call multiple times for a simple billing issue!,0,0
413922,Billing Issue,"Incorrect amount charged, need a refund!",0,0
514063,Customer Support Issue,Customer service was rude and unhelpful!,0,1
541058,Service Quality,"Very satisfied with the service, will recommend!",0,5
579730,Service Quality,Quality of service was not up to the mark!,0,5
532179,Customer Support Issue,Customer service was rude and unhelpful!,0,1
434482,Service Quality,I'm disappointed with the overall experience!,0,5
532990,Customer Support Issue,Support team was responsive and helpful.,0,1
409161,Service Quality,"Very satisfied with the service, will recommend!",0,5
545145,Billing Issue,"Incorrect amount charged, need a refund!",0,0
304916,No Issue,"Everything went smoothly, highly recommended.",0,4
403089,Billing Issue,Had to call multiple times for a simple billing issue!,0,0
371757,Service Quality,"Very satisfied with the service, will recommend!",0,5
551122,Customer Support Issue,Customer service was rude and unhelpful!,0,1
568564,Late Refund,Still waiting for my refund after 2 weeks!,0,3
444774,Billing Issue,"Incorrect amount charged, need a refund!",0,0
343939,Service Quality,The service was too slow and unprofessional!,0,5
652709,Customer Support Issue,Customer service was rude and unhelpful!,0,1
601983,Late Refund,"Refund process is very slow, not happy!",0,3
398249,Service Quality,"Very satisfied with the service, will recommend!",0,5
606782,Billing Issue,"Incorrect amount charged, need a refund!",0,0
300607,Customer Support Issue,Customer service was rude and unhelpful!,0,1
355147,Service Quality,Service was excellent and very professional.,0,5
652399,Service Quality,I'm disappointed with the overall experience!,0,5
503814,Service Quality,Quality of service was not up to the mark!,0,5
501101,Billing Issue,"Billing discrepancy, support is not helping!",0,0
527241,No Issue,Customer support was helpful in resolving my concern.,0,4
541626,No Issue,"Happy with the service, would recommend.",0,4
311292,Billing Issue,"Billing discrepancy, support is not helping!",0,0
509693,Billing Issue,"Billing discrepancy, support is not helping!",0,0
546990,Late Refund,"Refund process is very slow, not happy!",0,3
538026,Service Quality,Quality of service was not up to the mark!,0,5
369907,Late Refund,Still waiting for my refund after 2 weeks!,0,3
343718,Billing Issue,"Billing discrepancy, support is not helping!",0,0
362577,Customer Support Issue,Customer service was rude and unhelpful!,0,1
484580,No Issue,"Great experience, very satisfied!",0,4
771677,Service Quality,Service was excellent and very professional.,0,5
707157,No Issue,"Great experience, very satisfied!",0,4
345183,Billing Issue,"Billing discrepancy, support is not helping!",0,0
466940,Billing Issue,"Incorrect amount charged, need a refund!",0,0
471521,Billing Issue,"Billing discrepancy, support is not helping!",0,0
469057,Service Quality,"Very satisfied with the service, will recommend!",0,5
432764,Billing Issue,"Billing discrepancy, support is not helping!",0,0
558195,Billing Issue,"Incorrect amount charged, need a refund!",0,0
620562,Customer Support Issue,Support team was responsive and helpful.,0,1
444303,Late Refund,"Refund process is very slow, not happy!",0,3
494845,Customer Support Issue,"Long wait time for support, very frustrating!",0,1
427100,Customer Support Issue,Support team was responsive and helpful.,0,1
429883,Billing Issue,Had to call multiple times for a simple billing issue!,0,0
434328,Late Refund,Still waiting for my refund after 2 weeks!,0,3
583125,Customer Support Issue,Support team was responsive and helpful.,0,1
575039,Customer Support Issue,Customer service was rude and unhelpful!,0,1
505577,Service Quality,Quality of service was not up to the mark!,0,5
358048,Service Quality,Service was excellent and very professional.,0,5
355320,Late Refund,"Refund process is very slow, not happy!",0,3
370367,Service Quality,Service was excellent and very professional.,0,5
485105,No Issue,"No issues, smooth transactions every time.",0,4
647966,Late Refund,Finally got my refund after multiple calls.,0,3
648836,Customer Support Issue,Support team was responsive and helpful.,0,1
775165,Customer Support Issue,Customer service was rude and unhelpful!,0,1
514626,Service Quality,"Very satisfied with the service, will recommend!",0,5
380799,Late Refund,"Refund process is very slow, not happy!",0,3
477810,Late Refund,Still waiting for my refund after 2 weeks!,0,3
334359,Service Quality,"Very satisfied with the service, will recommend!",0,5
811925,Service Quality,"Very satisfied with the service, will recommend!",0,5
408231,Billing Issue,"Billing discrepancy, support is not helping!",0,0
432305,Customer Support Issue,Customer service was rude and unhelpful!,0,1
357938,Late Refund,Still waiting for my refund after 2 weeks!,0,3
435123,No Issue,"Everything went smoothly, highly recommended.",0,4
677406,Late Refund,Finally got my refund after multiple calls.,0,3
593140,No Issue,Customer support was helpful in resolving my concern.,0,4
494408,Late Refund,"Refund process is very slow, not happy!",0,3
369409,Service Quality,Quality of service was not up to the mark!,0,5
431048,No Issue,"No issues, smooth transactions every time.",0,4
491297,Billing Issue,"Billing discrepancy, support is not helping!",0,0
436488,Late Refund,Finally got my refund after multiple calls.,0,3
424473,Late Refund,Still waiting for my refund after 2 weeks!,0,3
440528,Late Refund,Still waiting for my refund after 2 weeks!,0,3
654758,Service Quality,Service was excellent and very professional.,0,5
563447,Service Quality,Quality of service was not up to the mark!,0,5
353085,Billing Issue,"Billing discrepancy, support is not helping!",0,0
438543,Service Quality,"Very satisfied with the service, will recommend!",0,5
588001,Billing Issue,"Billing discrepancy, support is not helping!",0,0
816888,No Issue,"Everything went smoothly, highly recommended.",0,4
442495,Customer Support Issue,Support team was responsive and helpful.,0,1
541698,Customer Support Issue,Customer service was rude and unhelpful!,0,1
300855,Customer Support Issue,Support team was responsive and helpful.,0,1
647622,Billing Issue,"Incorrect amount charged, need a refund!",0,0
308845,No Issue,"No issues, smooth transactions every time.",0,4
354355,No Issue,"Great experience, very satisfied!",0,4
384654,Late Refund,Finally got my refund after multiple calls.,0,3
536049,Service Quality,Quality of service was not up to the mark!,0,5
355747,Late Refund,"Refund process is very slow, not happy!",0,3
478484,Late Refund,Finally got my refund after multiple calls.,0,3
514275,Late Refund,"Refund process is very slow, not happy!",0,3
606278,Customer Support Issue,Customer service was rude and unhelpful!,0,1
646061,Late Refund,Still waiting for my refund after 2 weeks!,0,3
650285,Service Quality,Service was excellent and very professional.,0,5
579423,Billing Issue,"Incorrect amount charged, need a refund!",0,0
528547,No Issue,"Everything went smoothly, highly recommended.",0,4
648106,Late Refund,Finally got my refund after multiple calls.,0,3
516061,Billing Issue,Had to call multiple times for a simple billing issue!,0,0
811071,Service Quality,"Very satisfied with the service, will recommend!",0,5
440798,Customer Support Issue,"Long wait time for support, very frustrating!",0,1
381179,Billing Issue,"Incorrect amount charged, need a refund!",0,0
658408,Late Refund,Still waiting for my refund after 2 weeks!,0,3
976407,Service Quality,"Very satisfied with the service, will recommend!",0,5
558224,Billing Issue,"Incorrect amount charged, need a refund!",0,0
583651,Late Refund,"Refund process is very slow, not happy!",0,3
486456,Service Quality,I'm disappointed with the overall experience!,0,5
522352,Customer Support Issue,Customer service was rude and unhelpful!,0,1
553584,Service Quality,Quality of service was not up to the mark!,0,5
546702,Billing Issue,"Billing discrepancy, support is not helping!",0,0
461235,Service Quality,Service was excellent and very professional.,0,5
583820,Customer Support Issue,Support team was responsive and helpful.,0,1
585112,No Issue,"Great experience, very satisfied!",0,4
551593,Service Quality,"Very satisfied with the service, will recommend!",0,5
486217,No Issue,Customer support was helpful in resolving my concern.,0,4
599770,Billing Issue,Had to call multiple times for a simple billing issue!,0,0
422423,Customer Support Issue,"Long wait time for support, very frustrating!",0,1
505365,Service Quality,I'm disappointed with the overall experience!,0,5
